alpha,rho,q,lambda_inf,mi_gain
0.8,0.15,0.0,0.0,0.0
0.8,0.15,0.007853981633974483,0.03900197497933955,0.10089320314824402
0.8,0.15,0.015707963267948967,0.06788049699592458,0.12552444871961654
0.8,0.15,0.02356194490192345,0.09384998123322452,0.13909412421986328
0.8,0.15,0.031415926535897934,0.11808326733289443,0.14656507829580864
0.8,0.15,0.039269908169872414,0.1410942342756316,0.14973539106324418
0.8,0.15,0.0471238898038469,0.16316933699260439,0.1494207768791717
0.8,0.15,0.05497787143782139,0.18448999089042428,0.14598095947204365
0.8,0.15,0.06283185307179587,0.20518073769316003,0.13948149048400174
0.8,0.15,0.07068583470577035,0.22533199768703605,0.1297115651146049
0.8,0.15,0.07853981633974483,0.2450121837221031,0.11607189558354479
0.8,0.15,0.08639379797371932,0.2642747266319996,0.0971662845496408
0.8,0.15,0.0942477796076938,0.283162420816649,0.06904903824275674
0.8,0.15,0.10210176124166828,0.3017102514106853,0.0
0.8,0.15,0.10995574287564278,0.319947309997892,0.0
0.8,0.15,0.11780972450961726,0.33789813699958837,0.0
0.8,0.15,0.12566370614359174,0.35558368917247685,0.0
0.8,0.15,0.13351768777756623,0.37302205382847564,0.0
0.8,0.15,0.1413716694115407,0.39022898709132114,0.0
0.8,0.15,0.1492256510455152,0.40721832691336424,0.0
0.8,0.15,0.15707963267948966,0.42400231505140673,0.0
0.8,0.15,0.16493361431346415,0.44059185161757086,0.0
0.8,0.15,0.17278759594743864,0.45699669886184324,0.0
0.8,0.15,0.1806415775814131,0.4732256461578377,0.0
0.8,0.15,0.1884955592153876,0.48928664494257834,0.0
0.8,0.15,0.1963495408493621,0.5051869201049817,0.0
0.8,0.15,0.20420352248333656,0.5209330627102962,0.0
0.8,0.15,0.21205750411731106,0.536531107784691,0.0
0.8,0.15,0.21991148575128555,0.5519866000307119,0.0
0.8,0.15,0.22776546738526002,0.5673046497099659,0.0
0.8,0.15,0.2356194490192345,0.582489980452223,0.0
0.8,0.15,0.24347343065320898,0.597546970387276,0.0
0.8,0.15,0.25132741228718347,0.6124796877171925,0.0
0.8,0.15,0.25918139392115797,0.6272919216304733,0.0
0.8,0.15,0.26703537555513246,0.6419872092905679,0.0
0.8,0.15,0.2748893571891069,0.6565688594979135,0.0
0.8,0.15,0.2827433388230814,0.6710399735186996,0.0
0.8,0.15,0.2905973204570559,0.6854034634887989,0.0
0.8,0.15,0.2984513020910304,0.6996620687329762,0.0
0.8,0.15,0.3063052837250049,0.713818370284101,0.0
0.8,0.15,0.3141592653589793,0.7278748038419103,0.0
0.8,0.15,0.3220132469929538,0.7418336713737934,0.0
0.8,0.15,0.3298672286269283,0.7556971515295159,0.0
0.8,0.15,0.3377212102609028,0.7694673090164625,0.0
0.8,0.15,0.3455751918948773,0.783146103060876,0.0
0.8,0.15,0.3534291735288518,0.7967353950629199,0.0
0.8,0.15,0.3612831551628262,0.8102369555385687,0.0
0.8,0.15,0.3691371367968007,0.8236524704287997,0.0
0.8,0.15,0.3769911184307752,0.8369835468459725,0.0
0.8,0.15,0.3848451000647497,0.8502317183182662,0.0
0.8,0.15,0.3926990816987242,0.8633984495853577,0.0
0.8,0.15,0.40055306333269863,0.8764851409919325,0.0
0.8,0.15,0.4084070449666731,0.8894931325199711,0.0
0.8,0.15,0.4162610266006476,0.902423707495875,0.0
0.8,0.15,0.4241150082346221,0.9152780960042923,0.0
0.8,0.15,0.4319689898685966,0.9280574780368305,0.0
0.8,0.15,0.4398229715025711,0.9407629864007019,0.0
0.8,0.15,0.44767695313654554,0.9533957094095433,0.0
0.8,0.15,0.45553093477052004,0.9659566933762667,0.0
0.8,0.15,0.46338491640449453,0.9784469449256541,0.0
0.8,0.15,0.471238898038469,0.9908674331425709,0.0
0.8,0.15,0.4790928796724435,1.003219091570013,0.0
0.8,0.15,0.48694686130641796,1.0155028200697815,0.0
0.8,0.15,0.49480084294039245,1.0277194865572852,0.0
0.8,0.15,0.5026548245743669,1.039869928620844,0.0
0.8,0.15,0.5105088062083414,1.0519549550348772,0.0
0.8,0.15,0.5183627878423159,1.0639753471754354,0.0
0.8,0.15,0.5262167694762904,1.0759318603457788,0.0
0.8,0.15,0.5340707511102649,1.087825225018964,0.0
0.8,0.15,0.5419247327442394,1.0996561480037785,0.0
0.8,0.15,0.5497787143782138,1.1114253135397967,0.0
0.8,0.15,0.5576326960121883,1.1231333843268148,0.0
0.8,0.15,0.5654866776461628,1.1347810024934577,0.0
0.8,0.15,0.5733406592801373,1.1463687905093563,0.0
0.8,0.15,0.5811946409141118,1.1578973520449076,0.0
0.8,0.15,0.5890486225480862,1.1693672727822846,0.0
0.8,0.15,0.5969026041820608,1.1807791211810965,0.0
0.8,0.15,0.6047565858160352,1.1921334492017666,0.0
0.8,0.15,0.6126105674500097,1.2034307929895125,0.0
0.8,0.15,0.6204645490839842,1.2146716735215275,0.0
0.8,0.15,0.6283185307179586,1.2258565972197963,0.0
0.8,0.15,0.6361725123519332,1.2369860565317687,0.0
0.8,0.15,0.6440264939859076,1.248060530480961,0.0
0.8,0.15,0.6518804756198822,1.2590804851893789,0.0
0.8,0.15,0.6597344572538566,1.2700463743735328,0.0
0.8,0.15,0.6675884388878311,1.2809586398156827,0.0
0.8,0.15,0.6754424205218056,1.291817711811814,0.0
0.8,0.15,0.68329640215578,1.3026240095977566,0.0
0.8,0.15,0.6911503837897546,1.3133779417547582,0.0
0.8,0.15,0.699004365423729,1.324079906595712,0.0
0.8,0.15,0.7068583470577036,1.3347302925331792,0.0
0.8,0.15,0.714712328691678,1.3453294784302505,0.0
0.8,0.15,0.7225663103256524,1.3558778339352267,0.0
0.8,0.15,0.730420291959627,1.3663757198010353,0.0
0.8,0.15,0.7382742735936014,1.3768234881902353,0.0
0.8,0.15,0.746128255227576,1.387221482966404,0.0
0.8,0.15,0.7539822368615504,1.3975700399726487,0.0
0.8,0.15,0.7618362184955249,1.4078694872979507,0.0
0.8,0.15,0.7696902001294994,1.4181201455319732,0.0
0.8,0.15,0.7775441817634738,1.4283223280089759,0.0
0.8,0.15,0.7853981633974484,1.438476341041368,0.0
0.8,0.15,0.7932521450314228,1.4485824841434725,0.0
0.8,0.15,0.8011061266653973,1.4586410502459912,0.0
0.8,0.15,0.8089601082993718,1.468652325901638,0.0
0.8,0.15,0.8168140899333463,1.4786165914823988,0.0
0.8,0.15,0.8246680715673208,1.4885341213688275,0.0
0.8,0.15,0.8325220532012952,1.4984051841317723,0.0
0.8,0.15,0.8403760348352697,1.5082300427069113,0.0
0.8,0.15,0.8482300164692442,1.5180089545624387,0.0
0.8,0.15,0.8560839981032187,1.5277421718602278,0.0
0.8,0.15,0.8639379797371932,1.537429941610799,0.0
0.8,0.15,0.8717919613711677,1.5470725058223587,0.0
0.8,0.15,0.8796459430051422,1.5566701016442193,0.0
0.8,0.15,0.8874999246391166,1.5662229615048218,0.0
0.8,0.15,0.8953539062730911,1.5757313132446515,0.0
0.8,0.15,0.9032078879070656,1.585195380244248,0.0
0.8,0.15,0.9110618695410401,1.5946153815475357,0.0
0.8,0.15,0.9189158511750146,1.603991531980706,0.0
0.8,0.15,0.9267698328089891,1.6133240422668218,0.0
0.8,0.15,0.9346238144429635,1.6226131191363435,0.0
0.8,0.15,0.942477796076938,1.631858965433764,0.0
0.8,0.15,0.9503317777109125,1.6410617802205012,0.0
0.8,0.15,0.958185759344887,1.6502217588742272,0.0
0.8,0.15,0.9660397409788615,1.6593390931847756,0.0
0.8,0.15,0.9738937226128359,1.668413971446776,0.0
0.8,0.15,0.9817477042468105,1.6774465785491455,0.0
0.8,0.15,0.9896016858807849,1.6864370960615842,0.0
0.8,0.15,0.9974556675147594,1.6953857023181709,0.0
0.8,0.15,1.0053096491487339,1.7042925724982159,0.0
0.8,0.15,1.0131636307827083,1.7131578787044328,0.0
0.8,0.15,1.0210176124166828,1.7219817900385994,0.0
0.8,0.15,1.0288715940506574,1.730764472674738,0.0
0.8,0.15,1.0367255756846319,1.7395060899299721,0.0
0.8,0.15,1.0445795573186063,1.7482068023331254,0.0
0.8,0.15,1.0524335389525807,1.756866767691138,0.0
0.8,0.15,1.0602875205865552,1.7654861411534277,0.0
0.8,0.15,1.0681415022205298,1.7740650752742175,0.0
0.8,0.15,1.0759954838545043,1.7826037200729576,0.0
0.8,0.15,1.0838494654884787,1.7911022230928932,0.0
0.8,0.15,1.0917034471224532,1.7995607294578357,0.0
0.8,0.15,1.0995574287564276,1.8079793819272274,0.0
0.8,0.15,1.1074114103904023,1.8163583209495553,0.0
0.8,0.15,1.1152653920243767,1.8246976847141643,0.0
0.8,0.15,1.1231193736583511,1.8329976092015423,0.0
0.8,0.15,1.1309733552923256,1.841258228232125,0.0
0.8,0.15,1.1388273369263,1.849479673513672,0.0
0.8,0.15,1.1466813185602747,1.8576620746872867,0.0
0.8,0.15,1.154535300194249,1.8658055593720784,0.0
0.8,0.15,1.1623892818282235,1.8739102532085792,0.0
0.8,0.15,1.170243263462198,1.8819762799009114,0.0
0.8,0.15,1.1780972450961724,1.8900037612577616,0.0
0.8,0.15,1.185951226730147,1.8979928172322202,0.0
0.8,0.15,1.1938052083641215,1.905943565960493,0.0
0.8,0.15,1.201659189998096,1.913856123799558,0.0
0.8,0.15,1.2095131716320704,1.9217306053637715,0.0
0.8,0.15,1.2173671532660448,1.9295671235604896,0.0
0.8,0.15,1.2252211349000195,1.937365789624711,0.0
0.8,0.15,1.233075116533994,1.9451267131527872,0.0
0.8,0.15,1.2409290981679684,1.952850002135232,0.0
0.8,0.15,1.2487830798019428,1.9605357629886582,0.0
0.8,0.15,1.2566370614359172,1.968184100586864,0.0
0.8,0.15,1.264491043069892,1.9757951182911018,0.0
0.8,0.15,1.2723450247038663,1.9833689179795582,0.0
0.8,0.15,1.2801990063378408,1.9909056000760688,0.0
0.8,0.15,1.2880529879718152,1.9984052635780847,0.0
0.8,0.15,1.2959069696057899,2.0058680060839285,0.0
0.8,0.15,1.3037609512397643,2.0132939238193464,0.0
0.8,0.15,1.3116149328737388,2.020683111663394,0.0
0.8,0.15,1.3194689145077132,2.028035663173663,0.0
0.8,0.15,1.3273228961416876,2.0353516706108796,0.0
0.8,0.15,1.3351768777756623,2.0426312249628813,0.0
0.8,0.15,1.3430308594096367,2.0498744159680142,0.0
0.8,0.15,1.3508848410436112,2.0570813321379355,0.0
0.8,0.15,1.3587388226775856,2.06425206077987,0.0
0.8,0.15,1.36659280431156,2.071386688018313,0.0
0.8,0.15,1.3744467859455347,2.0784852988162266,0.0
0.8,0.15,1.3823007675795091,2.085547976995697,0.0
0.8,0.15,1.3901547492134836,2.0925748052581183,0.0
0.8,0.15,1.398008730847458,2.0995658652038847,0.0
0.8,0.15,1.4058627124814325,2.106521237351621,0.0
0.8,0.15,1.4137166941154071,2.1134410011569615,0.0
0.8,0.15,1.4215706757493816,2.120325235030869,0.0
0.8,0.15,1.429424657383356,2.127174016357557,0.0
0.8,0.15,1.4372786390173304,2.133987421511974,0.0
0.8,0.15,1.4451326206513049,2.140765525876883,0.0
0.8,0.15,1.4529866022852795,2.1475084038595673,0.0
0.8,0.15,1.460840583919254,2.154216128908133,0.0
0.8,0.15,1.4686945655532284,2.1608887735274553,0.0
0.8,0.15,1.4765485471872029,2.167526409294759,0.0
0.8,0.15,1.4844025288211773,2.1741291068748443,0.0
0.8,0.15,1.492256510455152,2.1806969360349804,0.0
0.8,0.15,1.5001104920891264,2.187229965659462,0.0
0.8,0.15,1.5079644737231008,2.1937282637638384,0.0
0.8,0.15,1.5158184553570753,2.20019189750884,0.0
0.8,0.15,1.5236724369910497,2.2066209332139928,0.0
0.8,0.15,1.5315264186250244,2.2130154363709273,0.0
0.8,0.15,1.5393804002589988,2.2193754716564174,0.0
0.8,0.15,1.5472343818929732,2.225701102945114,0.0
0.8,0.15,1.5550883635269477,2.231992393322032,0.0
0.8,0.15,1.5629423451609221,2.2382494050947357,0.0
0.8,0.15,1.5707963267948968,2.244472199805295,0.0
0.8,0.15,1.5786503084288712,2.2506608382419704,0.0
0.8,0.15,1.5865042900628457,2.2568153804506585,0.0
0.8,0.15,1.59435827169682,2.262935885746087,0.0
0.8,0.15,1.6022122533307945,2.2690224127227916,0.0
0.8,0.15,1.6100662349647692,2.2750750192658447,0.0
0.8,0.15,1.6179202165987436,2.2810937625613805,0.0
0.8,0.15,1.625774198232718,2.2870786991068863,0.0
0.8,0.15,1.6336281798666925,2.293029884721287,0.0
0.8,0.15,1.641482161500667,2.298947374554837,0.0
0.8,0.15,1.6493361431346416,2.3048312230987835,0.0
0.8,0.15,1.657190124768616,2.310681484194856,0.0
0.8,0.15,1.6650441064025905,2.3164982110445553,0.0
0.8,0.15,1.672898088036565,2.3222814562182585,0.0
0.8,0.15,1.6807520696705394,2.3280312716641287,0.0
0.8,0.15,1.688606051304514,2.3337477087168743,0.0
0.8,0.15,1.6964600329384885,2.3394308181063,0.0
0.8,0.15,1.704314014572463,2.3450806499657153,0.0
0.8,0.15,1.7121679962064373,2.350697253840167,0.0
0.8,0.15,1.7200219778404118,2.356280678694505,0.0
0.8,0.15,1.7278759594743864,2.361830972921298,0.0
0.8,0.15,1.7357299411083609,2.367348184348594,0.0
0.8,0.15,1.7435839227423353,2.3728323602475276,0.0
0.8,0.15,1.7514379043763098,2.378283547339779,0.0
0.8,0.15,1.7592918860102844,2.383701791804891,0.0
0.8,0.15,1.7671458676442588,2.38908713928745,0.0
0.8,0.15,1.7749998492782333,2.3944396349041197,0.0
0.8,0.15,1.7828538309122077,2.3997593232505525,0.0
0.8,0.15,1.7907078125461822,2.40504624840816,0.0
0.8,0.15,1.7985617941801568,2.4103004539507555,0.0
0.8,0.15,1.8064157758141313,2.4155219829510854,0.0
0.8,0.15,1.8142697574481057,2.4207108779872177,0.0
0.8,0.15,1.8221237390820801,2.425867181148822,0.0
0.8,0.15,1.8299777207160546,2.4309909340433413,0.0
0.8,0.15,1.8378317023500292,2.4360821778020214,0.0
0.8,0.15,1.8456856839840037,2.4411409530858634,0.0
0.8,0.15,1.8535396656179781,2.446167300091437,0.0
0.8,0.15,1.8613936472519526,2.451161258556607,0.0
0.8,0.15,1.869247628885927,2.456122867766139,0.0
0.8,0.15,1.8771016105199017,2.4610521665572187,0.0
0.8,0.15,1.884955592153876,2.4659491933248545,0.0
0.8,0.15,1.8928095737878505,2.470813986027196,0.0
0.8,0.15,1.900663555421825,2.4756465821907447,0.0
0.8,0.15,1.9085175370557994,2.480447018915483,0.0
0.8,0.15,1.916371518689774,2.4852153328798945,0.0
0.8,0.15,1.9242255003237485,2.4899515603459097,0.0
0.8,0.15,1.932079481957723,2.49465573716376,0.0
0.8,0.15,1.9399334635916974,2.4993278987767304,0.0
0.8,0.15,1.9477874452256718,2.5039680802258517,0.0
0.8,0.15,1.9556414268596465,2.508576316154493,0.0
0.8,0.15,1.963495408493621,2.5131526408128746,0.0
0.8,0.15,1.9713493901275954,2.5176970880625014,0.0
0.8,0.15,1.9792033717615698,2.522209691380531,0.0
0.8,0.15,1.9870573533955442,2.5266904838640514,0.0
0.8,0.15,1.994911335029519,2.531139498234273,0.0
0.8,0.15,2.0027653166634933,2.535556766840684,0.0
0.8,0.15,2.0106192982974678,2.5399423216650927,0.0
0.8,0.15,2.018473279931442,2.544296194325632,0.0
0.8,0.15,2.0263272615654166,2.548618416080666,0.0
0.8,0.15,2.034181243199391,2.5529090178326577,0.0
0.8,0.15,2.0420352248333655,2.557168030131943,0.0
0.8,0.15,2.0498892064673404,2.5613954831804624,0.0
0.8,0.15,2.057743188101315,2.565591406835413,0.0
0.8,0.15,2.0655971697352893,2.5697558306128405,0.0
0.8,0.15,2.0734511513692637,2.5738887836911806,0.0
0.8,0.15,2.081305133003238,2.577990294914728,0.0
0.8,0.15,2.0891591146372126,2.582060392797044,0.0
0.8,0.15,2.097013096271187,2.586099105524323,0.0
0.8,0.15,2.1048670779051615,2.5901064609586824,0.0
0.8,0.15,2.112721059539136,2.594082486641411,0.0
0.8,0.15,2.1205750411731104,2.598027209796152,0.0
0.8,0.15,2.1284290228070852,2.6019406573320376,0.0
0.8,0.15,2.1362830044410597,2.605822855846773,0.0
0.8,0.15,2.144136986075034,2.6096738316296593,0.0
0.8,0.15,2.1519909677090086,2.6134936106645803,0.0
0.8,0.15,2.159844949342983,2.61728221863292,0.0
0.8,0.15,2.1676989309769574,2.621039680916451,0.0
0.8,0.15,2.175552912610932,2.624766022600155,0.0
0.8,0.15,2.1834068942449063,2.628461268475011,0.0
0.8,0.15,2.1912608758788807,2.6321254430407364,0.0
0.8,0.15,2.199114857512855,2.6357585705084645,0.0
0.8,0.15,2.20696883914683,2.639360674803404,0.0
0.8,0.15,2.2148228207808045,2.64293177956743,0.0
0.8,0.15,2.222676802414779,2.6464719081616472,0.0
0.8,0.15,2.2305307840487534,2.649981083668904,0.0
0.8,0.15,2.238384765682728,2.653459328896261,0.0
0.8,0.15,2.2462387473167023,2.6569066663774343,0.0
0.8,0.15,2.2540927289506767,2.660323118375176,0.0
0.8,0.15,2.261946710584651,2.6637087068836287,0.0
0.8,0.15,2.2698006922186256,2.6670634536306412,0.0
0.8,0.15,2.2776546738526,2.6703873800800375,0.0
0.8,0.15,2.285508655486575,2.673680507433862,0.0
0.8,0.15,2.2933626371205493,2.6769428566345628,0.0
0.8,0.15,2.3012166187545238,2.6801744483671754,0.0
0.8,0.15,2.309070600388498,2.683375303061421,0.0
0.8,0.15,2.3169245820224726,2.686545440893826,0.0
0.8,0.15,2.324778563656447,2.689684881789759,0.0
0.8,0.15,2.3326325452904215,2.692793645425456,0.0
0.8,0.15,2.340486526924396,2.695871751230012,0.0
0.8,0.15,2.3483405085583704,2.6989192183873323,0.0
0.8,0.15,2.356194490192345,2.7019360658380585,0.0
0.8,0.15,2.3640484718263197,2.704922312281446,0.0
0.8,0.15,2.371902453460294,2.707877976177239,0.0
0.8,0.15,2.3797564350942686,2.710803075747484,0.0
0.8,0.15,2.387610416728243,2.713697628978328,0.0
0.8,0.15,2.3954643983622175,2.716561653621791,0.0
0.8,0.15,2.403318379996192,2.719395167197491,0.0
0.8,0.15,2.4111723616301663,2.7221981869943574,0.0
0.8,0.15,2.419026343264141,2.7249707300723083,0.0
0.8,0.15,2.4268803248981152,2.7277128132638966,0.0
0.8,0.15,2.4347343065320897,2.7304244531759307,0.0
0.8,0.15,2.4425882881660645,2.733105666191068,0.0
0.8,0.15,2.450442269800039,2.7357564684693827,0.0
0.8,0.15,2.4582962514340134,2.738376875949905,0.0
0.8,0.15,2.466150233067988,2.7409669043521303,0.0
0.8,0.15,2.4740042147019623,2.7435265691775026,0.0
0.8,0.15,2.4818581963359367,2.746055885710888,0.0
0.8,0.15,2.489712177969911,2.7485548690219908,0.0
0.8,0.15,2.4975661596038856,2.7510235339667855,0.0
0.8,0.15,2.50542014123786,2.7534618951888805,0.0
0.8,0.15,2.5132741228718345,2.755869967120894,0.0
0.8,0.15,2.5211281045058094,2.7582477639857874,0.0
0.8,0.15,2.528982086139784,2.7605952997981724,0.0
0.8,0.15,2.5368360677737583,2.762912588365611,0.0
0.8,0.15,2.5446900494077327,2.7651996432898702,0.0
0.8,0.15,2.552544031041707,2.7674564779681807,0.0
0.8,0.15,2.5603980126756816,2.769683105594445,0.0
0.8,0.15,2.568251994309656,2.7718795391604423,0.0
0.8,0.15,2.5761059759436304,2.7740457914570067,0.0
0.8,0.15,2.583959957577605,2.776181875075181,0.0
0.8,0.15,2.5918139392115798,2.7782878024073496,0.0
0.8,0.15,2.599667920845554,2.7803635856483573,0.0
0.8,0.15,2.6075219024795286,2.7824092367965947,0.0
0.8,0.15,2.615375884113503,2.784424767655071,0.0
0.8,0.15,2.6232298657474775,2.786410189832473,0.0
0.8,0.15,2.631083847381452,2.7883655147441835,0.0
0.8,0.15,2.6389378290154264,2.7902907536133044,0.0
0.8,0.15,2.646791810649401,2.7921859174716395,0.0
0.8,0.15,2.6546457922833753,2.7940510171606747,0.0
0.8,0.15,2.6624997739173497,2.7958860633325218,0.0
0.8,0.15,2.6703537555513246,2.7976910664508585,0.0
0.8,0.15,2.678207737185299,2.7994660367918427,0.0
0.8,0.15,2.6860617188192735,2.801210984445011,0.0
0.8,0.15,2.693915700453248,2.802925919314147,0.0
0.8,0.15,2.7017696820872223,2.8046108511181536,0.0
0.8,0.15,2.709623663721197,2.80626578939189,0.0
0.8,0.15,2.7174776453551712,2.8078907434869955,0.0
0.8,0.15,2.7253316269891457,2.8094857225726884,0.0
0.8,0.15,2.73318560862312,2.811050735636573,0.0
0.8,0.15,2.7410395902570945,2.812585791485392,0.0
0.8,0.15,2.7488935718910694,2.8140908987457935,0.0
0.8,0.15,2.756747553525044,2.815566065865067,0.0
0.8,0.15,2.7646015351590183,2.8170113011118554,0.0
0.8,0.15,2.7724555167929927,2.818426612576867,0.0
0.8,0.15,2.780309498426967,2.819812008173566,0.0
0.8,0.15,2.7881634800609416,2.8211674956388344,0.0
0.8,0.15,2.796017461694916,2.8224930825336316,0.0
0.8,0.15,2.8038714433288905,2.823788776243635,0.0
0.8,0.15,2.811725424962865,2.8250545839798624,0.0
0.8,0.15,2.8195794065968394,2.826290512779276,0.0
0.8,0.15,2.8274333882308142,2.8274965695053766,0.0
0.8,0.15,2.8352873698647887,2.828672760848779,0.0
0.8,0.15,2.843141351498763,2.8298190933277754,0.0
0.8,0.15,2.8509953331327376,2.830935573288871,0.0
0.8,0.15,2.858849314766712,2.832022206907327,0.0
0.8,0.15,2.8667032964006864,2.8330790001876682,0.0
0.8,0.15,2.874557278034661,2.8341059589641793,0.0
0.8,0.15,2.8824112596686353,2.835103088901404,0.0
0.8,0.15,2.8902652413026098,2.8360703954945974,0.0
0.8,0.15,2.898119222936584,2.837007884070194,0.0
0.8,0.15,2.905973204570559,2.8379155597862473,0.0
0.8,0.15,2.9138271862045335,2.8387934276328477,0.0
0.8,0.15,2.921681167838508,2.8396414924325475,0.0
0.8,0.15,2.9295351494724824,2.84045975884075,0.0
0.8,0.15,2.937389131106457,2.8412482313460936,0.0
0.8,0.15,2.9452431127404313,2.8420069142708306,0.0
0.8,0.15,2.9530970943744057,2.842735811771165,0.0
0.8,0.15,2.96095107600838,2.843434927837608,0.0
0.8,0.15,2.9688050576423546,2.8441042662953055,0.0
0.8,0.15,2.976659039276329,2.844743830804343,0.0
0.8,0.15,2.984513020910304,2.8453536248600546,0.0
0.8,0.15,2.9923670025442783,2.845933651793297,0.0
0.8,0.15,3.000220984178253,2.8464839147707375,0.0
0.8,0.15,3.008074965812227,2.847004416795097,0.0
0.8,0.15,3.0159289474462017,2.8474951607054075,0.0
0.8,0.15,3.023782929080176,2.84795614917724,0.0
0.8,0.15,3.0316369107141505,2.848387384722917,0.0
0.8,0.15,3.039490892348125,2.848788869691722,0.0
0.8,0.15,3.0473448739820994,2.849160606270096,0.0
0.8,0.15,3.0551988556160743,2.8495025964818037,0.0
0.8,0.15,3.0630528372500487,2.849814842188106,0.0
0.8,0.15,3.070906818884023,2.85009734508791,0.0
0.8,0.15,3.0787608005179976,2.850350106717907,0.0
0.8,0.15,3.086614782151972,2.850573128452695,0.0
0.8,0.15,3.0944687637859465,2.850766411504894,0.0
0.8,0.15,3.102322745419921,2.8509299569252398,0.0
0.8,0.15,3.1101767270538954,2.851063765602679,0.0
0.8,0.15,3.11803070868787,2.851167838264423,0.0
0.8,0.15,3.1258846903218442,2.8512421754760275,0.0
0.8,0.15,3.133738671955819,2.851286777641426,0.0
0.8,0.15,3.141592653589793,2.851301645002966,0.0
0.8,0.3,0.0,0.0,0.0
0.8,0.3,0.007853981633974483,0.03900197497933955,0.14791900126526916
0.8,0.3,0.015707963267948967,0.06788049699592458,0.19005403527718379
0.8,0.3,0.02356194490192345,0.09384998123322452,0.2179499248966563
0.8,0.3,0.031415926535897934,0.11808326733289443,0.23855041893848108
0.8,0.3,0.039269908169872414,0.1410942342756316,0.254458164772821
0.8,0.3,0.0471238898038469,0.16316933699260439,0.26697821945049477
0.8,0.3,0.05497787143782139,0.18448999089042428,0.2768707962127926
0.8,0.3,0.06283185307179587,0.20518073769316003,0.2846213405484323
0.8,0.3,0.07068583470577035,0.22533199768703605,0.2905592700820113
0.8,0.3,0.07853981633974483,0.2450121837221031,0.29491751399499533
0.8,0.3,0.08639379797371932,0.2642747266319996,0.2978652461143825
0.8,0.3,0.0942477796076938,0.283162420816649,0.2995271205204036
0.8,0.3,0.10210176124166828,0.3017102514106853,0.2999951250272448
0.8,0.3,0.10995574287564278,0.319947309997892,0.2993361067827401
0.8,0.3,0.11780972450961726,0.33789813699958837,0.2975965913984238
0.8,0.3,0.12566370614359174,0.35558368917247685,0.29480578945803876
0.8,0.3,0.13351768777756623,0.37302205382847564,0.2909772837433726
0.8,0.3,0.1413716694115407,0.39022898709132114,0.2861096466190439
0.8,0.3,0.1492256510455152,0.40721832691336424,0.28018606384668554
0.8,0.3,0.15707963267948966,0.42400231505140673,0.2731728863959446
0.8,0.3,0.16493361431346415,0.44059185161757086,0.26501685089583066
0.8,0.3,0.17278759594743864,0.45699669886184324,0.2556404438786705
0.8,0.3,0.1806415775814131,0.4732256461578377,0.2449344310488005
0.8,0.3,0.1884955592153876,0.48928664494257834,0.2327457111234969
0.8,0.3,0.1963495408493621,0.5051869201049817,0.21885686605138038
0.8,0.3,0.20420352248333656,0.5209330627102962,0.20294970263946763
0.8,0.3,0.21205750411731106,0.536531107784691,0.18453464457967467
0.8,0.3,0.21991148575128555,0.5519866000307119,0.16279666275744728
0.8,0.3,0.22776546738526002,0.5673046497099659,0.13619186555529825
0.8,0.3,0.2356194490192345,0.582489980452223,0.10099213308026846
0.8,0.3,0.24347343065320898,0.597546970387276,0.03828577298884647
0.8,0.3,0.25132741228718347,0.6124796877171925,0.0
0.8,0.3,0.25918139392115797,0.6272919216304733,0.0
0.8,0.3,0.26703537555513246,0.6419872092905679,0.0
0.8,0.3,0.2748893571891069,0.6565688594979135,0.0
0.8,0.3,0.2827433388230814,0.6710399735186996,0.0
0.8,0.3,0.2905973204570559,0.6854034634887989,0.0
0.8,0.3,0.2984513020910304,0.6996620687329762,0.0
0.8,0.3,0.3063052837250049,0.713818370284101,0.0
0.8,0.3,0.3141592653589793,0.7278748038419103,0.0
0.8,0.3,0.3220132469929538,0.7418336713737934,0.0
0.8,0.3,0.3298672286269283,0.7556971515295159,0.0
0.8,0.3,0.3377212102609028,0.7694673090164625,0.0
0.8,0.3,0.3455751918948773,0.783146103060876,0.0
0.8,0.3,0.3534291735288518,0.7967353950629199,0.0
0.8,0.3,0.3612831551628262,0.8102369555385687,0.0
0.8,0.3,0.3691371367968007,0.8236524704287997,0.0
0.8,0.3,0.3769911184307752,0.8369835468459725,0.0
0.8,0.3,0.3848451000647497,0.8502317183182662,0.0
0.8,0.3,0.3926990816987242,0.8633984495853577,0.0
0.8,0.3,0.40055306333269863,0.8764851409919325,0.0
0.8,0.3,0.4084070449666731,0.8894931325199711,0.0
0.8,0.3,0.4162610266006476,0.902423707495875,0.0
0.8,0.3,0.4241150082346221,0.9152780960042923,0.0
0.8,0.3,0.4319689898685966,0.9280574780368305,0.0
0.8,0.3,0.4398229715025711,0.9407629864007019,0.0
0.8,0.3,0.44767695313654554,0.9533957094095433,0.0
0.8,0.3,0.45553093477052004,0.9659566933762667,0.0
0.8,0.3,0.46338491640449453,0.9784469449256541,0.0
0.8,0.3,0.471238898038469,0.9908674331425709,0.0
0.8,0.3,0.4790928796724435,1.003219091570013,0.0
0.8,0.3,0.48694686130641796,1.0155028200697815,0.0
0.8,0.3,0.49480084294039245,1.0277194865572852,0.0
0.8,0.3,0.5026548245743669,1.039869928620844,0.0
0.8,0.3,0.5105088062083414,1.0519549550348772,0.0
0.8,0.3,0.5183627878423159,1.0639753471754354,0.0
0.8,0.3,0.5262167694762904,1.0759318603457788,0.0
0.8,0.3,0.5340707511102649,1.087825225018964,0.0
0.8,0.3,0.5419247327442394,1.0996561480037785,0.0
0.8,0.3,0.5497787143782138,1.1114253135397967,0.0
0.8,0.3,0.5576326960121883,1.1231333843268148,0.0
0.8,0.3,0.5654866776461628,1.1347810024934577,0.0
0.8,0.3,0.5733406592801373,1.1463687905093563,0.0
0.8,0.3,0.5811946409141118,1.1578973520449076,0.0
0.8,0.3,0.5890486225480862,1.1693672727822846,0.0
0.8,0.3,0.5969026041820608,1.1807791211810965,0.0
0.8,0.3,0.6047565858160352,1.1921334492017666,0.0
0.8,0.3,0.6126105674500097,1.2034307929895125,0.0
0.8,0.3,0.6204645490839842,1.2146716735215275,0.0
0.8,0.3,0.6283185307179586,1.2258565972197963,0.0
0.8,0.3,0.6361725123519332,1.2369860565317687,0.0
0.8,0.3,0.6440264939859076,1.248060530480961,0.0
0.8,0.3,0.6518804756198822,1.2590804851893789,0.0
0.8,0.3,0.6597344572538566,1.2700463743735328,0.0
0.8,0.3,0.6675884388878311,1.2809586398156827,0.0
0.8,0.3,0.6754424205218056,1.291817711811814,0.0
0.8,0.3,0.68329640215578,1.3026240095977566,0.0
0.8,0.3,0.6911503837897546,1.3133779417547582,0.0
0.8,0.3,0.699004365423729,1.324079906595712,0.0
0.8,0.3,0.7068583470577036,1.3347302925331792,0.0
0.8,0.3,0.714712328691678,1.3453294784302505,0.0
0.8,0.3,0.7225663103256524,1.3558778339352267,0.0
0.8,0.3,0.730420291959627,1.3663757198010353,0.0
0.8,0.3,0.7382742735936014,1.3768234881902353,0.0
0.8,0.3,0.746128255227576,1.387221482966404,0.0
0.8,0.3,0.7539822368615504,1.3975700399726487,0.0
0.8,0.3,0.7618362184955249,1.4078694872979507,0.0
0.8,0.3,0.7696902001294994,1.4181201455319732,0.0
0.8,0.3,0.7775441817634738,1.4283223280089759,0.0
0.8,0.3,0.7853981633974484,1.438476341041368,0.0
0.8,0.3,0.7932521450314228,1.4485824841434725,0.0
0.8,0.3,0.8011061266653973,1.4586410502459912,0.0
0.8,0.3,0.8089601082993718,1.468652325901638,0.0
0.8,0.3,0.8168140899333463,1.4786165914823988,0.0
0.8,0.3,0.8246680715673208,1.4885341213688275,0.0
0.8,0.3,0.8325220532012952,1.4984051841317723,0.0
0.8,0.3,0.8403760348352697,1.5082300427069113,0.0
0.8,0.3,0.8482300164692442,1.5180089545624387,0.0
0.8,0.3,0.8560839981032187,1.5277421718602278,0.0
0.8,0.3,0.8639379797371932,1.537429941610799,0.0
0.8,0.3,0.8717919613711677,1.5470725058223587,0.0
0.8,0.3,0.8796459430051422,1.5566701016442193,0.0
0.8,0.3,0.8874999246391166,1.5662229615048218,0.0
0.8,0.3,0.8953539062730911,1.5757313132446515,0.0
0.8,0.3,0.9032078879070656,1.585195380244248,0.0
0.8,0.3,0.9110618695410401,1.5946153815475357,0.0
0.8,0.3,0.9189158511750146,1.603991531980706,0.0
0.8,0.3,0.9267698328089891,1.6133240422668218,0.0
0.8,0.3,0.9346238144429635,1.6226131191363435,0.0
0.8,0.3,0.942477796076938,1.631858965433764,0.0
0.8,0.3,0.9503317777109125,1.6410617802205012,0.0
0.8,0.3,0.958185759344887,1.6502217588742272,0.0
0.8,0.3,0.9660397409788615,1.6593390931847756,0.0
0.8,0.3,0.9738937226128359,1.668413971446776,0.0
0.8,0.3,0.9817477042468105,1.6774465785491455,0.0
0.8,0.3,0.9896016858807849,1.6864370960615842,0.0
0.8,0.3,0.9974556675147594,1.6953857023181709,0.0
0.8,0.3,1.0053096491487339,1.7042925724982159,0.0
0.8,0.3,1.0131636307827083,1.7131578787044328,0.0
0.8,0.3,1.0210176124166828,1.7219817900385994,0.0
0.8,0.3,1.0288715940506574,1.730764472674738,0.0
0.8,0.3,1.0367255756846319,1.7395060899299721,0.0
0.8,0.3,1.0445795573186063,1.7482068023331254,0.0
0.8,0.3,1.0524335389525807,1.756866767691138,0.0
0.8,0.3,1.0602875205865552,1.7654861411534277,0.0
0.8,0.3,1.0681415022205298,1.7740650752742175,0.0
0.8,0.3,1.0759954838545043,1.7826037200729576,0.0
0.8,0.3,1.0838494654884787,1.7911022230928932,0.0
0.8,0.3,1.0917034471224532,1.7995607294578357,0.0
0.8,0.3,1.0995574287564276,1.8079793819272274,0.0
0.8,0.3,1.1074114103904023,1.8163583209495553,0.0
0.8,0.3,1.1152653920243767,1.8246976847141643,0.0
0.8,0.3,1.1231193736583511,1.8329976092015423,0.0
0.8,0.3,1.1309733552923256,1.841258228232125,0.0
0.8,0.3,1.1388273369263,1.849479673513672,0.0
0.8,0.3,1.1466813185602747,1.8576620746872867,0.0
0.8,0.3,1.154535300194249,1.8658055593720784,0.0
0.8,0.3,1.1623892818282235,1.8739102532085792,0.0
0.8,0.3,1.170243263462198,1.8819762799009114,0.0
0.8,0.3,1.1780972450961724,1.8900037612577616,0.0
0.8,0.3,1.185951226730147,1.8979928172322202,0.0
0.8,0.3,1.1938052083641215,1.905943565960493,0.0
0.8,0.3,1.201659189998096,1.913856123799558,0.0
0.8,0.3,1.2095131716320704,1.9217306053637715,0.0
0.8,0.3,1.2173671532660448,1.9295671235604896,0.0
0.8,0.3,1.2252211349000195,1.937365789624711,0.0
0.8,0.3,1.233075116533994,1.9451267131527872,0.0
0.8,0.3,1.2409290981679684,1.952850002135232,0.0
0.8,0.3,1.2487830798019428,1.9605357629886582,0.0
0.8,0.3,1.2566370614359172,1.968184100586864,0.0
0.8,0.3,1.264491043069892,1.9757951182911018,0.0
0.8,0.3,1.2723450247038663,1.9833689179795582,0.0
0.8,0.3,1.2801990063378408,1.9909056000760688,0.0
0.8,0.3,1.2880529879718152,1.9984052635780847,0.0
0.8,0.3,1.2959069696057899,2.0058680060839285,0.0
0.8,0.3,1.3037609512397643,2.0132939238193464,0.0
0.8,0.3,1.3116149328737388,2.020683111663394,0.0
0.8,0.3,1.3194689145077132,2.028035663173663,0.0
0.8,0.3,1.3273228961416876,2.0353516706108796,0.0
0.8,0.3,1.3351768777756623,2.0426312249628813,0.0
0.8,0.3,1.3430308594096367,2.0498744159680142,0.0
0.8,0.3,1.3508848410436112,2.0570813321379355,0.0
0.8,0.3,1.3587388226775856,2.06425206077987,0.0
0.8,0.3,1.36659280431156,2.071386688018313,0.0
0.8,0.3,1.3744467859455347,2.0784852988162266,0.0
0.8,0.3,1.3823007675795091,2.085547976995697,0.0
0.8,0.3,1.3901547492134836,2.0925748052581183,0.0
0.8,0.3,1.398008730847458,2.0995658652038847,0.0
0.8,0.3,1.4058627124814325,2.106521237351621,0.0
0.8,0.3,1.4137166941154071,2.1134410011569615,0.0
0.8,0.3,1.4215706757493816,2.120325235030869,0.0
0.8,0.3,1.429424657383356,2.127174016357557,0.0
0.8,0.3,1.4372786390173304,2.133987421511974,0.0
0.8,0.3,1.4451326206513049,2.140765525876883,0.0
0.8,0.3,1.4529866022852795,2.1475084038595673,0.0
0.8,0.3,1.460840583919254,2.154216128908133,0.0
0.8,0.3,1.4686945655532284,2.1608887735274553,0.0
0.8,0.3,1.4765485471872029,2.167526409294759,0.0
0.8,0.3,1.4844025288211773,2.1741291068748443,0.0
0.8,0.3,1.492256510455152,2.1806969360349804,0.0
0.8,0.3,1.5001104920891264,2.187229965659462,0.0
0.8,0.3,1.5079644737231008,2.1937282637638384,0.0
0.8,0.3,1.5158184553570753,2.20019189750884,0.0
0.8,0.3,1.5236724369910497,2.2066209332139928,0.0
0.8,0.3,1.5315264186250244,2.2130154363709273,0.0
0.8,0.3,1.5393804002589988,2.2193754716564174,0.0
0.8,0.3,1.5472343818929732,2.225701102945114,0.0
0.8,0.3,1.5550883635269477,2.231992393322032,0.0
0.8,0.3,1.5629423451609221,2.2382494050947357,0.0
0.8,0.3,1.5707963267948968,2.244472199805295,0.0
0.8,0.3,1.5786503084288712,2.2506608382419704,0.0
0.8,0.3,1.5865042900628457,2.2568153804506585,0.0
0.8,0.3,1.59435827169682,2.262935885746087,0.0
0.8,0.3,1.6022122533307945,2.2690224127227916,0.0
0.8,0.3,1.6100662349647692,2.2750750192658447,0.0
0.8,0.3,1.6179202165987436,2.2810937625613805,0.0
0.8,0.3,1.625774198232718,2.2870786991068863,0.0
0.8,0.3,1.6336281798666925,2.293029884721287,0.0
0.8,0.3,1.641482161500667,2.298947374554837,0.0
0.8,0.3,1.6493361431346416,2.3048312230987835,0.0
0.8,0.3,1.657190124768616,2.310681484194856,0.0
0.8,0.3,1.6650441064025905,2.3164982110445553,0.0
0.8,0.3,1.672898088036565,2.3222814562182585,0.0
0.8,0.3,1.6807520696705394,2.3280312716641287,0.0
0.8,0.3,1.688606051304514,2.3337477087168743,0.0
0.8,0.3,1.6964600329384885,2.3394308181063,0.0
0.8,0.3,1.704314014572463,2.3450806499657153,0.0
0.8,0.3,1.7121679962064373,2.350697253840167,0.0
0.8,0.3,1.7200219778404118,2.356280678694505,0.0
0.8,0.3,1.7278759594743864,2.361830972921298,0.0
0.8,0.3,1.7357299411083609,2.367348184348594,0.0
0.8,0.3,1.7435839227423353,2.3728323602475276,0.0
0.8,0.3,1.7514379043763098,2.378283547339779,0.0
0.8,0.3,1.7592918860102844,2.383701791804891,0.0
0.8,0.3,1.7671458676442588,2.38908713928745,0.0
0.8,0.3,1.7749998492782333,2.3944396349041197,0.0
0.8,0.3,1.7828538309122077,2.3997593232505525,0.0
0.8,0.3,1.7907078125461822,2.40504624840816,0.0
0.8,0.3,1.7985617941801568,2.4103004539507555,0.0
0.8,0.3,1.8064157758141313,2.4155219829510854,0.0
0.8,0.3,1.8142697574481057,2.4207108779872177,0.0
0.8,0.3,1.8221237390820801,2.425867181148822,0.0
0.8,0.3,1.8299777207160546,2.4309909340433413,0.0
0.8,0.3,1.8378317023500292,2.4360821778020214,0.0
0.8,0.3,1.8456856839840037,2.4411409530858634,0.0
0.8,0.3,1.8535396656179781,2.446167300091437,0.0
0.8,0.3,1.8613936472519526,2.451161258556607,0.0
0.8,0.3,1.869247628885927,2.456122867766139,0.0
0.8,0.3,1.8771016105199017,2.4610521665572187,0.0
0.8,0.3,1.884955592153876,2.4659491933248545,0.0
0.8,0.3,1.8928095737878505,2.470813986027196,0.0
0.8,0.3,1.900663555421825,2.4756465821907447,0.0
0.8,0.3,1.9085175370557994,2.480447018915483,0.0
0.8,0.3,1.916371518689774,2.4852153328798945,0.0
0.8,0.3,1.9242255003237485,2.4899515603459097,0.0
0.8,0.3,1.932079481957723,2.49465573716376,0.0
0.8,0.3,1.9399334635916974,2.4993278987767304,0.0
0.8,0.3,1.9477874452256718,2.5039680802258517,0.0
0.8,0.3,1.9556414268596465,2.508576316154493,0.0
0.8,0.3,1.963495408493621,2.5131526408128746,0.0
0.8,0.3,1.9713493901275954,2.5176970880625014,0.0
0.8,0.3,1.9792033717615698,2.522209691380531,0.0
0.8,0.3,1.9870573533955442,2.5266904838640514,0.0
0.8,0.3,1.994911335029519,2.531139498234273,0.0
0.8,0.3,2.0027653166634933,2.535556766840684,0.0
0.8,0.3,2.0106192982974678,2.5399423216650927,0.0
0.8,0.3,2.018473279931442,2.544296194325632,0.0
0.8,0.3,2.0263272615654166,2.548618416080666,0.0
0.8,0.3,2.034181243199391,2.5529090178326577,0.0
0.8,0.3,2.0420352248333655,2.557168030131943,0.0
0.8,0.3,2.0498892064673404,2.5613954831804624,0.0
0.8,0.3,2.057743188101315,2.565591406835413,0.0
0.8,0.3,2.0655971697352893,2.5697558306128405,0.0
0.8,0.3,2.0734511513692637,2.5738887836911806,0.0
0.8,0.3,2.081305133003238,2.577990294914728,0.0
0.8,0.3,2.0891591146372126,2.582060392797044,0.0
0.8,0.3,2.097013096271187,2.586099105524323,0.0
0.8,0.3,2.1048670779051615,2.5901064609586824,0.0
0.8,0.3,2.112721059539136,2.594082486641411,0.0
0.8,0.3,2.1205750411731104,2.598027209796152,0.0
0.8,0.3,2.1284290228070852,2.6019406573320376,0.0
0.8,0.3,2.1362830044410597,2.605822855846773,0.0
0.8,0.3,2.144136986075034,2.6096738316296593,0.0
0.8,0.3,2.1519909677090086,2.6134936106645803,0.0
0.8,0.3,2.159844949342983,2.61728221863292,0.0
0.8,0.3,2.1676989309769574,2.621039680916451,0.0
0.8,0.3,2.175552912610932,2.624766022600155,0.0
0.8,0.3,2.1834068942449063,2.628461268475011,0.0
0.8,0.3,2.1912608758788807,2.6321254430407364,0.0
0.8,0.3,2.199114857512855,2.6357585705084645,0.0
0.8,0.3,2.20696883914683,2.639360674803404,0.0
0.8,0.3,2.2148228207808045,2.64293177956743,0.0
0.8,0.3,2.222676802414779,2.6464719081616472,0.0
0.8,0.3,2.2305307840487534,2.649981083668904,0.0
0.8,0.3,2.238384765682728,2.653459328896261,0.0
0.8,0.3,2.2462387473167023,2.6569066663774343,0.0
0.8,0.3,2.2540927289506767,2.660323118375176,0.0
0.8,0.3,2.261946710584651,2.6637087068836287,0.0
0.8,0.3,2.2698006922186256,2.6670634536306412,0.0
0.8,0.3,2.2776546738526,2.6703873800800375,0.0
0.8,0.3,2.285508655486575,2.673680507433862,0.0
0.8,0.3,2.2933626371205493,2.6769428566345628,0.0
0.8,0.3,2.3012166187545238,2.6801744483671754,0.0
0.8,0.3,2.309070600388498,2.683375303061421,0.0
0.8,0.3,2.3169245820224726,2.686545440893826,0.0
0.8,0.3,2.324778563656447,2.689684881789759,0.0
0.8,0.3,2.3326325452904215,2.692793645425456,0.0
0.8,0.3,2.340486526924396,2.695871751230012,0.0
0.8,0.3,2.3483405085583704,2.6989192183873323,0.0
0.8,0.3,2.356194490192345,2.7019360658380585,0.0
0.8,0.3,2.3640484718263197,2.704922312281446,0.0
0.8,0.3,2.371902453460294,2.707877976177239,0.0
0.8,0.3,2.3797564350942686,2.710803075747484,0.0
0.8,0.3,2.387610416728243,2.713697628978328,0.0
0.8,0.3,2.3954643983622175,2.716561653621791,0.0
0.8,0.3,2.403318379996192,2.719395167197491,0.0
0.8,0.3,2.4111723616301663,2.7221981869943574,0.0
0.8,0.3,2.419026343264141,2.7249707300723083,0.0
0.8,0.3,2.4268803248981152,2.7277128132638966,0.0
0.8,0.3,2.4347343065320897,2.7304244531759307,0.0
0.8,0.3,2.4425882881660645,2.733105666191068,0.0
0.8,0.3,2.450442269800039,2.7357564684693827,0.0
0.8,0.3,2.4582962514340134,2.738376875949905,0.0
0.8,0.3,2.466150233067988,2.7409669043521303,0.0
0.8,0.3,2.4740042147019623,2.7435265691775026,0.0
0.8,0.3,2.4818581963359367,2.746055885710888,0.0
0.8,0.3,2.489712177969911,2.7485548690219908,0.0
0.8,0.3,2.4975661596038856,2.7510235339667855,0.0
0.8,0.3,2.50542014123786,2.7534618951888805,0.0
0.8,0.3,2.5132741228718345,2.755869967120894,0.0
0.8,0.3,2.5211281045058094,2.7582477639857874,0.0
0.8,0.3,2.528982086139784,2.7605952997981724,0.0
0.8,0.3,2.5368360677737583,2.762912588365611,0.0
0.8,0.3,2.5446900494077327,2.7651996432898702,0.0
0.8,0.3,2.552544031041707,2.7674564779681807,0.0
0.8,0.3,2.5603980126756816,2.769683105594445,0.0
0.8,0.3,2.568251994309656,2.7718795391604423,0.0
0.8,0.3,2.5761059759436304,2.7740457914570067,0.0
0.8,0.3,2.583959957577605,2.776181875075181,0.0
0.8,0.3,2.5918139392115798,2.7782878024073496,0.0
0.8,0.3,2.599667920845554,2.7803635856483573,0.0
0.8,0.3,2.6075219024795286,2.7824092367965947,0.0
0.8,0.3,2.615375884113503,2.784424767655071,0.0
0.8,0.3,2.6232298657474775,2.786410189832473,0.0
0.8,0.3,2.631083847381452,2.7883655147441835,0.0
0.8,0.3,2.6389378290154264,2.7902907536133044,0.0
0.8,0.3,2.646791810649401,2.7921859174716395,0.0
0.8,0.3,2.6546457922833753,2.7940510171606747,0.0
0.8,0.3,2.6624997739173497,2.7958860633325218,0.0
0.8,0.3,2.6703537555513246,2.7976910664508585,0.0
0.8,0.3,2.678207737185299,2.7994660367918427,0.0
0.8,0.3,2.6860617188192735,2.801210984445011,0.0
0.8,0.3,2.693915700453248,2.802925919314147,0.0
0.8,0.3,2.7017696820872223,2.8046108511181536,0.0
0.8,0.3,2.709623663721197,2.80626578939189,0.0
0.8,0.3,2.7174776453551712,2.8078907434869955,0.0
0.8,0.3,2.7253316269891457,2.8094857225726884,0.0
0.8,0.3,2.73318560862312,2.811050735636573,0.0
0.8,0.3,2.7410395902570945,2.812585791485392,0.0
0.8,0.3,2.7488935718910694,2.8140908987457935,0.0
0.8,0.3,2.756747553525044,2.815566065865067,0.0
0.8,0.3,2.7646015351590183,2.8170113011118554,0.0
0.8,0.3,2.7724555167929927,2.818426612576867,0.0
0.8,0.3,2.780309498426967,2.819812008173566,0.0
0.8,0.3,2.7881634800609416,2.8211674956388344,0.0
0.8,0.3,2.796017461694916,2.8224930825336316,0.0
0.8,0.3,2.8038714433288905,2.823788776243635,0.0
0.8,0.3,2.811725424962865,2.8250545839798624,0.0
0.8,0.3,2.8195794065968394,2.826290512779276,0.0
0.8,0.3,2.8274333882308142,2.8274965695053766,0.0
0.8,0.3,2.8352873698647887,2.828672760848779,0.0
0.8,0.3,2.843141351498763,2.8298190933277754,0.0
0.8,0.3,2.8509953331327376,2.830935573288871,0.0
0.8,0.3,2.858849314766712,2.832022206907327,0.0
0.8,0.3,2.8667032964006864,2.8330790001876682,0.0
0.8,0.3,2.874557278034661,2.8341059589641793,0.0
0.8,0.3,2.8824112596686353,2.835103088901404,0.0
0.8,0.3,2.8902652413026098,2.8360703954945974,0.0
0.8,0.3,2.898119222936584,2.837007884070194,0.0
0.8,0.3,2.905973204570559,2.8379155597862473,0.0
0.8,0.3,2.9138271862045335,2.8387934276328477,0.0
0.8,0.3,2.921681167838508,2.8396414924325475,0.0
0.8,0.3,2.9295351494724824,2.84045975884075,0.0
0.8,0.3,2.937389131106457,2.8412482313460936,0.0
0.8,0.3,2.9452431127404313,2.8420069142708306,0.0
0.8,0.3,2.9530970943744057,2.842735811771165,0.0
0.8,0.3,2.96095107600838,2.843434927837608,0.0
0.8,0.3,2.9688050576423546,2.8441042662953055,0.0
0.8,0.3,2.976659039276329,2.844743830804343,0.0
0.8,0.3,2.984513020910304,2.8453536248600546,0.0
0.8,0.3,2.9923670025442783,2.845933651793297,0.0
0.8,0.3,3.000220984178253,2.8464839147707375,0.0
0.8,0.3,3.008074965812227,2.847004416795097,0.0
0.8,0.3,3.0159289474462017,2.8474951607054075,0.0
0.8,0.3,3.023782929080176,2.84795614917724,0.0
0.8,0.3,3.0316369107141505,2.848387384722917,0.0
0.8,0.3,3.039490892348125,2.848788869691722,0.0
0.8,0.3,3.0473448739820994,2.849160606270096,0.0
0.8,0.3,3.0551988556160743,2.8495025964818037,0.0
0.8,0.3,3.0630528372500487,2.849814842188106,0.0
0.8,0.3,3.070906818884023,2.85009734508791,0.0
0.8,0.3,3.0787608005179976,2.850350106717907,0.0
0.8,0.3,3.086614782151972,2.850573128452695,0.0
0.8,0.3,3.0944687637859465,2.850766411504894,0.0
0.8,0.3,3.102322745419921,2.8509299569252398,0.0
0.8,0.3,3.1101767270538954,2.851063765602679,0.0
0.8,0.3,3.11803070868787,2.851167838264423,0.0
0.8,0.3,3.1258846903218442,2.8512421754760275,0.0
0.8,0.3,3.133738671955819,2.851286777641426,0.0
0.8,0.3,3.141592653589793,2.851301645002966,0.0
1.2,0.15,0.0,0.0,0.0
1.2,0.15,0.007853981633974483,0.00596205862616439,0.04186969601976465
1.2,0.15,0.015707963267948967,0.013645501110705949,0.06250960432325185
1.2,0.15,0.02356194490192345,0.022121516757402038,0.07840340249997185
1.2,0.15,0.031415926535897934,0.031142278573763615,0.09150323522894252
1.2,0.15,0.039269908169872414,0.0405803583870703,0.10260283636088245
1.2,0.15,0.0471238898038469,0.05035648654094471,0.11212123003934209
1.2,0.15,0.05497787143782139,0.060416023958109744,0.12031089408913073
1.2,0.15,0.06283185307179587,0.07071876941091015,0.1273361161504448
1.2,0.15,0.07068583470577035,0.0812337691383056,0.13330868498742363
1.2,0.15,0.07853981633974483,0.09193637596119486,0.1383062383389856
1.2,0.15,0.08639379797371932,0.10280645038985048,0.1423824739046009
1.2,0.15,0.0942477796076938,0.11382719471292146,0.14557310245255853
1.2,0.15,0.10210176124166828,0.1249843622335256,0.14789935046218605
1.2,0.15,0.10995574287564278,0.13626570092530943,0.14936990670455327
1.2,0.15,0.11780972450961726,0.1476605500022541,0.14998175546948384
1.2,0.15,0.12566370614359174,0.15915953985271236,0.14972008158455757
1.2,0.15,0.13351768777756623,0.17075436397530597,0.14855724948981966
1.2,0.15,0.1413716694115407,0.18243760237596995,0.1464506809547107
1.2,0.15,0.1492256510455152,0.1942025825727156,0.14333921896641635
1.2,0.15,0.15707963267948966,0.20604326862388378,0.1391371698790485
1.2,0.15,0.16493361431346415,0.21795417139954343,0.13372445770838434
1.2,0.15,0.17278759594743864,0.22993027520363984,0.12692970931137595
1.2,0.15,0.1806415775814131,0.24196697715416238,0.11849926207840188
1.2,0.15,0.1884955592153876,0.2540600366410266,0.10803475725093381
1.2,0.15,0.1963495408493621,0.2662055328334878,0.09484869075999512
1.2,0.15,0.20420352248333656,0.27839982868238633,0.07754665688689512
1.2,0.15,0.21205750411731106,0.2906395402114368,0.05215860167906777
1.2,0.15,0.21991148575128555,0.30292151015226154,0.0
1.2,0.15,0.22776546738526002,0.3152427851747246,0.0
1.2,0.15,0.2356194490192345,0.3276005961145989,0.0
1.2,0.15,0.24347343065320898,0.3399923407167549,0.0
1.2,0.15,0.25132741228718347,0.35241556850264644,0.0
1.2,0.15,0.25918139392115797,0.3648679674420725,0.0
1.2,0.15,0.26703537555513246,0.3773473521657149,0.0
1.2,0.15,0.2748893571891069,0.3898516535000578,0.0
1.2,0.15,0.2827433388230814,0.40237890914264396,0.0
1.2,0.15,0.2905973204570559,0.414927255325076,0.0
1.2,0.15,0.2984513020910304,0.4274949193351476,0.0
1.2,0.15,0.3063052837250049,0.4400802127892329,0.0
1.2,0.15,0.3141592653589793,0.4526815255622696,0.0
1.2,0.15,0.3220132469929538,0.4652973202961823,0.0
1.2,0.15,0.3298672286269283,0.4779261274188058,0.0
1.2,0.15,0.3377212102609028,0.4905665406147961,0.0
1.2,0.15,0.3455751918948773,0.5032172126979242,0.0
1.2,0.15,0.3534291735288518,0.5158768518408341,0.0
1.2,0.15,0.3612831551628262,0.5285442181240374,0.0
1.2,0.15,0.3691371367968007,0.5412181203707411,0.0
1.2,0.15,0.3769911184307752,0.5538974132382333,0.0
1.2,0.15,0.3848451000647497,0.566580994540113,0.0
1.2,0.15,0.3926990816987242,0.5792678027766907,0.0
1.2,0.15,0.40055306333269863,0.5919568148535255,0.0
1.2,0.15,0.4084070449666731,0.60464704397035,0.0
1.2,0.15,0.4162610266006476,0.6173375376646184,0.0
1.2,0.15,0.4241150082346221,0.6300273759956434,0.0
1.2,0.15,0.4319689898685966,0.6427156698567946,0.0
1.2,0.15,0.4398229715025711,0.6554015594045588,0.0
1.2,0.15,0.44767695313654554,0.6680842125944249,0.0
1.2,0.15,0.45553093477052004,0.6807628238145795,0.0
1.2,0.15,0.46338491640449453,0.6934366126092968,0.0
1.2,0.15,0.471238898038469,0.7061048224847182,0.0
1.2,0.15,0.4790928796724435,0.7187667197904111,0.0
1.2,0.15,0.48694686130641796,0.7314215926707368,0.0
1.2,0.15,0.49480084294039245,0.7440687500806129,0.0
1.2,0.15,0.5026548245743669,0.7567075208607501,0.0
1.2,0.15,0.5105088062083414,0.7693372528678948,0.0
1.2,0.15,0.5183627878423159,0.7819573121560186,0.0
1.2,0.15,0.5262167694762904,0.7945670822047319,0.0
1.2,0.15,0.5340707511102649,0.8071659631915309,0.0
1.2,0.15,0.5419247327442394,0.8197533713047938,0.0
1.2,0.15,0.5497787143782138,0.8323287380946665,0.0
1.2,0.15,0.5576326960121883,0.8448915098592524,0.0
1.2,0.15,0.5654866776461628,0.8574411470637069,0.0
1.2,0.15,0.5733406592801373,0.8699771237900429,0.0
1.2,0.15,0.5811946409141118,0.882498927215613,0.0
1.2,0.15,0.5890486225480862,0.8950060571184382,0.0
1.2,0.15,0.5969026041820608,0.9074980254076135,0.0
1.2,0.15,0.6047565858160352,0.9199743556772508,0.0
1.2,0.15,0.6126105674500097,0.9324345827824583,0.0
1.2,0.15,0.6204645490839842,0.9448782524360149,0.0
1.2,0.15,0.6283185307179586,0.9573049208244737,0.0
1.2,0.15,0.6361725123519332,0.969714154242528,0.0
1.2,0.15,0.6440264939859076,0.9821055287445539,0.0
1.2,0.15,0.6518804756198822,0.9944786298123365,0.0
1.2,0.15,0.6597344572538566,1.0068330520380169,0.0
1.2,0.15,0.6675884388878311,1.0191683988214106,0.0
1.2,0.15,0.6754424205218056,1.0314842820808856,0.0
1.2,0.15,0.68329640215578,1.0437803219770176,0.0
1.2,0.15,0.6911503837897546,1.0560561466483513,0.0
1.2,0.15,0.699004365423729,1.0683113919585718,0.0
1.2,0.15,0.7068583470577036,1.0805457012545057,0.0
1.2,0.15,0.714712328691678,1.092758725134336,0.0
1.2,0.15,0.7225663103256524,1.104950121225528,0.0
1.2,0.15,0.730420291959627,1.1171195539719296,0.0
1.2,0.15,0.7382742735936014,1.1292666944295842,0.0
1.2,0.15,0.746128255227576,1.1413912200708183,0.0
1.2,0.15,0.7539822368615504,1.153492814596172,0.0
1.2,0.15,0.7618362184955249,1.1655711677537801,0.0
1.2,0.15,0.7696902001294994,1.1776259751658587,0.0
1.2,0.15,0.7775441817634738,1.1896569381618973,0.0
1.2,0.15,0.7853981633974484,1.2016637636183,0.0
1.2,0.15,0.7932521450314228,1.2136461638041056,0.0
1.2,0.15,0.8011061266653973,1.225603856232528,0.0
1.2,0.15,0.8089601082993718,1.2375365635180375,0.0
1.2,0.15,0.8168140899333463,1.2494440132387221,0.0
1.2,0.15,0.8246680715673208,1.261325937803687,0.0
1.2,0.15,0.8325220532012952,1.2731820743252589,0.0
1.2,0.15,0.8403760348352697,1.2850121644957802,0.0
1.2,0.15,0.8482300164692442,1.296815954468787,0.0
1.2,0.15,0.8560839981032187,1.30859319474437,0.0
1.2,0.15,0.8639379797371932,1.3203436400585495,0.0
1.2,0.15,0.8717919613711677,1.3320670492764624,0.0
1.2,0.15,0.8796459430051422,1.343763185289231,0.0
1.2,0.15,0.8874999246391166,1.3554318149143185,0.0
1.2,0.15,0.8953539062730911,1.3670727087992605,0.0
1.2,0.15,0.9032078879070656,1.378685641328592,0.0
1.2,0.15,0.9110618695410401,1.3902703905338691,0.0
1.2,0.15,0.9189158511750146,1.4018267380066434,0.0
1.2,0.15,0.9267698328089891,1.4133544688142556,0.0
1.2,0.15,0.9346238144429635,1.4248533714183655,0.0
1.2,0.15,0.942477796076938,1.4363232375960697,0.0
1.2,0.15,0.9503317777109125,1.4477638623635383,0.0
1.2,0.15,0.958185759344887,1.459175043902044,0.0
1.2,0.15,0.9660397409788615,1.4705565834863048,0.0
1.2,0.15,0.9738937226128359,1.4819082854150436,0.0
1.2,0.15,0.9817477042468105,1.493229956943685,0.0
1.2,0.15,0.9896016858807849,1.504521408219095,0.0
1.2,0.15,0.9974556675147594,1.5157824522162997,0.0
1.2,0.15,1.0053096491487339,1.5270129046771008,0.0
1.2,0.15,1.0131636307827083,1.5382125840505148,0.0
1.2,0.15,1.0210176124166828,1.5493813114349795,0.0
1.2,0.15,1.0288715940506574,1.5605189105222392,0.0
1.2,0.15,1.0367255756846319,1.5716252075428796,0.0
1.2,0.15,1.0445795573186063,1.5827000312134194,0.0
1.2,0.15,1.0524335389525807,1.5937432126849334,0.0
1.2,0.15,1.0602875205865552,1.6047545854931153,0.0
1.2,0.15,1.0681415022205298,1.6157339855097779,0.0
1.2,0.15,1.0759954838545043,1.6266812508956872,0.0
1.2,0.15,1.0838494654884787,1.6375962220547202,0.0
1.2,0.15,1.0917034471224532,1.6484787415892934,0.0
1.2,0.15,1.0995574287564276,1.6593286542570056,0.0
1.2,0.15,1.1074114103904023,1.670145806928463,0.0
1.2,0.15,1.1152653920243767,1.6809300485462455,0.0
1.2,0.15,1.1231193736583511,1.691681230084982,0.0
1.2,0.15,1.1309733552923256,1.7023992045124767,0.0
1.2,0.15,1.1388273369263,1.7130838267518784,0.0
1.2,0.15,1.1466813185602747,1.7237349536448345,0.0
1.2,0.15,1.154535300194249,1.7343524439156144,0.0
1.2,0.15,1.1623892818282235,1.7449361581361669,0.0
1.2,0.15,1.170243263462198,1.7554859586920657,0.0
1.2,0.15,1.1780972450961724,1.7660017097493421,0.0
1.2,0.15,1.185951226730147,1.7764832772221517,0.0
1.2,0.15,1.1938052083641215,1.786930528741262,0.0
1.2,0.15,1.201659189998096,1.7973433336233342,0.0
1.2,0.15,1.2095131716320704,1.8077215628409644,0.0
1.2,0.15,1.2173671532660448,1.8180650889934766,0.0
1.2,0.15,1.2252211349000195,1.8283737862784304,0.0
1.2,0.15,1.233075116533994,1.8386475304638188,0.0
1.2,0.15,1.2409290981679684,1.8488861988609655,0.0
1.2,0.15,1.2487830798019428,1.8590896702980502,0.0
1.2,0.15,1.2566370614359172,1.8692578250942904,0.0
1.2,0.15,1.264491043069892,1.8793905450347304,0.0
1.2,0.15,1.2723450247038663,1.889487713345631,0.0
1.2,0.15,1.2801990063378408,1.8995492146704387,0.0
1.2,0.15,1.2880529879718152,1.909574935046327,0.0
1.2,0.15,1.2959069696057899,1.9195647618812726,0.0
1.2,0.15,1.3037609512397643,1.9295185839316686,0.0
1.2,0.15,1.3116149328737388,1.93943629128046,0.0
1.2,0.15,1.3194689145077132,1.9493177753157704,0.0
1.2,0.15,1.3273228961416876,1.959162928710017,0.0
1.2,0.15,1.3351768777756623,1.96897164539951,0.0
1.2,0.15,1.3430308594096367,1.978743820564498,0.0
1.2,0.15,1.3508848410436112,1.9884793506096672,0.0
1.2,0.15,1.3587388226775856,1.9981781331450716,0.0
1.2,0.15,1.36659280431156,2.0078400669674967,0.0
1.2,0.15,1.3744467859455347,2.0174650520422115,0.0
1.2,0.15,1.3823007675795091,2.027052989485145,0.0
1.2,0.15,1.3901547492134836,2.036603781545437,0.0
1.2,0.15,1.398008730847458,2.0461173315883734,0.0
1.2,0.15,1.4058627124814325,2.055593544078675,0.0
1.2,0.15,1.4137166941154071,2.0650323245641733,0.0
1.2,0.15,1.4215706757493816,2.0744335796598063,0.0
1.2,0.15,1.429424657383356,2.083797217031969,0.0
1.2,0.15,1.4372786390173304,2.0931231453831867,0.0
1.2,0.15,1.4451326206513049,2.102411274437123,0.0
1.2,0.15,1.4529866022852795,2.1116615149238815,0.0
1.2,0.15,1.460840583919254,2.120873778565634,0.0
1.2,0.15,1.4686945655532284,2.1300479780625285,0.0
1.2,0.15,1.4765485471872029,2.1391840270789015,0.0
1.2,0.15,1.4844025288211773,2.1482818402297585,0.0
1.2,0.15,1.492256510455152,2.1573413330675453,0.0
1.2,0.15,1.5001104920891264,2.166362422069172,0.0
1.2,0.15,1.5079644737231008,2.1753450246233177,0.0
1.2,0.15,1.5158184553570753,2.1842890590179715,0.0
1.2,0.15,1.5236724369910497,2.1931944444282285,0.0
1.2,0.15,1.5315264186250244,2.202061100904342,0.0
1.2,0.15,1.5393804002589988,2.2108889493599877,0.0
1.2,0.15,1.5472343818929732,2.219677911560784,0.0
1.2,0.15,1.5550883635269477,2.228427910113017,0.0
1.2,0.15,1.5629423451609221,2.2371388684526035,0.0
1.2,0.15,1.5707963267948968,2.2458107108342538,0.0
1.2,0.15,1.5786503084288712,2.254443362320855,0.0
1.2,0.15,1.5865042900628457,2.2630367487730516,0.0
1.2,0.15,1.59435827169682,2.271590796839029,0.0
1.2,0.15,1.6022122533307945,2.2801054339444953,0.0
1.2,0.15,1.6100662349647692,2.2885805882828496,0.0
1.2,0.15,1.6179202165987436,2.297016188805531,0.0
1.2,0.15,1.625774198232718,2.305412165212568,0.0
1.2,0.15,1.6336281798666925,2.313768447943277,0.0
1.2,0.15,1.641482161500667,2.322084968167174,0.0
1.2,0.15,1.6493361431346416,2.330361657775005,0.0
1.2,0.15,1.657190124768616,2.3385984493699956,0.0
1.2,0.15,1.6650441064025905,2.3467952762592197,0.0
1.2,0.15,1.672898088036565,2.354952072445152,0.0
1.2,0.15,1.6807520696705394,2.363068772617369,0.0
1.2,0.15,1.688606051304514,2.371145312144391,0.0
1.2,0.15,1.6964600329384885,2.3791816270656896,0.0
1.2,0.15,1.704314014572463,2.3871776540838274,0.0
1.2,0.15,1.7121679962064373,2.3951333305567504,0.0
1.2,0.15,1.7200219778404118,2.4030485944902016,0.0
1.2,0.15,1.7278759594743864,2.410923384530288,0.0
1.2,0.15,1.7357299411083609,2.418757639956175,0.0
1.2,0.15,1.7435839227423353,2.426551300672897,0.0
1.2,0.15,1.7514379043763098,2.4343043072043247,0.0
1.2,0.15,1.7592918860102844,2.4420166006862227,0.0
1.2,0.15,1.7671458676442588,2.4496881228594534,0.0
1.2,0.15,1.7749998492782333,2.4573188160632937,0.0
1.2,0.15,1.7828538309122077,2.4649086232288577,0.0
1.2,0.15,1.7907078125461822,2.4724574878726493,0.0
1.2,0.15,1.7985617941801568,2.4799653540902207,0.0
1.2,0.15,1.8064157758141313,2.4874321665499335,0.0
1.2,0.15,1.8142697574481057,2.494857870486836,0.0
1.2,0.15,1.8221237390820801,2.5022424116966477,0.0
1.2,0.15,1.8299777207160546,2.509585736529833,0.0
1.2,0.15,1.8378317023500292,2.516887791885795,0.0
1.2,0.15,1.8456856839840037,2.524148525207146,0.0
1.2,0.15,1.8535396656179781,2.531367884474096,0.0
1.2,0.15,1.8613936472519526,2.538545818198928,0.0
1.2,0.15,1.869247628885927,2.545682275420557,0.0
1.2,0.15,1.8771016105199017,2.5527772056991918,0.0
1.2,0.15,1.884955592153876,2.5598305591110933,0.0
1.2,0.15,1.8928095737878505,2.566842286243392,0.0
1.2,0.15,1.900663555421825,2.5738123381890294,0.0
1.2,0.15,1.9085175370557994,2.580740666541744,0.0
1.2,0.15,1.916371518689774,2.587627223391181,0.0
1.2,0.15,1.9242255003237485,2.594471961318046,0.0
1.2,0.15,1.932079481957723,2.601274833389362,0.0
1.2,0.15,1.9399334635916974,2.608035793153798,0.0
1.2,0.15,1.9477874452256718,2.614754794637072,0.0
1.2,0.15,1.9556414268596465,2.6214317923374253,0.0
1.2,0.15,1.963495408493621,2.6280667412211827,0.0
1.2,0.15,1.9713493901275954,2.634659596718383,0.0
1.2,0.15,1.9792033717615698,2.6412103147184545,0.0
1.2,0.15,1.9870573533955442,2.6477188515660064,0.0
1.2,0.15,1.994911335029519,2.654185164056649,0.0
1.2,0.15,2.0027653166634933,2.660609209432898,0.0
1.2,0.15,2.0106192982974678,2.666990945380152,0.0
1.2,0.15,2.018473279931442,2.6733303300227034,0.0
1.2,0.15,2.0263272615654166,2.6796273219198614,0.0
1.2,0.15,2.034181243199391,2.6858818800620914,0.0
1.2,0.15,2.0420352248333655,2.692093963867247,0.0
1.2,0.15,2.0498892064673404,2.698263533176841,0.0
1.2,0.15,2.057743188101315,2.7043905482523947,0.0
1.2,0.15,2.0655971697352893,2.7104749697718264,0.0
1.2,0.15,2.0734511513692637,2.7165167588259185,0.0
1.2,0.15,2.081305133003238,2.7225158769148132,0.0
1.2,0.15,2.0891591146372126,2.728472285944599,0.0
1.2,0.15,2.097013096271187,2.7343859482239106,0.0
1.2,0.15,2.1048670779051615,2.740256826460616,0.0
1.2,0.15,2.112721059539136,2.746084883758541,0.0
1.2,0.15,2.1205750411731104,2.751870083614247,0.0
1.2,0.15,2.1284290228070852,2.7576123899138567,0.0
1.2,0.15,2.1362830044410597,2.7633117669299394,0.0
1.2,0.15,2.144136986075034,2.768968179318428,0.0
1.2,0.15,2.1519909677090086,2.77458159211561,0.0
1.2,0.15,2.159844949342983,2.780151970735133,0.0
1.2,0.15,2.1676989309769574,2.785679280965091,0.0
1.2,0.15,2.175552912610932,2.791163488965128,0.0
1.2,0.15,2.1834068942449063,2.7966045612636083,0.0
1.2,0.15,2.1912608758788807,2.8020024647548096,0.0
1.2,0.15,2.199114857512855,2.8073571666961894,0.0
1.2,0.15,2.20696883914683,2.8126686347056595,0.0
1.2,0.15,2.2148228207808045,2.8179368367589266,0.0
1.2,0.15,2.222676802414779,2.8231617411868766,0.0
1.2,0.15,2.2305307840487534,2.828343316672977,0.0
1.2,0.15,2.238384765682728,2.833481532250742,0.0
1.2,0.15,2.2462387473167023,2.838576357301231,0.0
1.2,0.15,2.2540927289506767,2.8436277615505743,0.0
1.2,0.15,2.261946710584651,2.8486357150675685,0.0
1.2,0.15,2.2698006922186256,2.853600188261266,0.0
1.2,0.15,2.2776546738526,2.8585211518786338,0.0
1.2,0.15,2.285508655486575,2.863398577002242,0.0
1.2,0.15,2.2933626371205493,2.868232435047987,0.0
1.2,0.15,2.3012166187545238,2.8730226977628477,0.0
1.2,0.15,2.309070600388498,2.877769337222676,0.0
1.2,0.15,2.3169245820224726,2.8824723258300344,0.0
1.2,0.15,2.324778563656447,2.887131636312047,0.0
1.2,0.15,2.3326325452904215,2.891747241718309,0.0
1.2,0.15,2.340486526924396,2.8963191154188,0.0
1.2,0.15,2.3483405085583704,2.9008472311018583,0.0
1.2,0.15,2.356194490192345,2.9053315627721745,0.0
1.2,0.15,2.3640484718263197,2.909772084748809,0.0
1.2,0.15,2.371902453460294,2.91416877166326,0.0
1.2,0.15,2.3797564350942686,2.918521598457544,0.0
1.2,0.15,2.387610416728243,2.9228305403823165,0.0
1.2,0.15,2.3954643983622175,2.9270955729950234,0.0
1.2,0.15,2.403318379996192,2.93131667215808,0.0
1.2,0.15,2.4111723616301663,2.9354938140370774,0.0
1.2,0.15,2.419026343264141,2.9396269750990123,0.0
1.2,0.15,2.4268803248981152,2.9437161321105627,0.0
1.2,0.15,2.4347343065320897,2.9477612621363782,0.0
1.2,0.15,2.4425882881660645,2.9517623425373998,0.0
1.2,0.15,2.450442269800039,2.9557193509692024,0.0
1.2,0.15,2.4582962514340134,2.9596322653803844,0.0
1.2,0.15,2.466150233067988,2.963501064010953,0.0
1.2,0.15,2.4740042147019623,2.9673257253907686,0.0
1.2,0.15,2.4818581963359367,2.9711062283379897,0.0
1.2,0.15,2.489712177969911,2.9748425519575514,0.0
1.2,0.15,2.4975661596038856,2.978534675639676,0.0
1.2,0.15,2.50542014123786,2.9821825790584033,0.0
1.2,0.15,2.5132741228718345,2.9857862421701484,0.0
1.2,0.15,2.5211281045058094,2.989345645212266,0.0
1.2,0.15,2.528982086139784,2.992860768701676,0.0
1.2,0.15,2.5368360677737583,2.9963315934334847,0.0
1.2,0.15,2.5446900494077327,2.9997581004796183,0.0
1.2,0.15,2.552544031041707,3.0031402711875255,0.0
1.2,0.15,2.5603980126756816,3.006478087178854,0.0
1.2,0.15,2.568251994309656,3.0097715303481807,0.0
1.2,0.15,2.5761059759436304,3.0130205828617584,0.0
1.2,0.15,2.583959957577605,3.0162252271562657,0.0
1.2,0.15,2.5918139392115798,3.01938544593761,0.0
1.2,0.15,2.599667920845554,3.022501222179737,0.0
1.2,0.15,2.6075219024795286,3.0255725391234423,0.0
1.2,0.15,2.615375884113503,3.0285993802752476,0.0
1.2,0.15,2.6232298657474775,3.031581729406262,0.0
1.2,0.15,2.631083847381452,3.034519570551068,0.0
1.2,0.15,2.6389378290154264,3.03741288800666,0.0
1.2,0.15,2.646791810649401,3.0402616663313493,0.0
1.2,0.15,2.6546457922833753,3.0430658903437515,0.0
1.2,0.15,2.6624997739173497,3.0458255451217333,0.0
1.2,0.15,2.6703537555513246,3.048540616001426,0.0
1.2,0.15,2.678207737185299,3.0512110885762356,0.0
1.2,0.15,2.6860617188192735,3.0538369486958707,0.0
1.2,0.15,2.693915700453248,3.0564181824654093,0.0
1.2,0.15,2.7017696820872223,3.0589547762443674,0.0
1.2,0.15,2.709623663721197,3.0614467166457784,0.0
1.2,0.15,2.7174776453551712,3.0638939905353157,0.0
1.2,0.15,2.7253316269891457,3.0662965850304293,0.0
1.2,0.15,2.73318560862312,3.068654487499476,0.0
1.2,0.15,2.7410395902570945,3.0709676855608983,0.0
1.2,0.15,2.7488935718910694,3.073236167082392,0.0
1.2,0.15,2.756747553525044,3.075459920180137,0.0
1.2,0.15,2.7646015351590183,3.0776389332179876,0.0
1.2,0.15,2.7724555167929927,3.079773194806729,0.0
1.2,0.15,2.780309498426967,3.0818626938033247,0.0
1.2,0.15,2.7881634800609416,3.0839074193101808,0.0
1.2,0.15,2.796017461694916,3.085907360674461,0.0
1.2,0.15,2.8038714433288905,3.0878625074873685,0.0
1.2,0.15,2.811725424962865,3.0897728495834786,0.0
1.2,0.15,2.8195794065968394,3.091638377040081,0.0
1.2,0.15,2.8274333882308142,3.0934590801765376,0.0
1.2,0.15,2.8352873698647887,3.095234949553655,0.0
1.2,0.15,2.843141351498763,3.096965975973064,0.0
1.2,0.15,2.8509953331327376,3.0986521504766693,0.0
1.2,0.15,2.858849314766712,3.100293464346003,0.0
1.2,0.15,2.8667032964006864,3.1018899091017316,0.0
1.2,0.15,2.874557278034661,3.1034414765030656,0.0
1.2,0.15,2.8824112596686353,3.1049481585472583,0.0
1.2,0.15,2.8902652413026098,3.1064099474690803,0.0
1.2,0.15,2.898119222936584,3.107826835740331,0.0
1.2,0.15,2.905973204570559,3.1091988160693482,0.0
1.2,0.15,2.9138271862045335,3.1105258814005508,0.0
1.2,0.15,2.921681167838508,3.1118080249139908,0.0
1.2,0.15,2.9295351494724824,3.1130452400249125,0.0
1.2,0.15,2.937389131106457,3.114237520383333,0.0
1.2,0.15,2.9452431127404313,3.1153848598736484,0.0
1.2,0.15,2.9530970943744057,3.116487252614235,0.0
1.2,0.15,2.96095107600838,3.1175446929570922,0.0
1.2,0.15,2.9688050576423546,3.1185571754874593,0.0
1.2,0.15,2.976659039276329,3.1195246950234994,0.0
1.2,0.15,2.984513020910304,3.1204472466159636,0.0
1.2,0.15,2.9923670025442783,3.1213248255478625,0.0
1.2,0.15,3.000220984178253,3.122157427334192,0.0
1.2,0.15,3.008074965812227,3.122945047721635,0.0
1.2,0.15,3.0159289474462017,3.1236876826882938,0.0
1.2,0.15,3.023782929080176,3.1243853284434575,0.0
1.2,0.15,3.0316369107141505,3.1250379814273255,0.0
1.2,0.15,3.039490892348125,3.125645638310827,0.0
1.2,0.15,3.0473448739820994,3.126208295995376,0.0
1.2,0.15,3.0551988556160743,3.1267259516126864,0.0
1.2,0.15,3.0630528372500487,3.127198602524607,0.0
1.2,0.15,3.070906818884023,3.1276262463229485,0.0
1.2,0.15,3.0787608005179976,3.128008880829311,0.0
1.2,0.15,3.086614782151972,3.128346504094981,0.0
1.2,0.15,3.0944687637859465,3.128639114400788,0.0
1.2,0.15,3.102322745419921,3.128886710256997,0.0
1.2,0.15,3.1101767270538954,3.129089290403229,0.0
1.2,0.15,3.11803070868787,3.1292468538083673,0.0
1.2,0.15,3.1258846903218442,3.1293593996705056,0.0
1.2,0.15,3.133738671955819,3.1294269274168833,0.0
1.2,0.15,3.141592653589793,3.1294494367038537,0.0
1.2,0.3,0.0,0.0,0.0
1.2,0.3,0.007853981633974483,0.00596205862616439,0.05951209148262908
1.2,0.3,0.015707963267948967,0.013645501110705949,0.08944887347452338
1.2,0.3,0.02356194490192345,0.022121516757402038,0.11306435579258922
1.2,0.3,0.031415926535897934,0.031142278573763615,0.13309968305556658
1.2,0.3,0.039269908169872414,0.0405803583870703,0.15067000214183018
1.2,0.3,0.0471238898038469,0.05035648654094471,0.16636741323894677
1.2,0.3,0.05497787143782139,0.060416023958109744,0.18055336724624926
1.2,0.3,0.06283185307179587,0.07071876941091015,0.19346864681273968
1.2,0.3,0.07068583470577035,0.0812337691383056,0.20528355081342448
1.2,0.3,0.07853981633974483,0.09193637596119486,0.21612387270229716
1.2,0.3,0.08639379797371932,0.10280645038985048,0.22608561208566436
1.2,0.3,0.0942477796076938,0.11382719471292146,0.23524388742651645
1.2,0.3,0.10210176124166828,0.1249843622335256,0.2436586270526743
1.2,0.3,0.10995574287564278,0.13626570092530943,0.2513783588667087
1.2,0.3,0.11780972450961726,0.1476605500022541,0.2584428214796926
1.2,0.3,0.12566370614359174,0.15915953985271236,0.26488481418439275
1.2,0.3,0.13351768777756623,0.17075436397530597,0.2707315378166576
1.2,0.3,0.1413716694115407,0.18243760237596995,0.27600558448134604
1.2,0.3,0.1492256510455152,0.1942025825727156,0.28072567831553447
1.2,0.3,0.15707963267948966,0.20604326862388378,0.28490723512946514
1.2,0.3,0.16493361431346415,0.21795417139954343,0.28856278694465176
1.2,0.3,0.17278759594743864,0.22993027520363984,0.29170230315676693
1.2,0.3,0.1806415775814131,0.24196697715416238,0.2943334304141724
1.2,0.3,0.1884955592153876,0.2540600366410266,0.2964616666056105
1.2,0.3,0.1963495408493621,0.2662055328334878,0.2980904795342037
1.2,0.3,0.20420352248333656,0.27839982868238633,0.2992213772427527
1.2,0.3,0.21205750411731106,0.2906395402114368,0.29985393409549704
1.2,0.3,0.21991148575128555,0.30292151015226154,0.2999857742934325
1.2,0.3,0.22776546738526002,0.3152427851747246,0.29961251225560853
1.2,0.3,0.2356194490192345,0.3276005961145989,0.29872764702002186
1.2,0.3,0.24347343065320898,0.3399923407167549,0.29732240528422166
1.2,0.3,0.25132741228718347,0.35241556850264644,0.2953855246597984
1.2,0.3,0.25918139392115797,0.3648679674420725,0.2929029648192968
1.2,0.3,0.26703537555513246,0.3773473521657149,0.28985752899131817
1.2,0.3,0.2748893571891069,0.3898516535000578,0.2862283709964921
1.2,0.3,0.2827433388230814,0.40237890914264396,0.2819903526058334
1.2,0.3,0.2905973204570559,0.414927255325076,0.27711320066616235
1.2,0.3,0.2984513020910304,0.4274949193351476,0.2715603902334142
1.2,0.3,0.3063052837250049,0.4400802127892329,0.2652876438602507
1.2,0.3,0.3141592653589793,0.4526815255622696,0.25824087932002165
1.2,0.3,0.3220132469929538,0.4652973202961823,0.25035334210451693
1.2,0.3,0.3298672286269283,0.4779261274188058,0.24154149370604394
1.2,0.3,0.3377212102609028,0.4905665406147961,0.23169892878066842
1.2,0.3,0.3455751918948773,0.5032172126979242,0.2206870283077069
1.2,0.3,0.3534291735288518,0.5158768518408341,0.20831990984850812
1.2,0.3,0.3612831551628262,0.5285442181240374,0.19433872584246403
1.2,0.3,0.3691371367968007,0.5412181203707411,0.17836428567627163
1.2,0.3,0.3769911184307752,0.5538974132382333,0.15980019884510094
1.2,0.3,0.3848451000647497,0.566580994540113,0.13760295545519444
1.2,0.3,0.3926990816987242,0.5792678027766907,0.10958783843237077
1.2,0.3,0.40055306333269863,0.5919568148535255,0.06900158158031043
1.2,0.3,0.4084070449666731,0.60464704397035,0.0
1.2,0.3,0.4162610266006476,0.6173375376646184,0.0
1.2,0.3,0.4241150082346221,0.6300273759956434,0.0
1.2,0.3,0.4319689898685966,0.6427156698567946,0.0
1.2,0.3,0.4398229715025711,0.6554015594045588,0.0
1.2,0.3,0.44767695313654554,0.6680842125944249,0.0
1.2,0.3,0.45553093477052004,0.6807628238145795,0.0
1.2,0.3,0.46338491640449453,0.6934366126092968,0.0
1.2,0.3,0.471238898038469,0.7061048224847182,0.0
1.2,0.3,0.4790928796724435,0.7187667197904111,0.0
1.2,0.3,0.48694686130641796,0.7314215926707368,0.0
1.2,0.3,0.49480084294039245,0.7440687500806129,0.0
1.2,0.3,0.5026548245743669,0.7567075208607501,0.0
1.2,0.3,0.5105088062083414,0.7693372528678948,0.0
1.2,0.3,0.5183627878423159,0.7819573121560186,0.0
1.2,0.3,0.5262167694762904,0.7945670822047319,0.0
1.2,0.3,0.5340707511102649,0.8071659631915309,0.0
1.2,0.3,0.5419247327442394,0.8197533713047938,0.0
1.2,0.3,0.5497787143782138,0.8323287380946665,0.0
1.2,0.3,0.5576326960121883,0.8448915098592524,0.0
1.2,0.3,0.5654866776461628,0.8574411470637069,0.0
1.2,0.3,0.5733406592801373,0.8699771237900429,0.0
1.2,0.3,0.5811946409141118,0.882498927215613,0.0
1.2,0.3,0.5890486225480862,0.8950060571184382,0.0
1.2,0.3,0.5969026041820608,0.9074980254076135,0.0
1.2,0.3,0.6047565858160352,0.9199743556772508,0.0
1.2,0.3,0.6126105674500097,0.9324345827824583,0.0
1.2,0.3,0.6204645490839842,0.9448782524360149,0.0
1.2,0.3,0.6283185307179586,0.9573049208244737,0.0
1.2,0.3,0.6361725123519332,0.969714154242528,0.0
1.2,0.3,0.6440264939859076,0.9821055287445539,0.0
1.2,0.3,0.6518804756198822,0.9944786298123365,0.0
1.2,0.3,0.6597344572538566,1.0068330520380169,0.0
1.2,0.3,0.6675884388878311,1.0191683988214106,0.0
1.2,0.3,0.6754424205218056,1.0314842820808856,0.0
1.2,0.3,0.68329640215578,1.0437803219770176,0.0
1.2,0.3,0.6911503837897546,1.0560561466483513,0.0
1.2,0.3,0.699004365423729,1.0683113919585718,0.0
1.2,0.3,0.7068583470577036,1.0805457012545057,0.0
1.2,0.3,0.714712328691678,1.092758725134336,0.0
1.2,0.3,0.7225663103256524,1.104950121225528,0.0
1.2,0.3,0.730420291959627,1.1171195539719296,0.0
1.2,0.3,0.7382742735936014,1.1292666944295842,0.0
1.2,0.3,0.746128255227576,1.1413912200708183,0.0
1.2,0.3,0.7539822368615504,1.153492814596172,0.0
1.2,0.3,0.7618362184955249,1.1655711677537801,0.0
1.2,0.3,0.7696902001294994,1.1776259751658587,0.0
1.2,0.3,0.7775441817634738,1.1896569381618973,0.0
1.2,0.3,0.7853981633974484,1.2016637636183,0.0
1.2,0.3,0.7932521450314228,1.2136461638041056,0.0
1.2,0.3,0.8011061266653973,1.225603856232528,0.0
1.2,0.3,0.8089601082993718,1.2375365635180375,0.0
1.2,0.3,0.8168140899333463,1.2494440132387221,0.0
1.2,0.3,0.8246680715673208,1.261325937803687,0.0
1.2,0.3,0.8325220532012952,1.2731820743252589,0.0
1.2,0.3,0.8403760348352697,1.2850121644957802,0.0
1.2,0.3,0.8482300164692442,1.296815954468787,0.0
1.2,0.3,0.8560839981032187,1.30859319474437,0.0
1.2,0.3,0.8639379797371932,1.3203436400585495,0.0
1.2,0.3,0.8717919613711677,1.3320670492764624,0.0
1.2,0.3,0.8796459430051422,1.343763185289231,0.0
1.2,0.3,0.8874999246391166,1.3554318149143185,0.0
1.2,0.3,0.8953539062730911,1.3670727087992605,0.0
1.2,0.3,0.9032078879070656,1.378685641328592,0.0
1.2,0.3,0.9110618695410401,1.3902703905338691,0.0
1.2,0.3,0.9189158511750146,1.4018267380066434,0.0
1.2,0.3,0.9267698328089891,1.4133544688142556,0.0
1.2,0.3,0.9346238144429635,1.4248533714183655,0.0
1.2,0.3,0.942477796076938,1.4363232375960697,0.0
1.2,0.3,0.9503317777109125,1.4477638623635383,0.0
1.2,0.3,0.958185759344887,1.459175043902044,0.0
1.2,0.3,0.9660397409788615,1.4705565834863048,0.0
1.2,0.3,0.9738937226128359,1.4819082854150436,0.0
1.2,0.3,0.9817477042468105,1.493229956943685,0.0
1.2,0.3,0.9896016858807849,1.504521408219095,0.0
1.2,0.3,0.9974556675147594,1.5157824522162997,0.0
1.2,0.3,1.0053096491487339,1.5270129046771008,0.0
1.2,0.3,1.0131636307827083,1.5382125840505148,0.0
1.2,0.3,1.0210176124166828,1.5493813114349795,0.0
1.2,0.3,1.0288715940506574,1.5605189105222392,0.0
1.2,0.3,1.0367255756846319,1.5716252075428796,0.0
1.2,0.3,1.0445795573186063,1.5827000312134194,0.0
1.2,0.3,1.0524335389525807,1.5937432126849334,0.0
1.2,0.3,1.0602875205865552,1.6047545854931153,0.0
1.2,0.3,1.0681415022205298,1.6157339855097779,0.0
1.2,0.3,1.0759954838545043,1.6266812508956872,0.0
1.2,0.3,1.0838494654884787,1.6375962220547202,0.0
1.2,0.3,1.0917034471224532,1.6484787415892934,0.0
1.2,0.3,1.0995574287564276,1.6593286542570056,0.0
1.2,0.3,1.1074114103904023,1.670145806928463,0.0
1.2,0.3,1.1152653920243767,1.6809300485462455,0.0
1.2,0.3,1.1231193736583511,1.691681230084982,0.0
1.2,0.3,1.1309733552923256,1.7023992045124767,0.0
1.2,0.3,1.1388273369263,1.7130838267518784,0.0
1.2,0.3,1.1466813185602747,1.7237349536448345,0.0
1.2,0.3,1.154535300194249,1.7343524439156144,0.0
1.2,0.3,1.1623892818282235,1.7449361581361669,0.0
1.2,0.3,1.170243263462198,1.7554859586920657,0.0
1.2,0.3,1.1780972450961724,1.7660017097493421,0.0
1.2,0.3,1.185951226730147,1.7764832772221517,0.0
1.2,0.3,1.1938052083641215,1.786930528741262,0.0
1.2,0.3,1.201659189998096,1.7973433336233342,0.0
1.2,0.3,1.2095131716320704,1.8077215628409644,0.0
1.2,0.3,1.2173671532660448,1.8180650889934766,0.0
1.2,0.3,1.2252211349000195,1.8283737862784304,0.0
1.2,0.3,1.233075116533994,1.8386475304638188,0.0
1.2,0.3,1.2409290981679684,1.8488861988609655,0.0
1.2,0.3,1.2487830798019428,1.8590896702980502,0.0
1.2,0.3,1.2566370614359172,1.8692578250942904,0.0
1.2,0.3,1.264491043069892,1.8793905450347304,0.0
1.2,0.3,1.2723450247038663,1.889487713345631,0.0
1.2,0.3,1.2801990063378408,1.8995492146704387,0.0
1.2,0.3,1.2880529879718152,1.909574935046327,0.0
1.2,0.3,1.2959069696057899,1.9195647618812726,0.0
1.2,0.3,1.3037609512397643,1.9295185839316686,0.0
1.2,0.3,1.3116149328737388,1.93943629128046,0.0
1.2,0.3,1.3194689145077132,1.9493177753157704,0.0
1.2,0.3,1.3273228961416876,1.959162928710017,0.0
1.2,0.3,1.3351768777756623,1.96897164539951,0.0
1.2,0.3,1.3430308594096367,1.978743820564498,0.0
1.2,0.3,1.3508848410436112,1.9884793506096672,0.0
1.2,0.3,1.3587388226775856,1.9981781331450716,0.0
1.2,0.3,1.36659280431156,2.0078400669674967,0.0
1.2,0.3,1.3744467859455347,2.0174650520422115,0.0
1.2,0.3,1.3823007675795091,2.027052989485145,0.0
1.2,0.3,1.3901547492134836,2.036603781545437,0.0
1.2,0.3,1.398008730847458,2.0461173315883734,0.0
1.2,0.3,1.4058627124814325,2.055593544078675,0.0
1.2,0.3,1.4137166941154071,2.0650323245641733,0.0
1.2,0.3,1.4215706757493816,2.0744335796598063,0.0
1.2,0.3,1.429424657383356,2.083797217031969,0.0
1.2,0.3,1.4372786390173304,2.0931231453831867,0.0
1.2,0.3,1.4451326206513049,2.102411274437123,0.0
1.2,0.3,1.4529866022852795,2.1116615149238815,0.0
1.2,0.3,1.460840583919254,2.120873778565634,0.0
1.2,0.3,1.4686945655532284,2.1300479780625285,0.0
1.2,0.3,1.4765485471872029,2.1391840270789015,0.0
1.2,0.3,1.4844025288211773,2.1482818402297585,0.0
1.2,0.3,1.492256510455152,2.1573413330675453,0.0
1.2,0.3,1.5001104920891264,2.166362422069172,0.0
1.2,0.3,1.5079644737231008,2.1753450246233177,0.0
1.2,0.3,1.5158184553570753,2.1842890590179715,0.0
1.2,0.3,1.5236724369910497,2.1931944444282285,0.0
1.2,0.3,1.5315264186250244,2.202061100904342,0.0
1.2,0.3,1.5393804002589988,2.2108889493599877,0.0
1.2,0.3,1.5472343818929732,2.219677911560784,0.0
1.2,0.3,1.5550883635269477,2.228427910113017,0.0
1.2,0.3,1.5629423451609221,2.2371388684526035,0.0
1.2,0.3,1.5707963267948968,2.2458107108342538,0.0
1.2,0.3,1.5786503084288712,2.254443362320855,0.0
1.2,0.3,1.5865042900628457,2.2630367487730516,0.0
1.2,0.3,1.59435827169682,2.271590796839029,0.0
1.2,0.3,1.6022122533307945,2.2801054339444953,0.0
1.2,0.3,1.6100662349647692,2.2885805882828496,0.0
1.2,0.3,1.6179202165987436,2.297016188805531,0.0
1.2,0.3,1.625774198232718,2.305412165212568,0.0
1.2,0.3,1.6336281798666925,2.313768447943277,0.0
1.2,0.3,1.641482161500667,2.322084968167174,0.0
1.2,0.3,1.6493361431346416,2.330361657775005,0.0
1.2,0.3,1.657190124768616,2.3385984493699956,0.0
1.2,0.3,1.6650441064025905,2.3467952762592197,0.0
1.2,0.3,1.672898088036565,2.354952072445152,0.0
1.2,0.3,1.6807520696705394,2.363068772617369,0.0
1.2,0.3,1.688606051304514,2.371145312144391,0.0
1.2,0.3,1.6964600329384885,2.3791816270656896,0.0
1.2,0.3,1.704314014572463,2.3871776540838274,0.0
1.2,0.3,1.7121679962064373,2.3951333305567504,0.0
1.2,0.3,1.7200219778404118,2.4030485944902016,0.0
1.2,0.3,1.7278759594743864,2.410923384530288,0.0
1.2,0.3,1.7357299411083609,2.418757639956175,0.0
1.2,0.3,1.7435839227423353,2.426551300672897,0.0
1.2,0.3,1.7514379043763098,2.4343043072043247,0.0
1.2,0.3,1.7592918860102844,2.4420166006862227,0.0
1.2,0.3,1.7671458676442588,2.4496881228594534,0.0
1.2,0.3,1.7749998492782333,2.4573188160632937,0.0
1.2,0.3,1.7828538309122077,2.4649086232288577,0.0
1.2,0.3,1.7907078125461822,2.4724574878726493,0.0
1.2,0.3,1.7985617941801568,2.4799653540902207,0.0
1.2,0.3,1.8064157758141313,2.4874321665499335,0.0
1.2,0.3,1.8142697574481057,2.494857870486836,0.0
1.2,0.3,1.8221237390820801,2.5022424116966477,0.0
1.2,0.3,1.8299777207160546,2.509585736529833,0.0
1.2,0.3,1.8378317023500292,2.516887791885795,0.0
1.2,0.3,1.8456856839840037,2.524148525207146,0.0
1.2,0.3,1.8535396656179781,2.531367884474096,0.0
1.2,0.3,1.8613936472519526,2.538545818198928,0.0
1.2,0.3,1.869247628885927,2.545682275420557,0.0
1.2,0.3,1.8771016105199017,2.5527772056991918,0.0
1.2,0.3,1.884955592153876,2.5598305591110933,0.0
1.2,0.3,1.8928095737878505,2.566842286243392,0.0
1.2,0.3,1.900663555421825,2.5738123381890294,0.0
1.2,0.3,1.9085175370557994,2.580740666541744,0.0
1.2,0.3,1.916371518689774,2.587627223391181,0.0
1.2,0.3,1.9242255003237485,2.594471961318046,0.0
1.2,0.3,1.932079481957723,2.601274833389362,0.0
1.2,0.3,1.9399334635916974,2.608035793153798,0.0
1.2,0.3,1.9477874452256718,2.614754794637072,0.0
1.2,0.3,1.9556414268596465,2.6214317923374253,0.0
1.2,0.3,1.963495408493621,2.6280667412211827,0.0
1.2,0.3,1.9713493901275954,2.634659596718383,0.0
1.2,0.3,1.9792033717615698,2.6412103147184545,0.0
1.2,0.3,1.9870573533955442,2.6477188515660064,0.0
1.2,0.3,1.994911335029519,2.654185164056649,0.0
1.2,0.3,2.0027653166634933,2.660609209432898,0.0
1.2,0.3,2.0106192982974678,2.666990945380152,0.0
1.2,0.3,2.018473279931442,2.6733303300227034,0.0
1.2,0.3,2.0263272615654166,2.6796273219198614,0.0
1.2,0.3,2.034181243199391,2.6858818800620914,0.0
1.2,0.3,2.0420352248333655,2.692093963867247,0.0
1.2,0.3,2.0498892064673404,2.698263533176841,0.0
1.2,0.3,2.057743188101315,2.7043905482523947,0.0
1.2,0.3,2.0655971697352893,2.7104749697718264,0.0
1.2,0.3,2.0734511513692637,2.7165167588259185,0.0
1.2,0.3,2.081305133003238,2.7225158769148132,0.0
1.2,0.3,2.0891591146372126,2.728472285944599,0.0
1.2,0.3,2.097013096271187,2.7343859482239106,0.0
1.2,0.3,2.1048670779051615,2.740256826460616,0.0
1.2,0.3,2.112721059539136,2.746084883758541,0.0
1.2,0.3,2.1205750411731104,2.751870083614247,0.0
1.2,0.3,2.1284290228070852,2.7576123899138567,0.0
1.2,0.3,2.1362830044410597,2.7633117669299394,0.0
1.2,0.3,2.144136986075034,2.768968179318428,0.0
1.2,0.3,2.1519909677090086,2.77458159211561,0.0
1.2,0.3,2.159844949342983,2.780151970735133,0.0
1.2,0.3,2.1676989309769574,2.785679280965091,0.0
1.2,0.3,2.175552912610932,2.791163488965128,0.0
1.2,0.3,2.1834068942449063,2.7966045612636083,0.0
1.2,0.3,2.1912608758788807,2.8020024647548096,0.0
1.2,0.3,2.199114857512855,2.8073571666961894,0.0
1.2,0.3,2.20696883914683,2.8126686347056595,0.0
1.2,0.3,2.2148228207808045,2.8179368367589266,0.0
1.2,0.3,2.222676802414779,2.8231617411868766,0.0
1.2,0.3,2.2305307840487534,2.828343316672977,0.0
1.2,0.3,2.238384765682728,2.833481532250742,0.0
1.2,0.3,2.2462387473167023,2.838576357301231,0.0
1.2,0.3,2.2540927289506767,2.8436277615505743,0.0
1.2,0.3,2.261946710584651,2.8486357150675685,0.0
1.2,0.3,2.2698006922186256,2.853600188261266,0.0
1.2,0.3,2.2776546738526,2.8585211518786338,0.0
1.2,0.3,2.285508655486575,2.863398577002242,0.0
1.2,0.3,2.2933626371205493,2.868232435047987,0.0
1.2,0.3,2.3012166187545238,2.8730226977628477,0.0
1.2,0.3,2.309070600388498,2.877769337222676,0.0
1.2,0.3,2.3169245820224726,2.8824723258300344,0.0
1.2,0.3,2.324778563656447,2.887131636312047,0.0
1.2,0.3,2.3326325452904215,2.891747241718309,0.0
1.2,0.3,2.340486526924396,2.8963191154188,0.0
1.2,0.3,2.3483405085583704,2.9008472311018583,0.0
1.2,0.3,2.356194490192345,2.9053315627721745,0.0
1.2,0.3,2.3640484718263197,2.909772084748809,0.0
1.2,0.3,2.371902453460294,2.91416877166326,0.0
1.2,0.3,2.3797564350942686,2.918521598457544,0.0
1.2,0.3,2.387610416728243,2.9228305403823165,0.0
1.2,0.3,2.3954643983622175,2.9270955729950234,0.0
1.2,0.3,2.403318379996192,2.93131667215808,0.0
1.2,0.3,2.4111723616301663,2.9354938140370774,0.0
1.2,0.3,2.419026343264141,2.9396269750990123,0.0
1.2,0.3,2.4268803248981152,2.9437161321105627,0.0
1.2,0.3,2.4347343065320897,2.9477612621363782,0.0
1.2,0.3,2.4425882881660645,2.9517623425373998,0.0
1.2,0.3,2.450442269800039,2.9557193509692024,0.0
1.2,0.3,2.4582962514340134,2.9596322653803844,0.0
1.2,0.3,2.466150233067988,2.963501064010953,0.0
1.2,0.3,2.4740042147019623,2.9673257253907686,0.0
1.2,0.3,2.4818581963359367,2.9711062283379897,0.0
1.2,0.3,2.489712177969911,2.9748425519575514,0.0
1.2,0.3,2.4975661596038856,2.978534675639676,0.0
1.2,0.3,2.50542014123786,2.9821825790584033,0.0
1.2,0.3,2.5132741228718345,2.9857862421701484,0.0
1.2,0.3,2.5211281045058094,2.989345645212266,0.0
1.2,0.3,2.528982086139784,2.992860768701676,0.0
1.2,0.3,2.5368360677737583,2.9963315934334847,0.0
1.2,0.3,2.5446900494077327,2.9997581004796183,0.0
1.2,0.3,2.552544031041707,3.0031402711875255,0.0
1.2,0.3,2.5603980126756816,3.006478087178854,0.0
1.2,0.3,2.568251994309656,3.0097715303481807,0.0
1.2,0.3,2.5761059759436304,3.0130205828617584,0.0
1.2,0.3,2.583959957577605,3.0162252271562657,0.0
1.2,0.3,2.5918139392115798,3.01938544593761,0.0
1.2,0.3,2.599667920845554,3.022501222179737,0.0
1.2,0.3,2.6075219024795286,3.0255725391234423,0.0
1.2,0.3,2.615375884113503,3.0285993802752476,0.0
1.2,0.3,2.6232298657474775,3.031581729406262,0.0
1.2,0.3,2.631083847381452,3.034519570551068,0.0
1.2,0.3,2.6389378290154264,3.03741288800666,0.0
1.2,0.3,2.646791810649401,3.0402616663313493,0.0
1.2,0.3,2.6546457922833753,3.0430658903437515,0.0
1.2,0.3,2.6624997739173497,3.0458255451217333,0.0
1.2,0.3,2.6703537555513246,3.048540616001426,0.0
1.2,0.3,2.678207737185299,3.0512110885762356,0.0
1.2,0.3,2.6860617188192735,3.0538369486958707,0.0
1.2,0.3,2.693915700453248,3.0564181824654093,0.0
1.2,0.3,2.7017696820872223,3.0589547762443674,0.0
1.2,0.3,2.709623663721197,3.0614467166457784,0.0
1.2,0.3,2.7174776453551712,3.0638939905353157,0.0
1.2,0.3,2.7253316269891457,3.0662965850304293,0.0
1.2,0.3,2.73318560862312,3.068654487499476,0.0
1.2,0.3,2.7410395902570945,3.0709676855608983,0.0
1.2,0.3,2.7488935718910694,3.073236167082392,0.0
1.2,0.3,2.756747553525044,3.075459920180137,0.0
1.2,0.3,2.7646015351590183,3.0776389332179876,0.0
1.2,0.3,2.7724555167929927,3.079773194806729,0.0
1.2,0.3,2.780309498426967,3.0818626938033247,0.0
1.2,0.3,2.7881634800609416,3.0839074193101808,0.0
1.2,0.3,2.796017461694916,3.085907360674461,0.0
1.2,0.3,2.8038714433288905,3.0878625074873685,0.0
1.2,0.3,2.811725424962865,3.0897728495834786,0.0
1.2,0.3,2.8195794065968394,3.091638377040081,0.0
1.2,0.3,2.8274333882308142,3.0934590801765376,0.0
1.2,0.3,2.8352873698647887,3.095234949553655,0.0
1.2,0.3,2.843141351498763,3.096965975973064,0.0
1.2,0.3,2.8509953331327376,3.0986521504766693,0.0
1.2,0.3,2.858849314766712,3.100293464346003,0.0
1.2,0.3,2.8667032964006864,3.1018899091017316,0.0
1.2,0.3,2.874557278034661,3.1034414765030656,0.0
1.2,0.3,2.8824112596686353,3.1049481585472583,0.0
1.2,0.3,2.8902652413026098,3.1064099474690803,0.0
1.2,0.3,2.898119222936584,3.107826835740331,0.0
1.2,0.3,2.905973204570559,3.1091988160693482,0.0
1.2,0.3,2.9138271862045335,3.1105258814005508,0.0
1.2,0.3,2.921681167838508,3.1118080249139908,0.0
1.2,0.3,2.9295351494724824,3.1130452400249125,0.0
1.2,0.3,2.937389131106457,3.114237520383333,0.0
1.2,0.3,2.9452431127404313,3.1153848598736484,0.0
1.2,0.3,2.9530970943744057,3.116487252614235,0.0
1.2,0.3,2.96095107600838,3.1175446929570922,0.0
1.2,0.3,2.9688050576423546,3.1185571754874593,0.0
1.2,0.3,2.976659039276329,3.1195246950234994,0.0
1.2,0.3,2.984513020910304,3.1204472466159636,0.0
1.2,0.3,2.9923670025442783,3.1213248255478625,0.0
1.2,0.3,3.000220984178253,3.122157427334192,0.0
1.2,0.3,3.008074965812227,3.122945047721635,0.0
1.2,0.3,3.0159289474462017,3.1236876826882938,0.0
1.2,0.3,3.023782929080176,3.1243853284434575,0.0
1.2,0.3,3.0316369107141505,3.1250379814273255,0.0
1.2,0.3,3.039490892348125,3.125645638310827,0.0
1.2,0.3,3.0473448739820994,3.126208295995376,0.0
1.2,0.3,3.0551988556160743,3.1267259516126864,0.0
1.2,0.3,3.0630528372500487,3.127198602524607,0.0
1.2,0.3,3.070906818884023,3.1276262463229485,0.0
1.2,0.3,3.0787608005179976,3.128008880829311,0.0
1.2,0.3,3.086614782151972,3.128346504094981,0.0
1.2,0.3,3.0944687637859465,3.128639114400788,0.0
1.2,0.3,3.102322745419921,3.128886710256997,0.0
1.2,0.3,3.1101767270538954,3.129089290403229,0.0
1.2,0.3,3.11803070868787,3.1292468538083673,0.0
1.2,0.3,3.1258846903218442,3.1293593996705056,0.0
1.2,0.3,3.133738671955819,3.1294269274168833,0.0
1.2,0.3,3.141592653589793,3.1294494367038537,0.0
1.6,0.15,0.0,0.0,0.0
1.6,0.15,0.007853981633974483,0.0011354102168292801,0.01842101812301111
1.6,0.15,0.015707963267948967,0.0033525553869475644,0.03153612196294462
1.6,0.15,0.02356194490192345,0.006289574515701002,0.04298038630726514
1.6,0.15,0.031415926535897934,0.009805589700909279,0.05334348433398596
1.6,0.15,0.039269908169872414,0.013815994885247651,0.06288017772641157
1.6,0.15,0.0471238898038469,0.018262149362089364,0.07172962225819643
1.6,0.15,0.05497787143782139,0.023100093919889764,0.07997758333970338
1.6,0.15,0.06283185307179587,0.02829517881189081,0.08768087875683254
1.6,0.15,0.07068583470577035,0.03381911720963737,0.09487888318299294
1.6,0.15,0.07853981633974483,0.03964820937978697,0.1015996176514098
1.6,0.15,0.08639379797371932,0.045762197335856625,0.10786324905059695
1.6,0.15,0.0942477796076938,0.05214348717320205,0.1136842244877394
1.6,0.15,0.10210176124166828,0.05877659929021428,0.11907262978091089
1.6,0.15,0.10995574287564278,0.06564776682425433,0.12403507874091357
1.6,0.15,0.11780972450961726,0.07274463433599454,0.12857530274559265
1.6,0.15,0.12566370614359174,0.0800560265397714,0.13269453860877184
1.6,0.15,0.13351768777756623,0.08757176733841487,0.13639177309042871
1.6,0.15,0.1413716694115407,0.09528253584341262,0.1396638790678269
1.6,0.15,0.1492256510455152,0.10317975014642355,0.14250566375989648
1.6,0.15,0.15707963267948966,0.11125547228729893,0.14490983945998884
1.6,0.15,0.16493361431346415,0.1195023296680715,0.14686691970734936
1.6,0.15,0.17278759594743864,0.12791344940635452,0.1483650372657734
1.6,0.15,0.1806415775814131,0.1364824029971543,0.14938967357641778
1.6,0.15,0.1884955592153876,0.14520315927992256,0.14992328144456485
1.6,0.15,0.1963495408493621,0.15407004416536885,0.1499447723013108
1.6,0.15,0.20420352248333656,0.16307770591531767,0.14942882455534628
1.6,0.15,0.21205750411731106,0.17222108502304012,0.14834494726952724
1.6,0.15,0.21991148575128555,0.18149538793455622,0.14665619843311026
1.6,0.15,0.22776546738526002,0.19089606399977788,0.1443174000227487
1.6,0.15,0.2356194490192345,0.20041878515756628,0.1412725950184082
1.6,0.15,0.24347343065320898,0.21005942794908106,0.13745131907125932
1.6,0.15,0.25132741228718347,0.2198140575252947,0.1327629367400964
1.6,0.15,0.25918139392115797,0.22967891337151247,0.12708764992687135
1.6,0.15,0.26703537555513246,0.23965039651761333,0.12026140862402494
1.6,0.15,0.2748893571891069,0.2497250580397914,0.1120487072614416
1.6,0.15,0.2827433388230814,0.25989958868988783,0.10208859096781323
1.6,0.15,0.2905973204570559,0.2701708095131836,0.08977180259383308
1.6,0.15,0.2984513020910304,0.2805356633360494,0.0738947941158074
1.6,0.15,0.3063052837250049,0.2909912070218319,0.051200386156033395
1.6,0.15,0.3141592653589793,0.30153460440756463,0.0
1.6,0.15,0.3220132469929538,0.3121631198459873,0.0
1.6,0.15,0.3298672286269283,0.3228741122873866,0.0
1.6,0.15,0.3377212102609028,0.3336650298442543,0.0
1.6,0.15,0.3455751918948773,0.34453340478898165,0.0
1.6,0.15,0.3534291735288518,0.35547684894096143,0.0
1.6,0.15,0.3612831551628262,0.36649304940473804,0.0
1.6,0.15,0.3691371367968007,0.37757976462539733,0.0
1.6,0.15,0.3769911184307752,0.38873482073127574,0.0
1.6,0.15,0.3848451000647497,0.3999561081374805,0.0
1.6,0.15,0.3926990816987242,0.4112415783866472,0.0
1.6,0.15,0.40055306333269863,0.4225892412059138,0.0
1.6,0.15,0.4084070449666731,0.4339971617613385,0.0
1.6,0.15,0.4162610266006476,0.4454634580929626,0.0
1.6,0.15,0.4241150082346221,0.45698629871540897,0.0
1.6,0.15,0.4319689898685966,0.46856390037046736,0.0
1.6,0.15,0.4398229715025711,0.4801945259194207,0.0
1.6,0.15,0.44767695313654554,0.4918764823640809,0.0
1.6,0.15,0.45553093477052004,0.5036081189865347,0.0
1.6,0.15,0.46338491640449453,0.515387825598544,0.0
1.6,0.15,0.471238898038469,0.5272140308923889,0.0
1.6,0.15,0.4790928796724435,0.5390852008856586,0.0
1.6,0.15,0.48694686130641796,0.5509998374531913,0.0
1.6,0.15,0.49480084294039245,0.5629564769399402,0.0
1.6,0.15,0.5026548245743669,0.5749536888490854,0.0
1.6,0.15,0.5105088062083414,0.5869900746001913,0.0
1.6,0.15,0.5183627878423159,0.5990642663526564,0.0
1.6,0.15,0.5262167694762904,0.6111749258900585,0.0
1.6,0.15,0.5340707511102649,0.623320743561401,0.0
1.6,0.15,0.5419247327442394,0.6355004372755475,0.0
1.6,0.15,0.5497787143782138,0.6477127515454442,0.0
1.6,0.15,0.5576326960121883,0.6599564565789791,0.0
1.6,0.15,0.5654866776461628,0.6722303474135827,0.0
1.6,0.15,0.5733406592801373,0.6845332430918818,0.0
1.6,0.15,0.5811946409141118,0.6968639858759171,0.0
1.6,0.15,0.5890486225480862,0.7092214404976391,0.0
1.6,0.15,0.5969026041820608,0.7216044934435142,0.0
1.6,0.15,0.6047565858160352,0.7340120522712934,0.0
1.6,0.15,0.6126105674500097,0.74644304495707,0.0
1.6,0.15,0.6204645490839842,0.7588964192709262,0.0
1.6,0.15,0.6283185307179586,0.7713711421795686,0.0
1.6,0.15,0.6361725123519332,0.7838661992744533,0.0
1.6,0.15,0.6440264939859076,0.7963805942240252,0.0
1.6,0.15,0.6518804756198822,0.8089133482487569,0.0
1.6,0.15,0.6597344572538566,0.8214634996177865,0.0
1.6,0.15,0.6675884388878311,0.8340301031660169,0.0
1.6,0.15,0.6754424205218056,0.8466122298306016,0.0
1.6,0.15,0.68329640215578,0.8592089662058402,0.0
1.6,0.15,0.6911503837897546,0.8718194141155375,0.0
1.6,0.15,0.699004365423729,0.8844426902019498,0.0
1.6,0.15,0.7068583470577036,0.8970779255304979,0.0
1.6,0.15,0.714712328691678,0.9097242652094797,0.0
1.6,0.15,0.7225663103256524,0.9223808680240437,0.0
1.6,0.15,0.730420291959627,0.9350469060837501,0.0
1.6,0.15,0.7382742735936014,0.9477215644830517,0.0
1.6,0.15,0.746128255227576,0.9604040409741346,0.0
1.6,0.15,0.7539822368615504,0.9730935456514849,0.0
1.6,0.15,0.7618362184955249,0.9857893006476921,0.0
1.6,0.15,0.7696902001294994,0.9984905398399502,0.0
1.6,0.15,0.7775441817634738,1.0111965085667836,0.0
1.6,0.15,0.7853981633974484,1.0239064633545403,0.0
1.6,0.15,0.7932521450314228,1.0366196716532283,0.0
1.6,0.15,0.8011061266653973,1.0493354115812705,0.0
1.6,0.15,0.8089601082993718,1.0620529716788116,0.0
1.6,0.15,0.8168140899333463,1.0747716506692004,0.0
1.6,0.15,0.8246680715673208,1.087490757228296,0.0
1.6,0.15,0.8325220532012952,1.100209609761285,0.0
1.6,0.15,0.8403760348352697,1.1129275361866782,0.0
1.6,0.15,0.8482300164692442,1.125643873727206,0.0
1.6,0.15,0.8560839981032187,1.1383579687073262,0.0
1.6,0.15,0.8639379797371932,1.1510691763570629,0.0
1.6,0.15,0.8717919613711677,1.1637768606219554,0.0
1.6,0.15,0.8796459430051422,1.176480393978832,0.0
1.6,0.15,0.8874999246391166,1.1891791572572192,0.0
1.6,0.15,0.8953539062730911,1.2018725394661356,0.0
1.6,0.15,0.9032078879070656,1.2145599376260852,0.0
1.6,0.15,0.9110618695410401,1.2272407566060275,0.0
1.6,0.15,0.9189158511750146,1.2399144089651681,0.0
1.6,0.15,0.9267698328089891,1.2525803147993395,0.0
1.6,0.15,0.9346238144429635,1.2652379015918613,0.0
1.6,0.15,0.942477796076938,1.2778866040686618,0.0
1.6,0.15,0.9503317777109125,1.2905258640575235,0.0
1.6,0.15,0.958185759344887,1.3031551303513167,0.0
1.6,0.15,0.9660397409788615,1.3157738585750507,0.0
1.6,0.15,0.9738937226128359,1.3283815110566248,0.0
1.6,0.15,0.9817477042468105,1.340977556701148,0.0
1.6,0.15,0.9896016858807849,1.3535614708686718,0.0
1.6,0.15,0.9974556675147594,1.3661327352552748,0.0
1.6,0.15,1.0053096491487339,1.3786908377773135,0.0
1.6,0.15,1.0131636307827083,1.3912352724587893,0.0
1.6,0.15,1.0210176124166828,1.403765539321693,0.0
1.6,0.15,1.0288715940506574,1.416281144279222,0.0
1.6,0.15,1.0367255756846319,1.4287815990318111,0.0
1.6,0.15,1.0445795573186063,1.4412664209658268,0.0
1.6,0.15,1.0524335389525807,1.4537351330548924,0.0
1.6,0.15,1.0602875205865552,1.466187263763718,0.0
1.6,0.15,1.0681415022205298,1.4786223469543696,0.0
1.6,0.15,1.0759954838545043,1.4910399217949055,0.0
1.6,0.15,1.0838494654884787,1.5034395326702794,0.0
1.6,0.15,1.0917034471224532,1.5158207290954677,0.0
1.6,0.15,1.0995574287564276,1.5281830656307325,0.0
1.6,0.15,1.1074114103904023,1.5405261017989496,0.0
1.6,0.15,1.1152653920243767,1.5528494020049486,0.0
1.6,0.15,1.1231193736583511,1.5651525354568103,0.0
1.6,0.15,1.1309733552923256,1.5774350760890257,0.0
1.6,0.15,1.1388273369263,1.5896966024875048,0.0
1.6,0.15,1.1466813185602747,1.6019366978163396,0.0
1.6,0.15,1.154535300194249,1.614154949746307,0.0
1.6,0.15,1.1623892818282235,1.6263509503850189,0.0
1.6,0.15,1.170243263462198,1.6385242962086999,0.0
1.6,0.15,1.1780972450961724,1.6506745879955327,0.0
1.6,0.15,1.185951226730147,1.6628014307605368,0.0
1.6,0.15,1.1938052083641215,1.6749044336919034,0.0
1.6,0.15,1.201659189998096,1.6869832100887971,0.0
1.6,0.15,1.2095131716320704,1.699037377300529,0.0
1.6,0.15,1.2173671532660448,1.7110665566670984,0.0
1.6,0.15,1.2252211349000195,1.7230703734610495,0.0
1.6,0.15,1.233075116533994,1.7350484568305995,0.0
1.6,0.15,1.2409290981679684,1.747000439744025,0.0
1.6,0.15,1.2487830798019428,1.7589259589352504,0.0
1.6,0.15,1.2566370614359172,1.7708246548506072,0.0
1.6,0.15,1.264491043069892,1.7826961715967502,0.0
1.6,0.15,1.2723450247038663,1.794540156889673,0.0
1.6,0.15,1.2801990063378408,1.806356262004816,0.0
1.6,0.15,1.2880529879718152,1.8181441417282185,0.0
1.6,0.15,1.2959069696057899,1.8299034543087103,0.0
1.6,0.15,1.3037609512397643,1.8416338614110799,0.0
1.6,0.15,1.3116149328737388,1.8533350280702285,0.0
1.6,0.15,1.3194689145077132,1.8650066226462794,0.0
1.6,0.15,1.3273228961416876,1.8766483167805734,0.0
1.6,0.15,1.3351768777756623,1.888259785352605,0.0
1.6,0.15,1.3430308594096367,1.8998407064378002,0.0
1.6,0.15,1.3508848410436112,1.9113907612661585,0.0
1.6,0.15,1.3587388226775856,1.9229096341817267,0.0
1.6,0.15,1.36659280431156,1.9343970126028736,0.0
1.6,0.15,1.3744467859455347,1.9458525869833576,0.0
1.6,0.15,1.3823007675795091,1.9572760507741689,0.0
1.6,0.15,1.3901547492134836,1.9686671003861094,0.0
1.6,0.15,1.398008730847458,1.9800254351531088,0.0
1.6,0.15,1.4058627124814325,1.9913507572962614,0.0
1.6,0.15,1.4137166941154071,2.0026427718885373,0.0
1.6,0.15,1.4215706757493816,2.013901186820196,0.0
1.6,0.15,1.429424657383356,2.0251257127648525,0.0
1.6,0.15,1.4372786390173304,2.036316063146184,0.0
1.6,0.15,1.4451326206513049,2.04747195410527,0.0
1.6,0.15,1.4529866022852795,2.05859310446856,0.0
1.6,0.15,1.460840583919254,2.069679235716418,0.0
1.6,0.15,1.4686945655532284,2.0807300719522805,0.0
1.6,0.15,1.4765485471872029,2.0917453398723707,0.0
1.6,0.15,1.4844025288211773,2.1027247687359796,0.0
1.6,0.15,1.492256510455152,2.113668090336287,0.0
1.6,0.15,1.5001104920891264,2.1245750389717246,0.0
1.6,0.15,1.5079644737231008,2.13544535141786,0.0
1.6,0.15,1.5158184553570753,2.1462787668997865,0.0
1.6,0.15,1.5236724369910497,2.157075027065015,0.0
1.6,0.15,1.5315264186250244,2.167833875956853,0.0
1.6,0.15,1.5393804002589988,2.1785550599882617,0.0
1.6,0.15,1.5472343818929732,2.189238327916166,0.0
1.6,0.15,1.5550883635269477,2.199883430816254,0.0
1.6,0.15,1.5629423451609221,2.21049012205817,0.0
1.6,0.15,1.5707963267948968,2.2210581572811963,0.0
1.6,0.15,1.5786503084288712,2.2315872943703243,0.0
1.6,0.15,1.5865042900628457,2.24207729343276,0.0
1.6,0.15,1.59435827169682,2.2525279167748335,0.0
1.6,0.15,1.6022122533307945,2.2629389288793065,0.0
1.6,0.15,1.6100662349647692,2.273310096383071,0.0
1.6,0.15,1.6179202165987436,2.2836411880552343,0.0
1.6,0.15,1.625774198232718,2.2939319747755715,0.0
1.6,0.15,1.6336281798666925,2.304182229513344,0.0
1.6,0.15,1.641482161500667,2.314391727306499,0.0
1.6,0.15,1.6493361431346416,2.3245602452411736,0.0
1.6,0.15,1.657190124768616,2.3346875624316006,0.0
1.6,0.15,1.6650441064025905,2.344773460000306,0.0
1.6,0.15,1.672898088036565,2.354817721058653,0.0
1.6,0.15,1.6807520696705394,2.364820130687721,0.0
1.6,0.15,1.688606051304514,2.3747804759194797,0.0
1.6,0.15,1.6964600329384885,2.384698545718284,0.0
1.6,0.15,1.704314014572463,2.3945741309626873,0.0
1.6,0.15,1.7121679962064373,2.4044070244275133,0.0
1.6,0.15,1.7200219778404118,2.4141970207662666,0.0
1.6,0.15,1.7278759594743864,2.4239439164938146,0.0
1.6,0.15,1.7357299411083609,2.4336475099693198,0.0
1.6,0.15,1.7435839227423353,2.443307601379484,0.0
1.6,0.15,1.7514379043763098,2.4529239927220616,0.0
1.6,0.15,1.7592918860102844,2.462496487789614,0.0
1.6,0.15,1.7671458676442588,2.4720248921535357,0.0
1.6,0.15,1.7749998492782333,2.4815090131483473,0.0
1.6,0.15,1.7828538309122077,2.490948659856217,0.0
1.6,0.15,1.7907078125461822,2.5003436430917434,0.0
1.6,0.15,1.7985617941801568,2.50969377538696,0.0
1.6,0.15,1.8064157758141313,2.5189988709766125,0.0
1.6,0.15,1.8142697574481057,2.528258745783615,0.0
1.6,0.15,1.8221237390820801,2.537473217404789,0.0
1.6,0.15,1.8299777207160546,2.5466421050967734,0.0
1.6,0.15,1.8378317023500292,2.555765229762204,0.0
1.6,0.15,1.8456856839840037,2.5648424139360633,0.0
1.6,0.15,1.8535396656179781,2.573873481772258,0.0
1.6,0.15,1.8613936472519526,2.582858259030434,0.0
1.6,0.15,1.869247628885927,2.591796573062928,0.0
1.6,0.15,1.8771016105199017,2.600688252801997,0.0
1.6,0.15,1.884955592153876,2.6095331287471732,0.0
1.6,0.15,1.8928095737878505,2.6183310329528657,0.0
1.6,0.15,1.900663555421825,2.627081799016114,0.0
1.6,0.15,1.9085175370557994,2.6357852620645588,0.0
1.6,0.15,1.916371518689774,2.644441258744564,0.0
1.6,0.15,1.9242255003237485,2.653049627209544,0.0
1.6,0.15,1.932079481957723,2.661610207108457,0.0
1.6,0.15,1.9399334635916974,2.670122839574472,0.0
1.6,0.15,1.9477874452256718,2.678587367213806,0.0
1.6,0.15,1.9556414268596465,2.687003634094727,0.0
1.6,0.15,1.963495408493621,2.695371485736728,0.0
1.6,0.15,1.9713493901275954,2.7036907690998633,0.0
1.6,0.15,1.9792033717615698,2.711961332574231,0.0
1.6,0.15,1.9870573533955442,2.7201830259696225,0.0
1.6,0.15,1.994911335029519,2.7283557005053405,0.0
1.6,0.15,2.0027653166634933,2.7364792088001275,0.0
1.6,0.15,2.0106192982974678,2.7445534048622906,0.0
1.6,0.15,2.018473279931442,2.7525781440799344,0.0
1.6,0.15,2.0263272615654166,2.7605532832113697,0.0
1.6,0.15,2.034181243199391,2.7684786803756305,0.0
1.6,0.15,2.0420352248333655,2.7763541950431754,0.0
1.6,0.15,2.0498892064673404,2.7841796880266605,0.0
1.6,0.15,2.057743188101315,2.791955021471926,0.0
1.6,0.15,2.0655971697352893,2.7996800588490593,0.0
1.6,0.15,2.0734511513692637,2.8073546649435954,0.0
1.6,0.15,2.081305133003238,2.814978705847885,0.0
1.6,0.15,2.0891591146372126,2.8225520489525264,0.0
1.6,0.15,2.097013096271187,2.8300745629379795,0.0
1.6,0.15,2.1048670779051615,2.8375461177662857,0.0
1.6,0.15,2.112721059539136,2.8449665846728855,0.0
1.6,0.15,2.1205750411731104,2.8523358361585824,0.0
1.6,0.15,2.1284290228070852,2.859653745981618,0.0
1.6,0.15,2.1362830044410597,2.8669201891498384,0.0
1.6,0.15,2.144136986075034,2.874135041913039,0.0
1.6,0.15,2.1519909677090086,2.881298181755338,0.0
1.6,0.15,2.159844949342983,2.888409487387711,0.0
1.6,0.15,2.1676989309769574,2.895468838740649,0.0
1.6,0.15,2.175552912610932,2.9024761169568527,0.0
1.6,0.15,2.1834068942449063,2.9094312043841333,0.0
1.6,0.15,2.1912608758788807,2.916333984568319,0.0
1.6,0.15,2.199114857512855,2.923184342246329,0.0
1.6,0.15,2.20696883914683,2.9299821633393237,0.0
1.6,0.15,2.2148228207808045,2.9367273349459584,0.0
1.6,0.15,2.222676802414779,2.9434197453357465,0.0
1.6,0.15,2.2305307840487534,2.9500592839424957,0.0
1.6,0.15,2.238384765682728,2.956645841357854,0.0
1.6,0.15,2.2462387473167023,2.9631793093249614,0.0
1.6,0.15,2.2540927289506767,2.9696595807321824,0.0
1.6,0.15,2.261946710584651,2.976086549606915,0.0
1.6,0.15,2.2698006922186256,2.9824601111095195,0.0
1.6,0.15,2.2776546738526,2.9887801615273246,0.0
1.6,0.15,2.285508655486575,2.9950465982687073,0.0
1.6,0.15,2.2933626371205493,3.0012593198573,0.0
1.6,0.15,2.3012166187545238,3.007418225926208,0.0
1.6,0.15,2.309070600388498,3.0135232172124238,0.0
1.6,0.15,2.3169245820224726,3.019574195551211,0.0
1.6,0.15,2.324778563656447,3.025571063870628,0.0
1.6,0.15,2.3326325452904215,3.0315137261861405,0.0
1.6,0.15,2.340486526924396,3.0374020875953036,0.0
1.6,0.15,2.3483405085583704,3.043236054272505,0.0
1.6,0.15,2.356194490192345,3.0490155334637885,0.0
1.6,0.15,2.3640484718263197,3.054740433481811,0.0
1.6,0.15,2.371902453460294,3.060410663700786,0.0
1.6,0.15,2.3797564350942686,3.066026134551568,0.0
1.6,0.15,2.387610416728243,3.071586757516811,0.0
1.6,0.15,2.3954643983622175,3.077092445126134,0.0
1.6,0.15,2.403318379996192,3.082543110951457,0.0
1.6,0.15,2.4111723616301663,3.087938669602331,0.0
1.6,0.15,2.419026343264141,3.093279036721369,0.0
1.6,0.15,2.4268803248981152,3.098564128979755,0.0
1.6,0.15,2.4347343065320897,3.1037938640727996,0.0
1.6,0.15,2.4425882881660645,3.108968160715598,0.0
1.6,0.15,2.450442269800039,3.1140869386387005,0.0
1.6,0.15,2.4582962514340134,3.1191501185839243,0.0
1.6,0.15,2.466150233067988,3.124157622300157,0.0
1.6,0.15,2.4740042147019623,3.129109372539279,0.0
1.6,0.15,2.4818581963359367,3.1340052930521423,0.0
1.6,0.15,2.489712177969911,3.1388453085845565,0.0
1.6,0.15,2.4975661596038856,3.1436293448734487,0.0
1.6,0.15,2.50542014123786,3.1483573286429642,0.0
1.6,0.15,2.5132741228718345,3.1530291876007204,0.0
1.6,0.15,2.5211281045058094,3.1576448504340924,0.0
1.6,0.15,2.528982086139784,3.162204246806521,0.0
1.6,0.15,2.5368360677737583,3.166707307353953,0.0
1.6,0.15,2.5446900494077327,3.1711539636812747,0.0
1.6,0.15,2.552544031041707,3.17554414835886,0.0
1.6,0.15,2.5603980126756816,3.1798777949191193,0.0
1.6,0.15,2.568251994309656,3.184154837853163,0.0
1.6,0.15,2.5761059759436304,3.18837521260747,0.0
1.6,0.15,2.583959957577605,3.1925388555806675,0.0
1.6,0.15,2.5918139392115798,3.1966457041203125,0.0
1.6,0.15,2.599667920845554,3.2006956965197575,0.0
1.6,0.15,2.6075219024795286,3.2046887720150967,0.0
1.6,0.15,2.615375884113503,3.208624870782068,0.0
1.6,0.15,2.6232298657474775,3.2125039339331725,0.0
1.6,0.15,2.631083847381452,3.216325903514669,0.0
1.6,0.15,2.6389378290154264,3.2200907225037545,0.0
1.6,0.15,2.646791810649401,3.22379833480574,0.0
1.6,0.15,2.6546457922833753,3.2274486852512534,0.0
1.6,0.15,2.6624997739173497,3.231041719593571,0.0
1.6,0.15,2.6703537555513246,3.2345773845059593,0.0
1.6,0.15,2.678207737185299,3.2380556275790116,0.0
1.6,0.15,2.6860617188192735,3.2414763973181255,0.0
1.6,0.15,2.693915700453248,3.244839643141014,0.0
1.6,0.15,2.7017696820872223,3.2481453153751767,0.0
1.6,0.15,2.709623663721197,3.251393365255554,0.0
1.6,0.15,2.7174776453551712,3.254583744922141,0.0
1.6,0.15,2.7253316269891457,3.257716407417665,0.0
1.6,0.15,2.73318560862312,3.260791306685295,0.0
1.6,0.15,2.7410395902570945,3.263808397566514,0.0
1.6,0.15,2.7488935718910694,3.2667676357988285,0.0
1.6,0.15,2.756747553525044,3.2696689780137165,0.0
1.6,0.15,2.7646015351590183,3.272512381734538,0.0
1.6,0.15,2.7724555167929927,3.27529780537449,0.0
1.6,0.15,2.780309498426967,3.278025208234615,0.0
1.6,0.15,2.7881634800609416,3.280694550501868,0.0
1.6,0.15,2.796017461694916,3.283305793247248,0.0
1.6,0.15,2.8038714433288905,3.285858898423907,0.0
1.6,0.15,2.811725424962865,3.2883538288653478,0.0
1.6,0.15,2.8195794065968394,3.29079054828369,0.0
1.6,0.15,2.8274333882308142,3.2931690212679277,0.0
1.6,0.15,2.8352873698647887,3.295489213282252,0.0
1.6,0.15,2.843141351498763,3.297751090664466,0.0
1.6,0.15,2.8509953331327376,3.299954620624329,0.0
1.6,0.15,2.858849314766712,3.3020997712421014,0.0
1.6,0.15,2.8667032964006864,3.304186511466909,0.0
1.6,0.15,2.874557278034661,3.3062148111154324,0.0
1.6,0.15,2.8824112596686353,3.308184640870432,0.0
1.6,0.15,2.8902652413026098,3.310095972279332,0.0
1.6,0.15,2.898119222936584,3.3119487777529533,0.0
1.6,0.15,2.905973204570559,3.313743030564191,0.0
1.6,0.15,2.9138271862045335,3.3154787048467913,0.0
1.6,0.15,2.921681167838508,3.3171557755940873,0.0
1.6,0.15,2.9295351494724824,3.3187742186579277,0.0
1.6,0.15,2.937389131106457,3.320334010747467,0.0
1.6,0.15,2.9452431127404313,3.3218351294281216,0.0
1.6,0.15,2.9530970943744057,3.323277553120546,0.0
1.6,0.15,2.96095107600838,3.324661261099579,0.0
1.6,0.15,2.9688050576423546,3.3259862334933104,0.0
1.6,0.15,2.976659039276329,3.327252451282199,0.0
1.6,0.15,2.984513020910304,3.3284598962981082,0.0
1.6,0.15,2.9923670025442783,3.3296085512235614,0.0
1.6,0.15,3.000220984178253,3.3306983995908386,0.0
1.6,0.15,3.008074965812227,3.3317294257813175,0.0
1.6,0.15,3.0159289474462017,3.332701615024683,0.0
1.6,0.15,3.023782929080176,3.3336149533982455,0.0
1.6,0.15,3.0316369107141505,3.3344694278263742,0.0
1.6,0.15,3.039490892348125,3.3352650260797887,0.0
1.6,0.15,3.0473448739820994,3.336001736775086,0.0
1.6,0.15,3.0551988556160743,3.3366795493741415,0.0
1.6,0.15,3.0630528372500487,3.337298454183698,0.0
1.6,0.15,3.070906818884023,3.3378584423548467,0.0
1.6,0.15,3.0787608005179976,3.3383595058826994,0.0
1.6,0.15,3.086614782151972,3.3388016376059246,0.0
1.6,0.15,3.0944687637859465,3.3391848312065124,0.0
1.6,0.15,3.102322745419921,3.3395090812094184,0.0
1.6,0.15,3.1101767270538954,3.3397743829823723,0.0
1.6,0.15,3.11803070868787,3.3399807327355635,0.0
1.6,0.15,3.1258846903218442,3.3401281275216035,0.0
1.6,0.15,3.133738671955819,3.3402165652352815,0.0
1.6,0.15,3.141592653589793,3.340246044613516,0.0
1.6,0.3,0.0,0.0,0.0
1.6,0.3,0.007853981633974483,0.0011354102168292801,0.026075984616828713
1.6,0.3,0.015707963267948967,0.0033525553869475644,0.044724642028148055
1.6,0.3,0.02356194490192345,0.006289574515701002,0.06110798607246066
1.6,0.3,0.031415926535897934,0.009805589700909279,0.07607367633526717
1.6,0.3,0.039269908169872414,0.013815994885247651,0.08999286203071553
1.6,0.3,0.0471238898038469,0.018262149362089364,0.10307173966675034
1.6,0.3,0.05497787143782139,0.023100093919889764,0.11544020968807242
1.6,0.3,0.06283185307179587,0.02829517881189081,0.12718683164202815
1.6,0.3,0.07068583470577035,0.03381911720963737,0.1383753505395496
1.6,0.3,0.07853981633974483,0.03964820937978697,0.1490534975129693
1.6,0.3,0.08639379797371932,0.045762197335856625,0.15925809146322234
1.6,0.3,0.0942477796076938,0.05214348717320205,0.1690181914745846
1.6,0.3,0.10210176124166828,0.05877659929021428,0.1783571443761257
1.6,0.3,0.10995574287564278,0.06564776682425433,0.18729396895132777
1.6,0.3,0.11780972450961726,0.07274463433599454,0.19584432281002984
1.6,0.3,0.12566370614359174,0.0800560265397714,0.2040211962971648
1.6,0.3,0.13351768777756623,0.08757176733841487,0.21183542189226867
1.6,0.3,0.1413716694115407,0.09528253584341262,0.21929605529807497
1.6,0.3,0.1492256510455152,0.10317975014642355,0.2264106650482166
1.6,0.3,0.15707963267948966,0.11125547228729893,0.23318555542423594
1.6,0.3,0.16493361431346415,0.1195023296680715,0.23962593975766994
1.6,0.3,0.17278759594743864,0.12791344940635452,0.24573607611578055
1.6,0.3,0.1806415775814131,0.1364824029971543,0.2515193739464516
1.6,0.3,0.1884955592153876,0.14520315927992256,0.25697847789860334
1.6,0.3,0.1963495408493621,0.15407004416536885,0.2621153333746475
1.6,0.3,0.20420352248333656,0.16307770591531767,0.2669312371802666
1.6,0.3,0.21205750411731106,0.17222108502304012,0.27142687576456176
1.6,0.3,0.21991148575128555,0.18149538793455622,0.2756023528912964
1.6,0.3,0.22776546738526002,0.19089606399977788,0.27945720808248875
1.6,0.3,0.2356194490192345,0.20041878515756628,0.28299042678243563
1.6,0.3,0.24347343065320898,0.21005942794908106,0.2862004428702958
1.6,0.3,0.25132741228718347,0.2198140575252947,0.2890851338783149
1.6,0.3,0.25918139392115797,0.22967891337151247,0.291641809031882
1.6,0.3,0.26703537555513246,0.23965039651761333,0.2938671900017399
1.6,0.3,0.2748893571891069,0.2497250580397914,0.2957573840344441
1.6,0.3,0.2827433388230814,0.25989958868988783,0.2973078488919521
1.6,0.3,0.2905973204570559,0.2701708095131836,0.29851334877171104
1.6,0.3,0.2984513020910304,0.2805356633360494,0.29936790007987224
1.6,0.3,0.3063052837250049,0.2909912070218319,0.29986470557415806
1.6,0.3,0.3141592653589793,0.30153460440756463,0.2999960749565105
1.6,0.3,0.3220132469929538,0.3121631198459873,0.29975332944875216
1.6,0.3,0.3298672286269283,0.3228741122873866,0.29912668718632246
1.6,0.3,0.3377212102609028,0.3336650298442543,0.29810512535947026
1.6,0.3,0.3455751918948773,0.34453340478898165,0.2966762138390955
1.6,0.3,0.3534291735288518,0.35547684894096143,0.29482591343296427
1.6,0.3,0.3612831551628262,0.36649304940473804,0.2925383297635697
1.6,0.3,0.3691371367968007,0.37757976462539733,0.28979541079987436
1.6,0.3,0.3769911184307752,0.38873482073127574,0.2865765719485603
1.6,0.3,0.3848451000647497,0.3999561081374805,0.2828582267603477
1.6,0.3,0.3926990816987242,0.4112415783866472,0.27861319286431396
1.6,0.3,0.40055306333269863,0.4225892412059138,0.2738099303176535
1.6,0.3,0.4084070449666731,0.4339971617613385,0.26841155086900725
1.6,0.3,0.4162610266006476,0.4454634580929626,0.2623745078311475
1.6,0.3,0.4241150082346221,0.45698629871540897,0.2556468306387473
1.6,0.3,0.4319689898685966,0.46856390037046736,0.24816569362402843
1.6,0.3,0.4398229715025711,0.4801945259194207,0.23985398230730967
1.6,0.3,0.44767695313654554,0.4918764823640809,0.2306152976616828
1.6,0.3,0.45553093477052004,0.5036081189865347,0.220326425747719
1.6,0.3,0.46338491640449453,0.515387825598544,0.20882548834836034
1.6,0.3,0.471238898038469,0.5272140308923889,0.19589227694228406
1.6,0.3,0.4790928796724435,0.5390852008856586,0.18121331826735104
1.6,0.3,0.48694686130641796,0.5509998374531913,0.16431397262092948
1.6,0.3,0.49480084294039245,0.5629564769399402,0.14440876439930742
1.6,0.3,0.5026548245743669,0.5749536888490854,0.12000195410192424
1.6,0.3,0.5105088062083414,0.5869900746001913,0.0873881976068659
1.6,0.3,0.5183627878423159,0.5990642663526564,0.023676245288207463
1.6,0.3,0.5262167694762904,0.6111749258900585,0.0
1.6,0.3,0.5340707511102649,0.623320743561401,0.0
1.6,0.3,0.5419247327442394,0.6355004372755475,0.0
1.6,0.3,0.5497787143782138,0.6477127515454442,0.0
1.6,0.3,0.5576326960121883,0.6599564565789791,0.0
1.6,0.3,0.5654866776461628,0.6722303474135827,0.0
1.6,0.3,0.5733406592801373,0.6845332430918818,0.0
1.6,0.3,0.5811946409141118,0.6968639858759171,0.0
1.6,0.3,0.5890486225480862,0.7092214404976391,0.0
1.6,0.3,0.5969026041820608,0.7216044934435142,0.0
1.6,0.3,0.6047565858160352,0.7340120522712934,0.0
1.6,0.3,0.6126105674500097,0.74644304495707,0.0
1.6,0.3,0.6204645490839842,0.7588964192709262,0.0
1.6,0.3,0.6283185307179586,0.7713711421795686,0.0
1.6,0.3,0.6361725123519332,0.7838661992744533,0.0
1.6,0.3,0.6440264939859076,0.7963805942240252,0.0
1.6,0.3,0.6518804756198822,0.8089133482487569,0.0
1.6,0.3,0.6597344572538566,0.8214634996177865,0.0
1.6,0.3,0.6675884388878311,0.8340301031660169,0.0
1.6,0.3,0.6754424205218056,0.8466122298306016,0.0
1.6,0.3,0.68329640215578,0.8592089662058402,0.0
1.6,0.3,0.6911503837897546,0.8718194141155375,0.0
1.6,0.3,0.699004365423729,0.8844426902019498,0.0
1.6,0.3,0.7068583470577036,0.8970779255304979,0.0
1.6,0.3,0.714712328691678,0.9097242652094797,0.0
1.6,0.3,0.7225663103256524,0.9223808680240437,0.0
1.6,0.3,0.730420291959627,0.9350469060837501,0.0
1.6,0.3,0.7382742735936014,0.9477215644830517,0.0
1.6,0.3,0.746128255227576,0.9604040409741346,0.0
1.6,0.3,0.7539822368615504,0.9730935456514849,0.0
1.6,0.3,0.7618362184955249,0.9857893006476921,0.0
1.6,0.3,0.7696902001294994,0.9984905398399502,0.0
1.6,0.3,0.7775441817634738,1.0111965085667836,0.0
1.6,0.3,0.7853981633974484,1.0239064633545403,0.0
1.6,0.3,0.7932521450314228,1.0366196716532283,0.0
1.6,0.3,0.8011061266653973,1.0493354115812705,0.0
1.6,0.3,0.8089601082993718,1.0620529716788116,0.0
1.6,0.3,0.8168140899333463,1.0747716506692004,0.0
1.6,0.3,0.8246680715673208,1.087490757228296,0.0
1.6,0.3,0.8325220532012952,1.100209609761285,0.0
1.6,0.3,0.8403760348352697,1.1129275361866782,0.0
1.6,0.3,0.8482300164692442,1.125643873727206,0.0
1.6,0.3,0.8560839981032187,1.1383579687073262,0.0
1.6,0.3,0.8639379797371932,1.1510691763570629,0.0
1.6,0.3,0.8717919613711677,1.1637768606219554,0.0
1.6,0.3,0.8796459430051422,1.176480393978832,0.0
1.6,0.3,0.8874999246391166,1.1891791572572192,0.0
1.6,0.3,0.8953539062730911,1.2018725394661356,0.0
1.6,0.3,0.9032078879070656,1.2145599376260852,0.0
1.6,0.3,0.9110618695410401,1.2272407566060275,0.0
1.6,0.3,0.9189158511750146,1.2399144089651681,0.0
1.6,0.3,0.9267698328089891,1.2525803147993395,0.0
1.6,0.3,0.9346238144429635,1.2652379015918613,0.0
1.6,0.3,0.942477796076938,1.2778866040686618,0.0
1.6,0.3,0.9503317777109125,1.2905258640575235,0.0
1.6,0.3,0.958185759344887,1.3031551303513167,0.0
1.6,0.3,0.9660397409788615,1.3157738585750507,0.0
1.6,0.3,0.9738937226128359,1.3283815110566248,0.0
1.6,0.3,0.9817477042468105,1.340977556701148,0.0
1.6,0.3,0.9896016858807849,1.3535614708686718,0.0
1.6,0.3,0.9974556675147594,1.3661327352552748,0.0
1.6,0.3,1.0053096491487339,1.3786908377773135,0.0
1.6,0.3,1.0131636307827083,1.3912352724587893,0.0
1.6,0.3,1.0210176124166828,1.403765539321693,0.0
1.6,0.3,1.0288715940506574,1.416281144279222,0.0
1.6,0.3,1.0367255756846319,1.4287815990318111,0.0
1.6,0.3,1.0445795573186063,1.4412664209658268,0.0
1.6,0.3,1.0524335389525807,1.4537351330548924,0.0
1.6,0.3,1.0602875205865552,1.466187263763718,0.0
1.6,0.3,1.0681415022205298,1.4786223469543696,0.0
1.6,0.3,1.0759954838545043,1.4910399217949055,0.0
1.6,0.3,1.0838494654884787,1.5034395326702794,0.0
1.6,0.3,1.0917034471224532,1.5158207290954677,0.0
1.6,0.3,1.0995574287564276,1.5281830656307325,0.0
1.6,0.3,1.1074114103904023,1.5405261017989496,0.0
1.6,0.3,1.1152653920243767,1.5528494020049486,0.0
1.6,0.3,1.1231193736583511,1.5651525354568103,0.0
1.6,0.3,1.1309733552923256,1.5774350760890257,0.0
1.6,0.3,1.1388273369263,1.5896966024875048,0.0
1.6,0.3,1.1466813185602747,1.6019366978163396,0.0
1.6,0.3,1.154535300194249,1.614154949746307,0.0
1.6,0.3,1.1623892818282235,1.6263509503850189,0.0
1.6,0.3,1.170243263462198,1.6385242962086999,0.0
1.6,0.3,1.1780972450961724,1.6506745879955327,0.0
1.6,0.3,1.185951226730147,1.6628014307605368,0.0
1.6,0.3,1.1938052083641215,1.6749044336919034,0.0
1.6,0.3,1.201659189998096,1.6869832100887971,0.0
1.6,0.3,1.2095131716320704,1.699037377300529,0.0
1.6,0.3,1.2173671532660448,1.7110665566670984,0.0
1.6,0.3,1.2252211349000195,1.7230703734610495,0.0
1.6,0.3,1.233075116533994,1.7350484568305995,0.0
1.6,0.3,1.2409290981679684,1.747000439744025,0.0
1.6,0.3,1.2487830798019428,1.7589259589352504,0.0
1.6,0.3,1.2566370614359172,1.7708246548506072,0.0
1.6,0.3,1.264491043069892,1.7826961715967502,0.0
1.6,0.3,1.2723450247038663,1.794540156889673,0.0
1.6,0.3,1.2801990063378408,1.806356262004816,0.0
1.6,0.3,1.2880529879718152,1.8181441417282185,0.0
1.6,0.3,1.2959069696057899,1.8299034543087103,0.0
1.6,0.3,1.3037609512397643,1.8416338614110799,0.0
1.6,0.3,1.3116149328737388,1.8533350280702285,0.0
1.6,0.3,1.3194689145077132,1.8650066226462794,0.0
1.6,0.3,1.3273228961416876,1.8766483167805734,0.0
1.6,0.3,1.3351768777756623,1.888259785352605,0.0
1.6,0.3,1.3430308594096367,1.8998407064378002,0.0
1.6,0.3,1.3508848410436112,1.9113907612661585,0.0
1.6,0.3,1.3587388226775856,1.9229096341817267,0.0
1.6,0.3,1.36659280431156,1.9343970126028736,0.0
1.6,0.3,1.3744467859455347,1.9458525869833576,0.0
1.6,0.3,1.3823007675795091,1.9572760507741689,0.0
1.6,0.3,1.3901547492134836,1.9686671003861094,0.0
1.6,0.3,1.398008730847458,1.9800254351531088,0.0
1.6,0.3,1.4058627124814325,1.9913507572962614,0.0
1.6,0.3,1.4137166941154071,2.0026427718885373,0.0
1.6,0.3,1.4215706757493816,2.013901186820196,0.0
1.6,0.3,1.429424657383356,2.0251257127648525,0.0
1.6,0.3,1.4372786390173304,2.036316063146184,0.0
1.6,0.3,1.4451326206513049,2.04747195410527,0.0
1.6,0.3,1.4529866022852795,2.05859310446856,0.0
1.6,0.3,1.460840583919254,2.069679235716418,0.0
1.6,0.3,1.4686945655532284,2.0807300719522805,0.0
1.6,0.3,1.4765485471872029,2.0917453398723707,0.0
1.6,0.3,1.4844025288211773,2.1027247687359796,0.0
1.6,0.3,1.492256510455152,2.113668090336287,0.0
1.6,0.3,1.5001104920891264,2.1245750389717246,0.0
1.6,0.3,1.5079644737231008,2.13544535141786,0.0
1.6,0.3,1.5158184553570753,2.1462787668997865,0.0
1.6,0.3,1.5236724369910497,2.157075027065015,0.0
1.6,0.3,1.5315264186250244,2.167833875956853,0.0
1.6,0.3,1.5393804002589988,2.1785550599882617,0.0
1.6,0.3,1.5472343818929732,2.189238327916166,0.0
1.6,0.3,1.5550883635269477,2.199883430816254,0.0
1.6,0.3,1.5629423451609221,2.21049012205817,0.0
1.6,0.3,1.5707963267948968,2.2210581572811963,0.0
1.6,0.3,1.5786503084288712,2.2315872943703243,0.0
1.6,0.3,1.5865042900628457,2.24207729343276,0.0
1.6,0.3,1.59435827169682,2.2525279167748335,0.0
1.6,0.3,1.6022122533307945,2.2629389288793065,0.0
1.6,0.3,1.6100662349647692,2.273310096383071,0.0
1.6,0.3,1.6179202165987436,2.2836411880552343,0.0
1.6,0.3,1.625774198232718,2.2939319747755715,0.0
1.6,0.3,1.6336281798666925,2.304182229513344,0.0
1.6,0.3,1.641482161500667,2.314391727306499,0.0
1.6,0.3,1.6493361431346416,2.3245602452411736,0.0
1.6,0.3,1.657190124768616,2.3346875624316006,0.0
1.6,0.3,1.6650441064025905,2.344773460000306,0.0
1.6,0.3,1.672898088036565,2.354817721058653,0.0
1.6,0.3,1.6807520696705394,2.364820130687721,0.0
1.6,0.3,1.688606051304514,2.3747804759194797,0.0
1.6,0.3,1.6964600329384885,2.384698545718284,0.0
1.6,0.3,1.704314014572463,2.3945741309626873,0.0
1.6,0.3,1.7121679962064373,2.4044070244275133,0.0
1.6,0.3,1.7200219778404118,2.4141970207662666,0.0
1.6,0.3,1.7278759594743864,2.4239439164938146,0.0
1.6,0.3,1.7357299411083609,2.4336475099693198,0.0
1.6,0.3,1.7435839227423353,2.443307601379484,0.0
1.6,0.3,1.7514379043763098,2.4529239927220616,0.0
1.6,0.3,1.7592918860102844,2.462496487789614,0.0
1.6,0.3,1.7671458676442588,2.4720248921535357,0.0
1.6,0.3,1.7749998492782333,2.4815090131483473,0.0
1.6,0.3,1.7828538309122077,2.490948659856217,0.0
1.6,0.3,1.7907078125461822,2.5003436430917434,0.0
1.6,0.3,1.7985617941801568,2.50969377538696,0.0
1.6,0.3,1.8064157758141313,2.5189988709766125,0.0
1.6,0.3,1.8142697574481057,2.528258745783615,0.0
1.6,0.3,1.8221237390820801,2.537473217404789,0.0
1.6,0.3,1.8299777207160546,2.5466421050967734,0.0
1.6,0.3,1.8378317023500292,2.555765229762204,0.0
1.6,0.3,1.8456856839840037,2.5648424139360633,0.0
1.6,0.3,1.8535396656179781,2.573873481772258,0.0
1.6,0.3,1.8613936472519526,2.582858259030434,0.0
1.6,0.3,1.869247628885927,2.591796573062928,0.0
1.6,0.3,1.8771016105199017,2.600688252801997,0.0
1.6,0.3,1.884955592153876,2.6095331287471732,0.0
1.6,0.3,1.8928095737878505,2.6183310329528657,0.0
1.6,0.3,1.900663555421825,2.627081799016114,0.0
1.6,0.3,1.9085175370557994,2.6357852620645588,0.0
1.6,0.3,1.916371518689774,2.644441258744564,0.0
1.6,0.3,1.9242255003237485,2.653049627209544,0.0
1.6,0.3,1.932079481957723,2.661610207108457,0.0
1.6,0.3,1.9399334635916974,2.670122839574472,0.0
1.6,0.3,1.9477874452256718,2.678587367213806,0.0
1.6,0.3,1.9556414268596465,2.687003634094727,0.0
1.6,0.3,1.963495408493621,2.695371485736728,0.0
1.6,0.3,1.9713493901275954,2.7036907690998633,0.0
1.6,0.3,1.9792033717615698,2.711961332574231,0.0
1.6,0.3,1.9870573533955442,2.7201830259696225,0.0
1.6,0.3,1.994911335029519,2.7283557005053405,0.0
1.6,0.3,2.0027653166634933,2.7364792088001275,0.0
1.6,0.3,2.0106192982974678,2.7445534048622906,0.0
1.6,0.3,2.018473279931442,2.7525781440799344,0.0
1.6,0.3,2.0263272615654166,2.7605532832113697,0.0
1.6,0.3,2.034181243199391,2.7684786803756305,0.0
1.6,0.3,2.0420352248333655,2.7763541950431754,0.0
1.6,0.3,2.0498892064673404,2.7841796880266605,0.0
1.6,0.3,2.057743188101315,2.791955021471926,0.0
1.6,0.3,2.0655971697352893,2.7996800588490593,0.0
1.6,0.3,2.0734511513692637,2.8073546649435954,0.0
1.6,0.3,2.081305133003238,2.814978705847885,0.0
1.6,0.3,2.0891591146372126,2.8225520489525264,0.0
1.6,0.3,2.097013096271187,2.8300745629379795,0.0
1.6,0.3,2.1048670779051615,2.8375461177662857,0.0
1.6,0.3,2.112721059539136,2.8449665846728855,0.0
1.6,0.3,2.1205750411731104,2.8523358361585824,0.0
1.6,0.3,2.1284290228070852,2.859653745981618,0.0
1.6,0.3,2.1362830044410597,2.8669201891498384,0.0
1.6,0.3,2.144136986075034,2.874135041913039,0.0
1.6,0.3,2.1519909677090086,2.881298181755338,0.0
1.6,0.3,2.159844949342983,2.888409487387711,0.0
1.6,0.3,2.1676989309769574,2.895468838740649,0.0
1.6,0.3,2.175552912610932,2.9024761169568527,0.0
1.6,0.3,2.1834068942449063,2.9094312043841333,0.0
1.6,0.3,2.1912608758788807,2.916333984568319,0.0
1.6,0.3,2.199114857512855,2.923184342246329,0.0
1.6,0.3,2.20696883914683,2.9299821633393237,0.0
1.6,0.3,2.2148228207808045,2.9367273349459584,0.0
1.6,0.3,2.222676802414779,2.9434197453357465,0.0
1.6,0.3,2.2305307840487534,2.9500592839424957,0.0
1.6,0.3,2.238384765682728,2.956645841357854,0.0
1.6,0.3,2.2462387473167023,2.9631793093249614,0.0
1.6,0.3,2.2540927289506767,2.9696595807321824,0.0
1.6,0.3,2.261946710584651,2.976086549606915,0.0
1.6,0.3,2.2698006922186256,2.9824601111095195,0.0
1.6,0.3,2.2776546738526,2.9887801615273246,0.0
1.6,0.3,2.285508655486575,2.9950465982687073,0.0
1.6,0.3,2.2933626371205493,3.0012593198573,0.0
1.6,0.3,2.3012166187545238,3.007418225926208,0.0
1.6,0.3,2.309070600388498,3.0135232172124238,0.0
1.6,0.3,2.3169245820224726,3.019574195551211,0.0
1.6,0.3,2.324778563656447,3.025571063870628,0.0
1.6,0.3,2.3326325452904215,3.0315137261861405,0.0
1.6,0.3,2.340486526924396,3.0374020875953036,0.0
1.6,0.3,2.3483405085583704,3.043236054272505,0.0
1.6,0.3,2.356194490192345,3.0490155334637885,0.0
1.6,0.3,2.3640484718263197,3.054740433481811,0.0
1.6,0.3,2.371902453460294,3.060410663700786,0.0
1.6,0.3,2.3797564350942686,3.066026134551568,0.0
1.6,0.3,2.387610416728243,3.071586757516811,0.0
1.6,0.3,2.3954643983622175,3.077092445126134,0.0
1.6,0.3,2.403318379996192,3.082543110951457,0.0
1.6,0.3,2.4111723616301663,3.087938669602331,0.0
1.6,0.3,2.419026343264141,3.093279036721369,0.0
1.6,0.3,2.4268803248981152,3.098564128979755,0.0
1.6,0.3,2.4347343065320897,3.1037938640727996,0.0
1.6,0.3,2.4425882881660645,3.108968160715598,0.0
1.6,0.3,2.450442269800039,3.1140869386387005,0.0
1.6,0.3,2.4582962514340134,3.1191501185839243,0.0
1.6,0.3,2.466150233067988,3.124157622300157,0.0
1.6,0.3,2.4740042147019623,3.129109372539279,0.0
1.6,0.3,2.4818581963359367,3.1340052930521423,0.0
1.6,0.3,2.489712177969911,3.1388453085845565,0.0
1.6,0.3,2.4975661596038856,3.1436293448734487,0.0
1.6,0.3,2.50542014123786,3.1483573286429642,0.0
1.6,0.3,2.5132741228718345,3.1530291876007204,0.0
1.6,0.3,2.5211281045058094,3.1576448504340924,0.0
1.6,0.3,2.528982086139784,3.162204246806521,0.0
1.6,0.3,2.5368360677737583,3.166707307353953,0.0
1.6,0.3,2.5446900494077327,3.1711539636812747,0.0
1.6,0.3,2.552544031041707,3.17554414835886,0.0
1.6,0.3,2.5603980126756816,3.1798777949191193,0.0
1.6,0.3,2.568251994309656,3.184154837853163,0.0
1.6,0.3,2.5761059759436304,3.18837521260747,0.0
1.6,0.3,2.583959957577605,3.1925388555806675,0.0
1.6,0.3,2.5918139392115798,3.1966457041203125,0.0
1.6,0.3,2.599667920845554,3.2006956965197575,0.0
1.6,0.3,2.6075219024795286,3.2046887720150967,0.0
1.6,0.3,2.615375884113503,3.208624870782068,0.0
1.6,0.3,2.6232298657474775,3.2125039339331725,0.0
1.6,0.3,2.631083847381452,3.216325903514669,0.0
1.6,0.3,2.6389378290154264,3.2200907225037545,0.0
1.6,0.3,2.646791810649401,3.22379833480574,0.0
1.6,0.3,2.6546457922833753,3.2274486852512534,0.0
1.6,0.3,2.6624997739173497,3.231041719593571,0.0
1.6,0.3,2.6703537555513246,3.2345773845059593,0.0
1.6,0.3,2.678207737185299,3.2380556275790116,0.0
1.6,0.3,2.6860617188192735,3.2414763973181255,0.0
1.6,0.3,2.693915700453248,3.244839643141014,0.0
1.6,0.3,2.7017696820872223,3.2481453153751767,0.0
1.6,0.3,2.709623663721197,3.251393365255554,0.0
1.6,0.3,2.7174776453551712,3.254583744922141,0.0
1.6,0.3,2.7253316269891457,3.257716407417665,0.0
1.6,0.3,2.73318560862312,3.260791306685295,0.0
1.6,0.3,2.7410395902570945,3.263808397566514,0.0
1.6,0.3,2.7488935718910694,3.2667676357988285,0.0
1.6,0.3,2.756747553525044,3.2696689780137165,0.0
1.6,0.3,2.7646015351590183,3.272512381734538,0.0
1.6,0.3,2.7724555167929927,3.27529780537449,0.0
1.6,0.3,2.780309498426967,3.278025208234615,0.0
1.6,0.3,2.7881634800609416,3.280694550501868,0.0
1.6,0.3,2.796017461694916,3.283305793247248,0.0
1.6,0.3,2.8038714433288905,3.285858898423907,0.0
1.6,0.3,2.811725424962865,3.2883538288653478,0.0
1.6,0.3,2.8195794065968394,3.29079054828369,0.0
1.6,0.3,2.8274333882308142,3.2931690212679277,0.0
1.6,0.3,2.8352873698647887,3.295489213282252,0.0
1.6,0.3,2.843141351498763,3.297751090664466,0.0
1.6,0.3,2.8509953331327376,3.299954620624329,0.0
1.6,0.3,2.858849314766712,3.3020997712421014,0.0
1.6,0.3,2.8667032964006864,3.304186511466909,0.0
1.6,0.3,2.874557278034661,3.3062148111154324,0.0
1.6,0.3,2.8824112596686353,3.308184640870432,0.0
1.6,0.3,2.8902652413026098,3.310095972279332,0.0
1.6,0.3,2.898119222936584,3.3119487777529533,0.0
1.6,0.3,2.905973204570559,3.313743030564191,0.0
1.6,0.3,2.9138271862045335,3.3154787048467913,0.0
1.6,0.3,2.921681167838508,3.3171557755940873,0.0
1.6,0.3,2.9295351494724824,3.3187742186579277,0.0
1.6,0.3,2.937389131106457,3.320334010747467,0.0
1.6,0.3,2.9452431127404313,3.3218351294281216,0.0
1.6,0.3,2.9530970943744057,3.323277553120546,0.0
1.6,0.3,2.96095107600838,3.324661261099579,0.0
1.6,0.3,2.9688050576423546,3.3259862334933104,0.0
1.6,0.3,2.976659039276329,3.327252451282199,0.0
1.6,0.3,2.984513020910304,3.3284598962981082,0.0
1.6,0.3,2.9923670025442783,3.3296085512235614,0.0
1.6,0.3,3.000220984178253,3.3306983995908386,0.0
1.6,0.3,3.008074965812227,3.3317294257813175,0.0
1.6,0.3,3.0159289474462017,3.332701615024683,0.0
1.6,0.3,3.023782929080176,3.3336149533982455,0.0
1.6,0.3,3.0316369107141505,3.3344694278263742,0.0
1.6,0.3,3.039490892348125,3.3352650260797887,0.0
1.6,0.3,3.0473448739820994,3.336001736775086,0.0
1.6,0.3,3.0551988556160743,3.3366795493741415,0.0
1.6,0.3,3.0630528372500487,3.337298454183698,0.0
1.6,0.3,3.070906818884023,3.3378584423548467,0.0
1.6,0.3,3.0787608005179976,3.3383595058826994,0.0
1.6,0.3,3.086614782151972,3.3388016376059246,0.0
1.6,0.3,3.0944687637859465,3.3391848312065124,0.0
1.6,0.3,3.102322745419921,3.3395090812094184,0.0
1.6,0.3,3.1101767270538954,3.3397743829823723,0.0
1.6,0.3,3.11803070868787,3.3399807327355635,0.0
1.6,0.3,3.1258846903218442,3.3401281275216035,0.0
1.6,0.3,3.133738671955819,3.3402165652352815,0.0
1.6,0.3,3.141592653589793,3.340246044613516,0.0
