alpha,rho,q,lambda_inf,mi_gain,panel,q_star,g_max,q_c,g_c,period,mode_index,g_ratio,lambda_qc,g_theory,g_num,beta_static,logA,A,mu,restricted_r2,beta_dynamic,mu_free,g_eff,g_eff_ratio,n_fit
0.8,0.3,0.0,0.0,0.0,dispersion,,,,,,,,,,,,,,,,,,,,
0.8,0.3,0.0078539816339744,0.0390019749793395,0.1479190012652691,dispersion,,,,,,,,,,,,,,,,,,,,
0.8,0.3,0.0157079632679489,0.0678804969959245,0.1900540352771837,dispersion,,,,,,,,,,,,,,,,,,,,
0.8,0.3,0.0235619449019234,0.0938499812332245,0.2179499248966563,dispersion,,,,,,,,,,,,,,,,,,,,
0.8,0.3,0.0314159265358979,0.1180832673328944,0.238550418938481,dispersion,,,,,,,,,,,,,,,,,,,,
0.8,0.3,0.0392699081698724,0.1410942342756316,0.254458164772821,dispersion,,,,,,,,,,,,,,,,,,,,
0.8,0.3,0.0471238898038469,0.1631693369926043,0.2669782194504947,dispersion,,,,,,,,,,,,,,,,,,,,
0.8,0.3,0.0549778714378213,0.1844899908904242,0.2768707962127926,dispersion,,,,,,,,,,,,,,,,,,,,
0.8,0.3,0.0628318530717958,0.20518073769316,0.2846213405484323,dispersion,,,,,,,,,,,,,,,,,,,,
0.8,0.3,0.0706858347057703,0.225331997687036,0.2905592700820113,dispersion,,,,,,,,,,,,,,,,,,,,
0.8,0.3,0.0785398163397448,0.2450121837221031,0.2949175139949953,dispersion,,,,,,,,,,,,,,,,,,,,
0.8,0.3,0.0863937979737193,0.2642747266319996,0.2978652461143825,dispersion,,,,,,,,,,,,,,,,,,,,
0.8,0.3,0.0942477796076938,0.283162420816649,0.2995271205204036,dispersion,,,,,,,,,,,,,,,,,,,,
0.8,0.3,0.1021017612416682,0.3017102514106853,0.2999951250272448,dispersion,,,,,,,,,,,,,,,,,,,,
0.8,0.3,0.1099557428756427,0.319947309997892,0.2993361067827401,dispersion,,,,,,,,,,,,,,,,,,,,
0.8,0.3,0.1178097245096172,0.3378981369995883,0.2975965913984238,dispersion,,,,,,,,,,,,,,,,,,,,
0.8,0.3,0.1256637061435917,0.3555836891724768,0.2948057894580387,dispersion,,,,,,,,,,,,,,,,,,,,
0.8,0.3,0.1335176877775662,0.3730220538284756,0.2909772837433726,dispersion,,,,,,,,,,,,,,,,,,,,
0.8,0.3,0.1413716694115407,0.3902289870913211,0.2861096466190439,dispersion,,,,,,,,,,,,,,,,,,,,
0.8,0.3,0.1492256510455152,0.4072183269133642,0.2801860638466855,dispersion,,,,,,,,,,,,,,,,,,,,
0.8,0.3,0.1570796326794896,0.4240023150514067,0.2731728863959446,dispersion,,,,,,,,,,,,,,,,,,,,
0.8,0.3,0.1649336143134641,0.4405918516175708,0.2650168508958306,dispersion,,,,,,,,,,,,,,,,,,,,
0.8,0.3,0.1727875959474386,0.4569966988618432,0.2556404438786705,dispersion,,,,,,,,,,,,,,,,,,,,
0.8,0.3,0.1806415775814131,0.4732256461578377,0.2449344310488005,dispersion,,,,,,,,,,,,,,,,,,,,
0.8,0.3,0.1884955592153876,0.4892866449425783,0.2327457111234969,dispersion,,,,,,,,,,,,,,,,,,,,
0.8,0.3,0.1963495408493621,0.5051869201049817,0.2188568660513803,dispersion,,,,,,,,,,,,,,,,,,,,
0.8,0.3,0.2042035224833365,0.5209330627102962,0.2029497026394676,dispersion,,,,,,,,,,,,,,,,,,,,
0.8,0.3,0.212057504117311,0.536531107784691,0.1845346445796746,dispersion,,,,,,,,,,,,,,,,,,,,
0.8,0.3,0.2199114857512855,0.5519866000307119,0.1627966627574472,dispersion,,,,,,,,,,,,,,,,,,,,
0.8,0.3,0.22776546738526,0.5673046497099659,0.1361918655552982,dispersion,,,,,,,,,,,,,,,,,,,,
0.8,0.3,0.2356194490192345,0.582489980452223,0.1009921330802684,dispersion,,,,,,,,,,,,,,,,,,,,
0.8,0.3,0.2434734306532089,0.597546970387276,0.0382857729888464,dispersion,,,,,,,,,,,,,,,,,,,,
0.8,0.3,0.2513274122871834,0.6124796877171925,0.0,dispersion,,,,,,,,,,,,,,,,,,,,
0.8,0.3,0.2591813939211579,0.6272919216304733,0.0,dispersion,,,,,,,,,,,,,,,,,,,,
0.8,0.3,0.2670353755551324,0.6419872092905679,0.0,dispersion,,,,,,,,,,,,,,,,,,,,
0.8,0.3,0.2748893571891069,0.6565688594979135,0.0,dispersion,,,,,,,,,,,,,,,,,,,,
0.8,0.3,0.2827433388230814,0.6710399735186996,0.0,dispersion,,,,,,,,,,,,,,,,,,,,
0.8,0.3,0.2905973204570559,0.6854034634887989,0.0,dispersion,,,,,,,,,,,,,,,,,,,,
0.8,0.3,0.2984513020910304,0.6996620687329762,0.0,dispersion,,,,,,,,,,,,,,,,,,,,
0.8,0.3,0.3063052837250049,0.713818370284101,0.0,dispersion,,,,,,,,,,,,,,,,,,,,
0.8,0.3,0.3141592653589793,0.7278748038419103,0.0,dispersion,,,,,,,,,,,,,,,,,,,,
0.8,0.3,0.3220132469929538,0.7418336713737934,0.0,dispersion,,,,,,,,,,,,,,,,,,,,
0.8,0.3,0.3298672286269283,0.7556971515295159,0.0,dispersion,,,,,,,,,,,,,,,,,,,,
0.8,0.3,0.3377212102609028,0.7694673090164625,0.0,dispersion,,,,,,,,,,,,,,,,,,,,
0.8,0.3,0.3455751918948773,0.783146103060876,0.0,dispersion,,,,,,,,,,,,,,,,,,,,
0.8,0.3,0.3534291735288518,0.7967353950629199,0.0,dispersion,,,,,,,,,,,,,,,,,,,,
0.8,0.3,0.3612831551628262,0.8102369555385687,0.0,dispersion,,,,,,,,,,,,,,,,,,,,
0.8,0.3,0.3691371367968007,0.8236524704287997,0.0,dispersion,,,,,,,,,,,,,,,,,,,,
0.8,0.3,0.3769911184307752,0.8369835468459725,0.0,dispersion,,,,,,,,,,,,,,,,,,,,
0.8,0.3,0.3848451000647497,0.8502317183182662,0.0,dispersion,,,,,,,,,,,,,,,,,,,,
0.8,0.3,0.3926990816987242,0.8633984495853577,0.0,dispersion,,,,,,,,,,,,,,,,,,,,
0.8,0.3,0.4005530633326986,0.8764851409919325,0.0,dispersion,,,,,,,,,,,,,,,,,,,,
0.8,0.3,0.4084070449666731,0.8894931325199711,0.0,dispersion,,,,,,,,,,,,,,,,,,,,
0.8,0.3,0.4162610266006476,0.902423707495875,0.0,dispersion,,,,,,,,,,,,,,,,,,,,
0.8,0.3,0.4241150082346221,0.9152780960042924,0.0,dispersion,,,,,,,,,,,,,,,,,,,,
0.8,0.3,0.4319689898685966,0.9280574780368304,0.0,dispersion,,,,,,,,,,,,,,,,,,,,
0.8,0.3,0.4398229715025711,0.940762986400702,0.0,dispersion,,,,,,,,,,,,,,,,,,,,
0.8,0.3,0.4476769531365455,0.9533957094095432,0.0,dispersion,,,,,,,,,,,,,,,,,,,,
0.8,0.3,0.45553093477052,0.9659566933762668,0.0,dispersion,,,,,,,,,,,,,,,,,,,,
0.8,0.3,0.4633849164044945,0.978446944925654,0.0,dispersion,,,,,,,,,,,,,,,,,,,,
0.8,0.3,0.471238898038469,0.9908674331425708,0.0,dispersion,,,,,,,,,,,,,,,,,,,,
0.8,0.3,0.4790928796724435,1.003219091570013,0.0,dispersion,,,,,,,,,,,,,,,,,,,,
0.8,0.3,0.4869468613064179,1.0155028200697815,0.0,dispersion,,,,,,,,,,,,,,,,,,,,
0.8,0.3,0.4948008429403924,1.0277194865572852,0.0,dispersion,,,,,,,,,,,,,,,,,,,,
0.8,0.3,0.5026548245743669,1.039869928620844,0.0,dispersion,,,,,,,,,,,,,,,,,,,,
0.8,0.3,0.5105088062083414,1.0519549550348772,0.0,dispersion,,,,,,,,,,,,,,,,,,,,
0.8,0.3,0.5183627878423159,1.0639753471754354,0.0,dispersion,,,,,,,,,,,,,,,,,,,,
0.8,0.3,0.5262167694762904,1.0759318603457788,0.0,dispersion,,,,,,,,,,,,,,,,,,,,
0.8,0.3,0.5340707511102649,1.087825225018964,0.0,dispersion,,,,,,,,,,,,,,,,,,,,
0.8,0.3,0.5419247327442394,1.0996561480037783,0.0,dispersion,,,,,,,,,,,,,,,,,,,,
0.8,0.3,0.5497787143782138,1.111425313539797,0.0,dispersion,,,,,,,,,,,,,,,,,,,,
0.8,0.3,0.5576326960121883,1.1231333843268148,0.0,dispersion,,,,,,,,,,,,,,,,,,,,
0.8,0.3,0.5654866776461628,1.1347810024934577,0.0,dispersion,,,,,,,,,,,,,,,,,,,,
0.8,0.3,0.5733406592801373,1.1463687905093565,0.0,dispersion,,,,,,,,,,,,,,,,,,,,
0.8,0.3,0.5811946409141118,1.1578973520449076,0.0,dispersion,,,,,,,,,,,,,,,,,,,,
0.8,0.3,0.5890486225480862,1.1693672727822846,0.0,dispersion,,,,,,,,,,,,,,,,,,,,
0.8,0.3,0.5969026041820608,1.1807791211810963,0.0,dispersion,,,,,,,,,,,,,,,,,,,,
0.8,0.3,0.6047565858160352,1.1921334492017666,0.0,dispersion,,,,,,,,,,,,,,,,,,,,
0.8,0.3,0.6126105674500097,1.2034307929895125,0.0,dispersion,,,,,,,,,,,,,,,,,,,,
0.8,0.3,0.6204645490839842,1.2146716735215275,0.0,dispersion,,,,,,,,,,,,,,,,,,,,
0.8,0.3,0.6283185307179586,1.2258565972197963,0.0,dispersion,,,,,,,,,,,,,,,,,,,,
0.8,0.3,0.6361725123519332,1.2369860565317687,0.0,dispersion,,,,,,,,,,,,,,,,,,,,
0.8,0.3,0.6440264939859076,1.248060530480961,0.0,dispersion,,,,,,,,,,,,,,,,,,,,
0.8,0.3,0.6518804756198822,1.2590804851893789,0.0,dispersion,,,,,,,,,,,,,,,,,,,,
0.8,0.3,0.6597344572538566,1.2700463743735328,0.0,dispersion,,,,,,,,,,,,,,,,,,,,
0.8,0.3,0.6675884388878311,1.2809586398156827,0.0,dispersion,,,,,,,,,,,,,,,,,,,,
0.8,0.3,0.6754424205218056,1.291817711811814,0.0,dispersion,,,,,,,,,,,,,,,,,,,,
0.8,0.3,0.68329640215578,1.3026240095977566,0.0,dispersion,,,,,,,,,,,,,,,,,,,,
0.8,0.3,0.6911503837897546,1.3133779417547582,0.0,dispersion,,,,,,,,,,,,,,,,,,,,
0.8,0.3,0.699004365423729,1.324079906595712,0.0,dispersion,,,,,,,,,,,,,,,,,,,,
0.8,0.3,0.7068583470577036,1.3347302925331792,0.0,dispersion,,,,,,,,,,,,,,,,,,,,
0.8,0.3,0.714712328691678,1.3453294784302503,0.0,dispersion,,,,,,,,,,,,,,,,,,,,
0.8,0.3,0.7225663103256524,1.3558778339352269,0.0,dispersion,,,,,,,,,,,,,,,,,,,,
0.8,0.3,0.730420291959627,1.3663757198010351,0.0,dispersion,,,,,,,,,,,,,,,,,,,,
0.8,0.3,0.7382742735936014,1.3768234881902353,0.0,dispersion,,,,,,,,,,,,,,,,,,,,
0.8,0.3,0.746128255227576,1.387221482966404,0.0,dispersion,,,,,,,,,,,,,,,,,,,,
0.8,0.3,0.7539822368615504,1.3975700399726487,0.0,dispersion,,,,,,,,,,,,,,,,,,,,
0.8,0.3,0.7618362184955249,1.4078694872979507,0.0,dispersion,,,,,,,,,,,,,,,,,,,,
0.8,0.3,0.7696902001294994,1.4181201455319732,0.0,dispersion,,,,,,,,,,,,,,,,,,,,
0.8,0.3,0.7775441817634738,1.428322328008976,0.0,dispersion,,,,,,,,,,,,,,,,,,,,
0.8,0.3,0.7853981633974484,1.438476341041368,0.0,dispersion,,,,,,,,,,,,,,,,,,,,
0.8,0.3,0.7932521450314228,1.4485824841434725,0.0,dispersion,,,,,,,,,,,,,,,,,,,,
0.8,0.3,0.8011061266653973,1.4586410502459912,0.0,dispersion,,,,,,,,,,,,,,,,,,,,
0.8,0.3,0.8089601082993718,1.468652325901638,0.0,dispersion,,,,,,,,,,,,,,,,,,,,
0.8,0.3,0.8168140899333463,1.4786165914823988,0.0,dispersion,,,,,,,,,,,,,,,,,,,,
0.8,0.3,0.8246680715673208,1.4885341213688277,0.0,dispersion,,,,,,,,,,,,,,,,,,,,
0.8,0.3,0.8325220532012952,1.4984051841317725,0.0,dispersion,,,,,,,,,,,,,,,,,,,,
0.8,0.3,0.8403760348352697,1.5082300427069113,0.0,dispersion,,,,,,,,,,,,,,,,,,,,
0.8,0.3,0.8482300164692442,1.518008954562439,0.0,dispersion,,,,,,,,,,,,,,,,,,,,
0.8,0.3,0.8560839981032187,1.5277421718602278,0.0,dispersion,,,,,,,,,,,,,,,,,,,,
0.8,0.3,0.8639379797371932,1.537429941610799,0.0,dispersion,,,,,,,,,,,,,,,,,,,,
0.8,0.3,0.8717919613711677,1.547072505822359,0.0,dispersion,,,,,,,,,,,,,,,,,,,,
0.8,0.3,0.8796459430051422,1.5566701016442193,0.0,dispersion,,,,,,,,,,,,,,,,,,,,
0.8,0.3,0.8874999246391166,1.5662229615048218,0.0,dispersion,,,,,,,,,,,,,,,,,,,,
0.8,0.3,0.8953539062730911,1.5757313132446515,0.0,dispersion,,,,,,,,,,,,,,,,,,,,
0.8,0.3,0.9032078879070656,1.585195380244248,0.0,dispersion,,,,,,,,,,,,,,,,,,,,
0.8,0.3,0.91106186954104,1.5946153815475357,0.0,dispersion,,,,,,,,,,,,,,,,,,,,
0.8,0.3,0.9189158511750146,1.603991531980706,0.0,dispersion,,,,,,,,,,,,,,,,,,,,
0.8,0.3,0.9267698328089892,1.6133240422668218,0.0,dispersion,,,,,,,,,,,,,,,,,,,,
0.8,0.3,0.9346238144429636,1.6226131191363435,0.0,dispersion,,,,,,,,,,,,,,,,,,,,
0.8,0.3,0.942477796076938,1.631858965433764,0.0,dispersion,,,,,,,,,,,,,,,,,,,,
0.8,0.3,0.9503317777109124,1.6410617802205012,0.0,dispersion,,,,,,,,,,,,,,,,,,,,
0.8,0.3,0.958185759344887,1.6502217588742272,0.0,dispersion,,,,,,,,,,,,,,,,,,,,
0.8,0.3,0.9660397409788616,1.6593390931847756,0.0,dispersion,,,,,,,,,,,,,,,,,,,,
0.8,0.3,0.973893722612836,1.668413971446776,0.0,dispersion,,,,,,,,,,,,,,,,,,,,
0.8,0.3,0.9817477042468103,1.6774465785491457,0.0,dispersion,,,,,,,,,,,,,,,,,,,,
0.8,0.3,0.9896016858807848,1.6864370960615842,0.0,dispersion,,,,,,,,,,,,,,,,,,,,
0.8,0.3,0.9974556675147594,1.6953857023181709,0.0,dispersion,,,,,,,,,,,,,,,,,,,,
0.8,0.3,1.005309649148734,1.704292572498216,0.0,dispersion,,,,,,,,,,,,,,,,,,,,
0.8,0.3,1.0131636307827083,1.7131578787044328,0.0,dispersion,,,,,,,,,,,,,,,,,,,,
0.8,0.3,1.0210176124166828,1.7219817900385994,0.0,dispersion,,,,,,,,,,,,,,,,,,,,
0.8,0.3,1.0288715940506574,1.730764472674738,0.0,dispersion,,,,,,,,,,,,,,,,,,,,
0.8,0.3,1.036725575684632,1.739506089929972,0.0,dispersion,,,,,,,,,,,,,,,,,,,,
0.8,0.3,1.0445795573186063,1.7482068023331254,0.0,dispersion,,,,,,,,,,,,,,,,,,,,
0.8,0.3,1.0524335389525807,1.756866767691138,0.0,dispersion,,,,,,,,,,,,,,,,,,,,
0.8,0.3,1.0602875205865552,1.7654861411534275,0.0,dispersion,,,,,,,,,,,,,,,,,,,,
0.8,0.3,1.0681415022205298,1.7740650752742175,0.0,dispersion,,,,,,,,,,,,,,,,,,,,
0.8,0.3,1.0759954838545045,1.7826037200729576,0.0,dispersion,,,,,,,,,,,,,,,,,,,,
0.8,0.3,1.0838494654884787,1.7911022230928932,0.0,dispersion,,,,,,,,,,,,,,,,,,,,
0.8,0.3,1.0917034471224532,1.7995607294578355,0.0,dispersion,,,,,,,,,,,,,,,,,,,,
0.8,0.3,1.0995574287564276,1.8079793819272276,0.0,dispersion,,,,,,,,,,,,,,,,,,,,
0.8,0.3,1.1074114103904025,1.8163583209495555,0.0,dispersion,,,,,,,,,,,,,,,,,,,,
0.8,0.3,1.1152653920243767,1.8246976847141645,0.0,dispersion,,,,,,,,,,,,,,,,,,,,
0.8,0.3,1.1231193736583511,1.8329976092015423,0.0,dispersion,,,,,,,,,,,,,,,,,,,,
0.8,0.3,1.1309733552923256,1.841258228232125,0.0,dispersion,,,,,,,,,,,,,,,,,,,,
0.8,0.3,1.1388273369263,1.849479673513672,0.0,dispersion,,,,,,,,,,,,,,,,,,,,
0.8,0.3,1.1466813185602749,1.8576620746872867,0.0,dispersion,,,,,,,,,,,,,,,,,,,,
0.8,0.3,1.154535300194249,1.8658055593720784,0.0,dispersion,,,,,,,,,,,,,,,,,,,,
0.8,0.3,1.1623892818282235,1.8739102532085792,0.0,dispersion,,,,,,,,,,,,,,,,,,,,
0.8,0.3,1.170243263462198,1.8819762799009117,0.0,dispersion,,,,,,,,,,,,,,,,,,,,
0.8,0.3,1.1780972450961724,1.8900037612577616,0.0,dispersion,,,,,,,,,,,,,,,,,,,,
0.8,0.3,1.185951226730147,1.89799281723222,0.0,dispersion,,,,,,,,,,,,,,,,,,,,
0.8,0.3,1.1938052083641215,1.905943565960493,0.0,dispersion,,,,,,,,,,,,,,,,,,,,
0.8,0.3,1.201659189998096,1.913856123799558,0.0,dispersion,,,,,,,,,,,,,,,,,,,,
0.8,0.3,1.2095131716320704,1.9217306053637715,0.0,dispersion,,,,,,,,,,,,,,,,,,,,
0.8,0.3,1.2173671532660448,1.9295671235604896,0.0,dispersion,,,,,,,,,,,,,,,,,,,,
0.8,0.3,1.2252211349000195,1.937365789624711,0.0,dispersion,,,,,,,,,,,,,,,,,,,,
0.8,0.3,1.233075116533994,1.9451267131527872,0.0,dispersion,,,,,,,,,,,,,,,,,,,,
0.8,0.3,1.2409290981679684,1.952850002135232,0.0,dispersion,,,,,,,,,,,,,,,,,,,,
0.8,0.3,1.2487830798019428,1.9605357629886584,0.0,dispersion,,,,,,,,,,,,,,,,,,,,
0.8,0.3,1.2566370614359172,1.968184100586864,0.0,dispersion,,,,,,,,,,,,,,,,,,,,
0.8,0.3,1.264491043069892,1.9757951182911015,0.0,dispersion,,,,,,,,,,,,,,,,,,,,
0.8,0.3,1.2723450247038663,1.9833689179795584,0.0,dispersion,,,,,,,,,,,,,,,,,,,,
0.8,0.3,1.2801990063378408,1.9909056000760688,0.0,dispersion,,,,,,,,,,,,,,,,,,,,
0.8,0.3,1.2880529879718152,1.998405263578085,0.0,dispersion,,,,,,,,,,,,,,,,,,,,
0.8,0.3,1.29590696960579,2.0058680060839285,0.0,dispersion,,,,,,,,,,,,,,,,,,,,
0.8,0.3,1.3037609512397643,2.0132939238193464,0.0,dispersion,,,,,,,,,,,,,,,,,,,,
0.8,0.3,1.3116149328737388,2.020683111663394,0.0,dispersion,,,,,,,,,,,,,,,,,,,,
0.8,0.3,1.3194689145077132,2.028035663173663,0.0,dispersion,,,,,,,,,,,,,,,,,,,,
0.8,0.3,1.3273228961416876,2.03535167061088,0.0,dispersion,,,,,,,,,,,,,,,,,,,,
0.8,0.3,1.3351768777756623,2.0426312249628813,0.0,dispersion,,,,,,,,,,,,,,,,,,,,
0.8,0.3,1.3430308594096367,2.0498744159680142,0.0,dispersion,,,,,,,,,,,,,,,,,,,,
0.8,0.3,1.3508848410436112,2.0570813321379355,0.0,dispersion,,,,,,,,,,,,,,,,,,,,
0.8,0.3,1.3587388226775856,2.06425206077987,0.0,dispersion,,,,,,,,,,,,,,,,,,,,
0.8,0.3,1.36659280431156,2.071386688018313,0.0,dispersion,,,,,,,,,,,,,,,,,,,,
0.8,0.3,1.3744467859455347,2.0784852988162266,0.0,dispersion,,,,,,,,,,,,,,,,,,,,
0.8,0.3,1.3823007675795091,2.085547976995697,0.0,dispersion,,,,,,,,,,,,,,,,,,,,
0.8,0.3,1.3901547492134836,2.0925748052581183,0.0,dispersion,,,,,,,,,,,,,,,,,,,,
0.8,0.3,1.398008730847458,2.0995658652038847,0.0,dispersion,,,,,,,,,,,,,,,,,,,,
0.8,0.3,1.4058627124814325,2.106521237351621,0.0,dispersion,,,,,,,,,,,,,,,,,,,,
0.8,0.3,1.4137166941154071,2.113441001156961,0.0,dispersion,,,,,,,,,,,,,,,,,,,,
0.8,0.3,1.4215706757493816,2.120325235030869,0.0,dispersion,,,,,,,,,,,,,,,,,,,,
0.8,0.3,1.429424657383356,2.127174016357557,0.0,dispersion,,,,,,,,,,,,,,,,,,,,
0.8,0.3,1.4372786390173304,2.133987421511974,0.0,dispersion,,,,,,,,,,,,,,,,,,,,
0.8,0.3,1.4451326206513049,2.140765525876883,0.0,dispersion,,,,,,,,,,,,,,,,,,,,
0.8,0.3,1.4529866022852795,2.1475084038595678,0.0,dispersion,,,,,,,,,,,,,,,,,,,,
0.8,0.3,1.460840583919254,2.154216128908133,0.0,dispersion,,,,,,,,,,,,,,,,,,,,
0.8,0.3,1.4686945655532284,2.160888773527456,0.0,dispersion,,,,,,,,,,,,,,,,,,,,
0.8,0.3,1.4765485471872029,2.167526409294759,0.0,dispersion,,,,,,,,,,,,,,,,,,,,
0.8,0.3,1.4844025288211773,2.1741291068748443,0.0,dispersion,,,,,,,,,,,,,,,,,,,,
0.8,0.3,1.492256510455152,2.1806969360349804,0.0,dispersion,,,,,,,,,,,,,,,,,,,,
0.8,0.3,1.5001104920891264,2.187229965659462,0.0,dispersion,,,,,,,,,,,,,,,,,,,,
0.8,0.3,1.5079644737231008,2.1937282637638384,0.0,dispersion,,,,,,,,,,,,,,,,,,,,
0.8,0.3,1.5158184553570753,2.20019189750884,0.0,dispersion,,,,,,,,,,,,,,,,,,,,
0.8,0.3,1.5236724369910497,2.2066209332139928,0.0,dispersion,,,,,,,,,,,,,,,,,,,,
0.8,0.3,1.5315264186250244,2.213015436370928,0.0,dispersion,,,,,,,,,,,,,,,,,,,,
0.8,0.3,1.5393804002589988,2.2193754716564174,0.0,dispersion,,,,,,,,,,,,,,,,,,,,
0.8,0.3,1.5472343818929732,2.225701102945114,0.0,dispersion,,,,,,,,,,,,,,,,,,,,
0.8,0.3,1.5550883635269477,2.231992393322032,0.0,dispersion,,,,,,,,,,,,,,,,,,,,
0.8,0.3,1.562942345160922,2.238249405094736,0.0,dispersion,,,,,,,,,,,,,,,,,,,,
0.8,0.3,1.5707963267948968,2.244472199805295,0.0,dispersion,,,,,,,,,,,,,,,,,,,,
0.8,0.3,1.5786503084288712,2.2506608382419704,0.0,dispersion,,,,,,,,,,,,,,,,,,,,
0.8,0.3,1.5865042900628457,2.2568153804506585,0.0,dispersion,,,,,,,,,,,,,,,,,,,,
0.8,0.3,1.59435827169682,2.262935885746087,0.0,dispersion,,,,,,,,,,,,,,,,,,,,
0.8,0.3,1.6022122533307943,2.269022412722792,0.0,dispersion,,,,,,,,,,,,,,,,,,,,
0.8,0.3,1.6100662349647692,2.2750750192658447,0.0,dispersion,,,,,,,,,,,,,,,,,,,,
0.8,0.3,1.6179202165987436,2.2810937625613805,0.0,dispersion,,,,,,,,,,,,,,,,,,,,
0.8,0.3,1.625774198232718,2.2870786991068863,0.0,dispersion,,,,,,,,,,,,,,,,,,,,
0.8,0.3,1.6336281798666925,2.293029884721287,0.0,dispersion,,,,,,,,,,,,,,,,,,,,
0.8,0.3,1.641482161500667,2.298947374554837,0.0,dispersion,,,,,,,,,,,,,,,,,,,,
0.8,0.3,1.6493361431346416,2.3048312230987835,0.0,dispersion,,,,,,,,,,,,,,,,,,,,
0.8,0.3,1.657190124768616,2.310681484194856,0.0,dispersion,,,,,,,,,,,,,,,,,,,,
0.8,0.3,1.6650441064025905,2.3164982110445558,0.0,dispersion,,,,,,,,,,,,,,,,,,,,
0.8,0.3,1.672898088036565,2.3222814562182585,0.0,dispersion,,,,,,,,,,,,,,,,,,,,
0.8,0.3,1.6807520696705394,2.3280312716641287,0.0,dispersion,,,,,,,,,,,,,,,,,,,,
0.8,0.3,1.688606051304514,2.3337477087168743,0.0,dispersion,,,,,,,,,,,,,,,,,,,,
0.8,0.3,1.6964600329384885,2.3394308181063,0.0,dispersion,,,,,,,,,,,,,,,,,,,,
0.8,0.3,1.704314014572463,2.3450806499657157,0.0,dispersion,,,,,,,,,,,,,,,,,,,,
0.8,0.3,1.7121679962064371,2.350697253840167,0.0,dispersion,,,,,,,,,,,,,,,,,,,,
0.8,0.3,1.7200219778404118,2.356280678694505,0.0,dispersion,,,,,,,,,,,,,,,,,,,,
0.8,0.3,1.7278759594743864,2.361830972921298,0.0,dispersion,,,,,,,,,,,,,,,,,,,,
0.8,0.3,1.7357299411083609,2.367348184348594,0.0,dispersion,,,,,,,,,,,,,,,,,,,,
0.8,0.3,1.743583922742335,2.372832360247528,0.0,dispersion,,,,,,,,,,,,,,,,,,,,
0.8,0.3,1.7514379043763098,2.378283547339779,0.0,dispersion,,,,,,,,,,,,,,,,,,,,
0.8,0.3,1.7592918860102844,2.383701791804891,0.0,dispersion,,,,,,,,,,,,,,,,,,,,
0.8,0.3,1.7671458676442588,2.38908713928745,0.0,dispersion,,,,,,,,,,,,,,,,,,,,
0.8,0.3,1.7749998492782333,2.39443963490412,0.0,dispersion,,,,,,,,,,,,,,,,,,,,
0.8,0.3,1.7828538309122075,2.3997593232505525,0.0,dispersion,,,,,,,,,,,,,,,,,,,,
0.8,0.3,1.7907078125461822,2.40504624840816,0.0,dispersion,,,,,,,,,,,,,,,,,,,,
0.8,0.3,1.7985617941801568,2.4103004539507555,0.0,dispersion,,,,,,,,,,,,,,,,,,,,
0.8,0.3,1.8064157758141317,2.415521982951085,0.0,dispersion,,,,,,,,,,,,,,,,,,,,
0.8,0.3,1.8142697574481057,2.4207108779872177,0.0,dispersion,,,,,,,,,,,,,,,,,,,,
0.8,0.3,1.82212373908208,2.425867181148822,0.0,dispersion,,,,,,,,,,,,,,,,,,,,
0.8,0.3,1.8299777207160544,2.4309909340433413,0.0,dispersion,,,,,,,,,,,,,,,,,,,,
0.8,0.3,1.8378317023500288,2.4360821778020214,0.0,dispersion,,,,,,,,,,,,,,,,,,,,
0.8,0.3,1.845685683984004,2.4411409530858634,0.0,dispersion,,,,,,,,,,,,,,,,,,,,
0.8,0.3,1.853539665617978,2.446167300091437,0.0,dispersion,,,,,,,,,,,,,,,,,,,,
0.8,0.3,1.8613936472519528,2.451161258556607,0.0,dispersion,,,,,,,,,,,,,,,,,,,,
0.8,0.3,1.869247628885927,2.456122867766139,0.0,dispersion,,,,,,,,,,,,,,,,,,,,
0.8,0.3,1.8771016105199017,2.4610521665572187,0.0,dispersion,,,,,,,,,,,,,,,,,,,,
0.8,0.3,1.884955592153876,2.4659491933248545,0.0,dispersion,,,,,,,,,,,,,,,,,,,,
0.8,0.3,1.8928095737878503,2.470813986027196,0.0,dispersion,,,,,,,,,,,,,,,,,,,,
0.8,0.3,1.900663555421825,2.4756465821907447,0.0,dispersion,,,,,,,,,,,,,,,,,,,,
0.8,0.3,1.9085175370557996,2.480447018915483,0.0,dispersion,,,,,,,,,,,,,,,,,,,,
0.8,0.3,1.916371518689774,2.4852153328798945,0.0,dispersion,,,,,,,,,,,,,,,,,,,,
0.8,0.3,1.9242255003237485,2.4899515603459097,0.0,dispersion,,,,,,,,,,,,,,,,,,,,
0.8,0.3,1.932079481957723,2.49465573716376,0.0,dispersion,,,,,,,,,,,,,,,,,,,,
0.8,0.3,1.9399334635916972,2.4993278987767304,0.0,dispersion,,,,,,,,,,,,,,,,,,,,
0.8,0.3,1.947787445225672,2.503968080225852,0.0,dispersion,,,,,,,,,,,,,,,,,,,,
0.8,0.3,1.9556414268596465,2.508576316154493,0.0,dispersion,,,,,,,,,,,,,,,,,,,,
0.8,0.3,1.963495408493621,2.5131526408128746,0.0,dispersion,,,,,,,,,,,,,,,,,,,,
0.8,0.3,1.9713493901275956,2.5176970880625014,0.0,dispersion,,,,,,,,,,,,,,,,,,,,
0.8,0.3,1.9792033717615696,2.522209691380531,0.0,dispersion,,,,,,,,,,,,,,,,,,,,
0.8,0.3,1.987057353395544,2.526690483864052,0.0,dispersion,,,,,,,,,,,,,,,,,,,,
0.8,0.3,1.994911335029519,2.531139498234273,0.0,dispersion,,,,,,,,,,,,,,,,,,,,
0.8,0.3,2.0027653166634933,2.535556766840684,0.0,dispersion,,,,,,,,,,,,,,,,,,,,
0.8,0.3,2.010619298297468,2.5399423216650927,0.0,dispersion,,,,,,,,,,,,,,,,,,,,
0.8,0.3,2.018473279931442,2.544296194325632,0.0,dispersion,,,,,,,,,,,,,,,,,,,,
0.8,0.3,2.0263272615654166,2.548618416080666,0.0,dispersion,,,,,,,,,,,,,,,,,,,,
0.8,0.3,2.034181243199391,2.5529090178326577,0.0,dispersion,,,,,,,,,,,,,,,,,,,,
0.8,0.3,2.042035224833365,2.557168030131943,0.0,dispersion,,,,,,,,,,,,,,,,,,,,
0.8,0.3,2.0498892064673404,2.5613954831804624,0.0,dispersion,,,,,,,,,,,,,,,,,,,,
0.8,0.3,2.057743188101315,2.565591406835413,0.0,dispersion,,,,,,,,,,,,,,,,,,,,
0.8,0.3,2.0655971697352893,2.5697558306128405,0.0,dispersion,,,,,,,,,,,,,,,,,,,,
0.8,0.3,2.073451151369264,2.573888783691181,0.0,dispersion,,,,,,,,,,,,,,,,,,,,
0.8,0.3,2.081305133003238,2.577990294914728,0.0,dispersion,,,,,,,,,,,,,,,,,,,,
0.8,0.3,2.0891591146372126,2.582060392797044,0.0,dispersion,,,,,,,,,,,,,,,,,,,,
0.8,0.3,2.097013096271187,2.586099105524323,0.0,dispersion,,,,,,,,,,,,,,,,,,,,
0.8,0.3,2.104867077905161,2.5901064609586824,0.0,dispersion,,,,,,,,,,,,,,,,,,,,
0.8,0.3,2.112721059539136,2.594082486641411,0.0,dispersion,,,,,,,,,,,,,,,,,,,,
0.8,0.3,2.1205750411731104,2.598027209796152,0.0,dispersion,,,,,,,,,,,,,,,,,,,,
0.8,0.3,2.128429022807085,2.6019406573320376,0.0,dispersion,,,,,,,,,,,,,,,,,,,,
0.8,0.3,2.13628300444106,2.605822855846773,0.0,dispersion,,,,,,,,,,,,,,,,,,,,
0.8,0.3,2.144136986075034,2.6096738316296597,0.0,dispersion,,,,,,,,,,,,,,,,,,,,
0.8,0.3,2.151990967709009,2.6134936106645803,0.0,dispersion,,,,,,,,,,,,,,,,,,,,
0.8,0.3,2.159844949342983,2.61728221863292,0.0,dispersion,,,,,,,,,,,,,,,,,,,,
0.8,0.3,2.167698930976957,2.621039680916451,0.0,dispersion,,,,,,,,,,,,,,,,,,,,
0.8,0.3,2.175552912610932,2.624766022600155,0.0,dispersion,,,,,,,,,,,,,,,,,,,,
0.8,0.3,2.1834068942449063,2.628461268475011,0.0,dispersion,,,,,,,,,,,,,,,,,,,,
0.8,0.3,2.1912608758788807,2.6321254430407364,0.0,dispersion,,,,,,,,,,,,,,,,,,,,
0.8,0.3,2.199114857512855,2.6357585705084645,0.0,dispersion,,,,,,,,,,,,,,,,,,,,
0.8,0.3,2.20696883914683,2.639360674803404,0.0,dispersion,,,,,,,,,,,,,,,,,,,,
0.8,0.3,2.2148228207808045,2.64293177956743,0.0,dispersion,,,,,,,,,,,,,,,,,,,,
0.8,0.3,2.222676802414779,2.6464719081616472,0.0,dispersion,,,,,,,,,,,,,,,,,,,,
0.8,0.3,2.2305307840487534,2.649981083668904,0.0,dispersion,,,,,,,,,,,,,,,,,,,,
0.8,0.3,2.238384765682728,2.653459328896261,0.0,dispersion,,,,,,,,,,,,,,,,,,,,
0.8,0.3,2.2462387473167023,2.6569066663774343,0.0,dispersion,,,,,,,,,,,,,,,,,,,,
0.8,0.3,2.2540927289506767,2.660323118375176,0.0,dispersion,,,,,,,,,,,,,,,,,,,,
0.8,0.3,2.261946710584651,2.6637087068836287,0.0,dispersion,,,,,,,,,,,,,,,,,,,,
0.8,0.3,2.2698006922186256,2.667063453630641,0.0,dispersion,,,,,,,,,,,,,,,,,,,,
0.8,0.3,2.2776546738526,2.670387380080037,0.0,dispersion,,,,,,,,,,,,,,,,,,,,
0.8,0.3,2.285508655486575,2.673680507433862,0.0,dispersion,,,,,,,,,,,,,,,,,,,,
0.8,0.3,2.2933626371205493,2.6769428566345628,0.0,dispersion,,,,,,,,,,,,,,,,,,,,
0.8,0.3,2.301216618754524,2.6801744483671754,0.0,dispersion,,,,,,,,,,,,,,,,,,,,
0.8,0.3,2.309070600388498,2.683375303061421,0.0,dispersion,,,,,,,,,,,,,,,,,,,,
0.8,0.3,2.3169245820224726,2.686545440893826,0.0,dispersion,,,,,,,,,,,,,,,,,,,,
0.8,0.3,2.324778563656447,2.689684881789759,0.0,dispersion,,,,,,,,,,,,,,,,,,,,
0.8,0.3,2.332632545290421,2.692793645425456,0.0,dispersion,,,,,,,,,,,,,,,,,,,,
0.8,0.3,2.340486526924396,2.695871751230012,0.0,dispersion,,,,,,,,,,,,,,,,,,,,
0.8,0.3,2.3483405085583704,2.6989192183873323,0.0,dispersion,,,,,,,,,,,,,,,,,,,,
0.8,0.3,2.356194490192345,2.7019360658380585,0.0,dispersion,,,,,,,,,,,,,,,,,,,,
0.8,0.3,2.36404847182632,2.704922312281446,0.0,dispersion,,,,,,,,,,,,,,,,,,,,
0.8,0.3,2.371902453460294,2.707877976177239,0.0,dispersion,,,,,,,,,,,,,,,,,,,,
0.8,0.3,2.3797564350942686,2.710803075747484,0.0,dispersion,,,,,,,,,,,,,,,,,,,,
0.8,0.3,2.387610416728243,2.713697628978328,0.0,dispersion,,,,,,,,,,,,,,,,,,,,
0.8,0.3,2.395464398362217,2.716561653621791,0.0,dispersion,,,,,,,,,,,,,,,,,,,,
0.8,0.3,2.403318379996192,2.719395167197491,0.0,dispersion,,,,,,,,,,,,,,,,,,,,
0.8,0.3,2.4111723616301663,2.722198186994357,0.0,dispersion,,,,,,,,,,,,,,,,,,,,
0.8,0.3,2.419026343264141,2.7249707300723083,0.0,dispersion,,,,,,,,,,,,,,,,,,,,
0.8,0.3,2.4268803248981152,2.7277128132638966,0.0,dispersion,,,,,,,,,,,,,,,,,,,,
0.8,0.3,2.4347343065320897,2.7304244531759307,0.0,dispersion,,,,,,,,,,,,,,,,,,,,
0.8,0.3,2.4425882881660645,2.733105666191068,0.0,dispersion,,,,,,,,,,,,,,,,,,,,
0.8,0.3,2.450442269800039,2.7357564684693827,0.0,dispersion,,,,,,,,,,,,,,,,,,,,
0.8,0.3,2.458296251434013,2.738376875949905,0.0,dispersion,,,,,,,,,,,,,,,,,,,,
0.8,0.3,2.466150233067988,2.7409669043521303,0.0,dispersion,,,,,,,,,,,,,,,,,,,,
0.8,0.3,2.4740042147019623,2.7435265691775026,0.0,dispersion,,,,,,,,,,,,,,,,,,,,
0.8,0.3,2.4818581963359367,2.746055885710888,0.0,dispersion,,,,,,,,,,,,,,,,,,,,
0.8,0.3,2.489712177969911,2.7485548690219908,0.0,dispersion,,,,,,,,,,,,,,,,,,,,
0.8,0.3,2.4975661596038856,2.751023533966785,0.0,dispersion,,,,,,,,,,,,,,,,,,,,
0.8,0.3,2.50542014123786,2.7534618951888805,0.0,dispersion,,,,,,,,,,,,,,,,,,,,
0.8,0.3,2.5132741228718345,2.755869967120894,0.0,dispersion,,,,,,,,,,,,,,,,,,,,
0.8,0.3,2.5211281045058094,2.7582477639857874,0.0,dispersion,,,,,,,,,,,,,,,,,,,,
0.8,0.3,2.528982086139784,2.7605952997981724,0.0,dispersion,,,,,,,,,,,,,,,,,,,,
0.8,0.3,2.5368360677737583,2.762912588365611,0.0,dispersion,,,,,,,,,,,,,,,,,,,,
0.8,0.3,2.5446900494077327,2.7651996432898702,0.0,dispersion,,,,,,,,,,,,,,,,,,,,
0.8,0.3,2.552544031041707,2.7674564779681807,0.0,dispersion,,,,,,,,,,,,,,,,,,,,
0.8,0.3,2.5603980126756816,2.769683105594445,0.0,dispersion,,,,,,,,,,,,,,,,,,,,
0.8,0.3,2.568251994309656,2.7718795391604423,0.0,dispersion,,,,,,,,,,,,,,,,,,,,
0.8,0.3,2.5761059759436304,2.7740457914570067,0.0,dispersion,,,,,,,,,,,,,,,,,,,,
0.8,0.3,2.583959957577605,2.776181875075181,0.0,dispersion,,,,,,,,,,,,,,,,,,,,
0.8,0.3,2.59181393921158,2.7782878024073496,0.0,dispersion,,,,,,,,,,,,,,,,,,,,
0.8,0.3,2.599667920845554,2.7803635856483573,0.0,dispersion,,,,,,,,,,,,,,,,,,,,
0.8,0.3,2.6075219024795286,2.7824092367965947,0.0,dispersion,,,,,,,,,,,,,,,,,,,,
0.8,0.3,2.615375884113503,2.784424767655071,0.0,dispersion,,,,,,,,,,,,,,,,,,,,
0.8,0.3,2.623229865747477,2.786410189832473,0.0,dispersion,,,,,,,,,,,,,,,,,,,,
0.8,0.3,2.631083847381452,2.7883655147441835,0.0,dispersion,,,,,,,,,,,,,,,,,,,,
0.8,0.3,2.6389378290154264,2.7902907536133044,0.0,dispersion,,,,,,,,,,,,,,,,,,,,
0.8,0.3,2.646791810649401,2.7921859174716395,0.0,dispersion,,,,,,,,,,,,,,,,,,,,
0.8,0.3,2.6546457922833757,2.7940510171606747,0.0,dispersion,,,,,,,,,,,,,,,,,,,,
0.8,0.3,2.6624997739173497,2.7958860633325218,0.0,dispersion,,,,,,,,,,,,,,,,,,,,
0.8,0.3,2.6703537555513246,2.7976910664508585,0.0,dispersion,,,,,,,,,,,,,,,,,,,,
0.8,0.3,2.678207737185299,2.7994660367918427,0.0,dispersion,,,,,,,,,,,,,,,,,,,,
0.8,0.3,2.686061718819273,2.801210984445011,0.0,dispersion,,,,,,,,,,,,,,,,,,,,
0.8,0.3,2.693915700453248,2.802925919314147,0.0,dispersion,,,,,,,,,,,,,,,,,,,,
0.8,0.3,2.7017696820872223,2.8046108511181536,0.0,dispersion,,,,,,,,,,,,,,,,,,,,
0.8,0.3,2.709623663721197,2.80626578939189,0.0,dispersion,,,,,,,,,,,,,,,,,,,,
0.8,0.3,2.7174776453551712,2.8078907434869955,0.0,dispersion,,,,,,,,,,,,,,,,,,,,
0.8,0.3,2.7253316269891457,2.8094857225726884,0.0,dispersion,,,,,,,,,,,,,,,,,,,,
0.8,0.3,2.73318560862312,2.811050735636573,0.0,dispersion,,,,,,,,,,,,,,,,,,,,
0.8,0.3,2.7410395902570945,2.812585791485392,0.0,dispersion,,,,,,,,,,,,,,,,,,,,
0.8,0.3,2.7488935718910694,2.814090898745793,0.0,dispersion,,,,,,,,,,,,,,,,,,,,
0.8,0.3,2.756747553525044,2.815566065865067,0.0,dispersion,,,,,,,,,,,,,,,,,,,,
0.8,0.3,2.7646015351590183,2.8170113011118554,0.0,dispersion,,,,,,,,,,,,,,,,,,,,
0.8,0.3,2.7724555167929927,2.818426612576867,0.0,dispersion,,,,,,,,,,,,,,,,,,,,
0.8,0.3,2.780309498426967,2.819812008173566,0.0,dispersion,,,,,,,,,,,,,,,,,,,,
0.8,0.3,2.7881634800609416,2.8211674956388344,0.0,dispersion,,,,,,,,,,,,,,,,,,,,
0.8,0.3,2.796017461694916,2.822493082533632,0.0,dispersion,,,,,,,,,,,,,,,,,,,,
0.8,0.3,2.8038714433288905,2.823788776243635,0.0,dispersion,,,,,,,,,,,,,,,,,,,,
0.8,0.3,2.811725424962865,2.8250545839798624,0.0,dispersion,,,,,,,,,,,,,,,,,,,,
0.8,0.3,2.81957940659684,2.826290512779276,0.0,dispersion,,,,,,,,,,,,,,,,,,,,
0.8,0.3,2.8274333882308142,2.8274965695053766,0.0,dispersion,,,,,,,,,,,,,,,,,,,,
0.8,0.3,2.8352873698647887,2.828672760848779,0.0,dispersion,,,,,,,,,,,,,,,,,,,,
0.8,0.3,2.843141351498763,2.829819093327776,0.0,dispersion,,,,,,,,,,,,,,,,,,,,
0.8,0.3,2.8509953331327376,2.830935573288871,0.0,dispersion,,,,,,,,,,,,,,,,,,,,
0.8,0.3,2.858849314766712,2.832022206907327,0.0,dispersion,,,,,,,,,,,,,,,,,,,,
0.8,0.3,2.8667032964006864,2.833079000187668,0.0,dispersion,,,,,,,,,,,,,,,,,,,,
0.8,0.3,2.874557278034661,2.8341059589641797,0.0,dispersion,,,,,,,,,,,,,,,,,,,,
0.8,0.3,2.8824112596686358,2.835103088901404,0.0,dispersion,,,,,,,,,,,,,,,,,,,,
0.8,0.3,2.8902652413026098,2.8360703954945974,0.0,dispersion,,,,,,,,,,,,,,,,,,,,
0.8,0.3,2.898119222936584,2.837007884070194,0.0,dispersion,,,,,,,,,,,,,,,,,,,,
0.8,0.3,2.905973204570559,2.8379155597862478,0.0,dispersion,,,,,,,,,,,,,,,,,,,,
0.8,0.3,2.913827186204533,2.838793427632848,0.0,dispersion,,,,,,,,,,,,,,,,,,,,
0.8,0.3,2.921681167838508,2.8396414924325475,0.0,dispersion,,,,,,,,,,,,,,,,,,,,
0.8,0.3,2.9295351494724824,2.84045975884075,0.0,dispersion,,,,,,,,,,,,,,,,,,,,
0.8,0.3,2.937389131106457,2.8412482313460936,0.0,dispersion,,,,,,,,,,,,,,,,,,,,
0.8,0.3,2.9452431127404317,2.84200691427083,0.0,dispersion,,,,,,,,,,,,,,,,,,,,
0.8,0.3,2.9530970943744057,2.842735811771165,0.0,dispersion,,,,,,,,,,,,,,,,,,,,
0.8,0.3,2.96095107600838,2.843434927837608,0.0,dispersion,,,,,,,,,,,,,,,,,,,,
0.8,0.3,2.9688050576423546,2.844104266295305,0.0,dispersion,,,,,,,,,,,,,,,,,,,,
0.8,0.3,2.976659039276329,2.844743830804343,0.0,dispersion,,,,,,,,,,,,,,,,,,,,
0.8,0.3,2.984513020910304,2.8453536248600546,0.0,dispersion,,,,,,,,,,,,,,,,,,,,
0.8,0.3,2.9923670025442783,2.845933651793297,0.0,dispersion,,,,,,,,,,,,,,,,,,,,
0.8,0.3,3.000220984178253,2.846483914770737,0.0,dispersion,,,,,,,,,,,,,,,,,,,,
0.8,0.3,3.008074965812227,2.847004416795097,0.0,dispersion,,,,,,,,,,,,,,,,,,,,
0.8,0.3,3.0159289474462017,2.8474951607054075,0.0,dispersion,,,,,,,,,,,,,,,,,,,,
0.8,0.3,3.023782929080176,2.84795614917724,0.0,dispersion,,,,,,,,,,,,,,,,,,,,
0.8,0.3,3.0316369107141505,2.848387384722917,0.0,dispersion,,,,,,,,,,,,,,,,,,,,
0.8,0.3,3.039490892348125,2.848788869691722,0.0,dispersion,,,,,,,,,,,,,,,,,,,,
0.8,0.3,3.0473448739820994,2.849160606270096,0.0,dispersion,,,,,,,,,,,,,,,,,,,,
0.8,0.3,3.0551988556160743,2.849502596481804,0.0,dispersion,,,,,,,,,,,,,,,,,,,,
0.8,0.3,3.0630528372500487,2.849814842188106,0.0,dispersion,,,,,,,,,,,,,,,,,,,,
0.8,0.3,3.070906818884023,2.85009734508791,0.0,dispersion,,,,,,,,,,,,,,,,,,,,
0.8,0.3,3.0787608005179976,2.850350106717907,0.0,dispersion,,,,,,,,,,,,,,,,,,,,
0.8,0.3,3.086614782151972,2.850573128452695,0.0,dispersion,,,,,,,,,,,,,,,,,,,,
0.8,0.3,3.0944687637859465,2.850766411504894,0.0,dispersion,,,,,,,,,,,,,,,,,,,,
0.8,0.3,3.102322745419921,2.85092995692524,0.0,dispersion,,,,,,,,,,,,,,,,,,,,
0.8,0.3,3.110176727053896,2.851063765602679,0.0,dispersion,,,,,,,,,,,,,,,,,,,,
0.8,0.3,3.11803070868787,2.851167838264423,0.0,dispersion,,,,,,,,,,,,,,,,,,,,
0.8,0.3,3.125884690321844,2.8512421754760275,0.0,dispersion,,,,,,,,,,,,,,,,,,,,
0.8,0.3,3.133738671955819,2.851286777641426,0.0,dispersion,,,,,,,,,,,,,,,,,,,,
0.8,0.3,3.141592653589793,2.851301645002966,0.0,dispersion,,,,,,,,,,,,,,,,,,,,
1.2,0.3,0.0,0.0,0.0,dispersion,,,,,,,,,,,,,,,,,,,,
1.2,0.3,0.0078539816339744,0.0059620586261643,0.059512091482629,dispersion,,,,,,,,,,,,,,,,,,,,
1.2,0.3,0.0157079632679489,0.0136455011107059,0.0894488734745233,dispersion,,,,,,,,,,,,,,,,,,,,
1.2,0.3,0.0235619449019234,0.022121516757402,0.1130643557925892,dispersion,,,,,,,,,,,,,,,,,,,,
1.2,0.3,0.0314159265358979,0.0311422785737636,0.1330996830555665,dispersion,,,,,,,,,,,,,,,,,,,,
1.2,0.3,0.0392699081698724,0.0405803583870703,0.1506700021418301,dispersion,,,,,,,,,,,,,,,,,,,,
1.2,0.3,0.0471238898038469,0.0503564865409447,0.1663674132389467,dispersion,,,,,,,,,,,,,,,,,,,,
1.2,0.3,0.0549778714378213,0.0604160239581097,0.1805533672462492,dispersion,,,,,,,,,,,,,,,,,,,,
1.2,0.3,0.0628318530717958,0.0707187694109101,0.1934686468127396,dispersion,,,,,,,,,,,,,,,,,,,,
1.2,0.3,0.0706858347057703,0.0812337691383056,0.2052835508134244,dispersion,,,,,,,,,,,,,,,,,,,,
1.2,0.3,0.0785398163397448,0.0919363759611948,0.2161238727022971,dispersion,,,,,,,,,,,,,,,,,,,,
1.2,0.3,0.0863937979737193,0.1028064503898504,0.2260856120856643,dispersion,,,,,,,,,,,,,,,,,,,,
1.2,0.3,0.0942477796076938,0.1138271947129214,0.2352438874265164,dispersion,,,,,,,,,,,,,,,,,,,,
1.2,0.3,0.1021017612416682,0.1249843622335256,0.2436586270526743,dispersion,,,,,,,,,,,,,,,,,,,,
1.2,0.3,0.1099557428756427,0.1362657009253094,0.2513783588667087,dispersion,,,,,,,,,,,,,,,,,,,,
1.2,0.3,0.1178097245096172,0.1476605500022541,0.2584428214796926,dispersion,,,,,,,,,,,,,,,,,,,,
1.2,0.3,0.1256637061435917,0.1591595398527123,0.2648848141843927,dispersion,,,,,,,,,,,,,,,,,,,,
1.2,0.3,0.1335176877775662,0.1707543639753059,0.2707315378166576,dispersion,,,,,,,,,,,,,,,,,,,,
1.2,0.3,0.1413716694115407,0.1824376023759699,0.276005584481346,dispersion,,,,,,,,,,,,,,,,,,,,
1.2,0.3,0.1492256510455152,0.1942025825727156,0.2807256783155344,dispersion,,,,,,,,,,,,,,,,,,,,
1.2,0.3,0.1570796326794896,0.2060432686238837,0.2849072351294651,dispersion,,,,,,,,,,,,,,,,,,,,
1.2,0.3,0.1649336143134641,0.2179541713995434,0.2885627869446517,dispersion,,,,,,,,,,,,,,,,,,,,
1.2,0.3,0.1727875959474386,0.2299302752036398,0.2917023031567669,dispersion,,,,,,,,,,,,,,,,,,,,
1.2,0.3,0.1806415775814131,0.2419669771541623,0.2943334304141724,dispersion,,,,,,,,,,,,,,,,,,,,
1.2,0.3,0.1884955592153876,0.2540600366410266,0.2964616666056105,dispersion,,,,,,,,,,,,,,,,,,,,
1.2,0.3,0.1963495408493621,0.2662055328334878,0.2980904795342037,dispersion,,,,,,,,,,,,,,,,,,,,
1.2,0.3,0.2042035224833365,0.2783998286823863,0.2992213772427527,dispersion,,,,,,,,,,,,,,,,,,,,
1.2,0.3,0.212057504117311,0.2906395402114368,0.299853934095497,dispersion,,,,,,,,,,,,,,,,,,,,
1.2,0.3,0.2199114857512855,0.3029215101522615,0.2999857742934325,dispersion,,,,,,,,,,,,,,,,,,,,
1.2,0.3,0.22776546738526,0.3152427851747246,0.2996125122556085,dispersion,,,,,,,,,,,,,,,,,,,,
1.2,0.3,0.2356194490192345,0.3276005961145989,0.2987276470200218,dispersion,,,,,,,,,,,,,,,,,,,,
1.2,0.3,0.2434734306532089,0.3399923407167549,0.2973224052842216,dispersion,,,,,,,,,,,,,,,,,,,,
1.2,0.3,0.2513274122871834,0.3524155685026464,0.2953855246597984,dispersion,,,,,,,,,,,,,,,,,,,,
1.2,0.3,0.2591813939211579,0.3648679674420725,0.2929029648192968,dispersion,,,,,,,,,,,,,,,,,,,,
1.2,0.3,0.2670353755551324,0.3773473521657149,0.2898575289913181,dispersion,,,,,,,,,,,,,,,,,,,,
1.2,0.3,0.2748893571891069,0.3898516535000578,0.2862283709964921,dispersion,,,,,,,,,,,,,,,,,,,,
1.2,0.3,0.2827433388230814,0.4023789091426439,0.2819903526058334,dispersion,,,,,,,,,,,,,,,,,,,,
1.2,0.3,0.2905973204570559,0.414927255325076,0.2771132006661623,dispersion,,,,,,,,,,,,,,,,,,,,
1.2,0.3,0.2984513020910304,0.4274949193351476,0.2715603902334142,dispersion,,,,,,,,,,,,,,,,,,,,
1.2,0.3,0.3063052837250049,0.4400802127892329,0.2652876438602507,dispersion,,,,,,,,,,,,,,,,,,,,
1.2,0.3,0.3141592653589793,0.4526815255622696,0.2582408793200216,dispersion,,,,,,,,,,,,,,,,,,,,
1.2,0.3,0.3220132469929538,0.4652973202961823,0.2503533421045169,dispersion,,,,,,,,,,,,,,,,,,,,
1.2,0.3,0.3298672286269283,0.4779261274188058,0.2415414937060439,dispersion,,,,,,,,,,,,,,,,,,,,
1.2,0.3,0.3377212102609028,0.4905665406147961,0.2316989287806684,dispersion,,,,,,,,,,,,,,,,,,,,
1.2,0.3,0.3455751918948773,0.5032172126979242,0.2206870283077069,dispersion,,,,,,,,,,,,,,,,,,,,
1.2,0.3,0.3534291735288518,0.5158768518408341,0.2083199098485081,dispersion,,,,,,,,,,,,,,,,,,,,
1.2,0.3,0.3612831551628262,0.5285442181240374,0.194338725842464,dispersion,,,,,,,,,,,,,,,,,,,,
1.2,0.3,0.3691371367968007,0.5412181203707411,0.1783642856762716,dispersion,,,,,,,,,,,,,,,,,,,,
1.2,0.3,0.3769911184307752,0.5538974132382333,0.1598001988451009,dispersion,,,,,,,,,,,,,,,,,,,,
1.2,0.3,0.3848451000647497,0.566580994540113,0.1376029554551944,dispersion,,,,,,,,,,,,,,,,,,,,
1.2,0.3,0.3926990816987242,0.5792678027766907,0.1095878384323707,dispersion,,,,,,,,,,,,,,,,,,,,
1.2,0.3,0.4005530633326986,0.5919568148535255,0.0690015815803104,dispersion,,,,,,,,,,,,,,,,,,,,
1.2,0.3,0.4084070449666731,0.60464704397035,0.0,dispersion,,,,,,,,,,,,,,,,,,,,
1.2,0.3,0.4162610266006476,0.6173375376646184,0.0,dispersion,,,,,,,,,,,,,,,,,,,,
1.2,0.3,0.4241150082346221,0.6300273759956434,0.0,dispersion,,,,,,,,,,,,,,,,,,,,
1.2,0.3,0.4319689898685966,0.6427156698567946,0.0,dispersion,,,,,,,,,,,,,,,,,,,,
1.2,0.3,0.4398229715025711,0.6554015594045588,0.0,dispersion,,,,,,,,,,,,,,,,,,,,
1.2,0.3,0.4476769531365455,0.6680842125944249,0.0,dispersion,,,,,,,,,,,,,,,,,,,,
1.2,0.3,0.45553093477052,0.6807628238145795,0.0,dispersion,,,,,,,,,,,,,,,,,,,,
1.2,0.3,0.4633849164044945,0.6934366126092968,0.0,dispersion,,,,,,,,,,,,,,,,,,,,
1.2,0.3,0.471238898038469,0.7061048224847182,0.0,dispersion,,,,,,,,,,,,,,,,,,,,
1.2,0.3,0.4790928796724435,0.7187667197904111,0.0,dispersion,,,,,,,,,,,,,,,,,,,,
1.2,0.3,0.4869468613064179,0.7314215926707368,0.0,dispersion,,,,,,,,,,,,,,,,,,,,
1.2,0.3,0.4948008429403924,0.7440687500806129,0.0,dispersion,,,,,,,,,,,,,,,,,,,,
1.2,0.3,0.5026548245743669,0.7567075208607501,0.0,dispersion,,,,,,,,,,,,,,,,,,,,
1.2,0.3,0.5105088062083414,0.7693372528678948,0.0,dispersion,,,,,,,,,,,,,,,,,,,,
1.2,0.3,0.5183627878423159,0.7819573121560186,0.0,dispersion,,,,,,,,,,,,,,,,,,,,
1.2,0.3,0.5262167694762904,0.7945670822047319,0.0,dispersion,,,,,,,,,,,,,,,,,,,,
1.2,0.3,0.5340707511102649,0.8071659631915309,0.0,dispersion,,,,,,,,,,,,,,,,,,,,
1.2,0.3,0.5419247327442394,0.8197533713047938,0.0,dispersion,,,,,,,,,,,,,,,,,,,,
1.2,0.3,0.5497787143782138,0.8323287380946665,0.0,dispersion,,,,,,,,,,,,,,,,,,,,
1.2,0.3,0.5576326960121883,0.8448915098592524,0.0,dispersion,,,,,,,,,,,,,,,,,,,,
1.2,0.3,0.5654866776461628,0.8574411470637069,0.0,dispersion,,,,,,,,,,,,,,,,,,,,
1.2,0.3,0.5733406592801373,0.8699771237900429,0.0,dispersion,,,,,,,,,,,,,,,,,,,,
1.2,0.3,0.5811946409141118,0.882498927215613,0.0,dispersion,,,,,,,,,,,,,,,,,,,,
1.2,0.3,0.5890486225480862,0.8950060571184382,0.0,dispersion,,,,,,,,,,,,,,,,,,,,
1.2,0.3,0.5969026041820608,0.9074980254076136,0.0,dispersion,,,,,,,,,,,,,,,,,,,,
1.2,0.3,0.6047565858160352,0.9199743556772508,0.0,dispersion,,,,,,,,,,,,,,,,,,,,
1.2,0.3,0.6126105674500097,0.9324345827824584,0.0,dispersion,,,,,,,,,,,,,,,,,,,,
1.2,0.3,0.6204645490839842,0.9448782524360148,0.0,dispersion,,,,,,,,,,,,,,,,,,,,
1.2,0.3,0.6283185307179586,0.9573049208244736,0.0,dispersion,,,,,,,,,,,,,,,,,,,,
1.2,0.3,0.6361725123519332,0.969714154242528,0.0,dispersion,,,,,,,,,,,,,,,,,,,,
1.2,0.3,0.6440264939859076,0.982105528744554,0.0,dispersion,,,,,,,,,,,,,,,,,,,,
1.2,0.3,0.6518804756198822,0.9944786298123364,0.0,dispersion,,,,,,,,,,,,,,,,,,,,
1.2,0.3,0.6597344572538566,1.0068330520380169,0.0,dispersion,,,,,,,,,,,,,,,,,,,,
1.2,0.3,0.6675884388878311,1.0191683988214106,0.0,dispersion,,,,,,,,,,,,,,,,,,,,
1.2,0.3,0.6754424205218056,1.0314842820808856,0.0,dispersion,,,,,,,,,,,,,,,,,,,,
1.2,0.3,0.68329640215578,1.0437803219770176,0.0,dispersion,,,,,,,,,,,,,,,,,,,,
1.2,0.3,0.6911503837897546,1.0560561466483511,0.0,dispersion,,,,,,,,,,,,,,,,,,,,
1.2,0.3,0.699004365423729,1.0683113919585718,0.0,dispersion,,,,,,,,,,,,,,,,,,,,
1.2,0.3,0.7068583470577036,1.0805457012545057,0.0,dispersion,,,,,,,,,,,,,,,,,,,,
1.2,0.3,0.714712328691678,1.092758725134336,0.0,dispersion,,,,,,,,,,,,,,,,,,,,
1.2,0.3,0.7225663103256524,1.104950121225528,0.0,dispersion,,,,,,,,,,,,,,,,,,,,
1.2,0.3,0.730420291959627,1.1171195539719296,0.0,dispersion,,,,,,,,,,,,,,,,,,,,
1.2,0.3,0.7382742735936014,1.1292666944295842,0.0,dispersion,,,,,,,,,,,,,,,,,,,,
1.2,0.3,0.746128255227576,1.1413912200708185,0.0,dispersion,,,,,,,,,,,,,,,,,,,,
1.2,0.3,0.7539822368615504,1.153492814596172,0.0,dispersion,,,,,,,,,,,,,,,,,,,,
1.2,0.3,0.7618362184955249,1.16557116775378,0.0,dispersion,,,,,,,,,,,,,,,,,,,,
1.2,0.3,0.7696902001294994,1.1776259751658589,0.0,dispersion,,,,,,,,,,,,,,,,,,,,
1.2,0.3,0.7775441817634738,1.189656938161897,0.0,dispersion,,,,,,,,,,,,,,,,,,,,
1.2,0.3,0.7853981633974484,1.2016637636183,0.0,dispersion,,,,,,,,,,,,,,,,,,,,
1.2,0.3,0.7932521450314228,1.2136461638041056,0.0,dispersion,,,,,,,,,,,,,,,,,,,,
1.2,0.3,0.8011061266653973,1.225603856232528,0.0,dispersion,,,,,,,,,,,,,,,,,,,,
1.2,0.3,0.8089601082993718,1.2375365635180375,0.0,dispersion,,,,,,,,,,,,,,,,,,,,
1.2,0.3,0.8168140899333463,1.249444013238722,0.0,dispersion,,,,,,,,,,,,,,,,,,,,
1.2,0.3,0.8246680715673208,1.261325937803687,0.0,dispersion,,,,,,,,,,,,,,,,,,,,
1.2,0.3,0.8325220532012952,1.2731820743252589,0.0,dispersion,,,,,,,,,,,,,,,,,,,,
1.2,0.3,0.8403760348352697,1.2850121644957802,0.0,dispersion,,,,,,,,,,,,,,,,,,,,
1.2,0.3,0.8482300164692442,1.296815954468787,0.0,dispersion,,,,,,,,,,,,,,,,,,,,
1.2,0.3,0.8560839981032187,1.30859319474437,0.0,dispersion,,,,,,,,,,,,,,,,,,,,
1.2,0.3,0.8639379797371932,1.3203436400585495,0.0,dispersion,,,,,,,,,,,,,,,,,,,,
1.2,0.3,0.8717919613711677,1.3320670492764624,0.0,dispersion,,,,,,,,,,,,,,,,,,,,
1.2,0.3,0.8796459430051422,1.343763185289231,0.0,dispersion,,,,,,,,,,,,,,,,,,,,
1.2,0.3,0.8874999246391166,1.3554318149143183,0.0,dispersion,,,,,,,,,,,,,,,,,,,,
1.2,0.3,0.8953539062730911,1.3670727087992605,0.0,dispersion,,,,,,,,,,,,,,,,,,,,
1.2,0.3,0.9032078879070656,1.378685641328592,0.0,dispersion,,,,,,,,,,,,,,,,,,,,
1.2,0.3,0.91106186954104,1.3902703905338691,0.0,dispersion,,,,,,,,,,,,,,,,,,,,
1.2,0.3,0.9189158511750146,1.4018267380066434,0.0,dispersion,,,,,,,,,,,,,,,,,,,,
1.2,0.3,0.9267698328089892,1.4133544688142556,0.0,dispersion,,,,,,,,,,,,,,,,,,,,
1.2,0.3,0.9346238144429636,1.4248533714183655,0.0,dispersion,,,,,,,,,,,,,,,,,,,,
1.2,0.3,0.942477796076938,1.4363232375960695,0.0,dispersion,,,,,,,,,,,,,,,,,,,,
1.2,0.3,0.9503317777109124,1.4477638623635385,0.0,dispersion,,,,,,,,,,,,,,,,,,,,
1.2,0.3,0.958185759344887,1.459175043902044,0.0,dispersion,,,,,,,,,,,,,,,,,,,,
1.2,0.3,0.9660397409788616,1.4705565834863048,0.0,dispersion,,,,,,,,,,,,,,,,,,,,
1.2,0.3,0.973893722612836,1.4819082854150436,0.0,dispersion,,,,,,,,,,,,,,,,,,,,
1.2,0.3,0.9817477042468103,1.493229956943685,0.0,dispersion,,,,,,,,,,,,,,,,,,,,
1.2,0.3,0.9896016858807848,1.504521408219095,0.0,dispersion,,,,,,,,,,,,,,,,,,,,
1.2,0.3,0.9974556675147594,1.5157824522162997,0.0,dispersion,,,,,,,,,,,,,,,,,,,,
1.2,0.3,1.005309649148734,1.5270129046771008,0.0,dispersion,,,,,,,,,,,,,,,,,,,,
1.2,0.3,1.0131636307827083,1.5382125840505148,0.0,dispersion,,,,,,,,,,,,,,,,,,,,
1.2,0.3,1.0210176124166828,1.5493813114349797,0.0,dispersion,,,,,,,,,,,,,,,,,,,,
1.2,0.3,1.0288715940506574,1.5605189105222392,0.0,dispersion,,,,,,,,,,,,,,,,,,,,
1.2,0.3,1.036725575684632,1.5716252075428796,0.0,dispersion,,,,,,,,,,,,,,,,,,,,
1.2,0.3,1.0445795573186063,1.5827000312134194,0.0,dispersion,,,,,,,,,,,,,,,,,,,,
1.2,0.3,1.0524335389525807,1.5937432126849334,0.0,dispersion,,,,,,,,,,,,,,,,,,,,
1.2,0.3,1.0602875205865552,1.6047545854931151,0.0,dispersion,,,,,,,,,,,,,,,,,,,,
1.2,0.3,1.0681415022205298,1.615733985509778,0.0,dispersion,,,,,,,,,,,,,,,,,,,,
1.2,0.3,1.0759954838545045,1.6266812508956872,0.0,dispersion,,,,,,,,,,,,,,,,,,,,
1.2,0.3,1.0838494654884787,1.6375962220547202,0.0,dispersion,,,,,,,,,,,,,,,,,,,,
1.2,0.3,1.0917034471224532,1.6484787415892934,0.0,dispersion,,,,,,,,,,,,,,,,,,,,
1.2,0.3,1.0995574287564276,1.6593286542570056,0.0,dispersion,,,,,,,,,,,,,,,,,,,,
1.2,0.3,1.1074114103904025,1.670145806928463,0.0,dispersion,,,,,,,,,,,,,,,,,,,,
1.2,0.3,1.1152653920243767,1.6809300485462455,0.0,dispersion,,,,,,,,,,,,,,,,,,,,
1.2,0.3,1.1231193736583511,1.691681230084982,0.0,dispersion,,,,,,,,,,,,,,,,,,,,
1.2,0.3,1.1309733552923256,1.7023992045124767,0.0,dispersion,,,,,,,,,,,,,,,,,,,,
1.2,0.3,1.1388273369263,1.7130838267518784,0.0,dispersion,,,,,,,,,,,,,,,,,,,,
1.2,0.3,1.1466813185602749,1.7237349536448343,0.0,dispersion,,,,,,,,,,,,,,,,,,,,
1.2,0.3,1.154535300194249,1.7343524439156144,0.0,dispersion,,,,,,,,,,,,,,,,,,,,
1.2,0.3,1.1623892818282235,1.7449361581361669,0.0,dispersion,,,,,,,,,,,,,,,,,,,,
1.2,0.3,1.170243263462198,1.7554859586920657,0.0,dispersion,,,,,,,,,,,,,,,,,,,,
1.2,0.3,1.1780972450961724,1.766001709749342,0.0,dispersion,,,,,,,,,,,,,,,,,,,,
1.2,0.3,1.185951226730147,1.7764832772221515,0.0,dispersion,,,,,,,,,,,,,,,,,,,,
1.2,0.3,1.1938052083641215,1.786930528741262,0.0,dispersion,,,,,,,,,,,,,,,,,,,,
1.2,0.3,1.201659189998096,1.7973433336233342,0.0,dispersion,,,,,,,,,,,,,,,,,,,,
1.2,0.3,1.2095131716320704,1.8077215628409644,0.0,dispersion,,,,,,,,,,,,,,,,,,,,
1.2,0.3,1.2173671532660448,1.8180650889934769,0.0,dispersion,,,,,,,,,,,,,,,,,,,,
1.2,0.3,1.2252211349000195,1.8283737862784304,0.0,dispersion,,,,,,,,,,,,,,,,,,,,
1.2,0.3,1.233075116533994,1.8386475304638188,0.0,dispersion,,,,,,,,,,,,,,,,,,,,
1.2,0.3,1.2409290981679684,1.8488861988609653,0.0,dispersion,,,,,,,,,,,,,,,,,,,,
1.2,0.3,1.2487830798019428,1.8590896702980504,0.0,dispersion,,,,,,,,,,,,,,,,,,,,
1.2,0.3,1.2566370614359172,1.8692578250942904,0.0,dispersion,,,,,,,,,,,,,,,,,,,,
1.2,0.3,1.264491043069892,1.8793905450347304,0.0,dispersion,,,,,,,,,,,,,,,,,,,,
1.2,0.3,1.2723450247038663,1.889487713345631,0.0,dispersion,,,,,,,,,,,,,,,,,,,,
1.2,0.3,1.2801990063378408,1.8995492146704387,0.0,dispersion,,,,,,,,,,,,,,,,,,,,
1.2,0.3,1.2880529879718152,1.909574935046327,0.0,dispersion,,,,,,,,,,,,,,,,,,,,
1.2,0.3,1.29590696960579,1.9195647618812728,0.0,dispersion,,,,,,,,,,,,,,,,,,,,
1.2,0.3,1.3037609512397643,1.9295185839316689,0.0,dispersion,,,,,,,,,,,,,,,,,,,,
1.2,0.3,1.3116149328737388,1.93943629128046,0.0,dispersion,,,,,,,,,,,,,,,,,,,,
1.2,0.3,1.3194689145077132,1.9493177753157704,0.0,dispersion,,,,,,,,,,,,,,,,,,,,
1.2,0.3,1.3273228961416876,1.959162928710017,0.0,dispersion,,,,,,,,,,,,,,,,,,,,
1.2,0.3,1.3351768777756623,1.96897164539951,0.0,dispersion,,,,,,,,,,,,,,,,,,,,
1.2,0.3,1.3430308594096367,1.978743820564498,0.0,dispersion,,,,,,,,,,,,,,,,,,,,
1.2,0.3,1.3508848410436112,1.9884793506096672,0.0,dispersion,,,,,,,,,,,,,,,,,,,,
1.2,0.3,1.3587388226775856,1.998178133145072,0.0,dispersion,,,,,,,,,,,,,,,,,,,,
1.2,0.3,1.36659280431156,2.0078400669674967,0.0,dispersion,,,,,,,,,,,,,,,,,,,,
1.2,0.3,1.3744467859455347,2.0174650520422115,0.0,dispersion,,,,,,,,,,,,,,,,,,,,
1.2,0.3,1.3823007675795091,2.027052989485145,0.0,dispersion,,,,,,,,,,,,,,,,,,,,
1.2,0.3,1.3901547492134836,2.036603781545437,0.0,dispersion,,,,,,,,,,,,,,,,,,,,
1.2,0.3,1.398008730847458,2.0461173315883734,0.0,dispersion,,,,,,,,,,,,,,,,,,,,
1.2,0.3,1.4058627124814325,2.055593544078675,0.0,dispersion,,,,,,,,,,,,,,,,,,,,
1.2,0.3,1.4137166941154071,2.0650323245641733,0.0,dispersion,,,,,,,,,,,,,,,,,,,,
1.2,0.3,1.4215706757493816,2.0744335796598063,0.0,dispersion,,,,,,,,,,,,,,,,,,,,
1.2,0.3,1.429424657383356,2.083797217031969,0.0,dispersion,,,,,,,,,,,,,,,,,,,,
1.2,0.3,1.4372786390173304,2.0931231453831867,0.0,dispersion,,,,,,,,,,,,,,,,,,,,
1.2,0.3,1.4451326206513049,2.102411274437123,0.0,dispersion,,,,,,,,,,,,,,,,,,,,
1.2,0.3,1.4529866022852795,2.111661514923881,0.0,dispersion,,,,,,,,,,,,,,,,,,,,
1.2,0.3,1.460840583919254,2.120873778565634,0.0,dispersion,,,,,,,,,,,,,,,,,,,,
1.2,0.3,1.4686945655532284,2.1300479780625285,0.0,dispersion,,,,,,,,,,,,,,,,,,,,
1.2,0.3,1.4765485471872029,2.139184027078901,0.0,dispersion,,,,,,,,,,,,,,,,,,,,
1.2,0.3,1.4844025288211773,2.1482818402297585,0.0,dispersion,,,,,,,,,,,,,,,,,,,,
1.2,0.3,1.492256510455152,2.1573413330675453,0.0,dispersion,,,,,,,,,,,,,,,,,,,,
1.2,0.3,1.5001104920891264,2.166362422069172,0.0,dispersion,,,,,,,,,,,,,,,,,,,,
1.2,0.3,1.5079644737231008,2.1753450246233177,0.0,dispersion,,,,,,,,,,,,,,,,,,,,
1.2,0.3,1.5158184553570753,2.1842890590179715,0.0,dispersion,,,,,,,,,,,,,,,,,,,,
1.2,0.3,1.5236724369910497,2.1931944444282285,0.0,dispersion,,,,,,,,,,,,,,,,,,,,
1.2,0.3,1.5315264186250244,2.202061100904342,0.0,dispersion,,,,,,,,,,,,,,,,,,,,
1.2,0.3,1.5393804002589988,2.210888949359988,0.0,dispersion,,,,,,,,,,,,,,,,,,,,
1.2,0.3,1.5472343818929732,2.219677911560784,0.0,dispersion,,,,,,,,,,,,,,,,,,,,
1.2,0.3,1.5550883635269477,2.228427910113017,0.0,dispersion,,,,,,,,,,,,,,,,,,,,
1.2,0.3,1.562942345160922,2.2371388684526035,0.0,dispersion,,,,,,,,,,,,,,,,,,,,
1.2,0.3,1.5707963267948968,2.2458107108342538,0.0,dispersion,,,,,,,,,,,,,,,,,,,,
1.2,0.3,1.5786503084288712,2.254443362320855,0.0,dispersion,,,,,,,,,,,,,,,,,,,,
1.2,0.3,1.5865042900628457,2.263036748773052,0.0,dispersion,,,,,,,,,,,,,,,,,,,,
1.2,0.3,1.59435827169682,2.271590796839029,0.0,dispersion,,,,,,,,,,,,,,,,,,,,
1.2,0.3,1.6022122533307943,2.2801054339444957,0.0,dispersion,,,,,,,,,,,,,,,,,,,,
1.2,0.3,1.6100662349647692,2.2885805882828496,0.0,dispersion,,,,,,,,,,,,,,,,,,,,
1.2,0.3,1.6179202165987436,2.297016188805531,0.0,dispersion,,,,,,,,,,,,,,,,,,,,
1.2,0.3,1.625774198232718,2.305412165212568,0.0,dispersion,,,,,,,,,,,,,,,,,,,,
1.2,0.3,1.6336281798666925,2.313768447943277,0.0,dispersion,,,,,,,,,,,,,,,,,,,,
1.2,0.3,1.641482161500667,2.322084968167174,0.0,dispersion,,,,,,,,,,,,,,,,,,,,
1.2,0.3,1.6493361431346416,2.330361657775005,0.0,dispersion,,,,,,,,,,,,,,,,,,,,
1.2,0.3,1.657190124768616,2.338598449369996,0.0,dispersion,,,,,,,,,,,,,,,,,,,,
1.2,0.3,1.6650441064025905,2.34679527625922,0.0,dispersion,,,,,,,,,,,,,,,,,,,,
1.2,0.3,1.672898088036565,2.354952072445152,0.0,dispersion,,,,,,,,,,,,,,,,,,,,
1.2,0.3,1.6807520696705394,2.363068772617369,0.0,dispersion,,,,,,,,,,,,,,,,,,,,
1.2,0.3,1.688606051304514,2.371145312144391,0.0,dispersion,,,,,,,,,,,,,,,,,,,,
1.2,0.3,1.6964600329384885,2.3791816270656896,0.0,dispersion,,,,,,,,,,,,,,,,,,,,
1.2,0.3,1.704314014572463,2.3871776540838274,0.0,dispersion,,,,,,,,,,,,,,,,,,,,
1.2,0.3,1.7121679962064371,2.3951333305567504,0.0,dispersion,,,,,,,,,,,,,,,,,,,,
1.2,0.3,1.7200219778404118,2.4030485944902016,0.0,dispersion,,,,,,,,,,,,,,,,,,,,
1.2,0.3,1.7278759594743864,2.410923384530288,0.0,dispersion,,,,,,,,,,,,,,,,,,,,
1.2,0.3,1.7357299411083609,2.418757639956175,0.0,dispersion,,,,,,,,,,,,,,,,,,,,
1.2,0.3,1.743583922742335,2.426551300672897,0.0,dispersion,,,,,,,,,,,,,,,,,,,,
1.2,0.3,1.7514379043763098,2.4343043072043247,0.0,dispersion,,,,,,,,,,,,,,,,,,,,
1.2,0.3,1.7592918860102844,2.4420166006862227,0.0,dispersion,,,,,,,,,,,,,,,,,,,,
1.2,0.3,1.7671458676442588,2.4496881228594534,0.0,dispersion,,,,,,,,,,,,,,,,,,,,
1.2,0.3,1.7749998492782333,2.4573188160632937,0.0,dispersion,,,,,,,,,,,,,,,,,,,,
1.2,0.3,1.7828538309122075,2.4649086232288577,0.0,dispersion,,,,,,,,,,,,,,,,,,,,
1.2,0.3,1.7907078125461822,2.4724574878726493,0.0,dispersion,,,,,,,,,,,,,,,,,,,,
1.2,0.3,1.7985617941801568,2.4799653540902207,0.0,dispersion,,,,,,,,,,,,,,,,,,,,
1.2,0.3,1.8064157758141317,2.487432166549933,0.0,dispersion,,,,,,,,,,,,,,,,,,,,
1.2,0.3,1.8142697574481057,2.494857870486836,0.0,dispersion,,,,,,,,,,,,,,,,,,,,
1.2,0.3,1.82212373908208,2.502242411696648,0.0,dispersion,,,,,,,,,,,,,,,,,,,,
1.2,0.3,1.8299777207160544,2.509585736529833,0.0,dispersion,,,,,,,,,,,,,,,,,,,,
1.2,0.3,1.8378317023500288,2.516887791885795,0.0,dispersion,,,,,,,,,,,,,,,,,,,,
1.2,0.3,1.845685683984004,2.524148525207146,0.0,dispersion,,,,,,,,,,,,,,,,,,,,
1.2,0.3,1.853539665617978,2.531367884474096,0.0,dispersion,,,,,,,,,,,,,,,,,,,,
1.2,0.3,1.8613936472519528,2.538545818198928,0.0,dispersion,,,,,,,,,,,,,,,,,,,,
1.2,0.3,1.869247628885927,2.545682275420557,0.0,dispersion,,,,,,,,,,,,,,,,,,,,
1.2,0.3,1.8771016105199017,2.552777205699192,0.0,dispersion,,,,,,,,,,,,,,,,,,,,
1.2,0.3,1.884955592153876,2.5598305591110933,0.0,dispersion,,,,,,,,,,,,,,,,,,,,
1.2,0.3,1.8928095737878503,2.566842286243392,0.0,dispersion,,,,,,,,,,,,,,,,,,,,
1.2,0.3,1.900663555421825,2.573812338189029,0.0,dispersion,,,,,,,,,,,,,,,,,,,,
1.2,0.3,1.9085175370557996,2.580740666541744,0.0,dispersion,,,,,,,,,,,,,,,,,,,,
1.2,0.3,1.916371518689774,2.587627223391181,0.0,dispersion,,,,,,,,,,,,,,,,,,,,
1.2,0.3,1.9242255003237485,2.594471961318046,0.0,dispersion,,,,,,,,,,,,,,,,,,,,
1.2,0.3,1.932079481957723,2.601274833389362,0.0,dispersion,,,,,,,,,,,,,,,,,,,,
1.2,0.3,1.9399334635916972,2.608035793153798,0.0,dispersion,,,,,,,,,,,,,,,,,,,,
1.2,0.3,1.947787445225672,2.614754794637072,0.0,dispersion,,,,,,,,,,,,,,,,,,,,
1.2,0.3,1.9556414268596465,2.6214317923374253,0.0,dispersion,,,,,,,,,,,,,,,,,,,,
1.2,0.3,1.963495408493621,2.6280667412211827,0.0,dispersion,,,,,,,,,,,,,,,,,,,,
1.2,0.3,1.9713493901275956,2.634659596718383,0.0,dispersion,,,,,,,,,,,,,,,,,,,,
1.2,0.3,1.9792033717615696,2.6412103147184545,0.0,dispersion,,,,,,,,,,,,,,,,,,,,
1.2,0.3,1.987057353395544,2.6477188515660064,0.0,dispersion,,,,,,,,,,,,,,,,,,,,
1.2,0.3,1.994911335029519,2.654185164056649,0.0,dispersion,,,,,,,,,,,,,,,,,,,,
1.2,0.3,2.0027653166634933,2.660609209432898,0.0,dispersion,,,,,,,,,,,,,,,,,,,,
1.2,0.3,2.010619298297468,2.666990945380152,0.0,dispersion,,,,,,,,,,,,,,,,,,,,
1.2,0.3,2.018473279931442,2.673330330022704,0.0,dispersion,,,,,,,,,,,,,,,,,,,,
1.2,0.3,2.0263272615654166,2.6796273219198614,0.0,dispersion,,,,,,,,,,,,,,,,,,,,
1.2,0.3,2.034181243199391,2.6858818800620914,0.0,dispersion,,,,,,,,,,,,,,,,,,,,
1.2,0.3,2.042035224833365,2.692093963867247,0.0,dispersion,,,,,,,,,,,,,,,,,,,,
1.2,0.3,2.0498892064673404,2.698263533176841,0.0,dispersion,,,,,,,,,,,,,,,,,,,,
1.2,0.3,2.057743188101315,2.7043905482523947,0.0,dispersion,,,,,,,,,,,,,,,,,,,,
1.2,0.3,2.0655971697352893,2.7104749697718264,0.0,dispersion,,,,,,,,,,,,,,,,,,,,
1.2,0.3,2.073451151369264,2.7165167588259185,0.0,dispersion,,,,,,,,,,,,,,,,,,,,
1.2,0.3,2.081305133003238,2.722515876914813,0.0,dispersion,,,,,,,,,,,,,,,,,,,,
1.2,0.3,2.0891591146372126,2.728472285944599,0.0,dispersion,,,,,,,,,,,,,,,,,,,,
1.2,0.3,2.097013096271187,2.7343859482239106,0.0,dispersion,,,,,,,,,,,,,,,,,,,,
1.2,0.3,2.104867077905161,2.740256826460616,0.0,dispersion,,,,,,,,,,,,,,,,,,,,
1.2,0.3,2.112721059539136,2.746084883758541,0.0,dispersion,,,,,,,,,,,,,,,,,,,,
1.2,0.3,2.1205750411731104,2.751870083614247,0.0,dispersion,,,,,,,,,,,,,,,,,,,,
1.2,0.3,2.128429022807085,2.7576123899138567,0.0,dispersion,,,,,,,,,,,,,,,,,,,,
1.2,0.3,2.13628300444106,2.7633117669299394,0.0,dispersion,,,,,,,,,,,,,,,,,,,,
1.2,0.3,2.144136986075034,2.768968179318428,0.0,dispersion,,,,,,,,,,,,,,,,,,,,
1.2,0.3,2.151990967709009,2.77458159211561,0.0,dispersion,,,,,,,,,,,,,,,,,,,,
1.2,0.3,2.159844949342983,2.780151970735133,0.0,dispersion,,,,,,,,,,,,,,,,,,,,
1.2,0.3,2.167698930976957,2.785679280965091,0.0,dispersion,,,,,,,,,,,,,,,,,,,,
1.2,0.3,2.175552912610932,2.791163488965128,0.0,dispersion,,,,,,,,,,,,,,,,,,,,
1.2,0.3,2.1834068942449063,2.7966045612636083,0.0,dispersion,,,,,,,,,,,,,,,,,,,,
1.2,0.3,2.1912608758788807,2.8020024647548096,0.0,dispersion,,,,,,,,,,,,,,,,,,,,
1.2,0.3,2.199114857512855,2.8073571666961894,0.0,dispersion,,,,,,,,,,,,,,,,,,,,
1.2,0.3,2.20696883914683,2.8126686347056595,0.0,dispersion,,,,,,,,,,,,,,,,,,,,
1.2,0.3,2.2148228207808045,2.8179368367589266,0.0,dispersion,,,,,,,,,,,,,,,,,,,,
1.2,0.3,2.222676802414779,2.823161741186877,0.0,dispersion,,,,,,,,,,,,,,,,,,,,
1.2,0.3,2.2305307840487534,2.828343316672977,0.0,dispersion,,,,,,,,,,,,,,,,,,,,
1.2,0.3,2.238384765682728,2.833481532250742,0.0,dispersion,,,,,,,,,,,,,,,,,,,,
1.2,0.3,2.2462387473167023,2.838576357301231,0.0,dispersion,,,,,,,,,,,,,,,,,,,,
1.2,0.3,2.2540927289506767,2.8436277615505743,0.0,dispersion,,,,,,,,,,,,,,,,,,,,
1.2,0.3,2.261946710584651,2.8486357150675685,0.0,dispersion,,,,,,,,,,,,,,,,,,,,
1.2,0.3,2.2698006922186256,2.853600188261266,0.0,dispersion,,,,,,,,,,,,,,,,,,,,
1.2,0.3,2.2776546738526,2.8585211518786338,0.0,dispersion,,,,,,,,,,,,,,,,,,,,
1.2,0.3,2.285508655486575,2.863398577002242,0.0,dispersion,,,,,,,,,,,,,,,,,,,,
1.2,0.3,2.2933626371205493,2.868232435047987,0.0,dispersion,,,,,,,,,,,,,,,,,,,,
1.2,0.3,2.301216618754524,2.873022697762848,0.0,dispersion,,,,,,,,,,,,,,,,,,,,
1.2,0.3,2.309070600388498,2.877769337222676,0.0,dispersion,,,,,,,,,,,,,,,,,,,,
1.2,0.3,2.3169245820224726,2.8824723258300344,0.0,dispersion,,,,,,,,,,,,,,,,,,,,
1.2,0.3,2.324778563656447,2.887131636312047,0.0,dispersion,,,,,,,,,,,,,,,,,,,,
1.2,0.3,2.332632545290421,2.891747241718309,0.0,dispersion,,,,,,,,,,,,,,,,,,,,
1.2,0.3,2.340486526924396,2.8963191154188,0.0,dispersion,,,,,,,,,,,,,,,,,,,,
1.2,0.3,2.3483405085583704,2.9008472311018583,0.0,dispersion,,,,,,,,,,,,,,,,,,,,
1.2,0.3,2.356194490192345,2.9053315627721745,0.0,dispersion,,,,,,,,,,,,,,,,,,,,
1.2,0.3,2.36404847182632,2.909772084748809,0.0,dispersion,,,,,,,,,,,,,,,,,,,,
1.2,0.3,2.371902453460294,2.91416877166326,0.0,dispersion,,,,,,,,,,,,,,,,,,,,
1.2,0.3,2.3797564350942686,2.918521598457544,0.0,dispersion,,,,,,,,,,,,,,,,,,,,
1.2,0.3,2.387610416728243,2.9228305403823165,0.0,dispersion,,,,,,,,,,,,,,,,,,,,
1.2,0.3,2.395464398362217,2.9270955729950234,0.0,dispersion,,,,,,,,,,,,,,,,,,,,
1.2,0.3,2.403318379996192,2.93131667215808,0.0,dispersion,,,,,,,,,,,,,,,,,,,,
1.2,0.3,2.4111723616301663,2.935493814037077,0.0,dispersion,,,,,,,,,,,,,,,,,,,,
1.2,0.3,2.419026343264141,2.9396269750990123,0.0,dispersion,,,,,,,,,,,,,,,,,,,,
1.2,0.3,2.4268803248981152,2.9437161321105627,0.0,dispersion,,,,,,,,,,,,,,,,,,,,
1.2,0.3,2.4347343065320897,2.9477612621363782,0.0,dispersion,,,,,,,,,,,,,,,,,,,,
1.2,0.3,2.4425882881660645,2.9517623425374,0.0,dispersion,,,,,,,,,,,,,,,,,,,,
1.2,0.3,2.450442269800039,2.9557193509692024,0.0,dispersion,,,,,,,,,,,,,,,,,,,,
1.2,0.3,2.458296251434013,2.9596322653803844,0.0,dispersion,,,,,,,,,,,,,,,,,,,,
1.2,0.3,2.466150233067988,2.963501064010953,0.0,dispersion,,,,,,,,,,,,,,,,,,,,
1.2,0.3,2.4740042147019623,2.967325725390769,0.0,dispersion,,,,,,,,,,,,,,,,,,,,
1.2,0.3,2.4818581963359367,2.9711062283379897,0.0,dispersion,,,,,,,,,,,,,,,,,,,,
1.2,0.3,2.489712177969911,2.9748425519575514,0.0,dispersion,,,,,,,,,,,,,,,,,,,,
1.2,0.3,2.4975661596038856,2.978534675639676,0.0,dispersion,,,,,,,,,,,,,,,,,,,,
1.2,0.3,2.50542014123786,2.982182579058404,0.0,dispersion,,,,,,,,,,,,,,,,,,,,
1.2,0.3,2.5132741228718345,2.9857862421701484,0.0,dispersion,,,,,,,,,,,,,,,,,,,,
1.2,0.3,2.5211281045058094,2.989345645212266,0.0,dispersion,,,,,,,,,,,,,,,,,,,,
1.2,0.3,2.528982086139784,2.992860768701676,0.0,dispersion,,,,,,,,,,,,,,,,,,,,
1.2,0.3,2.5368360677737583,2.9963315934334847,0.0,dispersion,,,,,,,,,,,,,,,,,,,,
1.2,0.3,2.5446900494077327,2.9997581004796183,0.0,dispersion,,,,,,,,,,,,,,,,,,,,
1.2,0.3,2.552544031041707,3.003140271187525,0.0,dispersion,,,,,,,,,,,,,,,,,,,,
1.2,0.3,2.5603980126756816,3.006478087178854,0.0,dispersion,,,,,,,,,,,,,,,,,,,,
1.2,0.3,2.568251994309656,3.0097715303481807,0.0,dispersion,,,,,,,,,,,,,,,,,,,,
1.2,0.3,2.5761059759436304,3.0130205828617584,0.0,dispersion,,,,,,,,,,,,,,,,,,,,
1.2,0.3,2.583959957577605,3.0162252271562657,0.0,dispersion,,,,,,,,,,,,,,,,,,,,
1.2,0.3,2.59181393921158,3.01938544593761,0.0,dispersion,,,,,,,,,,,,,,,,,,,,
1.2,0.3,2.599667920845554,3.022501222179737,0.0,dispersion,,,,,,,,,,,,,,,,,,,,
1.2,0.3,2.6075219024795286,3.0255725391234423,0.0,dispersion,,,,,,,,,,,,,,,,,,,,
1.2,0.3,2.615375884113503,3.028599380275248,0.0,dispersion,,,,,,,,,,,,,,,,,,,,
1.2,0.3,2.623229865747477,3.031581729406262,0.0,dispersion,,,,,,,,,,,,,,,,,,,,
1.2,0.3,2.631083847381452,3.034519570551068,0.0,dispersion,,,,,,,,,,,,,,,,,,,,
1.2,0.3,2.6389378290154264,3.03741288800666,0.0,dispersion,,,,,,,,,,,,,,,,,,,,
1.2,0.3,2.646791810649401,3.0402616663313493,0.0,dispersion,,,,,,,,,,,,,,,,,,,,
1.2,0.3,2.6546457922833757,3.0430658903437515,0.0,dispersion,,,,,,,,,,,,,,,,,,,,
1.2,0.3,2.6624997739173497,3.0458255451217333,0.0,dispersion,,,,,,,,,,,,,,,,,,,,
1.2,0.3,2.6703537555513246,3.048540616001426,0.0,dispersion,,,,,,,,,,,,,,,,,,,,
1.2,0.3,2.678207737185299,3.051211088576236,0.0,dispersion,,,,,,,,,,,,,,,,,,,,
1.2,0.3,2.686061718819273,3.0538369486958707,0.0,dispersion,,,,,,,,,,,,,,,,,,,,
1.2,0.3,2.693915700453248,3.0564181824654093,0.0,dispersion,,,,,,,,,,,,,,,,,,,,
1.2,0.3,2.7017696820872223,3.0589547762443674,0.0,dispersion,,,,,,,,,,,,,,,,,,,,
1.2,0.3,2.709623663721197,3.0614467166457784,0.0,dispersion,,,,,,,,,,,,,,,,,,,,
1.2,0.3,2.7174776453551712,3.063893990535316,0.0,dispersion,,,,,,,,,,,,,,,,,,,,
1.2,0.3,2.7253316269891457,3.0662965850304293,0.0,dispersion,,,,,,,,,,,,,,,,,,,,
1.2,0.3,2.73318560862312,3.068654487499476,0.0,dispersion,,,,,,,,,,,,,,,,,,,,
1.2,0.3,2.7410395902570945,3.0709676855608983,0.0,dispersion,,,,,,,,,,,,,,,,,,,,
1.2,0.3,2.7488935718910694,3.073236167082392,0.0,dispersion,,,,,,,,,,,,,,,,,,,,
1.2,0.3,2.756747553525044,3.075459920180137,0.0,dispersion,,,,,,,,,,,,,,,,,,,,
1.2,0.3,2.7646015351590183,3.077638933217988,0.0,dispersion,,,,,,,,,,,,,,,,,,,,
1.2,0.3,2.7724555167929927,3.079773194806729,0.0,dispersion,,,,,,,,,,,,,,,,,,,,
1.2,0.3,2.780309498426967,3.0818626938033247,0.0,dispersion,,,,,,,,,,,,,,,,,,,,
1.2,0.3,2.7881634800609416,3.0839074193101808,0.0,dispersion,,,,,,,,,,,,,,,,,,,,
1.2,0.3,2.796017461694916,3.085907360674461,0.0,dispersion,,,,,,,,,,,,,,,,,,,,
1.2,0.3,2.8038714433288905,3.0878625074873685,0.0,dispersion,,,,,,,,,,,,,,,,,,,,
1.2,0.3,2.811725424962865,3.089772849583478,0.0,dispersion,,,,,,,,,,,,,,,,,,,,
1.2,0.3,2.81957940659684,3.091638377040081,0.0,dispersion,,,,,,,,,,,,,,,,,,,,
1.2,0.3,2.8274333882308142,3.0934590801765376,0.0,dispersion,,,,,,,,,,,,,,,,,,,,
1.2,0.3,2.8352873698647887,3.095234949553655,0.0,dispersion,,,,,,,,,,,,,,,,,,,,
1.2,0.3,2.843141351498763,3.096965975973064,0.0,dispersion,,,,,,,,,,,,,,,,,,,,
1.2,0.3,2.8509953331327376,3.0986521504766693,0.0,dispersion,,,,,,,,,,,,,,,,,,,,
1.2,0.3,2.858849314766712,3.100293464346003,0.0,dispersion,,,,,,,,,,,,,,,,,,,,
1.2,0.3,2.8667032964006864,3.101889909101732,0.0,dispersion,,,,,,,,,,,,,,,,,,,,
1.2,0.3,2.874557278034661,3.1034414765030656,0.0,dispersion,,,,,,,,,,,,,,,,,,,,
1.2,0.3,2.8824112596686358,3.1049481585472583,0.0,dispersion,,,,,,,,,,,,,,,,,,,,
1.2,0.3,2.8902652413026098,3.1064099474690803,0.0,dispersion,,,,,,,,,,,,,,,,,,,,
1.2,0.3,2.898119222936584,3.107826835740331,0.0,dispersion,,,,,,,,,,,,,,,,,,,,
1.2,0.3,2.905973204570559,3.109198816069348,0.0,dispersion,,,,,,,,,,,,,,,,,,,,
1.2,0.3,2.913827186204533,3.1105258814005508,0.0,dispersion,,,,,,,,,,,,,,,,,,,,
1.2,0.3,2.921681167838508,3.1118080249139908,0.0,dispersion,,,,,,,,,,,,,,,,,,,,
1.2,0.3,2.9295351494724824,3.1130452400249125,0.0,dispersion,,,,,,,,,,,,,,,,,,,,
1.2,0.3,2.937389131106457,3.114237520383333,0.0,dispersion,,,,,,,,,,,,,,,,,,,,
1.2,0.3,2.9452431127404317,3.1153848598736484,0.0,dispersion,,,,,,,,,,,,,,,,,,,,
1.2,0.3,2.9530970943744057,3.116487252614235,0.0,dispersion,,,,,,,,,,,,,,,,,,,,
1.2,0.3,2.96095107600838,3.117544692957092,0.0,dispersion,,,,,,,,,,,,,,,,,,,,
1.2,0.3,2.9688050576423546,3.1185571754874597,0.0,dispersion,,,,,,,,,,,,,,,,,,,,
1.2,0.3,2.976659039276329,3.1195246950234994,0.0,dispersion,,,,,,,,,,,,,,,,,,,,
1.2,0.3,2.984513020910304,3.120447246615964,0.0,dispersion,,,,,,,,,,,,,,,,,,,,
1.2,0.3,2.9923670025442783,3.1213248255478625,0.0,dispersion,,,,,,,,,,,,,,,,,,,,
1.2,0.3,3.000220984178253,3.122157427334192,0.0,dispersion,,,,,,,,,,,,,,,,,,,,
1.2,0.3,3.008074965812227,3.122945047721635,0.0,dispersion,,,,,,,,,,,,,,,,,,,,
1.2,0.3,3.0159289474462017,3.1236876826882938,0.0,dispersion,,,,,,,,,,,,,,,,,,,,
1.2,0.3,3.023782929080176,3.124385328443457,0.0,dispersion,,,,,,,,,,,,,,,,,,,,
1.2,0.3,3.0316369107141505,3.125037981427325,0.0,dispersion,,,,,,,,,,,,,,,,,,,,
1.2,0.3,3.039490892348125,3.125645638310827,0.0,dispersion,,,,,,,,,,,,,,,,,,,,
1.2,0.3,3.0473448739820994,3.126208295995376,0.0,dispersion,,,,,,,,,,,,,,,,,,,,
1.2,0.3,3.0551988556160743,3.1267259516126864,0.0,dispersion,,,,,,,,,,,,,,,,,,,,
1.2,0.3,3.0630528372500487,3.127198602524607,0.0,dispersion,,,,,,,,,,,,,,,,,,,,
1.2,0.3,3.070906818884023,3.1276262463229485,0.0,dispersion,,,,,,,,,,,,,,,,,,,,
1.2,0.3,3.0787608005179976,3.128008880829311,0.0,dispersion,,,,,,,,,,,,,,,,,,,,
1.2,0.3,3.086614782151972,3.128346504094981,0.0,dispersion,,,,,,,,,,,,,,,,,,,,
1.2,0.3,3.0944687637859465,3.128639114400788,0.0,dispersion,,,,,,,,,,,,,,,,,,,,
1.2,0.3,3.102322745419921,3.128886710256997,0.0,dispersion,,,,,,,,,,,,,,,,,,,,
1.2,0.3,3.110176727053896,3.129089290403229,0.0,dispersion,,,,,,,,,,,,,,,,,,,,
1.2,0.3,3.11803070868787,3.1292468538083678,0.0,dispersion,,,,,,,,,,,,,,,,,,,,
1.2,0.3,3.125884690321844,3.1293593996705056,0.0,dispersion,,,,,,,,,,,,,,,,,,,,
1.2,0.3,3.133738671955819,3.1294269274168838,0.0,dispersion,,,,,,,,,,,,,,,,,,,,
1.2,0.3,3.141592653589793,3.1294494367038537,0.0,dispersion,,,,,,,,,,,,,,,,,,,,
1.6,0.3,0.0,0.0,0.0,dispersion,,,,,,,,,,,,,,,,,,,,
1.6,0.3,0.0078539816339744,0.0011354102168292,0.0260759846168287,dispersion,,,,,,,,,,,,,,,,,,,,
1.6,0.3,0.0157079632679489,0.0033525553869475,0.044724642028148,dispersion,,,,,,,,,,,,,,,,,,,,
1.6,0.3,0.0235619449019234,0.006289574515701,0.0611079860724606,dispersion,,,,,,,,,,,,,,,,,,,,
1.6,0.3,0.0314159265358979,0.0098055897009092,0.0760736763352671,dispersion,,,,,,,,,,,,,,,,,,,,
1.6,0.3,0.0392699081698724,0.0138159948852476,0.0899928620307155,dispersion,,,,,,,,,,,,,,,,,,,,
1.6,0.3,0.0471238898038469,0.0182621493620893,0.1030717396667503,dispersion,,,,,,,,,,,,,,,,,,,,
1.6,0.3,0.0549778714378213,0.0231000939198897,0.1154402096880724,dispersion,,,,,,,,,,,,,,,,,,,,
1.6,0.3,0.0628318530717958,0.0282951788118908,0.1271868316420281,dispersion,,,,,,,,,,,,,,,,,,,,
1.6,0.3,0.0706858347057703,0.0338191172096373,0.1383753505395496,dispersion,,,,,,,,,,,,,,,,,,,,
1.6,0.3,0.0785398163397448,0.0396482093797869,0.1490534975129693,dispersion,,,,,,,,,,,,,,,,,,,,
1.6,0.3,0.0863937979737193,0.0457621973358566,0.1592580914632223,dispersion,,,,,,,,,,,,,,,,,,,,
1.6,0.3,0.0942477796076938,0.052143487173202,0.1690181914745846,dispersion,,,,,,,,,,,,,,,,,,,,
1.6,0.3,0.1021017612416682,0.0587765992902142,0.1783571443761257,dispersion,,,,,,,,,,,,,,,,,,,,
1.6,0.3,0.1099557428756427,0.0656477668242543,0.1872939689513277,dispersion,,,,,,,,,,,,,,,,,,,,
1.6,0.3,0.1178097245096172,0.0727446343359945,0.1958443228100298,dispersion,,,,,,,,,,,,,,,,,,,,
1.6,0.3,0.1256637061435917,0.0800560265397714,0.2040211962971648,dispersion,,,,,,,,,,,,,,,,,,,,
1.6,0.3,0.1335176877775662,0.0875717673384148,0.2118354218922686,dispersion,,,,,,,,,,,,,,,,,,,,
1.6,0.3,0.1413716694115407,0.0952825358434126,0.2192960552980749,dispersion,,,,,,,,,,,,,,,,,,,,
1.6,0.3,0.1492256510455152,0.1031797501464235,0.2264106650482166,dispersion,,,,,,,,,,,,,,,,,,,,
1.6,0.3,0.1570796326794896,0.1112554722872989,0.2331855554242359,dispersion,,,,,,,,,,,,,,,,,,,,
1.6,0.3,0.1649336143134641,0.1195023296680715,0.2396259397576699,dispersion,,,,,,,,,,,,,,,,,,,,
1.6,0.3,0.1727875959474386,0.1279134494063545,0.2457360761157805,dispersion,,,,,,,,,,,,,,,,,,,,
1.6,0.3,0.1806415775814131,0.1364824029971543,0.2515193739464516,dispersion,,,,,,,,,,,,,,,,,,,,
1.6,0.3,0.1884955592153876,0.1452031592799225,0.2569784778986033,dispersion,,,,,,,,,,,,,,,,,,,,
1.6,0.3,0.1963495408493621,0.1540700441653688,0.2621153333746475,dispersion,,,,,,,,,,,,,,,,,,,,
1.6,0.3,0.2042035224833365,0.1630777059153176,0.2669312371802666,dispersion,,,,,,,,,,,,,,,,,,,,
1.6,0.3,0.212057504117311,0.1722210850230401,0.2714268757645617,dispersion,,,,,,,,,,,,,,,,,,,,
1.6,0.3,0.2199114857512855,0.1814953879345562,0.2756023528912964,dispersion,,,,,,,,,,,,,,,,,,,,
1.6,0.3,0.22776546738526,0.1908960639997778,0.2794572080824887,dispersion,,,,,,,,,,,,,,,,,,,,
1.6,0.3,0.2356194490192345,0.2004187851575662,0.2829904267824356,dispersion,,,,,,,,,,,,,,,,,,,,
1.6,0.3,0.2434734306532089,0.210059427949081,0.2862004428702958,dispersion,,,,,,,,,,,,,,,,,,,,
1.6,0.3,0.2513274122871834,0.2198140575252947,0.2890851338783149,dispersion,,,,,,,,,,,,,,,,,,,,
1.6,0.3,0.2591813939211579,0.2296789133715124,0.291641809031882,dispersion,,,,,,,,,,,,,,,,,,,,
1.6,0.3,0.2670353755551324,0.2396503965176133,0.2938671900017399,dispersion,,,,,,,,,,,,,,,,,,,,
1.6,0.3,0.2748893571891069,0.2497250580397914,0.2957573840344441,dispersion,,,,,,,,,,,,,,,,,,,,
1.6,0.3,0.2827433388230814,0.2598995886898878,0.2973078488919521,dispersion,,,,,,,,,,,,,,,,,,,,
1.6,0.3,0.2905973204570559,0.2701708095131836,0.298513348771711,dispersion,,,,,,,,,,,,,,,,,,,,
1.6,0.3,0.2984513020910304,0.2805356633360494,0.2993679000798722,dispersion,,,,,,,,,,,,,,,,,,,,
1.6,0.3,0.3063052837250049,0.2909912070218319,0.299864705574158,dispersion,,,,,,,,,,,,,,,,,,,,
1.6,0.3,0.3141592653589793,0.3015346044075646,0.2999960749565105,dispersion,,,,,,,,,,,,,,,,,,,,
1.6,0.3,0.3220132469929538,0.3121631198459873,0.2997533294487521,dispersion,,,,,,,,,,,,,,,,,,,,
1.6,0.3,0.3298672286269283,0.3228741122873866,0.2991266871863224,dispersion,,,,,,,,,,,,,,,,,,,,
1.6,0.3,0.3377212102609028,0.3336650298442543,0.2981051253594702,dispersion,,,,,,,,,,,,,,,,,,,,
1.6,0.3,0.3455751918948773,0.3445334047889816,0.2966762138390955,dispersion,,,,,,,,,,,,,,,,,,,,
1.6,0.3,0.3534291735288518,0.3554768489409614,0.2948259134329642,dispersion,,,,,,,,,,,,,,,,,,,,
1.6,0.3,0.3612831551628262,0.366493049404738,0.2925383297635697,dispersion,,,,,,,,,,,,,,,,,,,,
1.6,0.3,0.3691371367968007,0.3775797646253973,0.2897954107998743,dispersion,,,,,,,,,,,,,,,,,,,,
1.6,0.3,0.3769911184307752,0.3887348207312757,0.2865765719485603,dispersion,,,,,,,,,,,,,,,,,,,,
1.6,0.3,0.3848451000647497,0.3999561081374805,0.2828582267603477,dispersion,,,,,,,,,,,,,,,,,,,,
1.6,0.3,0.3926990816987242,0.4112415783866472,0.2786131928643139,dispersion,,,,,,,,,,,,,,,,,,,,
1.6,0.3,0.4005530633326986,0.4225892412059138,0.2738099303176535,dispersion,,,,,,,,,,,,,,,,,,,,
1.6,0.3,0.4084070449666731,0.4339971617613385,0.2684115508690072,dispersion,,,,,,,,,,,,,,,,,,,,
1.6,0.3,0.4162610266006476,0.4454634580929626,0.2623745078311475,dispersion,,,,,,,,,,,,,,,,,,,,
1.6,0.3,0.4241150082346221,0.4569862987154089,0.2556468306387473,dispersion,,,,,,,,,,,,,,,,,,,,
1.6,0.3,0.4319689898685966,0.4685639003704673,0.2481656936240284,dispersion,,,,,,,,,,,,,,,,,,,,
1.6,0.3,0.4398229715025711,0.4801945259194207,0.2398539823073096,dispersion,,,,,,,,,,,,,,,,,,,,
1.6,0.3,0.4476769531365455,0.4918764823640809,0.2306152976616828,dispersion,,,,,,,,,,,,,,,,,,,,
1.6,0.3,0.45553093477052,0.5036081189865347,0.220326425747719,dispersion,,,,,,,,,,,,,,,,,,,,
1.6,0.3,0.4633849164044945,0.515387825598544,0.2088254883483603,dispersion,,,,,,,,,,,,,,,,,,,,
1.6,0.3,0.471238898038469,0.5272140308923889,0.195892276942284,dispersion,,,,,,,,,,,,,,,,,,,,
1.6,0.3,0.4790928796724435,0.5390852008856586,0.181213318267351,dispersion,,,,,,,,,,,,,,,,,,,,
1.6,0.3,0.4869468613064179,0.5509998374531913,0.1643139726209294,dispersion,,,,,,,,,,,,,,,,,,,,
1.6,0.3,0.4948008429403924,0.5629564769399402,0.1444087643993074,dispersion,,,,,,,,,,,,,,,,,,,,
1.6,0.3,0.5026548245743669,0.5749536888490854,0.1200019541019242,dispersion,,,,,,,,,,,,,,,,,,,,
1.6,0.3,0.5105088062083414,0.5869900746001913,0.0873881976068659,dispersion,,,,,,,,,,,,,,,,,,,,
1.6,0.3,0.5183627878423159,0.5990642663526564,0.0236762452882074,dispersion,,,,,,,,,,,,,,,,,,,,
1.6,0.3,0.5262167694762904,0.6111749258900585,0.0,dispersion,,,,,,,,,,,,,,,,,,,,
1.6,0.3,0.5340707511102649,0.623320743561401,0.0,dispersion,,,,,,,,,,,,,,,,,,,,
1.6,0.3,0.5419247327442394,0.6355004372755475,0.0,dispersion,,,,,,,,,,,,,,,,,,,,
1.6,0.3,0.5497787143782138,0.6477127515454442,0.0,dispersion,,,,,,,,,,,,,,,,,,,,
1.6,0.3,0.5576326960121883,0.6599564565789791,0.0,dispersion,,,,,,,,,,,,,,,,,,,,
1.6,0.3,0.5654866776461628,0.6722303474135827,0.0,dispersion,,,,,,,,,,,,,,,,,,,,
1.6,0.3,0.5733406592801373,0.6845332430918818,0.0,dispersion,,,,,,,,,,,,,,,,,,,,
1.6,0.3,0.5811946409141118,0.6968639858759171,0.0,dispersion,,,,,,,,,,,,,,,,,,,,
1.6,0.3,0.5890486225480862,0.7092214404976391,0.0,dispersion,,,,,,,,,,,,,,,,,,,,
1.6,0.3,0.5969026041820608,0.7216044934435142,0.0,dispersion,,,,,,,,,,,,,,,,,,,,
1.6,0.3,0.6047565858160352,0.7340120522712934,0.0,dispersion,,,,,,,,,,,,,,,,,,,,
1.6,0.3,0.6126105674500097,0.74644304495707,0.0,dispersion,,,,,,,,,,,,,,,,,,,,
1.6,0.3,0.6204645490839842,0.7588964192709262,0.0,dispersion,,,,,,,,,,,,,,,,,,,,
1.6,0.3,0.6283185307179586,0.7713711421795686,0.0,dispersion,,,,,,,,,,,,,,,,,,,,
1.6,0.3,0.6361725123519332,0.7838661992744533,0.0,dispersion,,,,,,,,,,,,,,,,,,,,
1.6,0.3,0.6440264939859076,0.7963805942240252,0.0,dispersion,,,,,,,,,,,,,,,,,,,,
1.6,0.3,0.6518804756198822,0.8089133482487569,0.0,dispersion,,,,,,,,,,,,,,,,,,,,
1.6,0.3,0.6597344572538566,0.8214634996177865,0.0,dispersion,,,,,,,,,,,,,,,,,,,,
1.6,0.3,0.6675884388878311,0.8340301031660169,0.0,dispersion,,,,,,,,,,,,,,,,,,,,
1.6,0.3,0.6754424205218056,0.8466122298306016,0.0,dispersion,,,,,,,,,,,,,,,,,,,,
1.6,0.3,0.68329640215578,0.8592089662058402,0.0,dispersion,,,,,,,,,,,,,,,,,,,,
1.6,0.3,0.6911503837897546,0.8718194141155375,0.0,dispersion,,,,,,,,,,,,,,,,,,,,
1.6,0.3,0.699004365423729,0.8844426902019498,0.0,dispersion,,,,,,,,,,,,,,,,,,,,
1.6,0.3,0.7068583470577036,0.8970779255304979,0.0,dispersion,,,,,,,,,,,,,,,,,,,,
1.6,0.3,0.714712328691678,0.9097242652094796,0.0,dispersion,,,,,,,,,,,,,,,,,,,,
1.6,0.3,0.7225663103256524,0.9223808680240436,0.0,dispersion,,,,,,,,,,,,,,,,,,,,
1.6,0.3,0.730420291959627,0.93504690608375,0.0,dispersion,,,,,,,,,,,,,,,,,,,,
1.6,0.3,0.7382742735936014,0.9477215644830516,0.0,dispersion,,,,,,,,,,,,,,,,,,,,
1.6,0.3,0.746128255227576,0.9604040409741346,0.0,dispersion,,,,,,,,,,,,,,,,,,,,
1.6,0.3,0.7539822368615504,0.9730935456514848,0.0,dispersion,,,,,,,,,,,,,,,,,,,,
1.6,0.3,0.7618362184955249,0.985789300647692,0.0,dispersion,,,,,,,,,,,,,,,,,,,,
1.6,0.3,0.7696902001294994,0.9984905398399502,0.0,dispersion,,,,,,,,,,,,,,,,,,,,
1.6,0.3,0.7775441817634738,1.0111965085667836,0.0,dispersion,,,,,,,,,,,,,,,,,,,,
1.6,0.3,0.7853981633974484,1.0239064633545405,0.0,dispersion,,,,,,,,,,,,,,,,,,,,
1.6,0.3,0.7932521450314228,1.0366196716532283,0.0,dispersion,,,,,,,,,,,,,,,,,,,,
1.6,0.3,0.8011061266653973,1.0493354115812703,0.0,dispersion,,,,,,,,,,,,,,,,,,,,
1.6,0.3,0.8089601082993718,1.0620529716788116,0.0,dispersion,,,,,,,,,,,,,,,,,,,,
1.6,0.3,0.8168140899333463,1.0747716506692004,0.0,dispersion,,,,,,,,,,,,,,,,,,,,
1.6,0.3,0.8246680715673208,1.087490757228296,0.0,dispersion,,,,,,,,,,,,,,,,,,,,
1.6,0.3,0.8325220532012952,1.100209609761285,0.0,dispersion,,,,,,,,,,,,,,,,,,,,
1.6,0.3,0.8403760348352697,1.1129275361866782,0.0,dispersion,,,,,,,,,,,,,,,,,,,,
1.6,0.3,0.8482300164692442,1.125643873727206,0.0,dispersion,,,,,,,,,,,,,,,,,,,,
1.6,0.3,0.8560839981032187,1.1383579687073262,0.0,dispersion,,,,,,,,,,,,,,,,,,,,
1.6,0.3,0.8639379797371932,1.1510691763570629,0.0,dispersion,,,,,,,,,,,,,,,,,,,,
1.6,0.3,0.8717919613711677,1.1637768606219554,0.0,dispersion,,,,,,,,,,,,,,,,,,,,
1.6,0.3,0.8796459430051422,1.176480393978832,0.0,dispersion,,,,,,,,,,,,,,,,,,,,
1.6,0.3,0.8874999246391166,1.1891791572572192,0.0,dispersion,,,,,,,,,,,,,,,,,,,,
1.6,0.3,0.8953539062730911,1.2018725394661356,0.0,dispersion,,,,,,,,,,,,,,,,,,,,
1.6,0.3,0.9032078879070656,1.2145599376260852,0.0,dispersion,,,,,,,,,,,,,,,,,,,,
1.6,0.3,0.91106186954104,1.2272407566060275,0.0,dispersion,,,,,,,,,,,,,,,,,,,,
1.6,0.3,0.9189158511750146,1.239914408965168,0.0,dispersion,,,,,,,,,,,,,,,,,,,,
1.6,0.3,0.9267698328089892,1.2525803147993395,0.0,dispersion,,,,,,,,,,,,,,,,,,,,
1.6,0.3,0.9346238144429636,1.2652379015918611,0.0,dispersion,,,,,,,,,,,,,,,,,,,,
1.6,0.3,0.942477796076938,1.2778866040686618,0.0,dispersion,,,,,,,,,,,,,,,,,,,,
1.6,0.3,0.9503317777109124,1.2905258640575237,0.0,dispersion,,,,,,,,,,,,,,,,,,,,
1.6,0.3,0.958185759344887,1.3031551303513167,0.0,dispersion,,,,,,,,,,,,,,,,,,,,
1.6,0.3,0.9660397409788616,1.3157738585750507,0.0,dispersion,,,,,,,,,,,,,,,,,,,,
1.6,0.3,0.973893722612836,1.3283815110566248,0.0,dispersion,,,,,,,,,,,,,,,,,,,,
1.6,0.3,0.9817477042468103,1.340977556701148,0.0,dispersion,,,,,,,,,,,,,,,,,,,,
1.6,0.3,0.9896016858807848,1.3535614708686718,0.0,dispersion,,,,,,,,,,,,,,,,,,,,
1.6,0.3,0.9974556675147594,1.3661327352552748,0.0,dispersion,,,,,,,,,,,,,,,,,,,,
1.6,0.3,1.005309649148734,1.3786908377773135,0.0,dispersion,,,,,,,,,,,,,,,,,,,,
1.6,0.3,1.0131636307827083,1.3912352724587893,0.0,dispersion,,,,,,,,,,,,,,,,,,,,
1.6,0.3,1.0210176124166828,1.403765539321693,0.0,dispersion,,,,,,,,,,,,,,,,,,,,
1.6,0.3,1.0288715940506574,1.416281144279222,0.0,dispersion,,,,,,,,,,,,,,,,,,,,
1.6,0.3,1.036725575684632,1.4287815990318111,0.0,dispersion,,,,,,,,,,,,,,,,,,,,
1.6,0.3,1.0445795573186063,1.4412664209658268,0.0,dispersion,,,,,,,,,,,,,,,,,,,,
1.6,0.3,1.0524335389525807,1.4537351330548924,0.0,dispersion,,,,,,,,,,,,,,,,,,,,
1.6,0.3,1.0602875205865552,1.466187263763718,0.0,dispersion,,,,,,,,,,,,,,,,,,,,
1.6,0.3,1.0681415022205298,1.4786223469543696,0.0,dispersion,,,,,,,,,,,,,,,,,,,,
1.6,0.3,1.0759954838545045,1.4910399217949055,0.0,dispersion,,,,,,,,,,,,,,,,,,,,
1.6,0.3,1.0838494654884787,1.5034395326702794,0.0,dispersion,,,,,,,,,,,,,,,,,,,,
1.6,0.3,1.0917034471224532,1.5158207290954675,0.0,dispersion,,,,,,,,,,,,,,,,,,,,
1.6,0.3,1.0995574287564276,1.5281830656307325,0.0,dispersion,,,,,,,,,,,,,,,,,,,,
1.6,0.3,1.1074114103904025,1.5405261017989496,0.0,dispersion,,,,,,,,,,,,,,,,,,,,
1.6,0.3,1.1152653920243767,1.5528494020049486,0.0,dispersion,,,,,,,,,,,,,,,,,,,,
1.6,0.3,1.1231193736583511,1.5651525354568103,0.0,dispersion,,,,,,,,,,,,,,,,,,,,
1.6,0.3,1.1309733552923256,1.5774350760890257,0.0,dispersion,,,,,,,,,,,,,,,,,,,,
1.6,0.3,1.1388273369263,1.5896966024875048,0.0,dispersion,,,,,,,,,,,,,,,,,,,,
1.6,0.3,1.1466813185602749,1.6019366978163396,0.0,dispersion,,,,,,,,,,,,,,,,,,,,
1.6,0.3,1.154535300194249,1.614154949746307,0.0,dispersion,,,,,,,,,,,,,,,,,,,,
1.6,0.3,1.1623892818282235,1.6263509503850189,0.0,dispersion,,,,,,,,,,,,,,,,,,,,
1.6,0.3,1.170243263462198,1.6385242962087,0.0,dispersion,,,,,,,,,,,,,,,,,,,,
1.6,0.3,1.1780972450961724,1.650674587995533,0.0,dispersion,,,,,,,,,,,,,,,,,,,,
1.6,0.3,1.185951226730147,1.6628014307605368,0.0,dispersion,,,,,,,,,,,,,,,,,,,,
1.6,0.3,1.1938052083641215,1.6749044336919034,0.0,dispersion,,,,,,,,,,,,,,,,,,,,
1.6,0.3,1.201659189998096,1.6869832100887971,0.0,dispersion,,,,,,,,,,,,,,,,,,,,
1.6,0.3,1.2095131716320704,1.699037377300529,0.0,dispersion,,,,,,,,,,,,,,,,,,,,
1.6,0.3,1.2173671532660448,1.7110665566670984,0.0,dispersion,,,,,,,,,,,,,,,,,,,,
1.6,0.3,1.2252211349000195,1.7230703734610495,0.0,dispersion,,,,,,,,,,,,,,,,,,,,
1.6,0.3,1.233075116533994,1.7350484568305995,0.0,dispersion,,,,,,,,,,,,,,,,,,,,
1.6,0.3,1.2409290981679684,1.747000439744025,0.0,dispersion,,,,,,,,,,,,,,,,,,,,
1.6,0.3,1.2487830798019428,1.7589259589352504,0.0,dispersion,,,,,,,,,,,,,,,,,,,,
1.6,0.3,1.2566370614359172,1.7708246548506072,0.0,dispersion,,,,,,,,,,,,,,,,,,,,
1.6,0.3,1.264491043069892,1.7826961715967502,0.0,dispersion,,,,,,,,,,,,,,,,,,,,
1.6,0.3,1.2723450247038663,1.794540156889673,0.0,dispersion,,,,,,,,,,,,,,,,,,,,
1.6,0.3,1.2801990063378408,1.806356262004816,0.0,dispersion,,,,,,,,,,,,,,,,,,,,
1.6,0.3,1.2880529879718152,1.8181441417282185,0.0,dispersion,,,,,,,,,,,,,,,,,,,,
1.6,0.3,1.29590696960579,1.8299034543087105,0.0,dispersion,,,,,,,,,,,,,,,,,,,,
1.6,0.3,1.3037609512397643,1.84163386141108,0.0,dispersion,,,,,,,,,,,,,,,,,,,,
1.6,0.3,1.3116149328737388,1.8533350280702283,0.0,dispersion,,,,,,,,,,,,,,,,,,,,
1.6,0.3,1.3194689145077132,1.8650066226462796,0.0,dispersion,,,,,,,,,,,,,,,,,,,,
1.6,0.3,1.3273228961416876,1.8766483167805732,0.0,dispersion,,,,,,,,,,,,,,,,,,,,
1.6,0.3,1.3351768777756623,1.888259785352605,0.0,dispersion,,,,,,,,,,,,,,,,,,,,
1.6,0.3,1.3430308594096367,1.8998407064378,0.0,dispersion,,,,,,,,,,,,,,,,,,,,
1.6,0.3,1.3508848410436112,1.9113907612661585,0.0,dispersion,,,,,,,,,,,,,,,,,,,,
1.6,0.3,1.3587388226775856,1.922909634181727,0.0,dispersion,,,,,,,,,,,,,,,,,,,,
1.6,0.3,1.36659280431156,1.9343970126028736,0.0,dispersion,,,,,,,,,,,,,,,,,,,,
1.6,0.3,1.3744467859455347,1.9458525869833576,0.0,dispersion,,,,,,,,,,,,,,,,,,,,
1.6,0.3,1.3823007675795091,1.9572760507741689,0.0,dispersion,,,,,,,,,,,,,,,,,,,,
1.6,0.3,1.3901547492134836,1.9686671003861091,0.0,dispersion,,,,,,,,,,,,,,,,,,,,
1.6,0.3,1.398008730847458,1.9800254351531088,0.0,dispersion,,,,,,,,,,,,,,,,,,,,
1.6,0.3,1.4058627124814325,1.9913507572962612,0.0,dispersion,,,,,,,,,,,,,,,,,,,,
1.6,0.3,1.4137166941154071,2.0026427718885373,0.0,dispersion,,,,,,,,,,,,,,,,,,,,
1.6,0.3,1.4215706757493816,2.013901186820196,0.0,dispersion,,,,,,,,,,,,,,,,,,,,
1.6,0.3,1.429424657383356,2.0251257127648525,0.0,dispersion,,,,,,,,,,,,,,,,,,,,
1.6,0.3,1.4372786390173304,2.036316063146184,0.0,dispersion,,,,,,,,,,,,,,,,,,,,
1.6,0.3,1.4451326206513049,2.04747195410527,0.0,dispersion,,,,,,,,,,,,,,,,,,,,
1.6,0.3,1.4529866022852795,2.05859310446856,0.0,dispersion,,,,,,,,,,,,,,,,,,,,
1.6,0.3,1.460840583919254,2.069679235716418,0.0,dispersion,,,,,,,,,,,,,,,,,,,,
1.6,0.3,1.4686945655532284,2.0807300719522805,0.0,dispersion,,,,,,,,,,,,,,,,,,,,
1.6,0.3,1.4765485471872029,2.0917453398723707,0.0,dispersion,,,,,,,,,,,,,,,,,,,,
1.6,0.3,1.4844025288211773,2.10272476873598,0.0,dispersion,,,,,,,,,,,,,,,,,,,,
1.6,0.3,1.492256510455152,2.113668090336287,0.0,dispersion,,,,,,,,,,,,,,,,,,,,
1.6,0.3,1.5001104920891264,2.1245750389717246,0.0,dispersion,,,,,,,,,,,,,,,,,,,,
1.6,0.3,1.5079644737231008,2.13544535141786,0.0,dispersion,,,,,,,,,,,,,,,,,,,,
1.6,0.3,1.5158184553570753,2.1462787668997865,0.0,dispersion,,,,,,,,,,,,,,,,,,,,
1.6,0.3,1.5236724369910497,2.157075027065015,0.0,dispersion,,,,,,,,,,,,,,,,,,,,
1.6,0.3,1.5315264186250244,2.167833875956853,0.0,dispersion,,,,,,,,,,,,,,,,,,,,
1.6,0.3,1.5393804002589988,2.1785550599882617,0.0,dispersion,,,,,,,,,,,,,,,,,,,,
1.6,0.3,1.5472343818929732,2.189238327916166,0.0,dispersion,,,,,,,,,,,,,,,,,,,,
1.6,0.3,1.5550883635269477,2.199883430816254,0.0,dispersion,,,,,,,,,,,,,,,,,,,,
1.6,0.3,1.562942345160922,2.21049012205817,0.0,dispersion,,,,,,,,,,,,,,,,,,,,
1.6,0.3,1.5707963267948968,2.2210581572811963,0.0,dispersion,,,,,,,,,,,,,,,,,,,,
1.6,0.3,1.5786503084288712,2.2315872943703243,0.0,dispersion,,,,,,,,,,,,,,,,,,,,
1.6,0.3,1.5865042900628457,2.24207729343276,0.0,dispersion,,,,,,,,,,,,,,,,,,,,
1.6,0.3,1.59435827169682,2.252527916774833,0.0,dispersion,,,,,,,,,,,,,,,,,,,,
1.6,0.3,1.6022122533307943,2.2629389288793065,0.0,dispersion,,,,,,,,,,,,,,,,,,,,
1.6,0.3,1.6100662349647692,2.273310096383071,0.0,dispersion,,,,,,,,,,,,,,,,,,,,
1.6,0.3,1.6179202165987436,2.2836411880552343,0.0,dispersion,,,,,,,,,,,,,,,,,,,,
1.6,0.3,1.625774198232718,2.2939319747755715,0.0,dispersion,,,,,,,,,,,,,,,,,,,,
1.6,0.3,1.6336281798666925,2.304182229513344,0.0,dispersion,,,,,,,,,,,,,,,,,,,,
1.6,0.3,1.641482161500667,2.314391727306499,0.0,dispersion,,,,,,,,,,,,,,,,,,,,
1.6,0.3,1.6493361431346416,2.3245602452411736,0.0,dispersion,,,,,,,,,,,,,,,,,,,,
1.6,0.3,1.657190124768616,2.3346875624316006,0.0,dispersion,,,,,,,,,,,,,,,,,,,,
1.6,0.3,1.6650441064025905,2.344773460000306,0.0,dispersion,,,,,,,,,,,,,,,,,,,,
1.6,0.3,1.672898088036565,2.354817721058653,0.0,dispersion,,,,,,,,,,,,,,,,,,,,
1.6,0.3,1.6807520696705394,2.364820130687721,0.0,dispersion,,,,,,,,,,,,,,,,,,,,
1.6,0.3,1.688606051304514,2.37478047591948,0.0,dispersion,,,,,,,,,,,,,,,,,,,,
1.6,0.3,1.6964600329384885,2.384698545718284,0.0,dispersion,,,,,,,,,,,,,,,,,,,,
1.6,0.3,1.704314014572463,2.394574130962688,0.0,dispersion,,,,,,,,,,,,,,,,,,,,
1.6,0.3,1.7121679962064371,2.4044070244275133,0.0,dispersion,,,,,,,,,,,,,,,,,,,,
1.6,0.3,1.7200219778404118,2.414197020766266,0.0,dispersion,,,,,,,,,,,,,,,,,,,,
1.6,0.3,1.7278759594743864,2.4239439164938146,0.0,dispersion,,,,,,,,,,,,,,,,,,,,
1.6,0.3,1.7357299411083609,2.43364750996932,0.0,dispersion,,,,,,,,,,,,,,,,,,,,
1.6,0.3,1.743583922742335,2.443307601379484,0.0,dispersion,,,,,,,,,,,,,,,,,,,,
1.6,0.3,1.7514379043763098,2.4529239927220616,0.0,dispersion,,,,,,,,,,,,,,,,,,,,
1.6,0.3,1.7592918860102844,2.462496487789614,0.0,dispersion,,,,,,,,,,,,,,,,,,,,
1.6,0.3,1.7671458676442588,2.472024892153536,0.0,dispersion,,,,,,,,,,,,,,,,,,,,
1.6,0.3,1.7749998492782333,2.4815090131483477,0.0,dispersion,,,,,,,,,,,,,,,,,,,,
1.6,0.3,1.7828538309122075,2.490948659856217,0.0,dispersion,,,,,,,,,,,,,,,,,,,,
1.6,0.3,1.7907078125461822,2.5003436430917434,0.0,dispersion,,,,,,,,,,,,,,,,,,,,
1.6,0.3,1.7985617941801568,2.50969377538696,0.0,dispersion,,,,,,,,,,,,,,,,,,,,
1.6,0.3,1.8064157758141317,2.5189988709766125,0.0,dispersion,,,,,,,,,,,,,,,,,,,,
1.6,0.3,1.8142697574481057,2.528258745783615,0.0,dispersion,,,,,,,,,,,,,,,,,,,,
1.6,0.3,1.82212373908208,2.537473217404789,0.0,dispersion,,,,,,,,,,,,,,,,,,,,
1.6,0.3,1.8299777207160544,2.5466421050967734,0.0,dispersion,,,,,,,,,,,,,,,,,,,,
1.6,0.3,1.8378317023500288,2.555765229762204,0.0,dispersion,,,,,,,,,,,,,,,,,,,,
1.6,0.3,1.845685683984004,2.5648424139360637,0.0,dispersion,,,,,,,,,,,,,,,,,,,,
1.6,0.3,1.853539665617978,2.573873481772258,0.0,dispersion,,,,,,,,,,,,,,,,,,,,
1.6,0.3,1.8613936472519528,2.582858259030434,0.0,dispersion,,,,,,,,,,,,,,,,,,,,
1.6,0.3,1.869247628885927,2.591796573062928,0.0,dispersion,,,,,,,,,,,,,,,,,,,,
1.6,0.3,1.8771016105199017,2.600688252801997,0.0,dispersion,,,,,,,,,,,,,,,,,,,,
1.6,0.3,1.884955592153876,2.609533128747173,0.0,dispersion,,,,,,,,,,,,,,,,,,,,
1.6,0.3,1.8928095737878503,2.6183310329528657,0.0,dispersion,,,,,,,,,,,,,,,,,,,,
1.6,0.3,1.900663555421825,2.627081799016114,0.0,dispersion,,,,,,,,,,,,,,,,,,,,
1.6,0.3,1.9085175370557996,2.6357852620645588,0.0,dispersion,,,,,,,,,,,,,,,,,,,,
1.6,0.3,1.916371518689774,2.644441258744564,0.0,dispersion,,,,,,,,,,,,,,,,,,,,
1.6,0.3,1.9242255003237485,2.653049627209544,0.0,dispersion,,,,,,,,,,,,,,,,,,,,
1.6,0.3,1.932079481957723,2.661610207108457,0.0,dispersion,,,,,,,,,,,,,,,,,,,,
1.6,0.3,1.9399334635916972,2.670122839574472,0.0,dispersion,,,,,,,,,,,,,,,,,,,,
1.6,0.3,1.947787445225672,2.678587367213806,0.0,dispersion,,,,,,,,,,,,,,,,,,,,
1.6,0.3,1.9556414268596465,2.687003634094727,0.0,dispersion,,,,,,,,,,,,,,,,,,,,
1.6,0.3,1.963495408493621,2.695371485736728,0.0,dispersion,,,,,,,,,,,,,,,,,,,,
1.6,0.3,1.9713493901275956,2.7036907690998637,0.0,dispersion,,,,,,,,,,,,,,,,,,,,
1.6,0.3,1.9792033717615696,2.711961332574231,0.0,dispersion,,,,,,,,,,,,,,,,,,,,
1.6,0.3,1.987057353395544,2.7201830259696225,0.0,dispersion,,,,,,,,,,,,,,,,,,,,
1.6,0.3,1.994911335029519,2.7283557005053405,0.0,dispersion,,,,,,,,,,,,,,,,,,,,
1.6,0.3,2.0027653166634933,2.7364792088001275,0.0,dispersion,,,,,,,,,,,,,,,,,,,,
1.6,0.3,2.010619298297468,2.7445534048622906,0.0,dispersion,,,,,,,,,,,,,,,,,,,,
1.6,0.3,2.018473279931442,2.7525781440799344,0.0,dispersion,,,,,,,,,,,,,,,,,,,,
1.6,0.3,2.0263272615654166,2.7605532832113697,0.0,dispersion,,,,,,,,,,,,,,,,,,,,
1.6,0.3,2.034181243199391,2.7684786803756305,0.0,dispersion,,,,,,,,,,,,,,,,,,,,
1.6,0.3,2.042035224833365,2.776354195043176,0.0,dispersion,,,,,,,,,,,,,,,,,,,,
1.6,0.3,2.0498892064673404,2.7841796880266605,0.0,dispersion,,,,,,,,,,,,,,,,,,,,
1.6,0.3,2.057743188101315,2.791955021471926,0.0,dispersion,,,,,,,,,,,,,,,,,,,,
1.6,0.3,2.0655971697352893,2.79968005884906,0.0,dispersion,,,,,,,,,,,,,,,,,,,,
1.6,0.3,2.073451151369264,2.8073546649435954,0.0,dispersion,,,,,,,,,,,,,,,,,,,,
1.6,0.3,2.081305133003238,2.814978705847885,0.0,dispersion,,,,,,,,,,,,,,,,,,,,
1.6,0.3,2.0891591146372126,2.8225520489525264,0.0,dispersion,,,,,,,,,,,,,,,,,,,,
1.6,0.3,2.097013096271187,2.8300745629379795,0.0,dispersion,,,,,,,,,,,,,,,,,,,,
1.6,0.3,2.104867077905161,2.8375461177662857,0.0,dispersion,,,,,,,,,,,,,,,,,,,,
1.6,0.3,2.112721059539136,2.844966584672885,0.0,dispersion,,,,,,,,,,,,,,,,,,,,
1.6,0.3,2.1205750411731104,2.8523358361585824,0.0,dispersion,,,,,,,,,,,,,,,,,,,,
1.6,0.3,2.128429022807085,2.859653745981618,0.0,dispersion,,,,,,,,,,,,,,,,,,,,
1.6,0.3,2.13628300444106,2.8669201891498384,0.0,dispersion,,,,,,,,,,,,,,,,,,,,
1.6,0.3,2.144136986075034,2.874135041913039,0.0,dispersion,,,,,,,,,,,,,,,,,,,,
1.6,0.3,2.151990967709009,2.881298181755338,0.0,dispersion,,,,,,,,,,,,,,,,,,,,
1.6,0.3,2.159844949342983,2.888409487387711,0.0,dispersion,,,,,,,,,,,,,,,,,,,,
1.6,0.3,2.167698930976957,2.895468838740649,0.0,dispersion,,,,,,,,,,,,,,,,,,,,
1.6,0.3,2.175552912610932,2.9024761169568527,0.0,dispersion,,,,,,,,,,,,,,,,,,,,
1.6,0.3,2.1834068942449063,2.9094312043841333,0.0,dispersion,,,,,,,,,,,,,,,,,,,,
1.6,0.3,2.1912608758788807,2.916333984568319,0.0,dispersion,,,,,,,,,,,,,,,,,,,,
1.6,0.3,2.199114857512855,2.923184342246329,0.0,dispersion,,,,,,,,,,,,,,,,,,,,
1.6,0.3,2.20696883914683,2.929982163339324,0.0,dispersion,,,,,,,,,,,,,,,,,,,,
1.6,0.3,2.2148228207808045,2.9367273349459584,0.0,dispersion,,,,,,,,,,,,,,,,,,,,
1.6,0.3,2.222676802414779,2.9434197453357465,0.0,dispersion,,,,,,,,,,,,,,,,,,,,
1.6,0.3,2.2305307840487534,2.950059283942496,0.0,dispersion,,,,,,,,,,,,,,,,,,,,
1.6,0.3,2.238384765682728,2.956645841357854,0.0,dispersion,,,,,,,,,,,,,,,,,,,,
1.6,0.3,2.2462387473167023,2.963179309324961,0.0,dispersion,,,,,,,,,,,,,,,,,,,,
1.6,0.3,2.2540927289506767,2.9696595807321824,0.0,dispersion,,,,,,,,,,,,,,,,,,,,
1.6,0.3,2.261946710584651,2.976086549606915,0.0,dispersion,,,,,,,,,,,,,,,,,,,,
1.6,0.3,2.2698006922186256,2.9824601111095195,0.0,dispersion,,,,,,,,,,,,,,,,,,,,
1.6,0.3,2.2776546738526,2.9887801615273246,0.0,dispersion,,,,,,,,,,,,,,,,,,,,
1.6,0.3,2.285508655486575,2.995046598268708,0.0,dispersion,,,,,,,,,,,,,,,,,,,,
1.6,0.3,2.2933626371205493,3.0012593198573,0.0,dispersion,,,,,,,,,,,,,,,,,,,,
1.6,0.3,2.301216618754524,3.007418225926208,0.0,dispersion,,,,,,,,,,,,,,,,,,,,
1.6,0.3,2.309070600388498,3.013523217212424,0.0,dispersion,,,,,,,,,,,,,,,,,,,,
1.6,0.3,2.3169245820224726,3.019574195551211,0.0,dispersion,,,,,,,,,,,,,,,,,,,,
1.6,0.3,2.324778563656447,3.025571063870628,0.0,dispersion,,,,,,,,,,,,,,,,,,,,
1.6,0.3,2.332632545290421,3.0315137261861405,0.0,dispersion,,,,,,,,,,,,,,,,,,,,
1.6,0.3,2.340486526924396,3.037402087595304,0.0,dispersion,,,,,,,,,,,,,,,,,,,,
1.6,0.3,2.3483405085583704,3.043236054272505,0.0,dispersion,,,,,,,,,,,,,,,,,,,,
1.6,0.3,2.356194490192345,3.0490155334637885,0.0,dispersion,,,,,,,,,,,,,,,,,,,,
1.6,0.3,2.36404847182632,3.054740433481811,0.0,dispersion,,,,,,,,,,,,,,,,,,,,
1.6,0.3,2.371902453460294,3.060410663700786,0.0,dispersion,,,,,,,,,,,,,,,,,,,,
1.6,0.3,2.3797564350942686,3.066026134551568,0.0,dispersion,,,,,,,,,,,,,,,,,,,,
1.6,0.3,2.387610416728243,3.071586757516811,0.0,dispersion,,,,,,,,,,,,,,,,,,,,
1.6,0.3,2.395464398362217,3.077092445126134,0.0,dispersion,,,,,,,,,,,,,,,,,,,,
1.6,0.3,2.403318379996192,3.082543110951457,0.0,dispersion,,,,,,,,,,,,,,,,,,,,
1.6,0.3,2.4111723616301663,3.087938669602331,0.0,dispersion,,,,,,,,,,,,,,,,,,,,
1.6,0.3,2.419026343264141,3.093279036721369,0.0,dispersion,,,,,,,,,,,,,,,,,,,,
1.6,0.3,2.4268803248981152,3.098564128979755,0.0,dispersion,,,,,,,,,,,,,,,,,,,,
1.6,0.3,2.4347343065320897,3.1037938640728,0.0,dispersion,,,,,,,,,,,,,,,,,,,,
1.6,0.3,2.4425882881660645,3.108968160715598,0.0,dispersion,,,,,,,,,,,,,,,,,,,,
1.6,0.3,2.450442269800039,3.1140869386387005,0.0,dispersion,,,,,,,,,,,,,,,,,,,,
1.6,0.3,2.458296251434013,3.1191501185839243,0.0,dispersion,,,,,,,,,,,,,,,,,,,,
1.6,0.3,2.466150233067988,3.124157622300157,0.0,dispersion,,,,,,,,,,,,,,,,,,,,
1.6,0.3,2.4740042147019623,3.129109372539279,0.0,dispersion,,,,,,,,,,,,,,,,,,,,
1.6,0.3,2.4818581963359367,3.1340052930521423,0.0,dispersion,,,,,,,,,,,,,,,,,,,,
1.6,0.3,2.489712177969911,3.1388453085845565,0.0,dispersion,,,,,,,,,,,,,,,,,,,,
1.6,0.3,2.4975661596038856,3.1436293448734487,0.0,dispersion,,,,,,,,,,,,,,,,,,,,
1.6,0.3,2.50542014123786,3.148357328642964,0.0,dispersion,,,,,,,,,,,,,,,,,,,,
1.6,0.3,2.5132741228718345,3.1530291876007204,0.0,dispersion,,,,,,,,,,,,,,,,,,,,
1.6,0.3,2.5211281045058094,3.1576448504340924,0.0,dispersion,,,,,,,,,,,,,,,,,,,,
1.6,0.3,2.528982086139784,3.162204246806521,0.0,dispersion,,,,,,,,,,,,,,,,,,,,
1.6,0.3,2.5368360677737583,3.166707307353953,0.0,dispersion,,,,,,,,,,,,,,,,,,,,
1.6,0.3,2.5446900494077327,3.1711539636812747,0.0,dispersion,,,,,,,,,,,,,,,,,,,,
1.6,0.3,2.552544031041707,3.17554414835886,0.0,dispersion,,,,,,,,,,,,,,,,,,,,
1.6,0.3,2.5603980126756816,3.1798777949191197,0.0,dispersion,,,,,,,,,,,,,,,,,,,,
1.6,0.3,2.568251994309656,3.184154837853163,0.0,dispersion,,,,,,,,,,,,,,,,,,,,
1.6,0.3,2.5761059759436304,3.18837521260747,0.0,dispersion,,,,,,,,,,,,,,,,,,,,
1.6,0.3,2.583959957577605,3.1925388555806675,0.0,dispersion,,,,,,,,,,,,,,,,,,,,
1.6,0.3,2.59181393921158,3.1966457041203125,0.0,dispersion,,,,,,,,,,,,,,,,,,,,
1.6,0.3,2.599667920845554,3.200695696519757,0.0,dispersion,,,,,,,,,,,,,,,,,,,,
1.6,0.3,2.6075219024795286,3.2046887720150967,0.0,dispersion,,,,,,,,,,,,,,,,,,,,
1.6,0.3,2.615375884113503,3.208624870782068,0.0,dispersion,,,,,,,,,,,,,,,,,,,,
1.6,0.3,2.623229865747477,3.2125039339331725,0.0,dispersion,,,,,,,,,,,,,,,,,,,,
1.6,0.3,2.631083847381452,3.216325903514669,0.0,dispersion,,,,,,,,,,,,,,,,,,,,
1.6,0.3,2.6389378290154264,3.2200907225037545,0.0,dispersion,,,,,,,,,,,,,,,,,,,,
1.6,0.3,2.646791810649401,3.22379833480574,0.0,dispersion,,,,,,,,,,,,,,,,,,,,
1.6,0.3,2.6546457922833757,3.2274486852512534,0.0,dispersion,,,,,,,,,,,,,,,,,,,,
1.6,0.3,2.6624997739173497,3.231041719593571,0.0,dispersion,,,,,,,,,,,,,,,,,,,,
1.6,0.3,2.6703537555513246,3.2345773845059598,0.0,dispersion,,,,,,,,,,,,,,,,,,,,
1.6,0.3,2.678207737185299,3.238055627579012,0.0,dispersion,,,,,,,,,,,,,,,,,,,,
1.6,0.3,2.686061718819273,3.241476397318125,0.0,dispersion,,,,,,,,,,,,,,,,,,,,
1.6,0.3,2.693915700453248,3.244839643141014,0.0,dispersion,,,,,,,,,,,,,,,,,,,,
1.6,0.3,2.7017696820872223,3.2481453153751767,0.0,dispersion,,,,,,,,,,,,,,,,,,,,
1.6,0.3,2.709623663721197,3.251393365255554,0.0,dispersion,,,,,,,,,,,,,,,,,,,,
1.6,0.3,2.7174776453551712,3.254583744922141,0.0,dispersion,,,,,,,,,,,,,,,,,,,,
1.6,0.3,2.7253316269891457,3.257716407417665,0.0,dispersion,,,,,,,,,,,,,,,,,,,,
1.6,0.3,2.73318560862312,3.260791306685295,0.0,dispersion,,,,,,,,,,,,,,,,,,,,
1.6,0.3,2.7410395902570945,3.263808397566514,0.0,dispersion,,,,,,,,,,,,,,,,,,,,
1.6,0.3,2.7488935718910694,3.2667676357988285,0.0,dispersion,,,,,,,,,,,,,,,,,,,,
1.6,0.3,2.756747553525044,3.2696689780137165,0.0,dispersion,,,,,,,,,,,,,,,,,,,,
1.6,0.3,2.7646015351590183,3.272512381734538,0.0,dispersion,,,,,,,,,,,,,,,,,,,,
1.6,0.3,2.7724555167929927,3.27529780537449,0.0,dispersion,,,,,,,,,,,,,,,,,,,,
1.6,0.3,2.780309498426967,3.278025208234615,0.0,dispersion,,,,,,,,,,,,,,,,,,,,
1.6,0.3,2.7881634800609416,3.280694550501868,0.0,dispersion,,,,,,,,,,,,,,,,,,,,
1.6,0.3,2.796017461694916,3.283305793247248,0.0,dispersion,,,,,,,,,,,,,,,,,,,,
1.6,0.3,2.8038714433288905,3.285858898423907,0.0,dispersion,,,,,,,,,,,,,,,,,,,,
1.6,0.3,2.811725424962865,3.288353828865348,0.0,dispersion,,,,,,,,,,,,,,,,,,,,
1.6,0.3,2.81957940659684,3.29079054828369,0.0,dispersion,,,,,,,,,,,,,,,,,,,,
1.6,0.3,2.8274333882308142,3.293169021267928,0.0,dispersion,,,,,,,,,,,,,,,,,,,,
1.6,0.3,2.8352873698647887,3.295489213282252,0.0,dispersion,,,,,,,,,,,,,,,,,,,,
1.6,0.3,2.843141351498763,3.297751090664466,0.0,dispersion,,,,,,,,,,,,,,,,,,,,
1.6,0.3,2.8509953331327376,3.299954620624329,0.0,dispersion,,,,,,,,,,,,,,,,,,,,
1.6,0.3,2.858849314766712,3.3020997712421014,0.0,dispersion,,,,,,,,,,,,,,,,,,,,
1.6,0.3,2.8667032964006864,3.304186511466909,0.0,dispersion,,,,,,,,,,,,,,,,,,,,
1.6,0.3,2.874557278034661,3.3062148111154324,0.0,dispersion,,,,,,,,,,,,,,,,,,,,
1.6,0.3,2.8824112596686358,3.308184640870432,0.0,dispersion,,,,,,,,,,,,,,,,,,,,
1.6,0.3,2.8902652413026098,3.310095972279332,0.0,dispersion,,,,,,,,,,,,,,,,,,,,
1.6,0.3,2.898119222936584,3.3119487777529533,0.0,dispersion,,,,,,,,,,,,,,,,,,,,
1.6,0.3,2.905973204570559,3.313743030564191,0.0,dispersion,,,,,,,,,,,,,,,,,,,,
1.6,0.3,2.913827186204533,3.3154787048467917,0.0,dispersion,,,,,,,,,,,,,,,,,,,,
1.6,0.3,2.921681167838508,3.3171557755940877,0.0,dispersion,,,,,,,,,,,,,,,,,,,,
1.6,0.3,2.9295351494724824,3.318774218657928,0.0,dispersion,,,,,,,,,,,,,,,,,,,,
1.6,0.3,2.937389131106457,3.320334010747467,0.0,dispersion,,,,,,,,,,,,,,,,,,,,
1.6,0.3,2.9452431127404317,3.3218351294281216,0.0,dispersion,,,,,,,,,,,,,,,,,,,,
1.6,0.3,2.9530970943744057,3.323277553120546,0.0,dispersion,,,,,,,,,,,,,,,,,,,,
1.6,0.3,2.96095107600838,3.324661261099579,0.0,dispersion,,,,,,,,,,,,,,,,,,,,
1.6,0.3,2.9688050576423546,3.3259862334933104,0.0,dispersion,,,,,,,,,,,,,,,,,,,,
1.6,0.3,2.976659039276329,3.327252451282199,0.0,dispersion,,,,,,,,,,,,,,,,,,,,
1.6,0.3,2.984513020910304,3.328459896298108,0.0,dispersion,,,,,,,,,,,,,,,,,,,,
1.6,0.3,2.9923670025442783,3.3296085512235614,0.0,dispersion,,,,,,,,,,,,,,,,,,,,
1.6,0.3,3.000220984178253,3.3306983995908386,0.0,dispersion,,,,,,,,,,,,,,,,,,,,
1.6,0.3,3.008074965812227,3.331729425781317,0.0,dispersion,,,,,,,,,,,,,,,,,,,,
1.6,0.3,3.0159289474462017,3.332701615024683,0.0,dispersion,,,,,,,,,,,,,,,,,,,,
1.6,0.3,3.023782929080176,3.333614953398245,0.0,dispersion,,,,,,,,,,,,,,,,,,,,
1.6,0.3,3.0316369107141505,3.3344694278263742,0.0,dispersion,,,,,,,,,,,,,,,,,,,,
1.6,0.3,3.039490892348125,3.3352650260797887,0.0,dispersion,,,,,,,,,,,,,,,,,,,,
1.6,0.3,3.0473448739820994,3.336001736775086,0.0,dispersion,,,,,,,,,,,,,,,,,,,,
1.6,0.3,3.0551988556160743,3.336679549374141,0.0,dispersion,,,,,,,,,,,,,,,,,,,,
1.6,0.3,3.0630528372500487,3.337298454183698,0.0,dispersion,,,,,,,,,,,,,,,,,,,,
1.6,0.3,3.070906818884023,3.3378584423548467,0.0,dispersion,,,,,,,,,,,,,,,,,,,,
1.6,0.3,3.0787608005179976,3.3383595058827,0.0,dispersion,,,,,,,,,,,,,,,,,,,,
1.6,0.3,3.086614782151972,3.3388016376059246,0.0,dispersion,,,,,,,,,,,,,,,,,,,,
1.6,0.3,3.0944687637859465,3.3391848312065124,0.0,dispersion,,,,,,,,,,,,,,,,,,,,
1.6,0.3,3.102322745419921,3.3395090812094184,0.0,dispersion,,,,,,,,,,,,,,,,,,,,
1.6,0.3,3.110176727053896,3.3397743829823723,0.0,dispersion,,,,,,,,,,,,,,,,,,,,
1.6,0.3,3.11803070868787,3.3399807327355635,0.0,dispersion,,,,,,,,,,,,,,,,,,,,
1.6,0.3,3.125884690321844,3.3401281275216035,0.0,dispersion,,,,,,,,,,,,,,,,,,,,
1.6,0.3,3.133738671955819,3.340216565235281,0.0,dispersion,,,,,,,,,,,,,,,,,,,,
1.6,0.3,3.141592653589793,3.340246044613516,0.0,dispersion,,,,,,,,,,,,,,,,,,,,
0.8,0.3,0.0,0.0,0.0,mi_gain,,,,,,,,,,,,,,,,,,,,
0.8,0.3,0.0078539816339744,0.0390019749793395,0.1479190012652691,mi_gain,,,,,,,,,,,,,,,,,,,,
0.8,0.3,0.0157079632679489,0.0678804969959245,0.1900540352771837,mi_gain,,,,,,,,,,,,,,,,,,,,
0.8,0.3,0.0235619449019234,0.0938499812332245,0.2179499248966563,mi_gain,,,,,,,,,,,,,,,,,,,,
0.8,0.3,0.0314159265358979,0.1180832673328944,0.238550418938481,mi_gain,,,,,,,,,,,,,,,,,,,,
0.8,0.3,0.0392699081698724,0.1410942342756316,0.254458164772821,mi_gain,,,,,,,,,,,,,,,,,,,,
0.8,0.3,0.0471238898038469,0.1631693369926043,0.2669782194504947,mi_gain,,,,,,,,,,,,,,,,,,,,
0.8,0.3,0.0549778714378213,0.1844899908904242,0.2768707962127926,mi_gain,,,,,,,,,,,,,,,,,,,,
0.8,0.3,0.0628318530717958,0.20518073769316,0.2846213405484323,mi_gain,,,,,,,,,,,,,,,,,,,,
0.8,0.3,0.0706858347057703,0.225331997687036,0.2905592700820113,mi_gain,,,,,,,,,,,,,,,,,,,,
0.8,0.3,0.0785398163397448,0.2450121837221031,0.2949175139949953,mi_gain,,,,,,,,,,,,,,,,,,,,
0.8,0.3,0.0863937979737193,0.2642747266319996,0.2978652461143825,mi_gain,,,,,,,,,,,,,,,,,,,,
0.8,0.3,0.0942477796076938,0.283162420816649,0.2995271205204036,mi_gain,,,,,,,,,,,,,,,,,,,,
0.8,0.3,0.1021017612416682,0.3017102514106853,0.2999951250272448,mi_gain,,,,,,,,,,,,,,,,,,,,
0.8,0.3,0.1099557428756427,0.319947309997892,0.2993361067827401,mi_gain,,,,,,,,,,,,,,,,,,,,
0.8,0.3,0.1178097245096172,0.3378981369995883,0.2975965913984238,mi_gain,,,,,,,,,,,,,,,,,,,,
0.8,0.3,0.1256637061435917,0.3555836891724768,0.2948057894580387,mi_gain,,,,,,,,,,,,,,,,,,,,
0.8,0.3,0.1335176877775662,0.3730220538284756,0.2909772837433726,mi_gain,,,,,,,,,,,,,,,,,,,,
0.8,0.3,0.1413716694115407,0.3902289870913211,0.2861096466190439,mi_gain,,,,,,,,,,,,,,,,,,,,
0.8,0.3,0.1492256510455152,0.4072183269133642,0.2801860638466855,mi_gain,,,,,,,,,,,,,,,,,,,,
0.8,0.3,0.1570796326794896,0.4240023150514067,0.2731728863959446,mi_gain,,,,,,,,,,,,,,,,,,,,
0.8,0.3,0.1649336143134641,0.4405918516175708,0.2650168508958306,mi_gain,,,,,,,,,,,,,,,,,,,,
0.8,0.3,0.1727875959474386,0.4569966988618432,0.2556404438786705,mi_gain,,,,,,,,,,,,,,,,,,,,
0.8,0.3,0.1806415775814131,0.4732256461578377,0.2449344310488005,mi_gain,,,,,,,,,,,,,,,,,,,,
0.8,0.3,0.1884955592153876,0.4892866449425783,0.2327457111234969,mi_gain,,,,,,,,,,,,,,,,,,,,
0.8,0.3,0.1963495408493621,0.5051869201049817,0.2188568660513803,mi_gain,,,,,,,,,,,,,,,,,,,,
0.8,0.3,0.2042035224833365,0.5209330627102962,0.2029497026394676,mi_gain,,,,,,,,,,,,,,,,,,,,
0.8,0.3,0.212057504117311,0.536531107784691,0.1845346445796746,mi_gain,,,,,,,,,,,,,,,,,,,,
0.8,0.3,0.2199114857512855,0.5519866000307119,0.1627966627574472,mi_gain,,,,,,,,,,,,,,,,,,,,
0.8,0.3,0.22776546738526,0.5673046497099659,0.1361918655552982,mi_gain,,,,,,,,,,,,,,,,,,,,
0.8,0.3,0.2356194490192345,0.582489980452223,0.1009921330802684,mi_gain,,,,,,,,,,,,,,,,,,,,
0.8,0.3,0.2434734306532089,0.597546970387276,0.0382857729888464,mi_gain,,,,,,,,,,,,,,,,,,,,
0.8,0.3,0.2513274122871834,0.6124796877171925,0.0,mi_gain,,,,,,,,,,,,,,,,,,,,
0.8,0.3,0.2591813939211579,0.6272919216304733,0.0,mi_gain,,,,,,,,,,,,,,,,,,,,
0.8,0.3,0.2670353755551324,0.6419872092905679,0.0,mi_gain,,,,,,,,,,,,,,,,,,,,
0.8,0.3,0.2748893571891069,0.6565688594979135,0.0,mi_gain,,,,,,,,,,,,,,,,,,,,
0.8,0.3,0.2827433388230814,0.6710399735186996,0.0,mi_gain,,,,,,,,,,,,,,,,,,,,
0.8,0.3,0.2905973204570559,0.6854034634887989,0.0,mi_gain,,,,,,,,,,,,,,,,,,,,
0.8,0.3,0.2984513020910304,0.6996620687329762,0.0,mi_gain,,,,,,,,,,,,,,,,,,,,
0.8,0.3,0.3063052837250049,0.713818370284101,0.0,mi_gain,,,,,,,,,,,,,,,,,,,,
0.8,0.3,0.3141592653589793,0.7278748038419103,0.0,mi_gain,,,,,,,,,,,,,,,,,,,,
0.8,0.3,0.3220132469929538,0.7418336713737934,0.0,mi_gain,,,,,,,,,,,,,,,,,,,,
0.8,0.3,0.3298672286269283,0.7556971515295159,0.0,mi_gain,,,,,,,,,,,,,,,,,,,,
0.8,0.3,0.3377212102609028,0.7694673090164625,0.0,mi_gain,,,,,,,,,,,,,,,,,,,,
0.8,0.3,0.3455751918948773,0.783146103060876,0.0,mi_gain,,,,,,,,,,,,,,,,,,,,
0.8,0.3,0.3534291735288518,0.7967353950629199,0.0,mi_gain,,,,,,,,,,,,,,,,,,,,
0.8,0.3,0.3612831551628262,0.8102369555385687,0.0,mi_gain,,,,,,,,,,,,,,,,,,,,
0.8,0.3,0.3691371367968007,0.8236524704287997,0.0,mi_gain,,,,,,,,,,,,,,,,,,,,
0.8,0.3,0.3769911184307752,0.8369835468459725,0.0,mi_gain,,,,,,,,,,,,,,,,,,,,
0.8,0.3,0.3848451000647497,0.8502317183182662,0.0,mi_gain,,,,,,,,,,,,,,,,,,,,
0.8,0.3,0.3926990816987242,0.8633984495853577,0.0,mi_gain,,,,,,,,,,,,,,,,,,,,
0.8,0.3,0.4005530633326986,0.8764851409919325,0.0,mi_gain,,,,,,,,,,,,,,,,,,,,
0.8,0.3,0.4084070449666731,0.8894931325199711,0.0,mi_gain,,,,,,,,,,,,,,,,,,,,
0.8,0.3,0.4162610266006476,0.902423707495875,0.0,mi_gain,,,,,,,,,,,,,,,,,,,,
0.8,0.3,0.4241150082346221,0.9152780960042924,0.0,mi_gain,,,,,,,,,,,,,,,,,,,,
0.8,0.3,0.4319689898685966,0.9280574780368304,0.0,mi_gain,,,,,,,,,,,,,,,,,,,,
0.8,0.3,0.4398229715025711,0.940762986400702,0.0,mi_gain,,,,,,,,,,,,,,,,,,,,
0.8,0.3,0.4476769531365455,0.9533957094095432,0.0,mi_gain,,,,,,,,,,,,,,,,,,,,
0.8,0.3,0.45553093477052,0.9659566933762668,0.0,mi_gain,,,,,,,,,,,,,,,,,,,,
0.8,0.3,0.4633849164044945,0.978446944925654,0.0,mi_gain,,,,,,,,,,,,,,,,,,,,
0.8,0.3,0.471238898038469,0.9908674331425708,0.0,mi_gain,,,,,,,,,,,,,,,,,,,,
0.8,0.3,0.4790928796724435,1.003219091570013,0.0,mi_gain,,,,,,,,,,,,,,,,,,,,
0.8,0.3,0.4869468613064179,1.0155028200697815,0.0,mi_gain,,,,,,,,,,,,,,,,,,,,
0.8,0.3,0.4948008429403924,1.0277194865572852,0.0,mi_gain,,,,,,,,,,,,,,,,,,,,
0.8,0.3,0.5026548245743669,1.039869928620844,0.0,mi_gain,,,,,,,,,,,,,,,,,,,,
0.8,0.3,0.5105088062083414,1.0519549550348772,0.0,mi_gain,,,,,,,,,,,,,,,,,,,,
0.8,0.3,0.5183627878423159,1.0639753471754354,0.0,mi_gain,,,,,,,,,,,,,,,,,,,,
0.8,0.3,0.5262167694762904,1.0759318603457788,0.0,mi_gain,,,,,,,,,,,,,,,,,,,,
0.8,0.3,0.5340707511102649,1.087825225018964,0.0,mi_gain,,,,,,,,,,,,,,,,,,,,
0.8,0.3,0.5419247327442394,1.0996561480037783,0.0,mi_gain,,,,,,,,,,,,,,,,,,,,
0.8,0.3,0.5497787143782138,1.111425313539797,0.0,mi_gain,,,,,,,,,,,,,,,,,,,,
0.8,0.3,0.5576326960121883,1.1231333843268148,0.0,mi_gain,,,,,,,,,,,,,,,,,,,,
0.8,0.3,0.5654866776461628,1.1347810024934577,0.0,mi_gain,,,,,,,,,,,,,,,,,,,,
0.8,0.3,0.5733406592801373,1.1463687905093565,0.0,mi_gain,,,,,,,,,,,,,,,,,,,,
0.8,0.3,0.5811946409141118,1.1578973520449076,0.0,mi_gain,,,,,,,,,,,,,,,,,,,,
0.8,0.3,0.5890486225480862,1.1693672727822846,0.0,mi_gain,,,,,,,,,,,,,,,,,,,,
0.8,0.3,0.5969026041820608,1.1807791211810963,0.0,mi_gain,,,,,,,,,,,,,,,,,,,,
0.8,0.3,0.6047565858160352,1.1921334492017666,0.0,mi_gain,,,,,,,,,,,,,,,,,,,,
0.8,0.3,0.6126105674500097,1.2034307929895125,0.0,mi_gain,,,,,,,,,,,,,,,,,,,,
0.8,0.3,0.6204645490839842,1.2146716735215275,0.0,mi_gain,,,,,,,,,,,,,,,,,,,,
0.8,0.3,0.6283185307179586,1.2258565972197963,0.0,mi_gain,,,,,,,,,,,,,,,,,,,,
0.8,0.3,0.6361725123519332,1.2369860565317687,0.0,mi_gain,,,,,,,,,,,,,,,,,,,,
0.8,0.3,0.6440264939859076,1.248060530480961,0.0,mi_gain,,,,,,,,,,,,,,,,,,,,
0.8,0.3,0.6518804756198822,1.2590804851893789,0.0,mi_gain,,,,,,,,,,,,,,,,,,,,
0.8,0.3,0.6597344572538566,1.2700463743735328,0.0,mi_gain,,,,,,,,,,,,,,,,,,,,
0.8,0.3,0.6675884388878311,1.2809586398156827,0.0,mi_gain,,,,,,,,,,,,,,,,,,,,
0.8,0.3,0.6754424205218056,1.291817711811814,0.0,mi_gain,,,,,,,,,,,,,,,,,,,,
0.8,0.3,0.68329640215578,1.3026240095977566,0.0,mi_gain,,,,,,,,,,,,,,,,,,,,
0.8,0.3,0.6911503837897546,1.3133779417547582,0.0,mi_gain,,,,,,,,,,,,,,,,,,,,
0.8,0.3,0.699004365423729,1.324079906595712,0.0,mi_gain,,,,,,,,,,,,,,,,,,,,
0.8,0.3,0.7068583470577036,1.3347302925331792,0.0,mi_gain,,,,,,,,,,,,,,,,,,,,
0.8,0.3,0.714712328691678,1.3453294784302503,0.0,mi_gain,,,,,,,,,,,,,,,,,,,,
0.8,0.3,0.7225663103256524,1.3558778339352269,0.0,mi_gain,,,,,,,,,,,,,,,,,,,,
0.8,0.3,0.730420291959627,1.3663757198010351,0.0,mi_gain,,,,,,,,,,,,,,,,,,,,
0.8,0.3,0.7382742735936014,1.3768234881902353,0.0,mi_gain,,,,,,,,,,,,,,,,,,,,
0.8,0.3,0.746128255227576,1.387221482966404,0.0,mi_gain,,,,,,,,,,,,,,,,,,,,
0.8,0.3,0.7539822368615504,1.3975700399726487,0.0,mi_gain,,,,,,,,,,,,,,,,,,,,
0.8,0.3,0.7618362184955249,1.4078694872979507,0.0,mi_gain,,,,,,,,,,,,,,,,,,,,
0.8,0.3,0.7696902001294994,1.4181201455319732,0.0,mi_gain,,,,,,,,,,,,,,,,,,,,
0.8,0.3,0.7775441817634738,1.428322328008976,0.0,mi_gain,,,,,,,,,,,,,,,,,,,,
0.8,0.3,0.7853981633974484,1.438476341041368,0.0,mi_gain,,,,,,,,,,,,,,,,,,,,
0.8,0.3,0.7932521450314228,1.4485824841434725,0.0,mi_gain,,,,,,,,,,,,,,,,,,,,
0.8,0.3,0.8011061266653973,1.4586410502459912,0.0,mi_gain,,,,,,,,,,,,,,,,,,,,
0.8,0.3,0.8089601082993718,1.468652325901638,0.0,mi_gain,,,,,,,,,,,,,,,,,,,,
0.8,0.3,0.8168140899333463,1.4786165914823988,0.0,mi_gain,,,,,,,,,,,,,,,,,,,,
0.8,0.3,0.8246680715673208,1.4885341213688277,0.0,mi_gain,,,,,,,,,,,,,,,,,,,,
0.8,0.3,0.8325220532012952,1.4984051841317725,0.0,mi_gain,,,,,,,,,,,,,,,,,,,,
0.8,0.3,0.8403760348352697,1.5082300427069113,0.0,mi_gain,,,,,,,,,,,,,,,,,,,,
0.8,0.3,0.8482300164692442,1.518008954562439,0.0,mi_gain,,,,,,,,,,,,,,,,,,,,
0.8,0.3,0.8560839981032187,1.5277421718602278,0.0,mi_gain,,,,,,,,,,,,,,,,,,,,
0.8,0.3,0.8639379797371932,1.537429941610799,0.0,mi_gain,,,,,,,,,,,,,,,,,,,,
0.8,0.3,0.8717919613711677,1.547072505822359,0.0,mi_gain,,,,,,,,,,,,,,,,,,,,
0.8,0.3,0.8796459430051422,1.5566701016442193,0.0,mi_gain,,,,,,,,,,,,,,,,,,,,
0.8,0.3,0.8874999246391166,1.5662229615048218,0.0,mi_gain,,,,,,,,,,,,,,,,,,,,
0.8,0.3,0.8953539062730911,1.5757313132446515,0.0,mi_gain,,,,,,,,,,,,,,,,,,,,
0.8,0.3,0.9032078879070656,1.585195380244248,0.0,mi_gain,,,,,,,,,,,,,,,,,,,,
0.8,0.3,0.91106186954104,1.5946153815475357,0.0,mi_gain,,,,,,,,,,,,,,,,,,,,
0.8,0.3,0.9189158511750146,1.603991531980706,0.0,mi_gain,,,,,,,,,,,,,,,,,,,,
0.8,0.3,0.9267698328089892,1.6133240422668218,0.0,mi_gain,,,,,,,,,,,,,,,,,,,,
0.8,0.3,0.9346238144429636,1.6226131191363435,0.0,mi_gain,,,,,,,,,,,,,,,,,,,,
0.8,0.3,0.942477796076938,1.631858965433764,0.0,mi_gain,,,,,,,,,,,,,,,,,,,,
0.8,0.3,0.9503317777109124,1.6410617802205012,0.0,mi_gain,,,,,,,,,,,,,,,,,,,,
0.8,0.3,0.958185759344887,1.6502217588742272,0.0,mi_gain,,,,,,,,,,,,,,,,,,,,
0.8,0.3,0.9660397409788616,1.6593390931847756,0.0,mi_gain,,,,,,,,,,,,,,,,,,,,
0.8,0.3,0.973893722612836,1.668413971446776,0.0,mi_gain,,,,,,,,,,,,,,,,,,,,
0.8,0.3,0.9817477042468103,1.6774465785491457,0.0,mi_gain,,,,,,,,,,,,,,,,,,,,
0.8,0.3,0.9896016858807848,1.6864370960615842,0.0,mi_gain,,,,,,,,,,,,,,,,,,,,
0.8,0.3,0.9974556675147594,1.6953857023181709,0.0,mi_gain,,,,,,,,,,,,,,,,,,,,
0.8,0.3,1.005309649148734,1.704292572498216,0.0,mi_gain,,,,,,,,,,,,,,,,,,,,
0.8,0.3,1.0131636307827083,1.7131578787044328,0.0,mi_gain,,,,,,,,,,,,,,,,,,,,
0.8,0.3,1.0210176124166828,1.7219817900385994,0.0,mi_gain,,,,,,,,,,,,,,,,,,,,
0.8,0.3,1.0288715940506574,1.730764472674738,0.0,mi_gain,,,,,,,,,,,,,,,,,,,,
0.8,0.3,1.036725575684632,1.739506089929972,0.0,mi_gain,,,,,,,,,,,,,,,,,,,,
0.8,0.3,1.0445795573186063,1.7482068023331254,0.0,mi_gain,,,,,,,,,,,,,,,,,,,,
0.8,0.3,1.0524335389525807,1.756866767691138,0.0,mi_gain,,,,,,,,,,,,,,,,,,,,
0.8,0.3,1.0602875205865552,1.7654861411534275,0.0,mi_gain,,,,,,,,,,,,,,,,,,,,
0.8,0.3,1.0681415022205298,1.7740650752742175,0.0,mi_gain,,,,,,,,,,,,,,,,,,,,
0.8,0.3,1.0759954838545045,1.7826037200729576,0.0,mi_gain,,,,,,,,,,,,,,,,,,,,
0.8,0.3,1.0838494654884787,1.7911022230928932,0.0,mi_gain,,,,,,,,,,,,,,,,,,,,
0.8,0.3,1.0917034471224532,1.7995607294578355,0.0,mi_gain,,,,,,,,,,,,,,,,,,,,
0.8,0.3,1.0995574287564276,1.8079793819272276,0.0,mi_gain,,,,,,,,,,,,,,,,,,,,
0.8,0.3,1.1074114103904025,1.8163583209495555,0.0,mi_gain,,,,,,,,,,,,,,,,,,,,
0.8,0.3,1.1152653920243767,1.8246976847141645,0.0,mi_gain,,,,,,,,,,,,,,,,,,,,
0.8,0.3,1.1231193736583511,1.8329976092015423,0.0,mi_gain,,,,,,,,,,,,,,,,,,,,
0.8,0.3,1.1309733552923256,1.841258228232125,0.0,mi_gain,,,,,,,,,,,,,,,,,,,,
0.8,0.3,1.1388273369263,1.849479673513672,0.0,mi_gain,,,,,,,,,,,,,,,,,,,,
0.8,0.3,1.1466813185602749,1.8576620746872867,0.0,mi_gain,,,,,,,,,,,,,,,,,,,,
0.8,0.3,1.154535300194249,1.8658055593720784,0.0,mi_gain,,,,,,,,,,,,,,,,,,,,
0.8,0.3,1.1623892818282235,1.8739102532085792,0.0,mi_gain,,,,,,,,,,,,,,,,,,,,
0.8,0.3,1.170243263462198,1.8819762799009117,0.0,mi_gain,,,,,,,,,,,,,,,,,,,,
0.8,0.3,1.1780972450961724,1.8900037612577616,0.0,mi_gain,,,,,,,,,,,,,,,,,,,,
0.8,0.3,1.185951226730147,1.89799281723222,0.0,mi_gain,,,,,,,,,,,,,,,,,,,,
0.8,0.3,1.1938052083641215,1.905943565960493,0.0,mi_gain,,,,,,,,,,,,,,,,,,,,
0.8,0.3,1.201659189998096,1.913856123799558,0.0,mi_gain,,,,,,,,,,,,,,,,,,,,
0.8,0.3,1.2095131716320704,1.9217306053637715,0.0,mi_gain,,,,,,,,,,,,,,,,,,,,
0.8,0.3,1.2173671532660448,1.9295671235604896,0.0,mi_gain,,,,,,,,,,,,,,,,,,,,
0.8,0.3,1.2252211349000195,1.937365789624711,0.0,mi_gain,,,,,,,,,,,,,,,,,,,,
0.8,0.3,1.233075116533994,1.9451267131527872,0.0,mi_gain,,,,,,,,,,,,,,,,,,,,
0.8,0.3,1.2409290981679684,1.952850002135232,0.0,mi_gain,,,,,,,,,,,,,,,,,,,,
0.8,0.3,1.2487830798019428,1.9605357629886584,0.0,mi_gain,,,,,,,,,,,,,,,,,,,,
0.8,0.3,1.2566370614359172,1.968184100586864,0.0,mi_gain,,,,,,,,,,,,,,,,,,,,
0.8,0.3,1.264491043069892,1.9757951182911015,0.0,mi_gain,,,,,,,,,,,,,,,,,,,,
0.8,0.3,1.2723450247038663,1.9833689179795584,0.0,mi_gain,,,,,,,,,,,,,,,,,,,,
0.8,0.3,1.2801990063378408,1.9909056000760688,0.0,mi_gain,,,,,,,,,,,,,,,,,,,,
0.8,0.3,1.2880529879718152,1.998405263578085,0.0,mi_gain,,,,,,,,,,,,,,,,,,,,
0.8,0.3,1.29590696960579,2.0058680060839285,0.0,mi_gain,,,,,,,,,,,,,,,,,,,,
0.8,0.3,1.3037609512397643,2.0132939238193464,0.0,mi_gain,,,,,,,,,,,,,,,,,,,,
0.8,0.3,1.3116149328737388,2.020683111663394,0.0,mi_gain,,,,,,,,,,,,,,,,,,,,
0.8,0.3,1.3194689145077132,2.028035663173663,0.0,mi_gain,,,,,,,,,,,,,,,,,,,,
0.8,0.3,1.3273228961416876,2.03535167061088,0.0,mi_gain,,,,,,,,,,,,,,,,,,,,
0.8,0.3,1.3351768777756623,2.0426312249628813,0.0,mi_gain,,,,,,,,,,,,,,,,,,,,
0.8,0.3,1.3430308594096367,2.0498744159680142,0.0,mi_gain,,,,,,,,,,,,,,,,,,,,
0.8,0.3,1.3508848410436112,2.0570813321379355,0.0,mi_gain,,,,,,,,,,,,,,,,,,,,
0.8,0.3,1.3587388226775856,2.06425206077987,0.0,mi_gain,,,,,,,,,,,,,,,,,,,,
0.8,0.3,1.36659280431156,2.071386688018313,0.0,mi_gain,,,,,,,,,,,,,,,,,,,,
0.8,0.3,1.3744467859455347,2.0784852988162266,0.0,mi_gain,,,,,,,,,,,,,,,,,,,,
0.8,0.3,1.3823007675795091,2.085547976995697,0.0,mi_gain,,,,,,,,,,,,,,,,,,,,
0.8,0.3,1.3901547492134836,2.0925748052581183,0.0,mi_gain,,,,,,,,,,,,,,,,,,,,
0.8,0.3,1.398008730847458,2.0995658652038847,0.0,mi_gain,,,,,,,,,,,,,,,,,,,,
0.8,0.3,1.4058627124814325,2.106521237351621,0.0,mi_gain,,,,,,,,,,,,,,,,,,,,
0.8,0.3,1.4137166941154071,2.113441001156961,0.0,mi_gain,,,,,,,,,,,,,,,,,,,,
0.8,0.3,1.4215706757493816,2.120325235030869,0.0,mi_gain,,,,,,,,,,,,,,,,,,,,
0.8,0.3,1.429424657383356,2.127174016357557,0.0,mi_gain,,,,,,,,,,,,,,,,,,,,
0.8,0.3,1.4372786390173304,2.133987421511974,0.0,mi_gain,,,,,,,,,,,,,,,,,,,,
0.8,0.3,1.4451326206513049,2.140765525876883,0.0,mi_gain,,,,,,,,,,,,,,,,,,,,
0.8,0.3,1.4529866022852795,2.1475084038595678,0.0,mi_gain,,,,,,,,,,,,,,,,,,,,
0.8,0.3,1.460840583919254,2.154216128908133,0.0,mi_gain,,,,,,,,,,,,,,,,,,,,
0.8,0.3,1.4686945655532284,2.160888773527456,0.0,mi_gain,,,,,,,,,,,,,,,,,,,,
0.8,0.3,1.4765485471872029,2.167526409294759,0.0,mi_gain,,,,,,,,,,,,,,,,,,,,
0.8,0.3,1.4844025288211773,2.1741291068748443,0.0,mi_gain,,,,,,,,,,,,,,,,,,,,
0.8,0.3,1.492256510455152,2.1806969360349804,0.0,mi_gain,,,,,,,,,,,,,,,,,,,,
0.8,0.3,1.5001104920891264,2.187229965659462,0.0,mi_gain,,,,,,,,,,,,,,,,,,,,
0.8,0.3,1.5079644737231008,2.1937282637638384,0.0,mi_gain,,,,,,,,,,,,,,,,,,,,
0.8,0.3,1.5158184553570753,2.20019189750884,0.0,mi_gain,,,,,,,,,,,,,,,,,,,,
0.8,0.3,1.5236724369910497,2.2066209332139928,0.0,mi_gain,,,,,,,,,,,,,,,,,,,,
0.8,0.3,1.5315264186250244,2.213015436370928,0.0,mi_gain,,,,,,,,,,,,,,,,,,,,
0.8,0.3,1.5393804002589988,2.2193754716564174,0.0,mi_gain,,,,,,,,,,,,,,,,,,,,
0.8,0.3,1.5472343818929732,2.225701102945114,0.0,mi_gain,,,,,,,,,,,,,,,,,,,,
0.8,0.3,1.5550883635269477,2.231992393322032,0.0,mi_gain,,,,,,,,,,,,,,,,,,,,
0.8,0.3,1.562942345160922,2.238249405094736,0.0,mi_gain,,,,,,,,,,,,,,,,,,,,
0.8,0.3,1.5707963267948968,2.244472199805295,0.0,mi_gain,,,,,,,,,,,,,,,,,,,,
0.8,0.3,1.5786503084288712,2.2506608382419704,0.0,mi_gain,,,,,,,,,,,,,,,,,,,,
0.8,0.3,1.5865042900628457,2.2568153804506585,0.0,mi_gain,,,,,,,,,,,,,,,,,,,,
0.8,0.3,1.59435827169682,2.262935885746087,0.0,mi_gain,,,,,,,,,,,,,,,,,,,,
0.8,0.3,1.6022122533307943,2.269022412722792,0.0,mi_gain,,,,,,,,,,,,,,,,,,,,
0.8,0.3,1.6100662349647692,2.2750750192658447,0.0,mi_gain,,,,,,,,,,,,,,,,,,,,
0.8,0.3,1.6179202165987436,2.2810937625613805,0.0,mi_gain,,,,,,,,,,,,,,,,,,,,
0.8,0.3,1.625774198232718,2.2870786991068863,0.0,mi_gain,,,,,,,,,,,,,,,,,,,,
0.8,0.3,1.6336281798666925,2.293029884721287,0.0,mi_gain,,,,,,,,,,,,,,,,,,,,
0.8,0.3,1.641482161500667,2.298947374554837,0.0,mi_gain,,,,,,,,,,,,,,,,,,,,
0.8,0.3,1.6493361431346416,2.3048312230987835,0.0,mi_gain,,,,,,,,,,,,,,,,,,,,
0.8,0.3,1.657190124768616,2.310681484194856,0.0,mi_gain,,,,,,,,,,,,,,,,,,,,
0.8,0.3,1.6650441064025905,2.3164982110445558,0.0,mi_gain,,,,,,,,,,,,,,,,,,,,
0.8,0.3,1.672898088036565,2.3222814562182585,0.0,mi_gain,,,,,,,,,,,,,,,,,,,,
0.8,0.3,1.6807520696705394,2.3280312716641287,0.0,mi_gain,,,,,,,,,,,,,,,,,,,,
0.8,0.3,1.688606051304514,2.3337477087168743,0.0,mi_gain,,,,,,,,,,,,,,,,,,,,
0.8,0.3,1.6964600329384885,2.3394308181063,0.0,mi_gain,,,,,,,,,,,,,,,,,,,,
0.8,0.3,1.704314014572463,2.3450806499657157,0.0,mi_gain,,,,,,,,,,,,,,,,,,,,
0.8,0.3,1.7121679962064371,2.350697253840167,0.0,mi_gain,,,,,,,,,,,,,,,,,,,,
0.8,0.3,1.7200219778404118,2.356280678694505,0.0,mi_gain,,,,,,,,,,,,,,,,,,,,
0.8,0.3,1.7278759594743864,2.361830972921298,0.0,mi_gain,,,,,,,,,,,,,,,,,,,,
0.8,0.3,1.7357299411083609,2.367348184348594,0.0,mi_gain,,,,,,,,,,,,,,,,,,,,
0.8,0.3,1.743583922742335,2.372832360247528,0.0,mi_gain,,,,,,,,,,,,,,,,,,,,
0.8,0.3,1.7514379043763098,2.378283547339779,0.0,mi_gain,,,,,,,,,,,,,,,,,,,,
0.8,0.3,1.7592918860102844,2.383701791804891,0.0,mi_gain,,,,,,,,,,,,,,,,,,,,
0.8,0.3,1.7671458676442588,2.38908713928745,0.0,mi_gain,,,,,,,,,,,,,,,,,,,,
0.8,0.3,1.7749998492782333,2.39443963490412,0.0,mi_gain,,,,,,,,,,,,,,,,,,,,
0.8,0.3,1.7828538309122075,2.3997593232505525,0.0,mi_gain,,,,,,,,,,,,,,,,,,,,
0.8,0.3,1.7907078125461822,2.40504624840816,0.0,mi_gain,,,,,,,,,,,,,,,,,,,,
0.8,0.3,1.7985617941801568,2.4103004539507555,0.0,mi_gain,,,,,,,,,,,,,,,,,,,,
0.8,0.3,1.8064157758141317,2.415521982951085,0.0,mi_gain,,,,,,,,,,,,,,,,,,,,
0.8,0.3,1.8142697574481057,2.4207108779872177,0.0,mi_gain,,,,,,,,,,,,,,,,,,,,
0.8,0.3,1.82212373908208,2.425867181148822,0.0,mi_gain,,,,,,,,,,,,,,,,,,,,
0.8,0.3,1.8299777207160544,2.4309909340433413,0.0,mi_gain,,,,,,,,,,,,,,,,,,,,
0.8,0.3,1.8378317023500288,2.4360821778020214,0.0,mi_gain,,,,,,,,,,,,,,,,,,,,
0.8,0.3,1.845685683984004,2.4411409530858634,0.0,mi_gain,,,,,,,,,,,,,,,,,,,,
0.8,0.3,1.853539665617978,2.446167300091437,0.0,mi_gain,,,,,,,,,,,,,,,,,,,,
0.8,0.3,1.8613936472519528,2.451161258556607,0.0,mi_gain,,,,,,,,,,,,,,,,,,,,
0.8,0.3,1.869247628885927,2.456122867766139,0.0,mi_gain,,,,,,,,,,,,,,,,,,,,
0.8,0.3,1.8771016105199017,2.4610521665572187,0.0,mi_gain,,,,,,,,,,,,,,,,,,,,
0.8,0.3,1.884955592153876,2.4659491933248545,0.0,mi_gain,,,,,,,,,,,,,,,,,,,,
0.8,0.3,1.8928095737878503,2.470813986027196,0.0,mi_gain,,,,,,,,,,,,,,,,,,,,
0.8,0.3,1.900663555421825,2.4756465821907447,0.0,mi_gain,,,,,,,,,,,,,,,,,,,,
0.8,0.3,1.9085175370557996,2.480447018915483,0.0,mi_gain,,,,,,,,,,,,,,,,,,,,
0.8,0.3,1.916371518689774,2.4852153328798945,0.0,mi_gain,,,,,,,,,,,,,,,,,,,,
0.8,0.3,1.9242255003237485,2.4899515603459097,0.0,mi_gain,,,,,,,,,,,,,,,,,,,,
0.8,0.3,1.932079481957723,2.49465573716376,0.0,mi_gain,,,,,,,,,,,,,,,,,,,,
0.8,0.3,1.9399334635916972,2.4993278987767304,0.0,mi_gain,,,,,,,,,,,,,,,,,,,,
0.8,0.3,1.947787445225672,2.503968080225852,0.0,mi_gain,,,,,,,,,,,,,,,,,,,,
0.8,0.3,1.9556414268596465,2.508576316154493,0.0,mi_gain,,,,,,,,,,,,,,,,,,,,
0.8,0.3,1.963495408493621,2.5131526408128746,0.0,mi_gain,,,,,,,,,,,,,,,,,,,,
0.8,0.3,1.9713493901275956,2.5176970880625014,0.0,mi_gain,,,,,,,,,,,,,,,,,,,,
0.8,0.3,1.9792033717615696,2.522209691380531,0.0,mi_gain,,,,,,,,,,,,,,,,,,,,
0.8,0.3,1.987057353395544,2.526690483864052,0.0,mi_gain,,,,,,,,,,,,,,,,,,,,
0.8,0.3,1.994911335029519,2.531139498234273,0.0,mi_gain,,,,,,,,,,,,,,,,,,,,
0.8,0.3,2.0027653166634933,2.535556766840684,0.0,mi_gain,,,,,,,,,,,,,,,,,,,,
0.8,0.3,2.010619298297468,2.5399423216650927,0.0,mi_gain,,,,,,,,,,,,,,,,,,,,
0.8,0.3,2.018473279931442,2.544296194325632,0.0,mi_gain,,,,,,,,,,,,,,,,,,,,
0.8,0.3,2.0263272615654166,2.548618416080666,0.0,mi_gain,,,,,,,,,,,,,,,,,,,,
0.8,0.3,2.034181243199391,2.5529090178326577,0.0,mi_gain,,,,,,,,,,,,,,,,,,,,
0.8,0.3,2.042035224833365,2.557168030131943,0.0,mi_gain,,,,,,,,,,,,,,,,,,,,
0.8,0.3,2.0498892064673404,2.5613954831804624,0.0,mi_gain,,,,,,,,,,,,,,,,,,,,
0.8,0.3,2.057743188101315,2.565591406835413,0.0,mi_gain,,,,,,,,,,,,,,,,,,,,
0.8,0.3,2.0655971697352893,2.5697558306128405,0.0,mi_gain,,,,,,,,,,,,,,,,,,,,
0.8,0.3,2.073451151369264,2.573888783691181,0.0,mi_gain,,,,,,,,,,,,,,,,,,,,
0.8,0.3,2.081305133003238,2.577990294914728,0.0,mi_gain,,,,,,,,,,,,,,,,,,,,
0.8,0.3,2.0891591146372126,2.582060392797044,0.0,mi_gain,,,,,,,,,,,,,,,,,,,,
0.8,0.3,2.097013096271187,2.586099105524323,0.0,mi_gain,,,,,,,,,,,,,,,,,,,,
0.8,0.3,2.104867077905161,2.5901064609586824,0.0,mi_gain,,,,,,,,,,,,,,,,,,,,
0.8,0.3,2.112721059539136,2.594082486641411,0.0,mi_gain,,,,,,,,,,,,,,,,,,,,
0.8,0.3,2.1205750411731104,2.598027209796152,0.0,mi_gain,,,,,,,,,,,,,,,,,,,,
0.8,0.3,2.128429022807085,2.6019406573320376,0.0,mi_gain,,,,,,,,,,,,,,,,,,,,
0.8,0.3,2.13628300444106,2.605822855846773,0.0,mi_gain,,,,,,,,,,,,,,,,,,,,
0.8,0.3,2.144136986075034,2.6096738316296597,0.0,mi_gain,,,,,,,,,,,,,,,,,,,,
0.8,0.3,2.151990967709009,2.6134936106645803,0.0,mi_gain,,,,,,,,,,,,,,,,,,,,
0.8,0.3,2.159844949342983,2.61728221863292,0.0,mi_gain,,,,,,,,,,,,,,,,,,,,
0.8,0.3,2.167698930976957,2.621039680916451,0.0,mi_gain,,,,,,,,,,,,,,,,,,,,
0.8,0.3,2.175552912610932,2.624766022600155,0.0,mi_gain,,,,,,,,,,,,,,,,,,,,
0.8,0.3,2.1834068942449063,2.628461268475011,0.0,mi_gain,,,,,,,,,,,,,,,,,,,,
0.8,0.3,2.1912608758788807,2.6321254430407364,0.0,mi_gain,,,,,,,,,,,,,,,,,,,,
0.8,0.3,2.199114857512855,2.6357585705084645,0.0,mi_gain,,,,,,,,,,,,,,,,,,,,
0.8,0.3,2.20696883914683,2.639360674803404,0.0,mi_gain,,,,,,,,,,,,,,,,,,,,
0.8,0.3,2.2148228207808045,2.64293177956743,0.0,mi_gain,,,,,,,,,,,,,,,,,,,,
0.8,0.3,2.222676802414779,2.6464719081616472,0.0,mi_gain,,,,,,,,,,,,,,,,,,,,
0.8,0.3,2.2305307840487534,2.649981083668904,0.0,mi_gain,,,,,,,,,,,,,,,,,,,,
0.8,0.3,2.238384765682728,2.653459328896261,0.0,mi_gain,,,,,,,,,,,,,,,,,,,,
0.8,0.3,2.2462387473167023,2.6569066663774343,0.0,mi_gain,,,,,,,,,,,,,,,,,,,,
0.8,0.3,2.2540927289506767,2.660323118375176,0.0,mi_gain,,,,,,,,,,,,,,,,,,,,
0.8,0.3,2.261946710584651,2.6637087068836287,0.0,mi_gain,,,,,,,,,,,,,,,,,,,,
0.8,0.3,2.2698006922186256,2.667063453630641,0.0,mi_gain,,,,,,,,,,,,,,,,,,,,
0.8,0.3,2.2776546738526,2.670387380080037,0.0,mi_gain,,,,,,,,,,,,,,,,,,,,
0.8,0.3,2.285508655486575,2.673680507433862,0.0,mi_gain,,,,,,,,,,,,,,,,,,,,
0.8,0.3,2.2933626371205493,2.6769428566345628,0.0,mi_gain,,,,,,,,,,,,,,,,,,,,
0.8,0.3,2.301216618754524,2.6801744483671754,0.0,mi_gain,,,,,,,,,,,,,,,,,,,,
0.8,0.3,2.309070600388498,2.683375303061421,0.0,mi_gain,,,,,,,,,,,,,,,,,,,,
0.8,0.3,2.3169245820224726,2.686545440893826,0.0,mi_gain,,,,,,,,,,,,,,,,,,,,
0.8,0.3,2.324778563656447,2.689684881789759,0.0,mi_gain,,,,,,,,,,,,,,,,,,,,
0.8,0.3,2.332632545290421,2.692793645425456,0.0,mi_gain,,,,,,,,,,,,,,,,,,,,
0.8,0.3,2.340486526924396,2.695871751230012,0.0,mi_gain,,,,,,,,,,,,,,,,,,,,
0.8,0.3,2.3483405085583704,2.6989192183873323,0.0,mi_gain,,,,,,,,,,,,,,,,,,,,
0.8,0.3,2.356194490192345,2.7019360658380585,0.0,mi_gain,,,,,,,,,,,,,,,,,,,,
0.8,0.3,2.36404847182632,2.704922312281446,0.0,mi_gain,,,,,,,,,,,,,,,,,,,,
0.8,0.3,2.371902453460294,2.707877976177239,0.0,mi_gain,,,,,,,,,,,,,,,,,,,,
0.8,0.3,2.3797564350942686,2.710803075747484,0.0,mi_gain,,,,,,,,,,,,,,,,,,,,
0.8,0.3,2.387610416728243,2.713697628978328,0.0,mi_gain,,,,,,,,,,,,,,,,,,,,
0.8,0.3,2.395464398362217,2.716561653621791,0.0,mi_gain,,,,,,,,,,,,,,,,,,,,
0.8,0.3,2.403318379996192,2.719395167197491,0.0,mi_gain,,,,,,,,,,,,,,,,,,,,
0.8,0.3,2.4111723616301663,2.722198186994357,0.0,mi_gain,,,,,,,,,,,,,,,,,,,,
0.8,0.3,2.419026343264141,2.7249707300723083,0.0,mi_gain,,,,,,,,,,,,,,,,,,,,
0.8,0.3,2.4268803248981152,2.7277128132638966,0.0,mi_gain,,,,,,,,,,,,,,,,,,,,
0.8,0.3,2.4347343065320897,2.7304244531759307,0.0,mi_gain,,,,,,,,,,,,,,,,,,,,
0.8,0.3,2.4425882881660645,2.733105666191068,0.0,mi_gain,,,,,,,,,,,,,,,,,,,,
0.8,0.3,2.450442269800039,2.7357564684693827,0.0,mi_gain,,,,,,,,,,,,,,,,,,,,
0.8,0.3,2.458296251434013,2.738376875949905,0.0,mi_gain,,,,,,,,,,,,,,,,,,,,
0.8,0.3,2.466150233067988,2.7409669043521303,0.0,mi_gain,,,,,,,,,,,,,,,,,,,,
0.8,0.3,2.4740042147019623,2.7435265691775026,0.0,mi_gain,,,,,,,,,,,,,,,,,,,,
0.8,0.3,2.4818581963359367,2.746055885710888,0.0,mi_gain,,,,,,,,,,,,,,,,,,,,
0.8,0.3,2.489712177969911,2.7485548690219908,0.0,mi_gain,,,,,,,,,,,,,,,,,,,,
0.8,0.3,2.4975661596038856,2.751023533966785,0.0,mi_gain,,,,,,,,,,,,,,,,,,,,
0.8,0.3,2.50542014123786,2.7534618951888805,0.0,mi_gain,,,,,,,,,,,,,,,,,,,,
0.8,0.3,2.5132741228718345,2.755869967120894,0.0,mi_gain,,,,,,,,,,,,,,,,,,,,
0.8,0.3,2.5211281045058094,2.7582477639857874,0.0,mi_gain,,,,,,,,,,,,,,,,,,,,
0.8,0.3,2.528982086139784,2.7605952997981724,0.0,mi_gain,,,,,,,,,,,,,,,,,,,,
0.8,0.3,2.5368360677737583,2.762912588365611,0.0,mi_gain,,,,,,,,,,,,,,,,,,,,
0.8,0.3,2.5446900494077327,2.7651996432898702,0.0,mi_gain,,,,,,,,,,,,,,,,,,,,
0.8,0.3,2.552544031041707,2.7674564779681807,0.0,mi_gain,,,,,,,,,,,,,,,,,,,,
0.8,0.3,2.5603980126756816,2.769683105594445,0.0,mi_gain,,,,,,,,,,,,,,,,,,,,
0.8,0.3,2.568251994309656,2.7718795391604423,0.0,mi_gain,,,,,,,,,,,,,,,,,,,,
0.8,0.3,2.5761059759436304,2.7740457914570067,0.0,mi_gain,,,,,,,,,,,,,,,,,,,,
0.8,0.3,2.583959957577605,2.776181875075181,0.0,mi_gain,,,,,,,,,,,,,,,,,,,,
0.8,0.3,2.59181393921158,2.7782878024073496,0.0,mi_gain,,,,,,,,,,,,,,,,,,,,
0.8,0.3,2.599667920845554,2.7803635856483573,0.0,mi_gain,,,,,,,,,,,,,,,,,,,,
0.8,0.3,2.6075219024795286,2.7824092367965947,0.0,mi_gain,,,,,,,,,,,,,,,,,,,,
0.8,0.3,2.615375884113503,2.784424767655071,0.0,mi_gain,,,,,,,,,,,,,,,,,,,,
0.8,0.3,2.623229865747477,2.786410189832473,0.0,mi_gain,,,,,,,,,,,,,,,,,,,,
0.8,0.3,2.631083847381452,2.7883655147441835,0.0,mi_gain,,,,,,,,,,,,,,,,,,,,
0.8,0.3,2.6389378290154264,2.7902907536133044,0.0,mi_gain,,,,,,,,,,,,,,,,,,,,
0.8,0.3,2.646791810649401,2.7921859174716395,0.0,mi_gain,,,,,,,,,,,,,,,,,,,,
0.8,0.3,2.6546457922833757,2.7940510171606747,0.0,mi_gain,,,,,,,,,,,,,,,,,,,,
0.8,0.3,2.6624997739173497,2.7958860633325218,0.0,mi_gain,,,,,,,,,,,,,,,,,,,,
0.8,0.3,2.6703537555513246,2.7976910664508585,0.0,mi_gain,,,,,,,,,,,,,,,,,,,,
0.8,0.3,2.678207737185299,2.7994660367918427,0.0,mi_gain,,,,,,,,,,,,,,,,,,,,
0.8,0.3,2.686061718819273,2.801210984445011,0.0,mi_gain,,,,,,,,,,,,,,,,,,,,
0.8,0.3,2.693915700453248,2.802925919314147,0.0,mi_gain,,,,,,,,,,,,,,,,,,,,
0.8,0.3,2.7017696820872223,2.8046108511181536,0.0,mi_gain,,,,,,,,,,,,,,,,,,,,
0.8,0.3,2.709623663721197,2.80626578939189,0.0,mi_gain,,,,,,,,,,,,,,,,,,,,
0.8,0.3,2.7174776453551712,2.8078907434869955,0.0,mi_gain,,,,,,,,,,,,,,,,,,,,
0.8,0.3,2.7253316269891457,2.8094857225726884,0.0,mi_gain,,,,,,,,,,,,,,,,,,,,
0.8,0.3,2.73318560862312,2.811050735636573,0.0,mi_gain,,,,,,,,,,,,,,,,,,,,
0.8,0.3,2.7410395902570945,2.812585791485392,0.0,mi_gain,,,,,,,,,,,,,,,,,,,,
0.8,0.3,2.7488935718910694,2.814090898745793,0.0,mi_gain,,,,,,,,,,,,,,,,,,,,
0.8,0.3,2.756747553525044,2.815566065865067,0.0,mi_gain,,,,,,,,,,,,,,,,,,,,
0.8,0.3,2.7646015351590183,2.8170113011118554,0.0,mi_gain,,,,,,,,,,,,,,,,,,,,
0.8,0.3,2.7724555167929927,2.818426612576867,0.0,mi_gain,,,,,,,,,,,,,,,,,,,,
0.8,0.3,2.780309498426967,2.819812008173566,0.0,mi_gain,,,,,,,,,,,,,,,,,,,,
0.8,0.3,2.7881634800609416,2.8211674956388344,0.0,mi_gain,,,,,,,,,,,,,,,,,,,,
0.8,0.3,2.796017461694916,2.822493082533632,0.0,mi_gain,,,,,,,,,,,,,,,,,,,,
0.8,0.3,2.8038714433288905,2.823788776243635,0.0,mi_gain,,,,,,,,,,,,,,,,,,,,
0.8,0.3,2.811725424962865,2.8250545839798624,0.0,mi_gain,,,,,,,,,,,,,,,,,,,,
0.8,0.3,2.81957940659684,2.826290512779276,0.0,mi_gain,,,,,,,,,,,,,,,,,,,,
0.8,0.3,2.8274333882308142,2.8274965695053766,0.0,mi_gain,,,,,,,,,,,,,,,,,,,,
0.8,0.3,2.8352873698647887,2.828672760848779,0.0,mi_gain,,,,,,,,,,,,,,,,,,,,
0.8,0.3,2.843141351498763,2.829819093327776,0.0,mi_gain,,,,,,,,,,,,,,,,,,,,
0.8,0.3,2.8509953331327376,2.830935573288871,0.0,mi_gain,,,,,,,,,,,,,,,,,,,,
0.8,0.3,2.858849314766712,2.832022206907327,0.0,mi_gain,,,,,,,,,,,,,,,,,,,,
0.8,0.3,2.8667032964006864,2.833079000187668,0.0,mi_gain,,,,,,,,,,,,,,,,,,,,
0.8,0.3,2.874557278034661,2.8341059589641797,0.0,mi_gain,,,,,,,,,,,,,,,,,,,,
0.8,0.3,2.8824112596686358,2.835103088901404,0.0,mi_gain,,,,,,,,,,,,,,,,,,,,
0.8,0.3,2.8902652413026098,2.8360703954945974,0.0,mi_gain,,,,,,,,,,,,,,,,,,,,
0.8,0.3,2.898119222936584,2.837007884070194,0.0,mi_gain,,,,,,,,,,,,,,,,,,,,
0.8,0.3,2.905973204570559,2.8379155597862478,0.0,mi_gain,,,,,,,,,,,,,,,,,,,,
0.8,0.3,2.913827186204533,2.838793427632848,0.0,mi_gain,,,,,,,,,,,,,,,,,,,,
0.8,0.3,2.921681167838508,2.8396414924325475,0.0,mi_gain,,,,,,,,,,,,,,,,,,,,
0.8,0.3,2.9295351494724824,2.84045975884075,0.0,mi_gain,,,,,,,,,,,,,,,,,,,,
0.8,0.3,2.937389131106457,2.8412482313460936,0.0,mi_gain,,,,,,,,,,,,,,,,,,,,
0.8,0.3,2.9452431127404317,2.84200691427083,0.0,mi_gain,,,,,,,,,,,,,,,,,,,,
0.8,0.3,2.9530970943744057,2.842735811771165,0.0,mi_gain,,,,,,,,,,,,,,,,,,,,
0.8,0.3,2.96095107600838,2.843434927837608,0.0,mi_gain,,,,,,,,,,,,,,,,,,,,
0.8,0.3,2.9688050576423546,2.844104266295305,0.0,mi_gain,,,,,,,,,,,,,,,,,,,,
0.8,0.3,2.976659039276329,2.844743830804343,0.0,mi_gain,,,,,,,,,,,,,,,,,,,,
0.8,0.3,2.984513020910304,2.8453536248600546,0.0,mi_gain,,,,,,,,,,,,,,,,,,,,
0.8,0.3,2.9923670025442783,2.845933651793297,0.0,mi_gain,,,,,,,,,,,,,,,,,,,,
0.8,0.3,3.000220984178253,2.846483914770737,0.0,mi_gain,,,,,,,,,,,,,,,,,,,,
0.8,0.3,3.008074965812227,2.847004416795097,0.0,mi_gain,,,,,,,,,,,,,,,,,,,,
0.8,0.3,3.0159289474462017,2.8474951607054075,0.0,mi_gain,,,,,,,,,,,,,,,,,,,,
0.8,0.3,3.023782929080176,2.84795614917724,0.0,mi_gain,,,,,,,,,,,,,,,,,,,,
0.8,0.3,3.0316369107141505,2.848387384722917,0.0,mi_gain,,,,,,,,,,,,,,,,,,,,
0.8,0.3,3.039490892348125,2.848788869691722,0.0,mi_gain,,,,,,,,,,,,,,,,,,,,
0.8,0.3,3.0473448739820994,2.849160606270096,0.0,mi_gain,,,,,,,,,,,,,,,,,,,,
0.8,0.3,3.0551988556160743,2.849502596481804,0.0,mi_gain,,,,,,,,,,,,,,,,,,,,
0.8,0.3,3.0630528372500487,2.849814842188106,0.0,mi_gain,,,,,,,,,,,,,,,,,,,,
0.8,0.3,3.070906818884023,2.85009734508791,0.0,mi_gain,,,,,,,,,,,,,,,,,,,,
0.8,0.3,3.0787608005179976,2.850350106717907,0.0,mi_gain,,,,,,,,,,,,,,,,,,,,
0.8,0.3,3.086614782151972,2.850573128452695,0.0,mi_gain,,,,,,,,,,,,,,,,,,,,
0.8,0.3,3.0944687637859465,2.850766411504894,0.0,mi_gain,,,,,,,,,,,,,,,,,,,,
0.8,0.3,3.102322745419921,2.85092995692524,0.0,mi_gain,,,,,,,,,,,,,,,,,,,,
0.8,0.3,3.110176727053896,2.851063765602679,0.0,mi_gain,,,,,,,,,,,,,,,,,,,,
0.8,0.3,3.11803070868787,2.851167838264423,0.0,mi_gain,,,,,,,,,,,,,,,,,,,,
0.8,0.3,3.125884690321844,2.8512421754760275,0.0,mi_gain,,,,,,,,,,,,,,,,,,,,
0.8,0.3,3.133738671955819,2.851286777641426,0.0,mi_gain,,,,,,,,,,,,,,,,,,,,
0.8,0.3,3.141592653589793,2.851301645002966,0.0,mi_gain,,,,,,,,,,,,,,,,,,,,
1.2,0.3,0.0,0.0,0.0,mi_gain,,,,,,,,,,,,,,,,,,,,
1.2,0.3,0.0078539816339744,0.0059620586261643,0.059512091482629,mi_gain,,,,,,,,,,,,,,,,,,,,
1.2,0.3,0.0157079632679489,0.0136455011107059,0.0894488734745233,mi_gain,,,,,,,,,,,,,,,,,,,,
1.2,0.3,0.0235619449019234,0.022121516757402,0.1130643557925892,mi_gain,,,,,,,,,,,,,,,,,,,,
1.2,0.3,0.0314159265358979,0.0311422785737636,0.1330996830555665,mi_gain,,,,,,,,,,,,,,,,,,,,
1.2,0.3,0.0392699081698724,0.0405803583870703,0.1506700021418301,mi_gain,,,,,,,,,,,,,,,,,,,,
1.2,0.3,0.0471238898038469,0.0503564865409447,0.1663674132389467,mi_gain,,,,,,,,,,,,,,,,,,,,
1.2,0.3,0.0549778714378213,0.0604160239581097,0.1805533672462492,mi_gain,,,,,,,,,,,,,,,,,,,,
1.2,0.3,0.0628318530717958,0.0707187694109101,0.1934686468127396,mi_gain,,,,,,,,,,,,,,,,,,,,
1.2,0.3,0.0706858347057703,0.0812337691383056,0.2052835508134244,mi_gain,,,,,,,,,,,,,,,,,,,,
1.2,0.3,0.0785398163397448,0.0919363759611948,0.2161238727022971,mi_gain,,,,,,,,,,,,,,,,,,,,
1.2,0.3,0.0863937979737193,0.1028064503898504,0.2260856120856643,mi_gain,,,,,,,,,,,,,,,,,,,,
1.2,0.3,0.0942477796076938,0.1138271947129214,0.2352438874265164,mi_gain,,,,,,,,,,,,,,,,,,,,
1.2,0.3,0.1021017612416682,0.1249843622335256,0.2436586270526743,mi_gain,,,,,,,,,,,,,,,,,,,,
1.2,0.3,0.1099557428756427,0.1362657009253094,0.2513783588667087,mi_gain,,,,,,,,,,,,,,,,,,,,
1.2,0.3,0.1178097245096172,0.1476605500022541,0.2584428214796926,mi_gain,,,,,,,,,,,,,,,,,,,,
1.2,0.3,0.1256637061435917,0.1591595398527123,0.2648848141843927,mi_gain,,,,,,,,,,,,,,,,,,,,
1.2,0.3,0.1335176877775662,0.1707543639753059,0.2707315378166576,mi_gain,,,,,,,,,,,,,,,,,,,,
1.2,0.3,0.1413716694115407,0.1824376023759699,0.276005584481346,mi_gain,,,,,,,,,,,,,,,,,,,,
1.2,0.3,0.1492256510455152,0.1942025825727156,0.2807256783155344,mi_gain,,,,,,,,,,,,,,,,,,,,
1.2,0.3,0.1570796326794896,0.2060432686238837,0.2849072351294651,mi_gain,,,,,,,,,,,,,,,,,,,,
1.2,0.3,0.1649336143134641,0.2179541713995434,0.2885627869446517,mi_gain,,,,,,,,,,,,,,,,,,,,
1.2,0.3,0.1727875959474386,0.2299302752036398,0.2917023031567669,mi_gain,,,,,,,,,,,,,,,,,,,,
1.2,0.3,0.1806415775814131,0.2419669771541623,0.2943334304141724,mi_gain,,,,,,,,,,,,,,,,,,,,
1.2,0.3,0.1884955592153876,0.2540600366410266,0.2964616666056105,mi_gain,,,,,,,,,,,,,,,,,,,,
1.2,0.3,0.1963495408493621,0.2662055328334878,0.2980904795342037,mi_gain,,,,,,,,,,,,,,,,,,,,
1.2,0.3,0.2042035224833365,0.2783998286823863,0.2992213772427527,mi_gain,,,,,,,,,,,,,,,,,,,,
1.2,0.3,0.212057504117311,0.2906395402114368,0.299853934095497,mi_gain,,,,,,,,,,,,,,,,,,,,
1.2,0.3,0.2199114857512855,0.3029215101522615,0.2999857742934325,mi_gain,,,,,,,,,,,,,,,,,,,,
1.2,0.3,0.22776546738526,0.3152427851747246,0.2996125122556085,mi_gain,,,,,,,,,,,,,,,,,,,,
1.2,0.3,0.2356194490192345,0.3276005961145989,0.2987276470200218,mi_gain,,,,,,,,,,,,,,,,,,,,
1.2,0.3,0.2434734306532089,0.3399923407167549,0.2973224052842216,mi_gain,,,,,,,,,,,,,,,,,,,,
1.2,0.3,0.2513274122871834,0.3524155685026464,0.2953855246597984,mi_gain,,,,,,,,,,,,,,,,,,,,
1.2,0.3,0.2591813939211579,0.3648679674420725,0.2929029648192968,mi_gain,,,,,,,,,,,,,,,,,,,,
1.2,0.3,0.2670353755551324,0.3773473521657149,0.2898575289913181,mi_gain,,,,,,,,,,,,,,,,,,,,
1.2,0.3,0.2748893571891069,0.3898516535000578,0.2862283709964921,mi_gain,,,,,,,,,,,,,,,,,,,,
1.2,0.3,0.2827433388230814,0.4023789091426439,0.2819903526058334,mi_gain,,,,,,,,,,,,,,,,,,,,
1.2,0.3,0.2905973204570559,0.414927255325076,0.2771132006661623,mi_gain,,,,,,,,,,,,,,,,,,,,
1.2,0.3,0.2984513020910304,0.4274949193351476,0.2715603902334142,mi_gain,,,,,,,,,,,,,,,,,,,,
1.2,0.3,0.3063052837250049,0.4400802127892329,0.2652876438602507,mi_gain,,,,,,,,,,,,,,,,,,,,
1.2,0.3,0.3141592653589793,0.4526815255622696,0.2582408793200216,mi_gain,,,,,,,,,,,,,,,,,,,,
1.2,0.3,0.3220132469929538,0.4652973202961823,0.2503533421045169,mi_gain,,,,,,,,,,,,,,,,,,,,
1.2,0.3,0.3298672286269283,0.4779261274188058,0.2415414937060439,mi_gain,,,,,,,,,,,,,,,,,,,,
1.2,0.3,0.3377212102609028,0.4905665406147961,0.2316989287806684,mi_gain,,,,,,,,,,,,,,,,,,,,
1.2,0.3,0.3455751918948773,0.5032172126979242,0.2206870283077069,mi_gain,,,,,,,,,,,,,,,,,,,,
1.2,0.3,0.3534291735288518,0.5158768518408341,0.2083199098485081,mi_gain,,,,,,,,,,,,,,,,,,,,
1.2,0.3,0.3612831551628262,0.5285442181240374,0.194338725842464,mi_gain,,,,,,,,,,,,,,,,,,,,
1.2,0.3,0.3691371367968007,0.5412181203707411,0.1783642856762716,mi_gain,,,,,,,,,,,,,,,,,,,,
1.2,0.3,0.3769911184307752,0.5538974132382333,0.1598001988451009,mi_gain,,,,,,,,,,,,,,,,,,,,
1.2,0.3,0.3848451000647497,0.566580994540113,0.1376029554551944,mi_gain,,,,,,,,,,,,,,,,,,,,
1.2,0.3,0.3926990816987242,0.5792678027766907,0.1095878384323707,mi_gain,,,,,,,,,,,,,,,,,,,,
1.2,0.3,0.4005530633326986,0.5919568148535255,0.0690015815803104,mi_gain,,,,,,,,,,,,,,,,,,,,
1.2,0.3,0.4084070449666731,0.60464704397035,0.0,mi_gain,,,,,,,,,,,,,,,,,,,,
1.2,0.3,0.4162610266006476,0.6173375376646184,0.0,mi_gain,,,,,,,,,,,,,,,,,,,,
1.2,0.3,0.4241150082346221,0.6300273759956434,0.0,mi_gain,,,,,,,,,,,,,,,,,,,,
1.2,0.3,0.4319689898685966,0.6427156698567946,0.0,mi_gain,,,,,,,,,,,,,,,,,,,,
1.2,0.3,0.4398229715025711,0.6554015594045588,0.0,mi_gain,,,,,,,,,,,,,,,,,,,,
1.2,0.3,0.4476769531365455,0.6680842125944249,0.0,mi_gain,,,,,,,,,,,,,,,,,,,,
1.2,0.3,0.45553093477052,0.6807628238145795,0.0,mi_gain,,,,,,,,,,,,,,,,,,,,
1.2,0.3,0.4633849164044945,0.6934366126092968,0.0,mi_gain,,,,,,,,,,,,,,,,,,,,
1.2,0.3,0.471238898038469,0.7061048224847182,0.0,mi_gain,,,,,,,,,,,,,,,,,,,,
1.2,0.3,0.4790928796724435,0.7187667197904111,0.0,mi_gain,,,,,,,,,,,,,,,,,,,,
1.2,0.3,0.4869468613064179,0.7314215926707368,0.0,mi_gain,,,,,,,,,,,,,,,,,,,,
1.2,0.3,0.4948008429403924,0.7440687500806129,0.0,mi_gain,,,,,,,,,,,,,,,,,,,,
1.2,0.3,0.5026548245743669,0.7567075208607501,0.0,mi_gain,,,,,,,,,,,,,,,,,,,,
1.2,0.3,0.5105088062083414,0.7693372528678948,0.0,mi_gain,,,,,,,,,,,,,,,,,,,,
1.2,0.3,0.5183627878423159,0.7819573121560186,0.0,mi_gain,,,,,,,,,,,,,,,,,,,,
1.2,0.3,0.5262167694762904,0.7945670822047319,0.0,mi_gain,,,,,,,,,,,,,,,,,,,,
1.2,0.3,0.5340707511102649,0.8071659631915309,0.0,mi_gain,,,,,,,,,,,,,,,,,,,,
1.2,0.3,0.5419247327442394,0.8197533713047938,0.0,mi_gain,,,,,,,,,,,,,,,,,,,,
1.2,0.3,0.5497787143782138,0.8323287380946665,0.0,mi_gain,,,,,,,,,,,,,,,,,,,,
1.2,0.3,0.5576326960121883,0.8448915098592524,0.0,mi_gain,,,,,,,,,,,,,,,,,,,,
1.2,0.3,0.5654866776461628,0.8574411470637069,0.0,mi_gain,,,,,,,,,,,,,,,,,,,,
1.2,0.3,0.5733406592801373,0.8699771237900429,0.0,mi_gain,,,,,,,,,,,,,,,,,,,,
1.2,0.3,0.5811946409141118,0.882498927215613,0.0,mi_gain,,,,,,,,,,,,,,,,,,,,
1.2,0.3,0.5890486225480862,0.8950060571184382,0.0,mi_gain,,,,,,,,,,,,,,,,,,,,
1.2,0.3,0.5969026041820608,0.9074980254076136,0.0,mi_gain,,,,,,,,,,,,,,,,,,,,
1.2,0.3,0.6047565858160352,0.9199743556772508,0.0,mi_gain,,,,,,,,,,,,,,,,,,,,
1.2,0.3,0.6126105674500097,0.9324345827824584,0.0,mi_gain,,,,,,,,,,,,,,,,,,,,
1.2,0.3,0.6204645490839842,0.9448782524360148,0.0,mi_gain,,,,,,,,,,,,,,,,,,,,
1.2,0.3,0.6283185307179586,0.9573049208244736,0.0,mi_gain,,,,,,,,,,,,,,,,,,,,
1.2,0.3,0.6361725123519332,0.969714154242528,0.0,mi_gain,,,,,,,,,,,,,,,,,,,,
1.2,0.3,0.6440264939859076,0.982105528744554,0.0,mi_gain,,,,,,,,,,,,,,,,,,,,
1.2,0.3,0.6518804756198822,0.9944786298123364,0.0,mi_gain,,,,,,,,,,,,,,,,,,,,
1.2,0.3,0.6597344572538566,1.0068330520380169,0.0,mi_gain,,,,,,,,,,,,,,,,,,,,
1.2,0.3,0.6675884388878311,1.0191683988214106,0.0,mi_gain,,,,,,,,,,,,,,,,,,,,
1.2,0.3,0.6754424205218056,1.0314842820808856,0.0,mi_gain,,,,,,,,,,,,,,,,,,,,
1.2,0.3,0.68329640215578,1.0437803219770176,0.0,mi_gain,,,,,,,,,,,,,,,,,,,,
1.2,0.3,0.6911503837897546,1.0560561466483511,0.0,mi_gain,,,,,,,,,,,,,,,,,,,,
1.2,0.3,0.699004365423729,1.0683113919585718,0.0,mi_gain,,,,,,,,,,,,,,,,,,,,
1.2,0.3,0.7068583470577036,1.0805457012545057,0.0,mi_gain,,,,,,,,,,,,,,,,,,,,
1.2,0.3,0.714712328691678,1.092758725134336,0.0,mi_gain,,,,,,,,,,,,,,,,,,,,
1.2,0.3,0.7225663103256524,1.104950121225528,0.0,mi_gain,,,,,,,,,,,,,,,,,,,,
1.2,0.3,0.730420291959627,1.1171195539719296,0.0,mi_gain,,,,,,,,,,,,,,,,,,,,
1.2,0.3,0.7382742735936014,1.1292666944295842,0.0,mi_gain,,,,,,,,,,,,,,,,,,,,
1.2,0.3,0.746128255227576,1.1413912200708185,0.0,mi_gain,,,,,,,,,,,,,,,,,,,,
1.2,0.3,0.7539822368615504,1.153492814596172,0.0,mi_gain,,,,,,,,,,,,,,,,,,,,
1.2,0.3,0.7618362184955249,1.16557116775378,0.0,mi_gain,,,,,,,,,,,,,,,,,,,,
1.2,0.3,0.7696902001294994,1.1776259751658589,0.0,mi_gain,,,,,,,,,,,,,,,,,,,,
1.2,0.3,0.7775441817634738,1.189656938161897,0.0,mi_gain,,,,,,,,,,,,,,,,,,,,
1.2,0.3,0.7853981633974484,1.2016637636183,0.0,mi_gain,,,,,,,,,,,,,,,,,,,,
1.2,0.3,0.7932521450314228,1.2136461638041056,0.0,mi_gain,,,,,,,,,,,,,,,,,,,,
1.2,0.3,0.8011061266653973,1.225603856232528,0.0,mi_gain,,,,,,,,,,,,,,,,,,,,
1.2,0.3,0.8089601082993718,1.2375365635180375,0.0,mi_gain,,,,,,,,,,,,,,,,,,,,
1.2,0.3,0.8168140899333463,1.249444013238722,0.0,mi_gain,,,,,,,,,,,,,,,,,,,,
1.2,0.3,0.8246680715673208,1.261325937803687,0.0,mi_gain,,,,,,,,,,,,,,,,,,,,
1.2,0.3,0.8325220532012952,1.2731820743252589,0.0,mi_gain,,,,,,,,,,,,,,,,,,,,
1.2,0.3,0.8403760348352697,1.2850121644957802,0.0,mi_gain,,,,,,,,,,,,,,,,,,,,
1.2,0.3,0.8482300164692442,1.296815954468787,0.0,mi_gain,,,,,,,,,,,,,,,,,,,,
1.2,0.3,0.8560839981032187,1.30859319474437,0.0,mi_gain,,,,,,,,,,,,,,,,,,,,
1.2,0.3,0.8639379797371932,1.3203436400585495,0.0,mi_gain,,,,,,,,,,,,,,,,,,,,
1.2,0.3,0.8717919613711677,1.3320670492764624,0.0,mi_gain,,,,,,,,,,,,,,,,,,,,
1.2,0.3,0.8796459430051422,1.343763185289231,0.0,mi_gain,,,,,,,,,,,,,,,,,,,,
1.2,0.3,0.8874999246391166,1.3554318149143183,0.0,mi_gain,,,,,,,,,,,,,,,,,,,,
1.2,0.3,0.8953539062730911,1.3670727087992605,0.0,mi_gain,,,,,,,,,,,,,,,,,,,,
1.2,0.3,0.9032078879070656,1.378685641328592,0.0,mi_gain,,,,,,,,,,,,,,,,,,,,
1.2,0.3,0.91106186954104,1.3902703905338691,0.0,mi_gain,,,,,,,,,,,,,,,,,,,,
1.2,0.3,0.9189158511750146,1.4018267380066434,0.0,mi_gain,,,,,,,,,,,,,,,,,,,,
1.2,0.3,0.9267698328089892,1.4133544688142556,0.0,mi_gain,,,,,,,,,,,,,,,,,,,,
1.2,0.3,0.9346238144429636,1.4248533714183655,0.0,mi_gain,,,,,,,,,,,,,,,,,,,,
1.2,0.3,0.942477796076938,1.4363232375960695,0.0,mi_gain,,,,,,,,,,,,,,,,,,,,
1.2,0.3,0.9503317777109124,1.4477638623635385,0.0,mi_gain,,,,,,,,,,,,,,,,,,,,
1.2,0.3,0.958185759344887,1.459175043902044,0.0,mi_gain,,,,,,,,,,,,,,,,,,,,
1.2,0.3,0.9660397409788616,1.4705565834863048,0.0,mi_gain,,,,,,,,,,,,,,,,,,,,
1.2,0.3,0.973893722612836,1.4819082854150436,0.0,mi_gain,,,,,,,,,,,,,,,,,,,,
1.2,0.3,0.9817477042468103,1.493229956943685,0.0,mi_gain,,,,,,,,,,,,,,,,,,,,
1.2,0.3,0.9896016858807848,1.504521408219095,0.0,mi_gain,,,,,,,,,,,,,,,,,,,,
1.2,0.3,0.9974556675147594,1.5157824522162997,0.0,mi_gain,,,,,,,,,,,,,,,,,,,,
1.2,0.3,1.005309649148734,1.5270129046771008,0.0,mi_gain,,,,,,,,,,,,,,,,,,,,
1.2,0.3,1.0131636307827083,1.5382125840505148,0.0,mi_gain,,,,,,,,,,,,,,,,,,,,
1.2,0.3,1.0210176124166828,1.5493813114349797,0.0,mi_gain,,,,,,,,,,,,,,,,,,,,
1.2,0.3,1.0288715940506574,1.5605189105222392,0.0,mi_gain,,,,,,,,,,,,,,,,,,,,
1.2,0.3,1.036725575684632,1.5716252075428796,0.0,mi_gain,,,,,,,,,,,,,,,,,,,,
1.2,0.3,1.0445795573186063,1.5827000312134194,0.0,mi_gain,,,,,,,,,,,,,,,,,,,,
1.2,0.3,1.0524335389525807,1.5937432126849334,0.0,mi_gain,,,,,,,,,,,,,,,,,,,,
1.2,0.3,1.0602875205865552,1.6047545854931151,0.0,mi_gain,,,,,,,,,,,,,,,,,,,,
1.2,0.3,1.0681415022205298,1.615733985509778,0.0,mi_gain,,,,,,,,,,,,,,,,,,,,
1.2,0.3,1.0759954838545045,1.6266812508956872,0.0,mi_gain,,,,,,,,,,,,,,,,,,,,
1.2,0.3,1.0838494654884787,1.6375962220547202,0.0,mi_gain,,,,,,,,,,,,,,,,,,,,
1.2,0.3,1.0917034471224532,1.6484787415892934,0.0,mi_gain,,,,,,,,,,,,,,,,,,,,
1.2,0.3,1.0995574287564276,1.6593286542570056,0.0,mi_gain,,,,,,,,,,,,,,,,,,,,
1.2,0.3,1.1074114103904025,1.670145806928463,0.0,mi_gain,,,,,,,,,,,,,,,,,,,,
1.2,0.3,1.1152653920243767,1.6809300485462455,0.0,mi_gain,,,,,,,,,,,,,,,,,,,,
1.2,0.3,1.1231193736583511,1.691681230084982,0.0,mi_gain,,,,,,,,,,,,,,,,,,,,
1.2,0.3,1.1309733552923256,1.7023992045124767,0.0,mi_gain,,,,,,,,,,,,,,,,,,,,
1.2,0.3,1.1388273369263,1.7130838267518784,0.0,mi_gain,,,,,,,,,,,,,,,,,,,,
1.2,0.3,1.1466813185602749,1.7237349536448343,0.0,mi_gain,,,,,,,,,,,,,,,,,,,,
1.2,0.3,1.154535300194249,1.7343524439156144,0.0,mi_gain,,,,,,,,,,,,,,,,,,,,
1.2,0.3,1.1623892818282235,1.7449361581361669,0.0,mi_gain,,,,,,,,,,,,,,,,,,,,
1.2,0.3,1.170243263462198,1.7554859586920657,0.0,mi_gain,,,,,,,,,,,,,,,,,,,,
1.2,0.3,1.1780972450961724,1.766001709749342,0.0,mi_gain,,,,,,,,,,,,,,,,,,,,
1.2,0.3,1.185951226730147,1.7764832772221515,0.0,mi_gain,,,,,,,,,,,,,,,,,,,,
1.2,0.3,1.1938052083641215,1.786930528741262,0.0,mi_gain,,,,,,,,,,,,,,,,,,,,
1.2,0.3,1.201659189998096,1.7973433336233342,0.0,mi_gain,,,,,,,,,,,,,,,,,,,,
1.2,0.3,1.2095131716320704,1.8077215628409644,0.0,mi_gain,,,,,,,,,,,,,,,,,,,,
1.2,0.3,1.2173671532660448,1.8180650889934769,0.0,mi_gain,,,,,,,,,,,,,,,,,,,,
1.2,0.3,1.2252211349000195,1.8283737862784304,0.0,mi_gain,,,,,,,,,,,,,,,,,,,,
1.2,0.3,1.233075116533994,1.8386475304638188,0.0,mi_gain,,,,,,,,,,,,,,,,,,,,
1.2,0.3,1.2409290981679684,1.8488861988609653,0.0,mi_gain,,,,,,,,,,,,,,,,,,,,
1.2,0.3,1.2487830798019428,1.8590896702980504,0.0,mi_gain,,,,,,,,,,,,,,,,,,,,
1.2,0.3,1.2566370614359172,1.8692578250942904,0.0,mi_gain,,,,,,,,,,,,,,,,,,,,
1.2,0.3,1.264491043069892,1.8793905450347304,0.0,mi_gain,,,,,,,,,,,,,,,,,,,,
1.2,0.3,1.2723450247038663,1.889487713345631,0.0,mi_gain,,,,,,,,,,,,,,,,,,,,
1.2,0.3,1.2801990063378408,1.8995492146704387,0.0,mi_gain,,,,,,,,,,,,,,,,,,,,
1.2,0.3,1.2880529879718152,1.909574935046327,0.0,mi_gain,,,,,,,,,,,,,,,,,,,,
1.2,0.3,1.29590696960579,1.9195647618812728,0.0,mi_gain,,,,,,,,,,,,,,,,,,,,
1.2,0.3,1.3037609512397643,1.9295185839316689,0.0,mi_gain,,,,,,,,,,,,,,,,,,,,
1.2,0.3,1.3116149328737388,1.93943629128046,0.0,mi_gain,,,,,,,,,,,,,,,,,,,,
1.2,0.3,1.3194689145077132,1.9493177753157704,0.0,mi_gain,,,,,,,,,,,,,,,,,,,,
1.2,0.3,1.3273228961416876,1.959162928710017,0.0,mi_gain,,,,,,,,,,,,,,,,,,,,
1.2,0.3,1.3351768777756623,1.96897164539951,0.0,mi_gain,,,,,,,,,,,,,,,,,,,,
1.2,0.3,1.3430308594096367,1.978743820564498,0.0,mi_gain,,,,,,,,,,,,,,,,,,,,
1.2,0.3,1.3508848410436112,1.9884793506096672,0.0,mi_gain,,,,,,,,,,,,,,,,,,,,
1.2,0.3,1.3587388226775856,1.998178133145072,0.0,mi_gain,,,,,,,,,,,,,,,,,,,,
1.2,0.3,1.36659280431156,2.0078400669674967,0.0,mi_gain,,,,,,,,,,,,,,,,,,,,
1.2,0.3,1.3744467859455347,2.0174650520422115,0.0,mi_gain,,,,,,,,,,,,,,,,,,,,
1.2,0.3,1.3823007675795091,2.027052989485145,0.0,mi_gain,,,,,,,,,,,,,,,,,,,,
1.2,0.3,1.3901547492134836,2.036603781545437,0.0,mi_gain,,,,,,,,,,,,,,,,,,,,
1.2,0.3,1.398008730847458,2.0461173315883734,0.0,mi_gain,,,,,,,,,,,,,,,,,,,,
1.2,0.3,1.4058627124814325,2.055593544078675,0.0,mi_gain,,,,,,,,,,,,,,,,,,,,
1.2,0.3,1.4137166941154071,2.0650323245641733,0.0,mi_gain,,,,,,,,,,,,,,,,,,,,
1.2,0.3,1.4215706757493816,2.0744335796598063,0.0,mi_gain,,,,,,,,,,,,,,,,,,,,
1.2,0.3,1.429424657383356,2.083797217031969,0.0,mi_gain,,,,,,,,,,,,,,,,,,,,
1.2,0.3,1.4372786390173304,2.0931231453831867,0.0,mi_gain,,,,,,,,,,,,,,,,,,,,
1.2,0.3,1.4451326206513049,2.102411274437123,0.0,mi_gain,,,,,,,,,,,,,,,,,,,,
1.2,0.3,1.4529866022852795,2.111661514923881,0.0,mi_gain,,,,,,,,,,,,,,,,,,,,
1.2,0.3,1.460840583919254,2.120873778565634,0.0,mi_gain,,,,,,,,,,,,,,,,,,,,
1.2,0.3,1.4686945655532284,2.1300479780625285,0.0,mi_gain,,,,,,,,,,,,,,,,,,,,
1.2,0.3,1.4765485471872029,2.139184027078901,0.0,mi_gain,,,,,,,,,,,,,,,,,,,,
1.2,0.3,1.4844025288211773,2.1482818402297585,0.0,mi_gain,,,,,,,,,,,,,,,,,,,,
1.2,0.3,1.492256510455152,2.1573413330675453,0.0,mi_gain,,,,,,,,,,,,,,,,,,,,
1.2,0.3,1.5001104920891264,2.166362422069172,0.0,mi_gain,,,,,,,,,,,,,,,,,,,,
1.2,0.3,1.5079644737231008,2.1753450246233177,0.0,mi_gain,,,,,,,,,,,,,,,,,,,,
1.2,0.3,1.5158184553570753,2.1842890590179715,0.0,mi_gain,,,,,,,,,,,,,,,,,,,,
1.2,0.3,1.5236724369910497,2.1931944444282285,0.0,mi_gain,,,,,,,,,,,,,,,,,,,,
1.2,0.3,1.5315264186250244,2.202061100904342,0.0,mi_gain,,,,,,,,,,,,,,,,,,,,
1.2,0.3,1.5393804002589988,2.210888949359988,0.0,mi_gain,,,,,,,,,,,,,,,,,,,,
1.2,0.3,1.5472343818929732,2.219677911560784,0.0,mi_gain,,,,,,,,,,,,,,,,,,,,
1.2,0.3,1.5550883635269477,2.228427910113017,0.0,mi_gain,,,,,,,,,,,,,,,,,,,,
1.2,0.3,1.562942345160922,2.2371388684526035,0.0,mi_gain,,,,,,,,,,,,,,,,,,,,
1.2,0.3,1.5707963267948968,2.2458107108342538,0.0,mi_gain,,,,,,,,,,,,,,,,,,,,
1.2,0.3,1.5786503084288712,2.254443362320855,0.0,mi_gain,,,,,,,,,,,,,,,,,,,,
1.2,0.3,1.5865042900628457,2.263036748773052,0.0,mi_gain,,,,,,,,,,,,,,,,,,,,
1.2,0.3,1.59435827169682,2.271590796839029,0.0,mi_gain,,,,,,,,,,,,,,,,,,,,
1.2,0.3,1.6022122533307943,2.2801054339444957,0.0,mi_gain,,,,,,,,,,,,,,,,,,,,
1.2,0.3,1.6100662349647692,2.2885805882828496,0.0,mi_gain,,,,,,,,,,,,,,,,,,,,
1.2,0.3,1.6179202165987436,2.297016188805531,0.0,mi_gain,,,,,,,,,,,,,,,,,,,,
1.2,0.3,1.625774198232718,2.305412165212568,0.0,mi_gain,,,,,,,,,,,,,,,,,,,,
1.2,0.3,1.6336281798666925,2.313768447943277,0.0,mi_gain,,,,,,,,,,,,,,,,,,,,
1.2,0.3,1.641482161500667,2.322084968167174,0.0,mi_gain,,,,,,,,,,,,,,,,,,,,
1.2,0.3,1.6493361431346416,2.330361657775005,0.0,mi_gain,,,,,,,,,,,,,,,,,,,,
1.2,0.3,1.657190124768616,2.338598449369996,0.0,mi_gain,,,,,,,,,,,,,,,,,,,,
1.2,0.3,1.6650441064025905,2.34679527625922,0.0,mi_gain,,,,,,,,,,,,,,,,,,,,
1.2,0.3,1.672898088036565,2.354952072445152,0.0,mi_gain,,,,,,,,,,,,,,,,,,,,
1.2,0.3,1.6807520696705394,2.363068772617369,0.0,mi_gain,,,,,,,,,,,,,,,,,,,,
1.2,0.3,1.688606051304514,2.371145312144391,0.0,mi_gain,,,,,,,,,,,,,,,,,,,,
1.2,0.3,1.6964600329384885,2.3791816270656896,0.0,mi_gain,,,,,,,,,,,,,,,,,,,,
1.2,0.3,1.704314014572463,2.3871776540838274,0.0,mi_gain,,,,,,,,,,,,,,,,,,,,
1.2,0.3,1.7121679962064371,2.3951333305567504,0.0,mi_gain,,,,,,,,,,,,,,,,,,,,
1.2,0.3,1.7200219778404118,2.4030485944902016,0.0,mi_gain,,,,,,,,,,,,,,,,,,,,
1.2,0.3,1.7278759594743864,2.410923384530288,0.0,mi_gain,,,,,,,,,,,,,,,,,,,,
1.2,0.3,1.7357299411083609,2.418757639956175,0.0,mi_gain,,,,,,,,,,,,,,,,,,,,
1.2,0.3,1.743583922742335,2.426551300672897,0.0,mi_gain,,,,,,,,,,,,,,,,,,,,
1.2,0.3,1.7514379043763098,2.4343043072043247,0.0,mi_gain,,,,,,,,,,,,,,,,,,,,
1.2,0.3,1.7592918860102844,2.4420166006862227,0.0,mi_gain,,,,,,,,,,,,,,,,,,,,
1.2,0.3,1.7671458676442588,2.4496881228594534,0.0,mi_gain,,,,,,,,,,,,,,,,,,,,
1.2,0.3,1.7749998492782333,2.4573188160632937,0.0,mi_gain,,,,,,,,,,,,,,,,,,,,
1.2,0.3,1.7828538309122075,2.4649086232288577,0.0,mi_gain,,,,,,,,,,,,,,,,,,,,
1.2,0.3,1.7907078125461822,2.4724574878726493,0.0,mi_gain,,,,,,,,,,,,,,,,,,,,
1.2,0.3,1.7985617941801568,2.4799653540902207,0.0,mi_gain,,,,,,,,,,,,,,,,,,,,
1.2,0.3,1.8064157758141317,2.487432166549933,0.0,mi_gain,,,,,,,,,,,,,,,,,,,,
1.2,0.3,1.8142697574481057,2.494857870486836,0.0,mi_gain,,,,,,,,,,,,,,,,,,,,
1.2,0.3,1.82212373908208,2.502242411696648,0.0,mi_gain,,,,,,,,,,,,,,,,,,,,
1.2,0.3,1.8299777207160544,2.509585736529833,0.0,mi_gain,,,,,,,,,,,,,,,,,,,,
1.2,0.3,1.8378317023500288,2.516887791885795,0.0,mi_gain,,,,,,,,,,,,,,,,,,,,
1.2,0.3,1.845685683984004,2.524148525207146,0.0,mi_gain,,,,,,,,,,,,,,,,,,,,
1.2,0.3,1.853539665617978,2.531367884474096,0.0,mi_gain,,,,,,,,,,,,,,,,,,,,
1.2,0.3,1.8613936472519528,2.538545818198928,0.0,mi_gain,,,,,,,,,,,,,,,,,,,,
1.2,0.3,1.869247628885927,2.545682275420557,0.0,mi_gain,,,,,,,,,,,,,,,,,,,,
1.2,0.3,1.8771016105199017,2.552777205699192,0.0,mi_gain,,,,,,,,,,,,,,,,,,,,
1.2,0.3,1.884955592153876,2.5598305591110933,0.0,mi_gain,,,,,,,,,,,,,,,,,,,,
1.2,0.3,1.8928095737878503,2.566842286243392,0.0,mi_gain,,,,,,,,,,,,,,,,,,,,
1.2,0.3,1.900663555421825,2.573812338189029,0.0,mi_gain,,,,,,,,,,,,,,,,,,,,
1.2,0.3,1.9085175370557996,2.580740666541744,0.0,mi_gain,,,,,,,,,,,,,,,,,,,,
1.2,0.3,1.916371518689774,2.587627223391181,0.0,mi_gain,,,,,,,,,,,,,,,,,,,,
1.2,0.3,1.9242255003237485,2.594471961318046,0.0,mi_gain,,,,,,,,,,,,,,,,,,,,
1.2,0.3,1.932079481957723,2.601274833389362,0.0,mi_gain,,,,,,,,,,,,,,,,,,,,
1.2,0.3,1.9399334635916972,2.608035793153798,0.0,mi_gain,,,,,,,,,,,,,,,,,,,,
1.2,0.3,1.947787445225672,2.614754794637072,0.0,mi_gain,,,,,,,,,,,,,,,,,,,,
1.2,0.3,1.9556414268596465,2.6214317923374253,0.0,mi_gain,,,,,,,,,,,,,,,,,,,,
1.2,0.3,1.963495408493621,2.6280667412211827,0.0,mi_gain,,,,,,,,,,,,,,,,,,,,
1.2,0.3,1.9713493901275956,2.634659596718383,0.0,mi_gain,,,,,,,,,,,,,,,,,,,,
1.2,0.3,1.9792033717615696,2.6412103147184545,0.0,mi_gain,,,,,,,,,,,,,,,,,,,,
1.2,0.3,1.987057353395544,2.6477188515660064,0.0,mi_gain,,,,,,,,,,,,,,,,,,,,
1.2,0.3,1.994911335029519,2.654185164056649,0.0,mi_gain,,,,,,,,,,,,,,,,,,,,
1.2,0.3,2.0027653166634933,2.660609209432898,0.0,mi_gain,,,,,,,,,,,,,,,,,,,,
1.2,0.3,2.010619298297468,2.666990945380152,0.0,mi_gain,,,,,,,,,,,,,,,,,,,,
1.2,0.3,2.018473279931442,2.673330330022704,0.0,mi_gain,,,,,,,,,,,,,,,,,,,,
1.2,0.3,2.0263272615654166,2.6796273219198614,0.0,mi_gain,,,,,,,,,,,,,,,,,,,,
1.2,0.3,2.034181243199391,2.6858818800620914,0.0,mi_gain,,,,,,,,,,,,,,,,,,,,
1.2,0.3,2.042035224833365,2.692093963867247,0.0,mi_gain,,,,,,,,,,,,,,,,,,,,
1.2,0.3,2.0498892064673404,2.698263533176841,0.0,mi_gain,,,,,,,,,,,,,,,,,,,,
1.2,0.3,2.057743188101315,2.7043905482523947,0.0,mi_gain,,,,,,,,,,,,,,,,,,,,
1.2,0.3,2.0655971697352893,2.7104749697718264,0.0,mi_gain,,,,,,,,,,,,,,,,,,,,
1.2,0.3,2.073451151369264,2.7165167588259185,0.0,mi_gain,,,,,,,,,,,,,,,,,,,,
1.2,0.3,2.081305133003238,2.722515876914813,0.0,mi_gain,,,,,,,,,,,,,,,,,,,,
1.2,0.3,2.0891591146372126,2.728472285944599,0.0,mi_gain,,,,,,,,,,,,,,,,,,,,
1.2,0.3,2.097013096271187,2.7343859482239106,0.0,mi_gain,,,,,,,,,,,,,,,,,,,,
1.2,0.3,2.104867077905161,2.740256826460616,0.0,mi_gain,,,,,,,,,,,,,,,,,,,,
1.2,0.3,2.112721059539136,2.746084883758541,0.0,mi_gain,,,,,,,,,,,,,,,,,,,,
1.2,0.3,2.1205750411731104,2.751870083614247,0.0,mi_gain,,,,,,,,,,,,,,,,,,,,
1.2,0.3,2.128429022807085,2.7576123899138567,0.0,mi_gain,,,,,,,,,,,,,,,,,,,,
1.2,0.3,2.13628300444106,2.7633117669299394,0.0,mi_gain,,,,,,,,,,,,,,,,,,,,
1.2,0.3,2.144136986075034,2.768968179318428,0.0,mi_gain,,,,,,,,,,,,,,,,,,,,
1.2,0.3,2.151990967709009,2.77458159211561,0.0,mi_gain,,,,,,,,,,,,,,,,,,,,
1.2,0.3,2.159844949342983,2.780151970735133,0.0,mi_gain,,,,,,,,,,,,,,,,,,,,
1.2,0.3,2.167698930976957,2.785679280965091,0.0,mi_gain,,,,,,,,,,,,,,,,,,,,
1.2,0.3,2.175552912610932,2.791163488965128,0.0,mi_gain,,,,,,,,,,,,,,,,,,,,
1.2,0.3,2.1834068942449063,2.7966045612636083,0.0,mi_gain,,,,,,,,,,,,,,,,,,,,
1.2,0.3,2.1912608758788807,2.8020024647548096,0.0,mi_gain,,,,,,,,,,,,,,,,,,,,
1.2,0.3,2.199114857512855,2.8073571666961894,0.0,mi_gain,,,,,,,,,,,,,,,,,,,,
1.2,0.3,2.20696883914683,2.8126686347056595,0.0,mi_gain,,,,,,,,,,,,,,,,,,,,
1.2,0.3,2.2148228207808045,2.8179368367589266,0.0,mi_gain,,,,,,,,,,,,,,,,,,,,
1.2,0.3,2.222676802414779,2.823161741186877,0.0,mi_gain,,,,,,,,,,,,,,,,,,,,
1.2,0.3,2.2305307840487534,2.828343316672977,0.0,mi_gain,,,,,,,,,,,,,,,,,,,,
1.2,0.3,2.238384765682728,2.833481532250742,0.0,mi_gain,,,,,,,,,,,,,,,,,,,,
1.2,0.3,2.2462387473167023,2.838576357301231,0.0,mi_gain,,,,,,,,,,,,,,,,,,,,
1.2,0.3,2.2540927289506767,2.8436277615505743,0.0,mi_gain,,,,,,,,,,,,,,,,,,,,
1.2,0.3,2.261946710584651,2.8486357150675685,0.0,mi_gain,,,,,,,,,,,,,,,,,,,,
1.2,0.3,2.2698006922186256,2.853600188261266,0.0,mi_gain,,,,,,,,,,,,,,,,,,,,
1.2,0.3,2.2776546738526,2.8585211518786338,0.0,mi_gain,,,,,,,,,,,,,,,,,,,,
1.2,0.3,2.285508655486575,2.863398577002242,0.0,mi_gain,,,,,,,,,,,,,,,,,,,,
1.2,0.3,2.2933626371205493,2.868232435047987,0.0,mi_gain,,,,,,,,,,,,,,,,,,,,
1.2,0.3,2.301216618754524,2.873022697762848,0.0,mi_gain,,,,,,,,,,,,,,,,,,,,
1.2,0.3,2.309070600388498,2.877769337222676,0.0,mi_gain,,,,,,,,,,,,,,,,,,,,
1.2,0.3,2.3169245820224726,2.8824723258300344,0.0,mi_gain,,,,,,,,,,,,,,,,,,,,
1.2,0.3,2.324778563656447,2.887131636312047,0.0,mi_gain,,,,,,,,,,,,,,,,,,,,
1.2,0.3,2.332632545290421,2.891747241718309,0.0,mi_gain,,,,,,,,,,,,,,,,,,,,
1.2,0.3,2.340486526924396,2.8963191154188,0.0,mi_gain,,,,,,,,,,,,,,,,,,,,
1.2,0.3,2.3483405085583704,2.9008472311018583,0.0,mi_gain,,,,,,,,,,,,,,,,,,,,
1.2,0.3,2.356194490192345,2.9053315627721745,0.0,mi_gain,,,,,,,,,,,,,,,,,,,,
1.2,0.3,2.36404847182632,2.909772084748809,0.0,mi_gain,,,,,,,,,,,,,,,,,,,,
1.2,0.3,2.371902453460294,2.91416877166326,0.0,mi_gain,,,,,,,,,,,,,,,,,,,,
1.2,0.3,2.3797564350942686,2.918521598457544,0.0,mi_gain,,,,,,,,,,,,,,,,,,,,
1.2,0.3,2.387610416728243,2.9228305403823165,0.0,mi_gain,,,,,,,,,,,,,,,,,,,,
1.2,0.3,2.395464398362217,2.9270955729950234,0.0,mi_gain,,,,,,,,,,,,,,,,,,,,
1.2,0.3,2.403318379996192,2.93131667215808,0.0,mi_gain,,,,,,,,,,,,,,,,,,,,
1.2,0.3,2.4111723616301663,2.935493814037077,0.0,mi_gain,,,,,,,,,,,,,,,,,,,,
1.2,0.3,2.419026343264141,2.9396269750990123,0.0,mi_gain,,,,,,,,,,,,,,,,,,,,
1.2,0.3,2.4268803248981152,2.9437161321105627,0.0,mi_gain,,,,,,,,,,,,,,,,,,,,
1.2,0.3,2.4347343065320897,2.9477612621363782,0.0,mi_gain,,,,,,,,,,,,,,,,,,,,
1.2,0.3,2.4425882881660645,2.9517623425374,0.0,mi_gain,,,,,,,,,,,,,,,,,,,,
1.2,0.3,2.450442269800039,2.9557193509692024,0.0,mi_gain,,,,,,,,,,,,,,,,,,,,
1.2,0.3,2.458296251434013,2.9596322653803844,0.0,mi_gain,,,,,,,,,,,,,,,,,,,,
1.2,0.3,2.466150233067988,2.963501064010953,0.0,mi_gain,,,,,,,,,,,,,,,,,,,,
1.2,0.3,2.4740042147019623,2.967325725390769,0.0,mi_gain,,,,,,,,,,,,,,,,,,,,
1.2,0.3,2.4818581963359367,2.9711062283379897,0.0,mi_gain,,,,,,,,,,,,,,,,,,,,
1.2,0.3,2.489712177969911,2.9748425519575514,0.0,mi_gain,,,,,,,,,,,,,,,,,,,,
1.2,0.3,2.4975661596038856,2.978534675639676,0.0,mi_gain,,,,,,,,,,,,,,,,,,,,
1.2,0.3,2.50542014123786,2.982182579058404,0.0,mi_gain,,,,,,,,,,,,,,,,,,,,
1.2,0.3,2.5132741228718345,2.9857862421701484,0.0,mi_gain,,,,,,,,,,,,,,,,,,,,
1.2,0.3,2.5211281045058094,2.989345645212266,0.0,mi_gain,,,,,,,,,,,,,,,,,,,,
1.2,0.3,2.528982086139784,2.992860768701676,0.0,mi_gain,,,,,,,,,,,,,,,,,,,,
1.2,0.3,2.5368360677737583,2.9963315934334847,0.0,mi_gain,,,,,,,,,,,,,,,,,,,,
1.2,0.3,2.5446900494077327,2.9997581004796183,0.0,mi_gain,,,,,,,,,,,,,,,,,,,,
1.2,0.3,2.552544031041707,3.003140271187525,0.0,mi_gain,,,,,,,,,,,,,,,,,,,,
1.2,0.3,2.5603980126756816,3.006478087178854,0.0,mi_gain,,,,,,,,,,,,,,,,,,,,
1.2,0.3,2.568251994309656,3.0097715303481807,0.0,mi_gain,,,,,,,,,,,,,,,,,,,,
1.2,0.3,2.5761059759436304,3.0130205828617584,0.0,mi_gain,,,,,,,,,,,,,,,,,,,,
1.2,0.3,2.583959957577605,3.0162252271562657,0.0,mi_gain,,,,,,,,,,,,,,,,,,,,
1.2,0.3,2.59181393921158,3.01938544593761,0.0,mi_gain,,,,,,,,,,,,,,,,,,,,
1.2,0.3,2.599667920845554,3.022501222179737,0.0,mi_gain,,,,,,,,,,,,,,,,,,,,
1.2,0.3,2.6075219024795286,3.0255725391234423,0.0,mi_gain,,,,,,,,,,,,,,,,,,,,
1.2,0.3,2.615375884113503,3.028599380275248,0.0,mi_gain,,,,,,,,,,,,,,,,,,,,
1.2,0.3,2.623229865747477,3.031581729406262,0.0,mi_gain,,,,,,,,,,,,,,,,,,,,
1.2,0.3,2.631083847381452,3.034519570551068,0.0,mi_gain,,,,,,,,,,,,,,,,,,,,
1.2,0.3,2.6389378290154264,3.03741288800666,0.0,mi_gain,,,,,,,,,,,,,,,,,,,,
1.2,0.3,2.646791810649401,3.0402616663313493,0.0,mi_gain,,,,,,,,,,,,,,,,,,,,
1.2,0.3,2.6546457922833757,3.0430658903437515,0.0,mi_gain,,,,,,,,,,,,,,,,,,,,
1.2,0.3,2.6624997739173497,3.0458255451217333,0.0,mi_gain,,,,,,,,,,,,,,,,,,,,
1.2,0.3,2.6703537555513246,3.048540616001426,0.0,mi_gain,,,,,,,,,,,,,,,,,,,,
1.2,0.3,2.678207737185299,3.051211088576236,0.0,mi_gain,,,,,,,,,,,,,,,,,,,,
1.2,0.3,2.686061718819273,3.0538369486958707,0.0,mi_gain,,,,,,,,,,,,,,,,,,,,
1.2,0.3,2.693915700453248,3.0564181824654093,0.0,mi_gain,,,,,,,,,,,,,,,,,,,,
1.2,0.3,2.7017696820872223,3.0589547762443674,0.0,mi_gain,,,,,,,,,,,,,,,,,,,,
1.2,0.3,2.709623663721197,3.0614467166457784,0.0,mi_gain,,,,,,,,,,,,,,,,,,,,
1.2,0.3,2.7174776453551712,3.063893990535316,0.0,mi_gain,,,,,,,,,,,,,,,,,,,,
1.2,0.3,2.7253316269891457,3.0662965850304293,0.0,mi_gain,,,,,,,,,,,,,,,,,,,,
1.2,0.3,2.73318560862312,3.068654487499476,0.0,mi_gain,,,,,,,,,,,,,,,,,,,,
1.2,0.3,2.7410395902570945,3.0709676855608983,0.0,mi_gain,,,,,,,,,,,,,,,,,,,,
1.2,0.3,2.7488935718910694,3.073236167082392,0.0,mi_gain,,,,,,,,,,,,,,,,,,,,
1.2,0.3,2.756747553525044,3.075459920180137,0.0,mi_gain,,,,,,,,,,,,,,,,,,,,
1.2,0.3,2.7646015351590183,3.077638933217988,0.0,mi_gain,,,,,,,,,,,,,,,,,,,,
1.2,0.3,2.7724555167929927,3.079773194806729,0.0,mi_gain,,,,,,,,,,,,,,,,,,,,
1.2,0.3,2.780309498426967,3.0818626938033247,0.0,mi_gain,,,,,,,,,,,,,,,,,,,,
1.2,0.3,2.7881634800609416,3.0839074193101808,0.0,mi_gain,,,,,,,,,,,,,,,,,,,,
1.2,0.3,2.796017461694916,3.085907360674461,0.0,mi_gain,,,,,,,,,,,,,,,,,,,,
1.2,0.3,2.8038714433288905,3.0878625074873685,0.0,mi_gain,,,,,,,,,,,,,,,,,,,,
1.2,0.3,2.811725424962865,3.089772849583478,0.0,mi_gain,,,,,,,,,,,,,,,,,,,,
1.2,0.3,2.81957940659684,3.091638377040081,0.0,mi_gain,,,,,,,,,,,,,,,,,,,,
1.2,0.3,2.8274333882308142,3.0934590801765376,0.0,mi_gain,,,,,,,,,,,,,,,,,,,,
1.2,0.3,2.8352873698647887,3.095234949553655,0.0,mi_gain,,,,,,,,,,,,,,,,,,,,
1.2,0.3,2.843141351498763,3.096965975973064,0.0,mi_gain,,,,,,,,,,,,,,,,,,,,
1.2,0.3,2.8509953331327376,3.0986521504766693,0.0,mi_gain,,,,,,,,,,,,,,,,,,,,
1.2,0.3,2.858849314766712,3.100293464346003,0.0,mi_gain,,,,,,,,,,,,,,,,,,,,
1.2,0.3,2.8667032964006864,3.101889909101732,0.0,mi_gain,,,,,,,,,,,,,,,,,,,,
1.2,0.3,2.874557278034661,3.1034414765030656,0.0,mi_gain,,,,,,,,,,,,,,,,,,,,
1.2,0.3,2.8824112596686358,3.1049481585472583,0.0,mi_gain,,,,,,,,,,,,,,,,,,,,
1.2,0.3,2.8902652413026098,3.1064099474690803,0.0,mi_gain,,,,,,,,,,,,,,,,,,,,
1.2,0.3,2.898119222936584,3.107826835740331,0.0,mi_gain,,,,,,,,,,,,,,,,,,,,
1.2,0.3,2.905973204570559,3.109198816069348,0.0,mi_gain,,,,,,,,,,,,,,,,,,,,
1.2,0.3,2.913827186204533,3.1105258814005508,0.0,mi_gain,,,,,,,,,,,,,,,,,,,,
1.2,0.3,2.921681167838508,3.1118080249139908,0.0,mi_gain,,,,,,,,,,,,,,,,,,,,
1.2,0.3,2.9295351494724824,3.1130452400249125,0.0,mi_gain,,,,,,,,,,,,,,,,,,,,
1.2,0.3,2.937389131106457,3.114237520383333,0.0,mi_gain,,,,,,,,,,,,,,,,,,,,
1.2,0.3,2.9452431127404317,3.1153848598736484,0.0,mi_gain,,,,,,,,,,,,,,,,,,,,
1.2,0.3,2.9530970943744057,3.116487252614235,0.0,mi_gain,,,,,,,,,,,,,,,,,,,,
1.2,0.3,2.96095107600838,3.117544692957092,0.0,mi_gain,,,,,,,,,,,,,,,,,,,,
1.2,0.3,2.9688050576423546,3.1185571754874597,0.0,mi_gain,,,,,,,,,,,,,,,,,,,,
1.2,0.3,2.976659039276329,3.1195246950234994,0.0,mi_gain,,,,,,,,,,,,,,,,,,,,
1.2,0.3,2.984513020910304,3.120447246615964,0.0,mi_gain,,,,,,,,,,,,,,,,,,,,
1.2,0.3,2.9923670025442783,3.1213248255478625,0.0,mi_gain,,,,,,,,,,,,,,,,,,,,
1.2,0.3,3.000220984178253,3.122157427334192,0.0,mi_gain,,,,,,,,,,,,,,,,,,,,
1.2,0.3,3.008074965812227,3.122945047721635,0.0,mi_gain,,,,,,,,,,,,,,,,,,,,
1.2,0.3,3.0159289474462017,3.1236876826882938,0.0,mi_gain,,,,,,,,,,,,,,,,,,,,
1.2,0.3,3.023782929080176,3.124385328443457,0.0,mi_gain,,,,,,,,,,,,,,,,,,,,
1.2,0.3,3.0316369107141505,3.125037981427325,0.0,mi_gain,,,,,,,,,,,,,,,,,,,,
1.2,0.3,3.039490892348125,3.125645638310827,0.0,mi_gain,,,,,,,,,,,,,,,,,,,,
1.2,0.3,3.0473448739820994,3.126208295995376,0.0,mi_gain,,,,,,,,,,,,,,,,,,,,
1.2,0.3,3.0551988556160743,3.1267259516126864,0.0,mi_gain,,,,,,,,,,,,,,,,,,,,
1.2,0.3,3.0630528372500487,3.127198602524607,0.0,mi_gain,,,,,,,,,,,,,,,,,,,,
1.2,0.3,3.070906818884023,3.1276262463229485,0.0,mi_gain,,,,,,,,,,,,,,,,,,,,
1.2,0.3,3.0787608005179976,3.128008880829311,0.0,mi_gain,,,,,,,,,,,,,,,,,,,,
1.2,0.3,3.086614782151972,3.128346504094981,0.0,mi_gain,,,,,,,,,,,,,,,,,,,,
1.2,0.3,3.0944687637859465,3.128639114400788,0.0,mi_gain,,,,,,,,,,,,,,,,,,,,
1.2,0.3,3.102322745419921,3.128886710256997,0.0,mi_gain,,,,,,,,,,,,,,,,,,,,
1.2,0.3,3.110176727053896,3.129089290403229,0.0,mi_gain,,,,,,,,,,,,,,,,,,,,
1.2,0.3,3.11803070868787,3.1292468538083678,0.0,mi_gain,,,,,,,,,,,,,,,,,,,,
1.2,0.3,3.125884690321844,3.1293593996705056,0.0,mi_gain,,,,,,,,,,,,,,,,,,,,
1.2,0.3,3.133738671955819,3.1294269274168838,0.0,mi_gain,,,,,,,,,,,,,,,,,,,,
1.2,0.3,3.141592653589793,3.1294494367038537,0.0,mi_gain,,,,,,,,,,,,,,,,,,,,
1.6,0.3,0.0,0.0,0.0,mi_gain,,,,,,,,,,,,,,,,,,,,
1.6,0.3,0.0078539816339744,0.0011354102168292,0.0260759846168287,mi_gain,,,,,,,,,,,,,,,,,,,,
1.6,0.3,0.0157079632679489,0.0033525553869475,0.044724642028148,mi_gain,,,,,,,,,,,,,,,,,,,,
1.6,0.3,0.0235619449019234,0.006289574515701,0.0611079860724606,mi_gain,,,,,,,,,,,,,,,,,,,,
1.6,0.3,0.0314159265358979,0.0098055897009092,0.0760736763352671,mi_gain,,,,,,,,,,,,,,,,,,,,
1.6,0.3,0.0392699081698724,0.0138159948852476,0.0899928620307155,mi_gain,,,,,,,,,,,,,,,,,,,,
1.6,0.3,0.0471238898038469,0.0182621493620893,0.1030717396667503,mi_gain,,,,,,,,,,,,,,,,,,,,
1.6,0.3,0.0549778714378213,0.0231000939198897,0.1154402096880724,mi_gain,,,,,,,,,,,,,,,,,,,,
1.6,0.3,0.0628318530717958,0.0282951788118908,0.1271868316420281,mi_gain,,,,,,,,,,,,,,,,,,,,
1.6,0.3,0.0706858347057703,0.0338191172096373,0.1383753505395496,mi_gain,,,,,,,,,,,,,,,,,,,,
1.6,0.3,0.0785398163397448,0.0396482093797869,0.1490534975129693,mi_gain,,,,,,,,,,,,,,,,,,,,
1.6,0.3,0.0863937979737193,0.0457621973358566,0.1592580914632223,mi_gain,,,,,,,,,,,,,,,,,,,,
1.6,0.3,0.0942477796076938,0.052143487173202,0.1690181914745846,mi_gain,,,,,,,,,,,,,,,,,,,,
1.6,0.3,0.1021017612416682,0.0587765992902142,0.1783571443761257,mi_gain,,,,,,,,,,,,,,,,,,,,
1.6,0.3,0.1099557428756427,0.0656477668242543,0.1872939689513277,mi_gain,,,,,,,,,,,,,,,,,,,,
1.6,0.3,0.1178097245096172,0.0727446343359945,0.1958443228100298,mi_gain,,,,,,,,,,,,,,,,,,,,
1.6,0.3,0.1256637061435917,0.0800560265397714,0.2040211962971648,mi_gain,,,,,,,,,,,,,,,,,,,,
1.6,0.3,0.1335176877775662,0.0875717673384148,0.2118354218922686,mi_gain,,,,,,,,,,,,,,,,,,,,
1.6,0.3,0.1413716694115407,0.0952825358434126,0.2192960552980749,mi_gain,,,,,,,,,,,,,,,,,,,,
1.6,0.3,0.1492256510455152,0.1031797501464235,0.2264106650482166,mi_gain,,,,,,,,,,,,,,,,,,,,
1.6,0.3,0.1570796326794896,0.1112554722872989,0.2331855554242359,mi_gain,,,,,,,,,,,,,,,,,,,,
1.6,0.3,0.1649336143134641,0.1195023296680715,0.2396259397576699,mi_gain,,,,,,,,,,,,,,,,,,,,
1.6,0.3,0.1727875959474386,0.1279134494063545,0.2457360761157805,mi_gain,,,,,,,,,,,,,,,,,,,,
1.6,0.3,0.1806415775814131,0.1364824029971543,0.2515193739464516,mi_gain,,,,,,,,,,,,,,,,,,,,
1.6,0.3,0.1884955592153876,0.1452031592799225,0.2569784778986033,mi_gain,,,,,,,,,,,,,,,,,,,,
1.6,0.3,0.1963495408493621,0.1540700441653688,0.2621153333746475,mi_gain,,,,,,,,,,,,,,,,,,,,
1.6,0.3,0.2042035224833365,0.1630777059153176,0.2669312371802666,mi_gain,,,,,,,,,,,,,,,,,,,,
1.6,0.3,0.212057504117311,0.1722210850230401,0.2714268757645617,mi_gain,,,,,,,,,,,,,,,,,,,,
1.6,0.3,0.2199114857512855,0.1814953879345562,0.2756023528912964,mi_gain,,,,,,,,,,,,,,,,,,,,
1.6,0.3,0.22776546738526,0.1908960639997778,0.2794572080824887,mi_gain,,,,,,,,,,,,,,,,,,,,
1.6,0.3,0.2356194490192345,0.2004187851575662,0.2829904267824356,mi_gain,,,,,,,,,,,,,,,,,,,,
1.6,0.3,0.2434734306532089,0.210059427949081,0.2862004428702958,mi_gain,,,,,,,,,,,,,,,,,,,,
1.6,0.3,0.2513274122871834,0.2198140575252947,0.2890851338783149,mi_gain,,,,,,,,,,,,,,,,,,,,
1.6,0.3,0.2591813939211579,0.2296789133715124,0.291641809031882,mi_gain,,,,,,,,,,,,,,,,,,,,
1.6,0.3,0.2670353755551324,0.2396503965176133,0.2938671900017399,mi_gain,,,,,,,,,,,,,,,,,,,,
1.6,0.3,0.2748893571891069,0.2497250580397914,0.2957573840344441,mi_gain,,,,,,,,,,,,,,,,,,,,
1.6,0.3,0.2827433388230814,0.2598995886898878,0.2973078488919521,mi_gain,,,,,,,,,,,,,,,,,,,,
1.6,0.3,0.2905973204570559,0.2701708095131836,0.298513348771711,mi_gain,,,,,,,,,,,,,,,,,,,,
1.6,0.3,0.2984513020910304,0.2805356633360494,0.2993679000798722,mi_gain,,,,,,,,,,,,,,,,,,,,
1.6,0.3,0.3063052837250049,0.2909912070218319,0.299864705574158,mi_gain,,,,,,,,,,,,,,,,,,,,
1.6,0.3,0.3141592653589793,0.3015346044075646,0.2999960749565105,mi_gain,,,,,,,,,,,,,,,,,,,,
1.6,0.3,0.3220132469929538,0.3121631198459873,0.2997533294487521,mi_gain,,,,,,,,,,,,,,,,,,,,
1.6,0.3,0.3298672286269283,0.3228741122873866,0.2991266871863224,mi_gain,,,,,,,,,,,,,,,,,,,,
1.6,0.3,0.3377212102609028,0.3336650298442543,0.2981051253594702,mi_gain,,,,,,,,,,,,,,,,,,,,
1.6,0.3,0.3455751918948773,0.3445334047889816,0.2966762138390955,mi_gain,,,,,,,,,,,,,,,,,,,,
1.6,0.3,0.3534291735288518,0.3554768489409614,0.2948259134329642,mi_gain,,,,,,,,,,,,,,,,,,,,
1.6,0.3,0.3612831551628262,0.366493049404738,0.2925383297635697,mi_gain,,,,,,,,,,,,,,,,,,,,
1.6,0.3,0.3691371367968007,0.3775797646253973,0.2897954107998743,mi_gain,,,,,,,,,,,,,,,,,,,,
1.6,0.3,0.3769911184307752,0.3887348207312757,0.2865765719485603,mi_gain,,,,,,,,,,,,,,,,,,,,
1.6,0.3,0.3848451000647497,0.3999561081374805,0.2828582267603477,mi_gain,,,,,,,,,,,,,,,,,,,,
1.6,0.3,0.3926990816987242,0.4112415783866472,0.2786131928643139,mi_gain,,,,,,,,,,,,,,,,,,,,
1.6,0.3,0.4005530633326986,0.4225892412059138,0.2738099303176535,mi_gain,,,,,,,,,,,,,,,,,,,,
1.6,0.3,0.4084070449666731,0.4339971617613385,0.2684115508690072,mi_gain,,,,,,,,,,,,,,,,,,,,
1.6,0.3,0.4162610266006476,0.4454634580929626,0.2623745078311475,mi_gain,,,,,,,,,,,,,,,,,,,,
1.6,0.3,0.4241150082346221,0.4569862987154089,0.2556468306387473,mi_gain,,,,,,,,,,,,,,,,,,,,
1.6,0.3,0.4319689898685966,0.4685639003704673,0.2481656936240284,mi_gain,,,,,,,,,,,,,,,,,,,,
1.6,0.3,0.4398229715025711,0.4801945259194207,0.2398539823073096,mi_gain,,,,,,,,,,,,,,,,,,,,
1.6,0.3,0.4476769531365455,0.4918764823640809,0.2306152976616828,mi_gain,,,,,,,,,,,,,,,,,,,,
1.6,0.3,0.45553093477052,0.5036081189865347,0.220326425747719,mi_gain,,,,,,,,,,,,,,,,,,,,
1.6,0.3,0.4633849164044945,0.515387825598544,0.2088254883483603,mi_gain,,,,,,,,,,,,,,,,,,,,
1.6,0.3,0.471238898038469,0.5272140308923889,0.195892276942284,mi_gain,,,,,,,,,,,,,,,,,,,,
1.6,0.3,0.4790928796724435,0.5390852008856586,0.181213318267351,mi_gain,,,,,,,,,,,,,,,,,,,,
1.6,0.3,0.4869468613064179,0.5509998374531913,0.1643139726209294,mi_gain,,,,,,,,,,,,,,,,,,,,
1.6,0.3,0.4948008429403924,0.5629564769399402,0.1444087643993074,mi_gain,,,,,,,,,,,,,,,,,,,,
1.6,0.3,0.5026548245743669,0.5749536888490854,0.1200019541019242,mi_gain,,,,,,,,,,,,,,,,,,,,
1.6,0.3,0.5105088062083414,0.5869900746001913,0.0873881976068659,mi_gain,,,,,,,,,,,,,,,,,,,,
1.6,0.3,0.5183627878423159,0.5990642663526564,0.0236762452882074,mi_gain,,,,,,,,,,,,,,,,,,,,
1.6,0.3,0.5262167694762904,0.6111749258900585,0.0,mi_gain,,,,,,,,,,,,,,,,,,,,
1.6,0.3,0.5340707511102649,0.623320743561401,0.0,mi_gain,,,,,,,,,,,,,,,,,,,,
1.6,0.3,0.5419247327442394,0.6355004372755475,0.0,mi_gain,,,,,,,,,,,,,,,,,,,,
1.6,0.3,0.5497787143782138,0.6477127515454442,0.0,mi_gain,,,,,,,,,,,,,,,,,,,,
1.6,0.3,0.5576326960121883,0.6599564565789791,0.0,mi_gain,,,,,,,,,,,,,,,,,,,,
1.6,0.3,0.5654866776461628,0.6722303474135827,0.0,mi_gain,,,,,,,,,,,,,,,,,,,,
1.6,0.3,0.5733406592801373,0.6845332430918818,0.0,mi_gain,,,,,,,,,,,,,,,,,,,,
1.6,0.3,0.5811946409141118,0.6968639858759171,0.0,mi_gain,,,,,,,,,,,,,,,,,,,,
1.6,0.3,0.5890486225480862,0.7092214404976391,0.0,mi_gain,,,,,,,,,,,,,,,,,,,,
1.6,0.3,0.5969026041820608,0.7216044934435142,0.0,mi_gain,,,,,,,,,,,,,,,,,,,,
1.6,0.3,0.6047565858160352,0.7340120522712934,0.0,mi_gain,,,,,,,,,,,,,,,,,,,,
1.6,0.3,0.6126105674500097,0.74644304495707,0.0,mi_gain,,,,,,,,,,,,,,,,,,,,
1.6,0.3,0.6204645490839842,0.7588964192709262,0.0,mi_gain,,,,,,,,,,,,,,,,,,,,
1.6,0.3,0.6283185307179586,0.7713711421795686,0.0,mi_gain,,,,,,,,,,,,,,,,,,,,
1.6,0.3,0.6361725123519332,0.7838661992744533,0.0,mi_gain,,,,,,,,,,,,,,,,,,,,
1.6,0.3,0.6440264939859076,0.7963805942240252,0.0,mi_gain,,,,,,,,,,,,,,,,,,,,
1.6,0.3,0.6518804756198822,0.8089133482487569,0.0,mi_gain,,,,,,,,,,,,,,,,,,,,
1.6,0.3,0.6597344572538566,0.8214634996177865,0.0,mi_gain,,,,,,,,,,,,,,,,,,,,
1.6,0.3,0.6675884388878311,0.8340301031660169,0.0,mi_gain,,,,,,,,,,,,,,,,,,,,
1.6,0.3,0.6754424205218056,0.8466122298306016,0.0,mi_gain,,,,,,,,,,,,,,,,,,,,
1.6,0.3,0.68329640215578,0.8592089662058402,0.0,mi_gain,,,,,,,,,,,,,,,,,,,,
1.6,0.3,0.6911503837897546,0.8718194141155375,0.0,mi_gain,,,,,,,,,,,,,,,,,,,,
1.6,0.3,0.699004365423729,0.8844426902019498,0.0,mi_gain,,,,,,,,,,,,,,,,,,,,
1.6,0.3,0.7068583470577036,0.8970779255304979,0.0,mi_gain,,,,,,,,,,,,,,,,,,,,
1.6,0.3,0.714712328691678,0.9097242652094796,0.0,mi_gain,,,,,,,,,,,,,,,,,,,,
1.6,0.3,0.7225663103256524,0.9223808680240436,0.0,mi_gain,,,,,,,,,,,,,,,,,,,,
1.6,0.3,0.730420291959627,0.93504690608375,0.0,mi_gain,,,,,,,,,,,,,,,,,,,,
1.6,0.3,0.7382742735936014,0.9477215644830516,0.0,mi_gain,,,,,,,,,,,,,,,,,,,,
1.6,0.3,0.746128255227576,0.9604040409741346,0.0,mi_gain,,,,,,,,,,,,,,,,,,,,
1.6,0.3,0.7539822368615504,0.9730935456514848,0.0,mi_gain,,,,,,,,,,,,,,,,,,,,
1.6,0.3,0.7618362184955249,0.985789300647692,0.0,mi_gain,,,,,,,,,,,,,,,,,,,,
1.6,0.3,0.7696902001294994,0.9984905398399502,0.0,mi_gain,,,,,,,,,,,,,,,,,,,,
1.6,0.3,0.7775441817634738,1.0111965085667836,0.0,mi_gain,,,,,,,,,,,,,,,,,,,,
1.6,0.3,0.7853981633974484,1.0239064633545405,0.0,mi_gain,,,,,,,,,,,,,,,,,,,,
1.6,0.3,0.7932521450314228,1.0366196716532283,0.0,mi_gain,,,,,,,,,,,,,,,,,,,,
1.6,0.3,0.8011061266653973,1.0493354115812703,0.0,mi_gain,,,,,,,,,,,,,,,,,,,,
1.6,0.3,0.8089601082993718,1.0620529716788116,0.0,mi_gain,,,,,,,,,,,,,,,,,,,,
1.6,0.3,0.8168140899333463,1.0747716506692004,0.0,mi_gain,,,,,,,,,,,,,,,,,,,,
1.6,0.3,0.8246680715673208,1.087490757228296,0.0,mi_gain,,,,,,,,,,,,,,,,,,,,
1.6,0.3,0.8325220532012952,1.100209609761285,0.0,mi_gain,,,,,,,,,,,,,,,,,,,,
1.6,0.3,0.8403760348352697,1.1129275361866782,0.0,mi_gain,,,,,,,,,,,,,,,,,,,,
1.6,0.3,0.8482300164692442,1.125643873727206,0.0,mi_gain,,,,,,,,,,,,,,,,,,,,
1.6,0.3,0.8560839981032187,1.1383579687073262,0.0,mi_gain,,,,,,,,,,,,,,,,,,,,
1.6,0.3,0.8639379797371932,1.1510691763570629,0.0,mi_gain,,,,,,,,,,,,,,,,,,,,
1.6,0.3,0.8717919613711677,1.1637768606219554,0.0,mi_gain,,,,,,,,,,,,,,,,,,,,
1.6,0.3,0.8796459430051422,1.176480393978832,0.0,mi_gain,,,,,,,,,,,,,,,,,,,,
1.6,0.3,0.8874999246391166,1.1891791572572192,0.0,mi_gain,,,,,,,,,,,,,,,,,,,,
1.6,0.3,0.8953539062730911,1.2018725394661356,0.0,mi_gain,,,,,,,,,,,,,,,,,,,,
1.6,0.3,0.9032078879070656,1.2145599376260852,0.0,mi_gain,,,,,,,,,,,,,,,,,,,,
1.6,0.3,0.91106186954104,1.2272407566060275,0.0,mi_gain,,,,,,,,,,,,,,,,,,,,
1.6,0.3,0.9189158511750146,1.239914408965168,0.0,mi_gain,,,,,,,,,,,,,,,,,,,,
1.6,0.3,0.9267698328089892,1.2525803147993395,0.0,mi_gain,,,,,,,,,,,,,,,,,,,,
1.6,0.3,0.9346238144429636,1.2652379015918611,0.0,mi_gain,,,,,,,,,,,,,,,,,,,,
1.6,0.3,0.942477796076938,1.2778866040686618,0.0,mi_gain,,,,,,,,,,,,,,,,,,,,
1.6,0.3,0.9503317777109124,1.2905258640575237,0.0,mi_gain,,,,,,,,,,,,,,,,,,,,
1.6,0.3,0.958185759344887,1.3031551303513167,0.0,mi_gain,,,,,,,,,,,,,,,,,,,,
1.6,0.3,0.9660397409788616,1.3157738585750507,0.0,mi_gain,,,,,,,,,,,,,,,,,,,,
1.6,0.3,0.973893722612836,1.3283815110566248,0.0,mi_gain,,,,,,,,,,,,,,,,,,,,
1.6,0.3,0.9817477042468103,1.340977556701148,0.0,mi_gain,,,,,,,,,,,,,,,,,,,,
1.6,0.3,0.9896016858807848,1.3535614708686718,0.0,mi_gain,,,,,,,,,,,,,,,,,,,,
1.6,0.3,0.9974556675147594,1.3661327352552748,0.0,mi_gain,,,,,,,,,,,,,,,,,,,,
1.6,0.3,1.005309649148734,1.3786908377773135,0.0,mi_gain,,,,,,,,,,,,,,,,,,,,
1.6,0.3,1.0131636307827083,1.3912352724587893,0.0,mi_gain,,,,,,,,,,,,,,,,,,,,
1.6,0.3,1.0210176124166828,1.403765539321693,0.0,mi_gain,,,,,,,,,,,,,,,,,,,,
1.6,0.3,1.0288715940506574,1.416281144279222,0.0,mi_gain,,,,,,,,,,,,,,,,,,,,
1.6,0.3,1.036725575684632,1.4287815990318111,0.0,mi_gain,,,,,,,,,,,,,,,,,,,,
1.6,0.3,1.0445795573186063,1.4412664209658268,0.0,mi_gain,,,,,,,,,,,,,,,,,,,,
1.6,0.3,1.0524335389525807,1.4537351330548924,0.0,mi_gain,,,,,,,,,,,,,,,,,,,,
1.6,0.3,1.0602875205865552,1.466187263763718,0.0,mi_gain,,,,,,,,,,,,,,,,,,,,
1.6,0.3,1.0681415022205298,1.4786223469543696,0.0,mi_gain,,,,,,,,,,,,,,,,,,,,
1.6,0.3,1.0759954838545045,1.4910399217949055,0.0,mi_gain,,,,,,,,,,,,,,,,,,,,
1.6,0.3,1.0838494654884787,1.5034395326702794,0.0,mi_gain,,,,,,,,,,,,,,,,,,,,
1.6,0.3,1.0917034471224532,1.5158207290954675,0.0,mi_gain,,,,,,,,,,,,,,,,,,,,
1.6,0.3,1.0995574287564276,1.5281830656307325,0.0,mi_gain,,,,,,,,,,,,,,,,,,,,
1.6,0.3,1.1074114103904025,1.5405261017989496,0.0,mi_gain,,,,,,,,,,,,,,,,,,,,
1.6,0.3,1.1152653920243767,1.5528494020049486,0.0,mi_gain,,,,,,,,,,,,,,,,,,,,
1.6,0.3,1.1231193736583511,1.5651525354568103,0.0,mi_gain,,,,,,,,,,,,,,,,,,,,
1.6,0.3,1.1309733552923256,1.5774350760890257,0.0,mi_gain,,,,,,,,,,,,,,,,,,,,
1.6,0.3,1.1388273369263,1.5896966024875048,0.0,mi_gain,,,,,,,,,,,,,,,,,,,,
1.6,0.3,1.1466813185602749,1.6019366978163396,0.0,mi_gain,,,,,,,,,,,,,,,,,,,,
1.6,0.3,1.154535300194249,1.614154949746307,0.0,mi_gain,,,,,,,,,,,,,,,,,,,,
1.6,0.3,1.1623892818282235,1.6263509503850189,0.0,mi_gain,,,,,,,,,,,,,,,,,,,,
1.6,0.3,1.170243263462198,1.6385242962087,0.0,mi_gain,,,,,,,,,,,,,,,,,,,,
1.6,0.3,1.1780972450961724,1.650674587995533,0.0,mi_gain,,,,,,,,,,,,,,,,,,,,
1.6,0.3,1.185951226730147,1.6628014307605368,0.0,mi_gain,,,,,,,,,,,,,,,,,,,,
1.6,0.3,1.1938052083641215,1.6749044336919034,0.0,mi_gain,,,,,,,,,,,,,,,,,,,,
1.6,0.3,1.201659189998096,1.6869832100887971,0.0,mi_gain,,,,,,,,,,,,,,,,,,,,
1.6,0.3,1.2095131716320704,1.699037377300529,0.0,mi_gain,,,,,,,,,,,,,,,,,,,,
1.6,0.3,1.2173671532660448,1.7110665566670984,0.0,mi_gain,,,,,,,,,,,,,,,,,,,,
1.6,0.3,1.2252211349000195,1.7230703734610495,0.0,mi_gain,,,,,,,,,,,,,,,,,,,,
1.6,0.3,1.233075116533994,1.7350484568305995,0.0,mi_gain,,,,,,,,,,,,,,,,,,,,
1.6,0.3,1.2409290981679684,1.747000439744025,0.0,mi_gain,,,,,,,,,,,,,,,,,,,,
1.6,0.3,1.2487830798019428,1.7589259589352504,0.0,mi_gain,,,,,,,,,,,,,,,,,,,,
1.6,0.3,1.2566370614359172,1.7708246548506072,0.0,mi_gain,,,,,,,,,,,,,,,,,,,,
1.6,0.3,1.264491043069892,1.7826961715967502,0.0,mi_gain,,,,,,,,,,,,,,,,,,,,
1.6,0.3,1.2723450247038663,1.794540156889673,0.0,mi_gain,,,,,,,,,,,,,,,,,,,,
1.6,0.3,1.2801990063378408,1.806356262004816,0.0,mi_gain,,,,,,,,,,,,,,,,,,,,
1.6,0.3,1.2880529879718152,1.8181441417282185,0.0,mi_gain,,,,,,,,,,,,,,,,,,,,
1.6,0.3,1.29590696960579,1.8299034543087105,0.0,mi_gain,,,,,,,,,,,,,,,,,,,,
1.6,0.3,1.3037609512397643,1.84163386141108,0.0,mi_gain,,,,,,,,,,,,,,,,,,,,
1.6,0.3,1.3116149328737388,1.8533350280702283,0.0,mi_gain,,,,,,,,,,,,,,,,,,,,
1.6,0.3,1.3194689145077132,1.8650066226462796,0.0,mi_gain,,,,,,,,,,,,,,,,,,,,
1.6,0.3,1.3273228961416876,1.8766483167805732,0.0,mi_gain,,,,,,,,,,,,,,,,,,,,
1.6,0.3,1.3351768777756623,1.888259785352605,0.0,mi_gain,,,,,,,,,,,,,,,,,,,,
1.6,0.3,1.3430308594096367,1.8998407064378,0.0,mi_gain,,,,,,,,,,,,,,,,,,,,
1.6,0.3,1.3508848410436112,1.9113907612661585,0.0,mi_gain,,,,,,,,,,,,,,,,,,,,
1.6,0.3,1.3587388226775856,1.922909634181727,0.0,mi_gain,,,,,,,,,,,,,,,,,,,,
1.6,0.3,1.36659280431156,1.9343970126028736,0.0,mi_gain,,,,,,,,,,,,,,,,,,,,
1.6,0.3,1.3744467859455347,1.9458525869833576,0.0,mi_gain,,,,,,,,,,,,,,,,,,,,
1.6,0.3,1.3823007675795091,1.9572760507741689,0.0,mi_gain,,,,,,,,,,,,,,,,,,,,
1.6,0.3,1.3901547492134836,1.9686671003861091,0.0,mi_gain,,,,,,,,,,,,,,,,,,,,
1.6,0.3,1.398008730847458,1.9800254351531088,0.0,mi_gain,,,,,,,,,,,,,,,,,,,,
1.6,0.3,1.4058627124814325,1.9913507572962612,0.0,mi_gain,,,,,,,,,,,,,,,,,,,,
1.6,0.3,1.4137166941154071,2.0026427718885373,0.0,mi_gain,,,,,,,,,,,,,,,,,,,,
1.6,0.3,1.4215706757493816,2.013901186820196,0.0,mi_gain,,,,,,,,,,,,,,,,,,,,
1.6,0.3,1.429424657383356,2.0251257127648525,0.0,mi_gain,,,,,,,,,,,,,,,,,,,,
1.6,0.3,1.4372786390173304,2.036316063146184,0.0,mi_gain,,,,,,,,,,,,,,,,,,,,
1.6,0.3,1.4451326206513049,2.04747195410527,0.0,mi_gain,,,,,,,,,,,,,,,,,,,,
1.6,0.3,1.4529866022852795,2.05859310446856,0.0,mi_gain,,,,,,,,,,,,,,,,,,,,
1.6,0.3,1.460840583919254,2.069679235716418,0.0,mi_gain,,,,,,,,,,,,,,,,,,,,
1.6,0.3,1.4686945655532284,2.0807300719522805,0.0,mi_gain,,,,,,,,,,,,,,,,,,,,
1.6,0.3,1.4765485471872029,2.0917453398723707,0.0,mi_gain,,,,,,,,,,,,,,,,,,,,
1.6,0.3,1.4844025288211773,2.10272476873598,0.0,mi_gain,,,,,,,,,,,,,,,,,,,,
1.6,0.3,1.492256510455152,2.113668090336287,0.0,mi_gain,,,,,,,,,,,,,,,,,,,,
1.6,0.3,1.5001104920891264,2.1245750389717246,0.0,mi_gain,,,,,,,,,,,,,,,,,,,,
1.6,0.3,1.5079644737231008,2.13544535141786,0.0,mi_gain,,,,,,,,,,,,,,,,,,,,
1.6,0.3,1.5158184553570753,2.1462787668997865,0.0,mi_gain,,,,,,,,,,,,,,,,,,,,
1.6,0.3,1.5236724369910497,2.157075027065015,0.0,mi_gain,,,,,,,,,,,,,,,,,,,,
1.6,0.3,1.5315264186250244,2.167833875956853,0.0,mi_gain,,,,,,,,,,,,,,,,,,,,
1.6,0.3,1.5393804002589988,2.1785550599882617,0.0,mi_gain,,,,,,,,,,,,,,,,,,,,
1.6,0.3,1.5472343818929732,2.189238327916166,0.0,mi_gain,,,,,,,,,,,,,,,,,,,,
1.6,0.3,1.5550883635269477,2.199883430816254,0.0,mi_gain,,,,,,,,,,,,,,,,,,,,
1.6,0.3,1.562942345160922,2.21049012205817,0.0,mi_gain,,,,,,,,,,,,,,,,,,,,
1.6,0.3,1.5707963267948968,2.2210581572811963,0.0,mi_gain,,,,,,,,,,,,,,,,,,,,
1.6,0.3,1.5786503084288712,2.2315872943703243,0.0,mi_gain,,,,,,,,,,,,,,,,,,,,
1.6,0.3,1.5865042900628457,2.24207729343276,0.0,mi_gain,,,,,,,,,,,,,,,,,,,,
1.6,0.3,1.59435827169682,2.252527916774833,0.0,mi_gain,,,,,,,,,,,,,,,,,,,,
1.6,0.3,1.6022122533307943,2.2629389288793065,0.0,mi_gain,,,,,,,,,,,,,,,,,,,,
1.6,0.3,1.6100662349647692,2.273310096383071,0.0,mi_gain,,,,,,,,,,,,,,,,,,,,
1.6,0.3,1.6179202165987436,2.2836411880552343,0.0,mi_gain,,,,,,,,,,,,,,,,,,,,
1.6,0.3,1.625774198232718,2.2939319747755715,0.0,mi_gain,,,,,,,,,,,,,,,,,,,,
1.6,0.3,1.6336281798666925,2.304182229513344,0.0,mi_gain,,,,,,,,,,,,,,,,,,,,
1.6,0.3,1.641482161500667,2.314391727306499,0.0,mi_gain,,,,,,,,,,,,,,,,,,,,
1.6,0.3,1.6493361431346416,2.3245602452411736,0.0,mi_gain,,,,,,,,,,,,,,,,,,,,
1.6,0.3,1.657190124768616,2.3346875624316006,0.0,mi_gain,,,,,,,,,,,,,,,,,,,,
1.6,0.3,1.6650441064025905,2.344773460000306,0.0,mi_gain,,,,,,,,,,,,,,,,,,,,
1.6,0.3,1.672898088036565,2.354817721058653,0.0,mi_gain,,,,,,,,,,,,,,,,,,,,
1.6,0.3,1.6807520696705394,2.364820130687721,0.0,mi_gain,,,,,,,,,,,,,,,,,,,,
1.6,0.3,1.688606051304514,2.37478047591948,0.0,mi_gain,,,,,,,,,,,,,,,,,,,,
1.6,0.3,1.6964600329384885,2.384698545718284,0.0,mi_gain,,,,,,,,,,,,,,,,,,,,
1.6,0.3,1.704314014572463,2.394574130962688,0.0,mi_gain,,,,,,,,,,,,,,,,,,,,
1.6,0.3,1.7121679962064371,2.4044070244275133,0.0,mi_gain,,,,,,,,,,,,,,,,,,,,
1.6,0.3,1.7200219778404118,2.414197020766266,0.0,mi_gain,,,,,,,,,,,,,,,,,,,,
1.6,0.3,1.7278759594743864,2.4239439164938146,0.0,mi_gain,,,,,,,,,,,,,,,,,,,,
1.6,0.3,1.7357299411083609,2.43364750996932,0.0,mi_gain,,,,,,,,,,,,,,,,,,,,
1.6,0.3,1.743583922742335,2.443307601379484,0.0,mi_gain,,,,,,,,,,,,,,,,,,,,
1.6,0.3,1.7514379043763098,2.4529239927220616,0.0,mi_gain,,,,,,,,,,,,,,,,,,,,
1.6,0.3,1.7592918860102844,2.462496487789614,0.0,mi_gain,,,,,,,,,,,,,,,,,,,,
1.6,0.3,1.7671458676442588,2.472024892153536,0.0,mi_gain,,,,,,,,,,,,,,,,,,,,
1.6,0.3,1.7749998492782333,2.4815090131483477,0.0,mi_gain,,,,,,,,,,,,,,,,,,,,
1.6,0.3,1.7828538309122075,2.490948659856217,0.0,mi_gain,,,,,,,,,,,,,,,,,,,,
1.6,0.3,1.7907078125461822,2.5003436430917434,0.0,mi_gain,,,,,,,,,,,,,,,,,,,,
1.6,0.3,1.7985617941801568,2.50969377538696,0.0,mi_gain,,,,,,,,,,,,,,,,,,,,
1.6,0.3,1.8064157758141317,2.5189988709766125,0.0,mi_gain,,,,,,,,,,,,,,,,,,,,
1.6,0.3,1.8142697574481057,2.528258745783615,0.0,mi_gain,,,,,,,,,,,,,,,,,,,,
1.6,0.3,1.82212373908208,2.537473217404789,0.0,mi_gain,,,,,,,,,,,,,,,,,,,,
1.6,0.3,1.8299777207160544,2.5466421050967734,0.0,mi_gain,,,,,,,,,,,,,,,,,,,,
1.6,0.3,1.8378317023500288,2.555765229762204,0.0,mi_gain,,,,,,,,,,,,,,,,,,,,
1.6,0.3,1.845685683984004,2.5648424139360637,0.0,mi_gain,,,,,,,,,,,,,,,,,,,,
1.6,0.3,1.853539665617978,2.573873481772258,0.0,mi_gain,,,,,,,,,,,,,,,,,,,,
1.6,0.3,1.8613936472519528,2.582858259030434,0.0,mi_gain,,,,,,,,,,,,,,,,,,,,
1.6,0.3,1.869247628885927,2.591796573062928,0.0,mi_gain,,,,,,,,,,,,,,,,,,,,
1.6,0.3,1.8771016105199017,2.600688252801997,0.0,mi_gain,,,,,,,,,,,,,,,,,,,,
1.6,0.3,1.884955592153876,2.609533128747173,0.0,mi_gain,,,,,,,,,,,,,,,,,,,,
1.6,0.3,1.8928095737878503,2.6183310329528657,0.0,mi_gain,,,,,,,,,,,,,,,,,,,,
1.6,0.3,1.900663555421825,2.627081799016114,0.0,mi_gain,,,,,,,,,,,,,,,,,,,,
1.6,0.3,1.9085175370557996,2.6357852620645588,0.0,mi_gain,,,,,,,,,,,,,,,,,,,,
1.6,0.3,1.916371518689774,2.644441258744564,0.0,mi_gain,,,,,,,,,,,,,,,,,,,,
1.6,0.3,1.9242255003237485,2.653049627209544,0.0,mi_gain,,,,,,,,,,,,,,,,,,,,
1.6,0.3,1.932079481957723,2.661610207108457,0.0,mi_gain,,,,,,,,,,,,,,,,,,,,
1.6,0.3,1.9399334635916972,2.670122839574472,0.0,mi_gain,,,,,,,,,,,,,,,,,,,,
1.6,0.3,1.947787445225672,2.678587367213806,0.0,mi_gain,,,,,,,,,,,,,,,,,,,,
1.6,0.3,1.9556414268596465,2.687003634094727,0.0,mi_gain,,,,,,,,,,,,,,,,,,,,
1.6,0.3,1.963495408493621,2.695371485736728,0.0,mi_gain,,,,,,,,,,,,,,,,,,,,
1.6,0.3,1.9713493901275956,2.7036907690998637,0.0,mi_gain,,,,,,,,,,,,,,,,,,,,
1.6,0.3,1.9792033717615696,2.711961332574231,0.0,mi_gain,,,,,,,,,,,,,,,,,,,,
1.6,0.3,1.987057353395544,2.7201830259696225,0.0,mi_gain,,,,,,,,,,,,,,,,,,,,
1.6,0.3,1.994911335029519,2.7283557005053405,0.0,mi_gain,,,,,,,,,,,,,,,,,,,,
1.6,0.3,2.0027653166634933,2.7364792088001275,0.0,mi_gain,,,,,,,,,,,,,,,,,,,,
1.6,0.3,2.010619298297468,2.7445534048622906,0.0,mi_gain,,,,,,,,,,,,,,,,,,,,
1.6,0.3,2.018473279931442,2.7525781440799344,0.0,mi_gain,,,,,,,,,,,,,,,,,,,,
1.6,0.3,2.0263272615654166,2.7605532832113697,0.0,mi_gain,,,,,,,,,,,,,,,,,,,,
1.6,0.3,2.034181243199391,2.7684786803756305,0.0,mi_gain,,,,,,,,,,,,,,,,,,,,
1.6,0.3,2.042035224833365,2.776354195043176,0.0,mi_gain,,,,,,,,,,,,,,,,,,,,
1.6,0.3,2.0498892064673404,2.7841796880266605,0.0,mi_gain,,,,,,,,,,,,,,,,,,,,
1.6,0.3,2.057743188101315,2.791955021471926,0.0,mi_gain,,,,,,,,,,,,,,,,,,,,
1.6,0.3,2.0655971697352893,2.79968005884906,0.0,mi_gain,,,,,,,,,,,,,,,,,,,,
1.6,0.3,2.073451151369264,2.8073546649435954,0.0,mi_gain,,,,,,,,,,,,,,,,,,,,
1.6,0.3,2.081305133003238,2.814978705847885,0.0,mi_gain,,,,,,,,,,,,,,,,,,,,
1.6,0.3,2.0891591146372126,2.8225520489525264,0.0,mi_gain,,,,,,,,,,,,,,,,,,,,
1.6,0.3,2.097013096271187,2.8300745629379795,0.0,mi_gain,,,,,,,,,,,,,,,,,,,,
1.6,0.3,2.104867077905161,2.8375461177662857,0.0,mi_gain,,,,,,,,,,,,,,,,,,,,
1.6,0.3,2.112721059539136,2.844966584672885,0.0,mi_gain,,,,,,,,,,,,,,,,,,,,
1.6,0.3,2.1205750411731104,2.8523358361585824,0.0,mi_gain,,,,,,,,,,,,,,,,,,,,
1.6,0.3,2.128429022807085,2.859653745981618,0.0,mi_gain,,,,,,,,,,,,,,,,,,,,
1.6,0.3,2.13628300444106,2.8669201891498384,0.0,mi_gain,,,,,,,,,,,,,,,,,,,,
1.6,0.3,2.144136986075034,2.874135041913039,0.0,mi_gain,,,,,,,,,,,,,,,,,,,,
1.6,0.3,2.151990967709009,2.881298181755338,0.0,mi_gain,,,,,,,,,,,,,,,,,,,,
1.6,0.3,2.159844949342983,2.888409487387711,0.0,mi_gain,,,,,,,,,,,,,,,,,,,,
1.6,0.3,2.167698930976957,2.895468838740649,0.0,mi_gain,,,,,,,,,,,,,,,,,,,,
1.6,0.3,2.175552912610932,2.9024761169568527,0.0,mi_gain,,,,,,,,,,,,,,,,,,,,
1.6,0.3,2.1834068942449063,2.9094312043841333,0.0,mi_gain,,,,,,,,,,,,,,,,,,,,
1.6,0.3,2.1912608758788807,2.916333984568319,0.0,mi_gain,,,,,,,,,,,,,,,,,,,,
1.6,0.3,2.199114857512855,2.923184342246329,0.0,mi_gain,,,,,,,,,,,,,,,,,,,,
1.6,0.3,2.20696883914683,2.929982163339324,0.0,mi_gain,,,,,,,,,,,,,,,,,,,,
1.6,0.3,2.2148228207808045,2.9367273349459584,0.0,mi_gain,,,,,,,,,,,,,,,,,,,,
1.6,0.3,2.222676802414779,2.9434197453357465,0.0,mi_gain,,,,,,,,,,,,,,,,,,,,
1.6,0.3,2.2305307840487534,2.950059283942496,0.0,mi_gain,,,,,,,,,,,,,,,,,,,,
1.6,0.3,2.238384765682728,2.956645841357854,0.0,mi_gain,,,,,,,,,,,,,,,,,,,,
1.6,0.3,2.2462387473167023,2.963179309324961,0.0,mi_gain,,,,,,,,,,,,,,,,,,,,
1.6,0.3,2.2540927289506767,2.9696595807321824,0.0,mi_gain,,,,,,,,,,,,,,,,,,,,
1.6,0.3,2.261946710584651,2.976086549606915,0.0,mi_gain,,,,,,,,,,,,,,,,,,,,
1.6,0.3,2.2698006922186256,2.9824601111095195,0.0,mi_gain,,,,,,,,,,,,,,,,,,,,
1.6,0.3,2.2776546738526,2.9887801615273246,0.0,mi_gain,,,,,,,,,,,,,,,,,,,,
1.6,0.3,2.285508655486575,2.995046598268708,0.0,mi_gain,,,,,,,,,,,,,,,,,,,,
1.6,0.3,2.2933626371205493,3.0012593198573,0.0,mi_gain,,,,,,,,,,,,,,,,,,,,
1.6,0.3,2.301216618754524,3.007418225926208,0.0,mi_gain,,,,,,,,,,,,,,,,,,,,
1.6,0.3,2.309070600388498,3.013523217212424,0.0,mi_gain,,,,,,,,,,,,,,,,,,,,
1.6,0.3,2.3169245820224726,3.019574195551211,0.0,mi_gain,,,,,,,,,,,,,,,,,,,,
1.6,0.3,2.324778563656447,3.025571063870628,0.0,mi_gain,,,,,,,,,,,,,,,,,,,,
1.6,0.3,2.332632545290421,3.0315137261861405,0.0,mi_gain,,,,,,,,,,,,,,,,,,,,
1.6,0.3,2.340486526924396,3.037402087595304,0.0,mi_gain,,,,,,,,,,,,,,,,,,,,
1.6,0.3,2.3483405085583704,3.043236054272505,0.0,mi_gain,,,,,,,,,,,,,,,,,,,,
1.6,0.3,2.356194490192345,3.0490155334637885,0.0,mi_gain,,,,,,,,,,,,,,,,,,,,
1.6,0.3,2.36404847182632,3.054740433481811,0.0,mi_gain,,,,,,,,,,,,,,,,,,,,
1.6,0.3,2.371902453460294,3.060410663700786,0.0,mi_gain,,,,,,,,,,,,,,,,,,,,
1.6,0.3,2.3797564350942686,3.066026134551568,0.0,mi_gain,,,,,,,,,,,,,,,,,,,,
1.6,0.3,2.387610416728243,3.071586757516811,0.0,mi_gain,,,,,,,,,,,,,,,,,,,,
1.6,0.3,2.395464398362217,3.077092445126134,0.0,mi_gain,,,,,,,,,,,,,,,,,,,,
1.6,0.3,2.403318379996192,3.082543110951457,0.0,mi_gain,,,,,,,,,,,,,,,,,,,,
1.6,0.3,2.4111723616301663,3.087938669602331,0.0,mi_gain,,,,,,,,,,,,,,,,,,,,
1.6,0.3,2.419026343264141,3.093279036721369,0.0,mi_gain,,,,,,,,,,,,,,,,,,,,
1.6,0.3,2.4268803248981152,3.098564128979755,0.0,mi_gain,,,,,,,,,,,,,,,,,,,,
1.6,0.3,2.4347343065320897,3.1037938640728,0.0,mi_gain,,,,,,,,,,,,,,,,,,,,
1.6,0.3,2.4425882881660645,3.108968160715598,0.0,mi_gain,,,,,,,,,,,,,,,,,,,,
1.6,0.3,2.450442269800039,3.1140869386387005,0.0,mi_gain,,,,,,,,,,,,,,,,,,,,
1.6,0.3,2.458296251434013,3.1191501185839243,0.0,mi_gain,,,,,,,,,,,,,,,,,,,,
1.6,0.3,2.466150233067988,3.124157622300157,0.0,mi_gain,,,,,,,,,,,,,,,,,,,,
1.6,0.3,2.4740042147019623,3.129109372539279,0.0,mi_gain,,,,,,,,,,,,,,,,,,,,
1.6,0.3,2.4818581963359367,3.1340052930521423,0.0,mi_gain,,,,,,,,,,,,,,,,,,,,
1.6,0.3,2.489712177969911,3.1388453085845565,0.0,mi_gain,,,,,,,,,,,,,,,,,,,,
1.6,0.3,2.4975661596038856,3.1436293448734487,0.0,mi_gain,,,,,,,,,,,,,,,,,,,,
1.6,0.3,2.50542014123786,3.148357328642964,0.0,mi_gain,,,,,,,,,,,,,,,,,,,,
1.6,0.3,2.5132741228718345,3.1530291876007204,0.0,mi_gain,,,,,,,,,,,,,,,,,,,,
1.6,0.3,2.5211281045058094,3.1576448504340924,0.0,mi_gain,,,,,,,,,,,,,,,,,,,,
1.6,0.3,2.528982086139784,3.162204246806521,0.0,mi_gain,,,,,,,,,,,,,,,,,,,,
1.6,0.3,2.5368360677737583,3.166707307353953,0.0,mi_gain,,,,,,,,,,,,,,,,,,,,
1.6,0.3,2.5446900494077327,3.1711539636812747,0.0,mi_gain,,,,,,,,,,,,,,,,,,,,
1.6,0.3,2.552544031041707,3.17554414835886,0.0,mi_gain,,,,,,,,,,,,,,,,,,,,
1.6,0.3,2.5603980126756816,3.1798777949191197,0.0,mi_gain,,,,,,,,,,,,,,,,,,,,
1.6,0.3,2.568251994309656,3.184154837853163,0.0,mi_gain,,,,,,,,,,,,,,,,,,,,
1.6,0.3,2.5761059759436304,3.18837521260747,0.0,mi_gain,,,,,,,,,,,,,,,,,,,,
1.6,0.3,2.583959957577605,3.1925388555806675,0.0,mi_gain,,,,,,,,,,,,,,,,,,,,
1.6,0.3,2.59181393921158,3.1966457041203125,0.0,mi_gain,,,,,,,,,,,,,,,,,,,,
1.6,0.3,2.599667920845554,3.200695696519757,0.0,mi_gain,,,,,,,,,,,,,,,,,,,,
1.6,0.3,2.6075219024795286,3.2046887720150967,0.0,mi_gain,,,,,,,,,,,,,,,,,,,,
1.6,0.3,2.615375884113503,3.208624870782068,0.0,mi_gain,,,,,,,,,,,,,,,,,,,,
1.6,0.3,2.623229865747477,3.2125039339331725,0.0,mi_gain,,,,,,,,,,,,,,,,,,,,
1.6,0.3,2.631083847381452,3.216325903514669,0.0,mi_gain,,,,,,,,,,,,,,,,,,,,
1.6,0.3,2.6389378290154264,3.2200907225037545,0.0,mi_gain,,,,,,,,,,,,,,,,,,,,
1.6,0.3,2.646791810649401,3.22379833480574,0.0,mi_gain,,,,,,,,,,,,,,,,,,,,
1.6,0.3,2.6546457922833757,3.2274486852512534,0.0,mi_gain,,,,,,,,,,,,,,,,,,,,
1.6,0.3,2.6624997739173497,3.231041719593571,0.0,mi_gain,,,,,,,,,,,,,,,,,,,,
1.6,0.3,2.6703537555513246,3.2345773845059598,0.0,mi_gain,,,,,,,,,,,,,,,,,,,,
1.6,0.3,2.678207737185299,3.238055627579012,0.0,mi_gain,,,,,,,,,,,,,,,,,,,,
1.6,0.3,2.686061718819273,3.241476397318125,0.0,mi_gain,,,,,,,,,,,,,,,,,,,,
1.6,0.3,2.693915700453248,3.244839643141014,0.0,mi_gain,,,,,,,,,,,,,,,,,,,,
1.6,0.3,2.7017696820872223,3.2481453153751767,0.0,mi_gain,,,,,,,,,,,,,,,,,,,,
1.6,0.3,2.709623663721197,3.251393365255554,0.0,mi_gain,,,,,,,,,,,,,,,,,,,,
1.6,0.3,2.7174776453551712,3.254583744922141,0.0,mi_gain,,,,,,,,,,,,,,,,,,,,
1.6,0.3,2.7253316269891457,3.257716407417665,0.0,mi_gain,,,,,,,,,,,,,,,,,,,,
1.6,0.3,2.73318560862312,3.260791306685295,0.0,mi_gain,,,,,,,,,,,,,,,,,,,,
1.6,0.3,2.7410395902570945,3.263808397566514,0.0,mi_gain,,,,,,,,,,,,,,,,,,,,
1.6,0.3,2.7488935718910694,3.2667676357988285,0.0,mi_gain,,,,,,,,,,,,,,,,,,,,
1.6,0.3,2.756747553525044,3.2696689780137165,0.0,mi_gain,,,,,,,,,,,,,,,,,,,,
1.6,0.3,2.7646015351590183,3.272512381734538,0.0,mi_gain,,,,,,,,,,,,,,,,,,,,
1.6,0.3,2.7724555167929927,3.27529780537449,0.0,mi_gain,,,,,,,,,,,,,,,,,,,,
1.6,0.3,2.780309498426967,3.278025208234615,0.0,mi_gain,,,,,,,,,,,,,,,,,,,,
1.6,0.3,2.7881634800609416,3.280694550501868,0.0,mi_gain,,,,,,,,,,,,,,,,,,,,
1.6,0.3,2.796017461694916,3.283305793247248,0.0,mi_gain,,,,,,,,,,,,,,,,,,,,
1.6,0.3,2.8038714433288905,3.285858898423907,0.0,mi_gain,,,,,,,,,,,,,,,,,,,,
1.6,0.3,2.811725424962865,3.288353828865348,0.0,mi_gain,,,,,,,,,,,,,,,,,,,,
1.6,0.3,2.81957940659684,3.29079054828369,0.0,mi_gain,,,,,,,,,,,,,,,,,,,,
1.6,0.3,2.8274333882308142,3.293169021267928,0.0,mi_gain,,,,,,,,,,,,,,,,,,,,
1.6,0.3,2.8352873698647887,3.295489213282252,0.0,mi_gain,,,,,,,,,,,,,,,,,,,,
1.6,0.3,2.843141351498763,3.297751090664466,0.0,mi_gain,,,,,,,,,,,,,,,,,,,,
1.6,0.3,2.8509953331327376,3.299954620624329,0.0,mi_gain,,,,,,,,,,,,,,,,,,,,
1.6,0.3,2.858849314766712,3.3020997712421014,0.0,mi_gain,,,,,,,,,,,,,,,,,,,,
1.6,0.3,2.8667032964006864,3.304186511466909,0.0,mi_gain,,,,,,,,,,,,,,,,,,,,
1.6,0.3,2.874557278034661,3.3062148111154324,0.0,mi_gain,,,,,,,,,,,,,,,,,,,,
1.6,0.3,2.8824112596686358,3.308184640870432,0.0,mi_gain,,,,,,,,,,,,,,,,,,,,
1.6,0.3,2.8902652413026098,3.310095972279332,0.0,mi_gain,,,,,,,,,,,,,,,,,,,,
1.6,0.3,2.898119222936584,3.3119487777529533,0.0,mi_gain,,,,,,,,,,,,,,,,,,,,
1.6,0.3,2.905973204570559,3.313743030564191,0.0,mi_gain,,,,,,,,,,,,,,,,,,,,
1.6,0.3,2.913827186204533,3.3154787048467917,0.0,mi_gain,,,,,,,,,,,,,,,,,,,,
1.6,0.3,2.921681167838508,3.3171557755940877,0.0,mi_gain,,,,,,,,,,,,,,,,,,,,
1.6,0.3,2.9295351494724824,3.318774218657928,0.0,mi_gain,,,,,,,,,,,,,,,,,,,,
1.6,0.3,2.937389131106457,3.320334010747467,0.0,mi_gain,,,,,,,,,,,,,,,,,,,,
1.6,0.3,2.9452431127404317,3.3218351294281216,0.0,mi_gain,,,,,,,,,,,,,,,,,,,,
1.6,0.3,2.9530970943744057,3.323277553120546,0.0,mi_gain,,,,,,,,,,,,,,,,,,,,
1.6,0.3,2.96095107600838,3.324661261099579,0.0,mi_gain,,,,,,,,,,,,,,,,,,,,
1.6,0.3,2.9688050576423546,3.3259862334933104,0.0,mi_gain,,,,,,,,,,,,,,,,,,,,
1.6,0.3,2.976659039276329,3.327252451282199,0.0,mi_gain,,,,,,,,,,,,,,,,,,,,
1.6,0.3,2.984513020910304,3.328459896298108,0.0,mi_gain,,,,,,,,,,,,,,,,,,,,
1.6,0.3,2.9923670025442783,3.3296085512235614,0.0,mi_gain,,,,,,,,,,,,,,,,,,,,
1.6,0.3,3.000220984178253,3.3306983995908386,0.0,mi_gain,,,,,,,,,,,,,,,,,,,,
1.6,0.3,3.008074965812227,3.331729425781317,0.0,mi_gain,,,,,,,,,,,,,,,,,,,,
1.6,0.3,3.0159289474462017,3.332701615024683,0.0,mi_gain,,,,,,,,,,,,,,,,,,,,
1.6,0.3,3.023782929080176,3.333614953398245,0.0,mi_gain,,,,,,,,,,,,,,,,,,,,
1.6,0.3,3.0316369107141505,3.3344694278263742,0.0,mi_gain,,,,,,,,,,,,,,,,,,,,
1.6,0.3,3.039490892348125,3.3352650260797887,0.0,mi_gain,,,,,,,,,,,,,,,,,,,,
1.6,0.3,3.0473448739820994,3.336001736775086,0.0,mi_gain,,,,,,,,,,,,,,,,,,,,
1.6,0.3,3.0551988556160743,3.336679549374141,0.0,mi_gain,,,,,,,,,,,,,,,,,,,,
1.6,0.3,3.0630528372500487,3.337298454183698,0.0,mi_gain,,,,,,,,,,,,,,,,,,,,
1.6,0.3,3.070906818884023,3.3378584423548467,0.0,mi_gain,,,,,,,,,,,,,,,,,,,,
1.6,0.3,3.0787608005179976,3.3383595058827,0.0,mi_gain,,,,,,,,,,,,,,,,,,,,
1.6,0.3,3.086614782151972,3.3388016376059246,0.0,mi_gain,,,,,,,,,,,,,,,,,,,,
1.6,0.3,3.0944687637859465,3.3391848312065124,0.0,mi_gain,,,,,,,,,,,,,,,,,,,,
1.6,0.3,3.102322745419921,3.3395090812094184,0.0,mi_gain,,,,,,,,,,,,,,,,,,,,
1.6,0.3,3.110176727053896,3.3397743829823723,0.0,mi_gain,,,,,,,,,,,,,,,,,,,,
1.6,0.3,3.11803070868787,3.3399807327355635,0.0,mi_gain,,,,,,,,,,,,,,,,,,,,
1.6,0.3,3.125884690321844,3.3401281275216035,0.0,mi_gain,,,,,,,,,,,,,,,,,,,,
1.6,0.3,3.133738671955819,3.340216565235281,0.0,mi_gain,,,,,,,,,,,,,,,,,,,,
1.6,0.3,3.141592653589793,3.340246044613516,0.0,mi_gain,,,,,,,,,,,,,,,,,,,,
0.8,0.15,,,,selected_modes,0.0424027216542447,0.15,0.0490873852123405,0.1488467493905591,128.0,1.0,0.9923116626037276,0.1685646221578592,,,,,,,,,,,,
0.8,0.3,,,,selected_modes,0.1013718440155694,0.3,0.098174770424681,0.2999056562908215,64.0,1.0,0.9996855209694052,0.2924768806488537,,,,,,,,,,,,
1.2,0.15,,,,selected_modes,0.1194131875142974,0.15,0.098174770424681,0.1468434516569534,64.0,1.0,0.9789563443796894,0.1193895327465915,,,,,,,,,,,,
1.2,0.3,,,,selected_modes,0.2180456052972887,0.3,0.196349540849362,0.2980904795342038,64.0,2.0,0.9936349317806794,0.2662055328334887,,,,,,,,,,,,
1.6,0.15,,,,selected_modes,0.1927601867684233,0.15,0.196349540849362,0.1499447723013107,64.0,2.0,0.999631815342072,0.154070044165369,,,,,,,,,,,,
1.6,0.3,,,,selected_modes,0.313020087531997,0.3,0.2945243112740431,0.2989848978959758,64.0,3.0,0.9966163263199196,0.2753417188325525,,,,,,,,,,,,
0.8,0.15,,,,mi_validation,,,,0.1488467493905591,,,0.9997075277042466,,0.1488467493905591,0.1488032158400494,0.7943285854760255,-12.504036613912207,3.711640432739632e-06,0.1796560800947426,0.2380459385394739,0.6878615857265646,0.0131669758859076,0.1549533906903356,1.041026366546664,1484.0
0.8,0.3,,,,mi_validation,,,,0.2999056562908215,,,1.0000416675085877,,0.2999056562908215,0.2999181526123304,0.8005208889030638,-12.58890751176204,3.409627494579784e-06,-0.1425708793157819,0.7282864279278917,0.7868961704743621,-0.0699131151695582,0.2944277707262874,0.981734637378022,736.0
1.2,0.15,,,,mi_validation,,,,0.1468434516569534,,,1.0006091971318856,,0.1468434516569534,0.146932908266539,1.2010774818290246,-13.84693706921353,9.690621690052409e-07,0.5935299253455135,0.7315098246199826,1.2937406136876983,-0.9694240032117274,0.2062695646887324,1.4046902491137747,1504.0
1.2,0.3,,,,mi_validation,,,,0.2980904795342038,,,1.0002872418822164,,0.2980904795342038,0.298176103604616,1.2001532722697053,-12.807880296723177,2.7391023609725203e-06,-0.0263523001438707,0.0277335976785293,1.232031031678086,-0.651855649703433,0.3455284635141795,1.159139547341808,740.0
1.6,0.15,,,,mi_validation,,,,0.1499447723013107,,,0.9999128534222688,,0.1499447723013107,0.1499317051275559,1.6002383326855818,-12.21980556530796,4.931804732936583e-06,0.147612940895749,0.7125400858551834,1.6354377435989778,0.0207217109464737,0.154697494985564,1.0316964880556343,1472.0
1.6,0.3,,,,mi_validation,,,,0.2989848978959758,,,1.0001994385915378,,0.2989848978959758,0.2990445270229033,1.6001219098981472,-12.357403164053837,4.297817750140247e-06,-0.1469395017024116,0.7936602738205525,1.626371938556465,-0.2191176746955858,0.3044588686054403,1.0183085190857,740.0
