panel,alpha,r,J
kernel,0.8,1,0.5312848073275682
kernel,0.8,2,0.15257149605302356
kernel,0.8,3,0.07353754691506896
kernel,0.8,4,0.0438146566338862
kernel,0.8,5,0.029321176294142094
kernel,0.8,6,0.021118114792964247
kernel,0.8,7,0.016001139996264443
kernel,0.8,8,0.01258245600002625
kernel,0.8,9,0.010178666379503227
kernel,0.8,10,0.008420296743914773
kernel,0.8,11,0.007092846541134567
kernel,0.8,12,0.006064585930829146
kernel,0.8,13,0.0052508469864156375
kernel,0.8,14,0.004595120797946557
kernel,0.8,15,0.004058477388392652
kernel,0.8,16,0.0036133616272631818
kernel,0.8,17,0.00323980848492627
kernel,0.8,18,0.0029230543315497456
kernel,0.8,19,0.002651984095856556
kernel,0.8,20,0.0024180952545804464
kernel,0.8,21,0.002214790573607327
kernel,0.8,22,0.0020368852885119214
kernel,0.8,23,0.001880257337447171
kernel,0.8,24,0.0017415949706204004
kernel,0.8,25,0.0016182118656784506
kernel,0.8,26,0.0015079098239091952
kernel,0.8,27,0.0014088755147746033
kernel,0.8,28,0.0013196019254034682
kernel,0.8,29,0.0012388279658232528
kernel,0.8,30,0.0011654915749598252
kernel,0.8,31,0.0010986929760001358
kernel,0.8,32,0.0010376656393116567
kernel,0.8,33,0.0009817531540262483
kernel,0.8,34,0.0009303906692850607
kernel,0.8,35,0.0008830898988015777
kernel,0.8,36,0.0008394269255545376
kernel,0.8,37,0.0007990322229007076
kernel,0.8,38,0.0007615824420971813
kernel,0.8,39,0.0007267936166849843
kernel,0.8,40,0.000694415510290674
kernel,0.8,41,0.0006642268925009577
kernel,0.8,42,0.0006360315721414189
kernel,0.8,43,0.0006096550518827175
kernel,0.8,44,0.0005849416950578262
kernel,0.8,45,0.0005617523167167454
kernel,0.8,46,0.0005399621276241676
kernel,0.8,47,0.0005194589731374304
kernel,0.8,48,0.0005001418194556909
kernel,0.8,49,0.0004819194481919228
kernel,0.8,50,0.00046470932703537984
kernel,0.8,51,0.0004484366297890586
kernel,0.8,52,0.00043303338355209025
kernel,0.8,53,0.00041843772447945805
kernel,0.8,54,0.0004045932465542969
kernel,0.8,55,0.0003914484302798377
kernel,0.8,56,0.00037895614024047105
kernel,0.8,57,0.0003670731821751995
kernel,0.8,58,0.00035575991161637335
kernel,0.8,59,0.0003449798873237161
kernel,0.8,60,0.00033469956372981374
kernel,0.8,61,0.0003248880174420386
kernel,0.8,62,0.0003155167035445382
kernel,0.8,63,0.0003065592380346051
kernel,0.8,64,0.00029799120322856164
kernel,0.8,65,0.00028978997339807545
kernel,0.8,66,0.00028193455826077557
kernel,0.8,67,0.0002744054622592281
kernel,0.8,68,0.0002671845578280849
kernel,0.8,69,0.0002602549710774484
kernel,0.8,70,0.00025360097851696763
kernel,0.8,71,0.00024720791361467967
kernel,0.8,72,0.00024106208213117898
kernel,0.8,73,0.00023515068529669295
kernel,0.8,74,0.00022946175000891674
kernel,0.8,75,0.00022398406532539954
kernel,0.8,76,0.00021870712460791416
kernel,0.8,77,0.0002136210727492886
kernel,0.8,78,0.00020871665797709678
kernel,0.8,79,0.00020398518778463754
kernel,0.8,80,0.00019941848858883094
kernel,0.8,81,0.00019500886875794025
kernel,0.8,82,0.00019074908469016063
kernel,0.8,83,0.00018663230965776674
kernel,0.8,84,0.00018265210516125646
kernel,0.8,85,0.00017880239456425975
kernel,0.8,86,0.00017507743880332738
kernel,0.8,87,0.00017147181398744228
kernel,0.8,88,0.0001679803907205256
kernel,0.8,89,0.00016459831499662146
kernel,0.8,90,0.0001613209905320747
kernel,0.8,91,0.00015814406241207815
kernel,0.8,92,0.00015506340194064512
kernel,0.8,93,0.00015207509259351312
kernel,0.8,94,0.0001491754169828538
kernel,0.8,95,0.00014636084475106766
kernel,0.8,96,0.00014362802131849404
kernel,0.8,97,0.0001409737574166573
kernel,0.8,98,0.0001383950193447851
kernel,0.8,99,0.00013588891989284622
kernel,0.8,100,0.00013345270987932998
kernel,0.8,101,0.00013108377025648237
kernel,0.8,102,0.00012877960473977652
kernel,0.8,103,0.0001265378329220748
kernel,0.8,104,0.00012435618383627156
kernel,0.8,105,0.00012223248993322906
kernel,0.8,106,0.000120164681444564
kernel,0.8,107,0.0001181507811023359
kernel,0.8,108,0.00011618889918995766
kernel,0.8,109,0.00011427722890071393
kernel,0.8,110,0.00011241404198215529
kernel,0.8,111,0.00011059768464635264
kernel,0.8,112,0.00010882657372756369
kernel,0.8,113,0.00010709919307029388
kernel,0.8,114,0.00010541409013204464
kernel,0.8,115,0.00010376987278623802
kernel,0.8,116,0.00010216520631190466
kernel,0.8,117,0.00010059881055772728
kernel,0.8,118,9.906945726895379e-05
kernel,0.8,119,9.757596756654075e-05
kernel,0.8,120,9.611720956866558e-05
kernel,0.8,121,9.469209614546056e-05
kernel,0.8,122,9.329958279847944e-05
kernel,0.8,123,9.193866565701257e-05
kernel,0.8,124,9.060837958392454e-05
kernel,0.8,125,8.930779638420198e-05
kernel,0.8,126,8.803602310987383e-05
kernel,0.8,127,8.679220045540372e-05
kernel,0.8,128,8.557550123805897e-05
kernel,0.8,129,8.438512895813384e-05
kernel,0.8,130,8.322031643425095e-05
kernel,0.8,131,8.208032450928407e-05
kernel,0.8,132,8.096444082274215e-05
kernel,0.8,133,7.987197864572855e-05
kernel,0.8,134,7.880227577484409e-05
kernel,0.8,135,7.775469348163833e-05
kernel,0.8,136,7.672861551443283e-05
kernel,0.8,137,7.572344714954323e-05
kernel,0.8,138,7.473861428911647e-05
kernel,0.8,139,7.37735626029744e-05
kernel,0.8,140,7.282775671201979e-05
kernel,0.8,141,7.190067941091143e-05
kernel,0.8,142,7.099183092785792e-05
kernel,0.8,143,7.010072821951078e-05
kernel,0.8,144,6.922690429906135e-05
kernel,0.8,145,6.836990759576007e-05
kernel,0.8,146,6.752930134418417e-05
kernel,0.8,147,6.670466300167951e-05
kernel,0.8,148,6.589558369249589e-05
kernel,0.8,149,6.510166767722209e-05
kernel,0.8,150,6.432253184620871e-05
kernel,0.8,151,6.35578052357429e-05
kernel,0.8,152,6.280712856581064e-05
kernel,0.8,153,6.207015379834887e-05
kernel,0.8,154,6.134654371495243e-05
kernel,0.8,155,6.063597151305927e-05
kernel,0.8,156,5.9938120419692455e-05
kernel,0.8,157,5.9252683321888976e-05
kernel,0.8,158,5.857936241299361e-05
kernel,0.8,159,5.791786885404157e-05
kernel,0.8,160,5.726792244949627e-05
kernel,0.8,161,5.6629251336648294e-05
kernel,0.8,162,5.600159168801966e-05
kernel,0.8,163,5.5384687426152484e-05
kernel,0.8,164,5.4778289950194405e-05
kernel,0.8,165,5.4182157873724616e-05
kernel,0.8,166,5.359605677329348e-05
kernel,0.8,167,5.3019758947176584e-05
kernel,0.8,168,5.245304318387019e-05
kernel,0.8,169,5.189569453987943e-05
kernel,0.8,170,5.134750412637398e-05
kernel,0.8,171,5.080826890430769e-05
kernel,0.8,172,5.0277791487619063e-05
kernel,0.8,173,4.9755879954149396e-05
kernel,0.8,174,4.924234766393313e-05
kernel,0.8,175,4.873701308453277e-05
kernel,0.8,176,4.823969962310673e-05
kernel,0.8,177,4.7750235464914245e-05
kernel,0.8,178,4.7268453417975714e-05
kernel,0.8,179,4.6794190763621126e-05
kernel,0.8,180,4.632728911267162e-05
kernel,0.8,181,4.586759426701231e-05
kernel,0.8,182,4.541495608632565e-05
kernel,0.8,183,4.496922835976593e-05
kernel,0.8,184,4.453026868236577e-05
kernel,0.8,185,4.40979383359758e-05
kernel,0.8,186,4.3672102174547575e-05
kernel,0.8,187,4.325262851357902e-05
kernel,0.8,188,4.283938902355023e-05
kernel,0.8,189,4.243225862718507e-05
kernel,0.8,190,4.203111540038196e-05
kernel,0.8,191,4.16358404766644e-05
kernel,0.8,192,4.1246317955008294e-05
kernel,0.8,193,4.086243481091023e-05
kernel,0.8,194,4.0484080810566335e-05
kernel,0.8,195,4.011114842803781e-05
kernel,0.8,196,3.974353276528438e-05
kernel,0.8,197,3.938113147495235e-05
kernel,0.8,198,3.902384468580907e-05
kernel,0.8,199,3.86715749307202e-05
kernel,0.8,200,3.832422707707073e-05
kernel,0.8,201,3.7981708259535406e-05
kernel,0.8,202,3.764392781510764e-05
kernel,0.8,203,3.731079722030059e-05
kernel,0.8,204,3.6982230030437406e-05
kernel,0.8,205,3.665814182095124e-05
kernel,0.8,206,3.633845013061924e-05
kernel,0.8,207,3.602307440665767e-05
kernel,0.8,208,3.57119359516085e-05
kernel,0.8,209,3.54049578719508e-05
kernel,0.8,210,3.510206502837296e-05
kernel,0.8,211,3.480318398764444e-05
kernel,0.8,212,3.4508242976028345e-05
kernel,0.8,213,3.4217171834178506e-05
kernel,0.8,214,3.3929901973467e-05
kernel,0.8,215,3.364636633369045e-05
kernel,0.8,216,3.336649934210517e-05
kernel,0.8,217,3.309023687374383e-05
kernel,0.8,218,3.281751621296743e-05
kernel,0.8,219,3.254827601620913e-05
kernel,0.8,220,3.228245627586735e-05
kernel,0.8,221,3.201999828530798e-05
kernel,0.8,222,3.1760844604936534e-05
kernel,0.8,223,3.150493902930308e-05
kernel,0.8,224,3.1252226555203984e-05
kernel,0.8,225,3.100265335074593e-05
kernel,0.8,226,3.07561667253391e-05
kernel,0.8,227,3.0512715100587742e-05
kernel,0.8,228,3.0272247982047217e-05
kernel,0.8,229,3.0034715931818397e-05
kernel,0.8,230,2.98000705419508e-05
kernel,0.8,231,2.9568264408627336e-05
kernel,0.8,232,2.9339251107104394e-05
kernel,0.8,233,2.911298516738202e-05
kernel,0.8,234,2.8889422050579924e-05
kernel,0.8,235,2.866851812599588e-05
kernel,0.8,236,2.8450230648824066e-05
kernel,0.8,237,2.8234517738511586e-05
kernel,0.8,238,2.802133835773235e-05
kernel,0.8,239,2.78106522919582e-05
kernel,0.8,240,2.7602420129607855e-05
kernel,0.8,241,2.7396603242755058e-05
kernel,0.8,242,2.7193163768377903e-05
kernel,0.8,243,2.6992064590131998e-05
kernel,0.8,244,2.6793269320630748e-05
kernel,0.8,245,2.659674228421668e-05
kernel,0.8,246,2.6402448500208186e-05
kernel,0.8,247,2.621035366660676e-05
kernel,0.8,248,2.6020424144250265e-05
kernel,0.8,249,2.5832626941398216e-05
kernel,0.8,250,2.5646929698735743e-05
kernel,0.8,251,2.5463300674783086e-05
kernel,0.8,252,2.5281708731698255e-05
kernel,0.8,253,2.510212332146061e-05
kernel,0.8,254,2.492451447242379e-05
kernel,0.8,255,2.4748852776226636e-05
kernel,0.8,256,2.4575109375051267e-05
kernel,0.8,257,2.440325594921775e-05
kernel,0.8,258,2.4233264705105254e-05
kernel,0.8,259,2.4065108363389795e-05
kernel,0.8,260,2.3898760147589195e-05
kernel,0.8,261,2.3734193772905965e-05
kernel,0.8,262,2.3571383435359352e-05
kernel,0.8,263,2.3410303801197975e-05
kernel,0.8,264,2.325092999658467e-05
kernel,0.8,265,2.3093237597545748e-05
kernel,0.8,266,2.2937202620176673e-05
kernel,0.8,267,2.2782801511096906e-05
kernel,0.8,268,2.2630011138146525e-05
kernel,0.8,269,2.2478808781317686e-05
kernel,0.8,270,2.2329172123914154e-05
kernel,0.8,271,2.2181079243932288e-05
kernel,0.8,272,2.203450860565724e-05
kernel,0.8,273,2.188943905146813e-05
kernel,0.8,274,2.174584979384631e-05
kernel,0.8,275,2.1603720407580974e-05
kernel,0.8,276,2.1463030822166492e-05
kernel,0.8,277,2.132376131438612e-05
kernel,0.8,278,2.1185892501076866e-05
kernel,0.8,279,2.1049405332070433e-05
kernel,0.8,280,2.0914281083305347e-05
kernel,0.8,281,2.0780501350105546e-05
kernel,0.8,282,2.0648048040620787e-05
kernel,0.8,283,2.051690336942446e-05
kernel,0.8,284,2.0387049851264508e-05
kernel,0.8,285,2.0258470294963155e-05
kernel,0.8,286,2.0131147797461567e-05
kernel,0.8,287,2.0005065738005364e-05
kernel,0.8,288,1.9880207772467237e-05
kernel,0.8,289,1.9756557827802954e-05
kernel,0.8,290,1.9634100096637222e-05
kernel,0.8,291,1.9512819031975835e-05
kernel,0.8,292,1.9392699342040854e-05
kernel,0.8,293,1.927372598522543e-05
kernel,0.8,294,1.9155884165165204e-05
kernel,0.8,295,1.903915932592315e-05
kernel,0.8,296,1.8923537147284868e-05
kernel,0.8,297,1.8809003540161452e-05
kernel,0.8,298,1.8695544642097166e-05
kernel,0.8,299,1.858314681287907e-05
kernel,0.8,300,1.8471796630246087e-05
kernel,0.8,301,1.836148088569487e-05
kernel,0.8,302,1.825218658037995e-05
kernel,0.8,303,1.814390092110582e-05
kernel,0.8,304,1.803661131640849e-05
kernel,0.8,305,1.7930305372724367e-05
kernel,0.8,306,1.782497089064408e-05
kernel,0.8,307,1.772059586124923e-05
kernel,0.8,308,1.761716846252989e-05
kernel,0.8,309,1.751467705588084e-05
kernel,0.8,310,1.7413110182674566e-05
kernel,0.8,311,1.731245656090908e-05
kernel,0.8,312,1.721270508192873e-05
kernel,0.8,313,1.7113844807216137e-05
kernel,0.8,314,1.701586496525353e-05
kernel,0.8,315,1.6918754948451745e-05
kernel,0.8,316,1.682250431014522e-05
kernel,0.8,317,1.6727102761651403e-05
kernel,0.8,318,1.663254016939289e-05
kernel,0.8,319,1.6538806552080908e-05
kernel,0.8,320,1.6445892077958537e-05
kernel,0.8,321,1.6353787062102247e-05
kernel,0.8,322,1.6262481963780383e-05
kernel,0.8,323,1.617196738386718e-05
kernel,0.8,324,1.6082234062310952e-05
kernel,0.8,325,1.5993272875655242e-05
kernel,0.8,326,1.5905074834611582e-05
kernel,0.8,327,1.5817631081682657e-05
kernel,0.8,328,1.573093288883473e-05
kernel,0.8,329,1.564497165521806e-05
kernel,0.8,330,1.5559738904934276e-05
kernel,0.8,331,1.5475226284849545e-05
kernel,0.8,332,1.5391425562452477e-05
kernel,0.8,333,1.5308328623755727e-05
kernel,0.8,334,1.5225927471240268e-05
kernel,0.8,335,1.514421422184132e-05
kernel,0.8,336,1.506318110497503e-05
kernel,0.8,337,1.4982820460604893e-05
kernel,0.8,338,1.4903124737347028e-05
kernel,0.8,339,1.4824086490613432e-05
kernel,0.8,340,1.4745698380792316e-05
kernel,0.8,341,1.4667953171464679e-05
kernel,0.8,342,1.4590843727656312e-05
kernel,0.8,343,1.4514363014124403e-05
kernel,0.8,344,1.4438504093677987e-05
kernel,0.8,345,1.4363260125531444e-05
kernel,0.8,346,1.4288624363690338e-05
kernel,0.8,347,1.4214590155368836e-05
kernel,0.8,348,1.4141150939438019e-05
kernel,0.8,349,1.4068300244904397e-05
kernel,0.8,350,1.3996031689417942e-05
kernel,0.8,351,1.3924338977809004e-05
kernel,0.8,352,1.3853215900653447e-05
kernel,0.8,353,1.3782656332865404e-05
kernel,0.8,354,1.3712654232317016e-05
kernel,0.8,355,1.3643203638484608e-05
kernel,0.8,356,1.357429867112067e-05
kernel,0.8,357,1.3505933528951116e-05
kernel,0.8,358,1.3438102488397259e-05
kernel,0.8,359,1.3370799902321969e-05
kernel,0.8,360,1.3304020198799485e-05
kernel,0.8,361,1.3237757879908366e-05
kernel,0.8,362,1.3172007520547118e-05
kernel,0.8,363,1.3106763767271942e-05
kernel,0.8,364,1.3042021337156215e-05
kernel,0.8,365,1.2977775016671153e-05
kernel,0.8,366,1.2914019660587281e-05
kernel,0.8,367,1.2850750190896224e-05
kernel,0.8,368,1.2787961595752385e-05
kernel,0.8,369,1.2725648928434128e-05
kernel,0.8,370,1.2663807306324022e-05
kernel,0.8,371,1.260243190990775e-05
kernel,0.8,372,1.2541517981791307e-05
kernel,0.8,373,1.248106082573609e-05
kernel,0.8,374,1.2421055805711518e-05
kernel,0.8,375,1.2361498344964804e-05
kernel,0.8,376,1.2302383925107546e-05
kernel,0.8,377,1.2243708085218763e-05
kernel,0.8,378,1.2185466420964056e-05
kernel,0.8,379,1.2127654583730555e-05
kernel,0.8,380,1.2070268279777325e-05
kernel,0.8,381,1.2013303269400933e-05
kernel,0.8,382,1.1956755366115838e-05
kernel,0.8,383,1.1900620435849323e-05
kernel,0.8,384,1.1844894396150673e-05
kernel,0.8,385,1.1789573215414298e-05
kernel,0.8,386,1.173465291211654e-05
kernel,0.8,387,1.1680129554065853e-05
kernel,0.8,388,1.1625999257666143e-05
kernel,0.8,389,1.1572258187192951e-05
kernel,0.8,390,1.1518902554082235e-05
kernel,0.8,391,1.1465928616231536e-05
kernel,0.8,392,1.1413332677313232e-05
kernel,0.8,393,1.1361111086099668e-05
kernel,0.8,394,1.130926023579993e-05
kernel,0.8,395,1.125777656340801e-05
kernel,0.8,396,1.120665654906217e-05
kernel,0.8,397,1.115589671541524e-05
kernel,0.8,398,1.1105493627015717e-05
kernel,0.8,399,1.1055443889699329e-05
kernel,0.8,400,1.1005744149990992e-05
kernel,0.8,401,1.0956391094516879e-05
kernel,0.8,402,1.0907381449426403e-05
kernel,0.8,403,1.0858711979823981e-05
kernel,0.8,404,1.0810379489210318e-05
kernel,0.8,405,1.0762380818933093e-05
kernel,0.8,406,1.0714712847646811e-05
kernel,0.8,407,1.0667372490781681e-05
kernel,0.8,408,1.062035670002135e-05
kernel,0.8,409,1.0573662462789281e-05
kernel,0.8,410,1.0527286801743674e-05
kernel,0.8,411,1.048122677428072e-05
kernel,0.8,412,1.0435479472046028e-05
kernel,0.8,413,1.039004202045414e-05
kernel,0.8,414,1.0344911578215864e-05
kernel,0.8,415,1.0300085336873404e-05
kernel,0.8,416,1.025556052034304e-05
kernel,0.8,417,1.0211334384465275e-05
kernel,0.8,418,1.0167404216562304e-05
kernel,0.8,419,1.0123767335002628e-05
kernel,0.8,420,1.0080421088772743e-05
kernel,0.8,421,1.0037362857055721e-05
kernel,0.8,422,9.99459004881658e-06
kernel,0.8,423,9.952100102394307e-06
kernel,0.8,424,9.909890485100438e-06
kernel,0.8,425,9.867958692824026e-06
kernel,0.8,426,9.82630224964293e-06
kernel,0.8,427,9.784918707441292e-06
kernel,0.8,428,9.743805645533049e-06
kernel,0.8,429,9.702960670291465e-06
kernel,0.8,430,9.662381414784457e-06
kernel,0.8,431,9.622065538415725e-06
kernel,0.8,432,9.582010726571465e-06
kernel,0.8,433,9.54221469027269e-06
kernel,0.8,434,9.50267516583294e-06
kernel,0.8,435,9.463389914521366e-06
kernel,0.8,436,9.424356722231052e-06
kernel,0.8,437,9.385573399152513e-06
kernel,0.8,438,9.347037779452217e-06
kernel,0.8,439,9.308747720956137e-06
kernel,0.8,440,9.270701104838132e-06
kernel,0.8,441,9.232895835313183e-06
kernel,0.8,442,9.195329839335289e-06
kernel,0.8,443,9.158001066300051e-06
kernel,0.8,444,9.120907487751761e-06
kernel,0.8,445,9.084047097094995e-06
kernel,0.8,446,9.047417909310583e-06
kernel,0.8,447,9.011017960675892e-06
kernel,0.8,448,8.974845308489368e-06
kernel,0.8,449,8.938898030799236e-06
kernel,0.8,450,8.903174226136291e-06
kernel,0.8,451,8.86767201325072e-06
kernel,0.8,452,8.832389530852892e-06
kernel,0.8,453,8.797324937358005e-06
kernel,0.8,454,8.762476410634582e-06
kernel,0.8,455,8.727842147756713e-06
kernel,0.8,456,8.693420364759987e-06
kernel,0.8,457,8.659209296401056e-06
kernel,0.8,458,8.625207195920758e-06
kernel,0.8,459,8.591412334810757e-06
kernel,0.8,460,8.557823002583622e-06
kernel,0.8,461,8.524437506546296e-06
kernel,0.8,462,8.4912541715769e-06
kernel,0.8,463,8.458271339904807e-06
kernel,0.8,464,8.425487370893939e-06
kernel,0.8,465,8.39290064082923e-06
kernel,0.8,466,8.360509542706202e-06
kernel,0.8,467,8.328312486023603e-06
kernel,0.8,468,8.296307896579057e-06
kernel,0.8,469,8.264494216267666e-06
kernel,0.8,470,8.232869902883537e-06
kernel,0.8,471,8.20143342992416e-06
kernel,0.8,472,8.170183286397608e-06
kernel,0.8,473,8.139117976632505e-06
kernel,0.8,474,8.108236020090715e-06
kernel,0.8,475,8.07753595118272e-06
kernel,0.8,476,8.047016319085617e-06
kernel,0.8,477,8.016675687563724e-06
kernel,0.8,478,7.986512634791725e-06
kernel,0.8,479,7.95652575318033e-06
kernel,0.8,480,7.926713649204396e-06
kernel,0.8,481,7.897074943233483e-06
kernel,0.8,482,7.867608269364793e-06
kernel,0.8,483,7.838312275258463e-06
kernel,0.8,484,7.809185621975169e-06
kernel,0.8,485,7.780226983816e-06
kernel,0.8,486,7.751435048164585e-06
kernel,0.8,487,7.722808515331401e-06
kernel,0.8,488,7.694346098400266e-06
kernel,0.8,489,7.666046523076962e-06
kernel,0.8,490,7.637908527539945e-06
kernel,0.8,491,7.609930862293145e-06
kernel,0.8,492,7.582112290020769e-06
kernel,0.8,493,7.554451585444128e-06
kernel,0.8,494,7.526947535180422e-06
kernel,0.8,495,7.499598937603474e-06
kernel,0.8,496,7.472404602706352e-06
kernel,0.8,497,7.4453633519658925e-06
kernel,0.8,498,7.418474018209054e-06
kernel,0.8,499,7.391735445481105e-06
kernel,0.8,500,7.365146488915587e-06
kernel,0.8,501,7.338706014606057e-06
kernel,0.8,502,7.312412899479556e-06
kernel,0.8,503,7.2862660311717894e-06
kernel,0.8,504,7.26026430790399e-06
kernel,0.8,505,7.234406638361443e-06
kernel,0.8,506,7.208691941573628e-06
kernel,0.8,507,7.183119146795985e-06
kernel,0.8,508,7.15768719339325e-06
kernel,0.8,509,7.13239503072435e-06
kernel,0.8,510,7.107241618028836e-06
kernel,0.8,511,7.082225924314818e-06
kernel,0.8,512,7.057346928248401e-06
kernel,0.8,513,7.032603618044565e-06
kernel,0.8,514,7.007994991359509e-06
kernel,0.8,515,6.9835200551844e-06
kernel,0.8,516,6.959177825740528e-06
kernel,0.8,517,6.934967328375836e-06
kernel,0.8,518,6.910887597462811e-06
kernel,0.8,519,6.886937676297711e-06
kernel,0.8,520,6.863116617001101e-06
kernel,0.8,521,6.839423480419699e-06
kernel,0.8,522,6.815857336029488e-06
kernel,0.8,523,6.792417261840097e-06
kernel,0.8,524,6.769102344300412e-06
kernel,0.8,525,6.7459116782054185e-06
kernel,0.8,526,6.7228443666042365e-06
kernel,0.8,527,6.699899520709351e-06
kernel,0.8,528,6.677076259807007e-06
kernel,0.8,529,6.654373711168752e-06
kernel,0.8,530,6.63179100996412e-06
kernel,0.8,531,6.609327299174423e-06
kernel,0.8,532,6.586981729507656e-06
kernel,0.8,533,6.564753459314473e-06
kernel,0.8,534,6.5426416545052445e-06
kernel,0.8,535,6.52064548846816e-06
kernel,0.8,536,6.498764141988373e-06
kernel,0.8,537,6.476996803168168e-06
kernel,0.8,538,6.455342667348133e-06
kernel,0.8,539,6.433800937029335e-06
kernel,0.8,540,6.41237082179646e-06
kernel,0.8,541,6.391051538241931e-06
kernel,0.8,542,6.369842309890974e-06
kernel,0.8,543,6.348742367127617e-06
kernel,0.8,544,6.327750947121619e-06
kernel,0.8,545,6.306867293756311e-06
kernel,0.8,546,6.286090657557324e-06
kernel,0.8,547,6.265420295622216e-06
kernel,0.8,548,6.244855471550967e-06
kernel,0.8,549,6.22439545537733e-06
kernel,0.8,550,6.204039523501036e-06
kernel,0.8,551,6.183786958620827e-06
kernel,0.8,552,6.163637049668327e-06
kernel,0.8,553,6.143589091742713e-06
kernel,0.8,554,6.123642386046187e-06
kernel,0.8,555,6.1037962398202535e-06
kernel,0.8,556,6.084049966282754e-06
kernel,0.8,557,6.064402884565688e-06
kernel,0.8,558,6.04485431965378e-06
kernel,0.8,559,6.0254036023238005e-06
kernel,0.8,560,6.006050069084614e-06
kernel,0.8,561,5.986793062117968e-06
kernel,0.8,562,5.9676319292199765e-06
kernel,0.8,563,5.948566023743334e-06
kernel,0.8,564,5.9295947045402116e-06
kernel,0.8,565,5.910717335905834e-06
kernel,0.8,566,5.891933287522751e-06
kernel,0.8,567,5.873241934405766e-06
kernel,0.8,568,5.854642656847521e-06
kernel,0.8,569,5.8361348403647435e-06
kernel,0.8,570,5.817717875645118e-06
kernel,0.8,571,5.799391158494804e-06
kernel,0.8,572,5.781154089786571e-06
kernel,0.8,573,5.7630060754085475e-06
kernel,0.8,574,5.744946526213577e-06
kernel,0.8,575,5.72697485796918e-06
kernel,0.8,576,5.709090491308095e-06
kernel,0.8,577,5.69129285167941e-06
kernel,0.8,578,5.673581369300262e-06
kernel,0.8,579,5.655955479108113e-06
kernel,0.8,580,5.638414620713575e-06
kernel,0.8,581,5.620958238353793e-06
kernel,0.8,582,5.603585780846369e-06
kernel,0.8,583,5.586296701543828e-06
kernel,0.8,584,5.569090458288602e-06
kernel,0.8,585,5.551966513368557e-06
kernel,0.8,586,5.534924333473015e-06
kernel,0.8,587,5.5179633896492935e-06
kernel,0.8,588,5.501083157259756e-06
kernel,0.8,589,5.484283115939342e-06
kernel,0.8,590,5.4675627495535964e-06
kernel,0.8,591,5.450921546157179e-06
kernel,0.8,592,5.434358997952853e-06
kernel,0.8,593,5.4178746012509334e-06
kernel,0.8,594,5.401467856429216e-06
kernel,0.8,595,5.38513826789335e-06
kernel,0.8,596,5.3688853440376605e-06
kernel,0.8,597,5.352708597206439e-06
kernel,0.8,598,5.336607543655644e-06
kernel,0.8,599,5.320581703515058e-06
kernel,0.8,600,5.304630600750863e-06
kernel,0.8,601,5.2887537631286425e-06
kernel,0.8,602,5.272950722176799e-06
kernel,0.8,603,5.257221013150388e-06
kernel,0.8,604,5.241564174995352e-06
kernel,0.8,605,5.225979750313164e-06
kernel,0.8,606,5.2104672853258605e-06
kernel,0.8,607,5.195026329841472e-06
kernel,0.8,608,5.179656437219835e-06
kernel,0.8,609,5.164357164338789e-06
kernel,0.8,610,5.1491280715607445e-06
kernel,0.8,611,5.133968722699635e-06
kernel,0.8,612,5.118878684988222e-06
kernel,0.8,613,5.103857529045765e-06
kernel,0.8,614,5.088904828846064e-06
kernel,0.8,615,5.0740201616858305e-06
kernel,0.8,616,5.059203108153431e-06
kernel,0.8,617,5.044453252097961e-06
kernel,0.8,618,5.029770180598658e-06
kernel,0.8,619,5.0151534839346625e-06
kernel,0.8,620,5.000602755555097e-06
kernel,0.8,621,4.9861175920494835e-06
kernel,0.8,622,4.971697593118471e-06
kernel,0.8,623,4.957342361544899e-06
kernel,0.8,624,4.943051503165159e-06
kernel,0.8,625,4.928824626840884e-06
kernel,0.8,626,4.9146613444309315e-06
kernel,0.8,627,4.900561270763675e-06
kernel,0.8,628,4.886524023609602e-06
kernel,0.8,629,4.872549223654195e-06
kernel,0.8,630,4.858636494471116e-06
kernel,0.8,631,4.844785462495676e-06
kernel,0.8,632,4.830995756998588e-06
kernel,0.8,633,4.817267010060005e-06
kernel,0.8,634,4.8035988565438326e-06
kernel,0.8,635,4.7899909340723225e-06
kernel,0.8,636,4.7764428830009296e-06
kernel,0.8,637,4.762954346393444e-06
kernel,0.8,638,4.749524969997381e-06
kernel,0.8,639,4.736154402219645e-06
kernel,0.8,640,4.7228422941024345e-06
kernel,0.8,641,4.70958829929942e-06
kernel,0.8,642,4.696392074052161e-06
kernel,0.8,643,4.683253277166777e-06
kernel,0.8,644,4.670171569990869e-06
kernel,0.8,645,4.657146616390678e-06
kernel,0.8,646,4.6441780827284825e-06
kernel,0.8,647,4.631265637840243e-06
kernel,0.8,648,4.618408953013468e-06
kernel,0.8,649,4.605607701965325e-06
kernel,0.8,650,4.592861560820969e-06
kernel,0.8,651,4.580170208092103e-06
kernel,0.8,652,4.5675333246557645e-06
kernel,0.8,653,4.554950593733324e-06
kernel,0.8,654,4.54242170086971e-06
kernel,0.8,655,4.529946333912846e-06
kernel,0.8,656,4.517524182993302e-06
kernel,0.8,657,4.505154940504156e-06
kernel,0.8,658,4.492838301081056e-06
kernel,0.8,659,4.4805739615825094e-06
kernel,0.8,660,4.4683616210703426e-06
kernel,0.8,661,4.456200980790396e-06
kernel,0.8,662,4.4440917441533876e-06
kernel,0.8,663,4.432033616715996e-06
kernel,0.8,664,4.420026306162119e-06
kernel,0.8,665,4.4080695222843375e-06
kernel,0.8,666,4.396162976965557e-06
kernel,0.8,667,4.38430638416085e-06
kernel,0.8,668,4.372499459879465e-06
kernel,0.8,669,4.360741922167034e-06
kernel,0.8,670,4.3490334910879566e-06
kernel,0.8,671,4.337373888707953e-06
kernel,0.8,672,4.325762839076809e-06
kernel,0.8,673,4.314200068211283e-06
kernel,0.8,674,4.302685304078189e-06
kernel,0.8,675,4.291218276577654e-06
kernel,0.8,676,4.279798717526537e-06
kernel,0.8,677,4.268426360642018e-06
kernel,0.8,678,4.257100941525355e-06
kernel,0.8,679,4.2458221976457915e-06
kernel,0.8,680,4.234589868324643e-06
kernel,0.8,681,4.2234036947195275e-06
kernel,0.8,682,4.2122634198087545e-06
kernel,0.8,683,4.20116878837588e-06
kernel,0.8,684,4.190119546994403e-06
kernel,0.8,685,4.179115444012619e-06
kernel,0.8,686,4.168156229538627e-06
kernel,0.8,687,4.1572416554254754e-06
kernel,0.8,688,4.146371475256464e-06
kernel,0.8,689,4.135545444330587e-06
kernel,0.8,690,4.124763319648119e-06
kernel,0.8,691,4.11402485989634e-06
kernel,0.8,692,4.103329825435412e-06
kernel,0.8,693,4.092677978284376e-06
kernel,0.8,694,4.082069082107308e-06
kernel,0.8,695,4.071502902199584e-06
kernel,0.8,696,4.060979205474307e-06
kernel,0.8,697,4.050497760448847e-06
kernel,0.8,698,4.040058337231516e-06
kernel,0.8,699,4.02966070750838e-06
kernel,0.8,700,4.01930464453019e-06
kernel,0.8,701,4.008989923099444e-06
kernel,0.8,702,3.998716319557575e-06
kernel,0.8,703,3.988483611772257e-06
kernel,0.8,704,3.9782915791248465e-06
kernel,0.8,705,3.968140002497926e-06
kernel,0.8,706,3.958028664262989e-06
kernel,0.8,707,3.947957348268222e-06
kernel,0.8,708,3.9379258398264215e-06
kernel,0.8,709,3.9279339257030164e-06
kernel,0.8,710,3.917981394104208e-06
kernel,0.8,711,3.9080680346652256e-06
kernel,0.8,712,3.898193638438688e-06
kernel,0.8,713,3.888357997883085e-06
kernel,0.8,714,3.878560906851362e-06
kernel,0.8,715,3.86880216057961e-06
kernel,0.8,716,3.859081555675873e-06
kernel,0.8,717,3.849398890109058e-06
kernel,0.8,718,3.839753963197941e-06
kernel,0.8,719,3.830146575600286e-06
kernel,0.8,720,3.820576529302073e-06
kernel,0.8,721,3.811043627606806e-06
kernel,0.8,722,3.8015476751249443e-06
kernel,0.8,723,3.792088477763421e-06
kernel,0.8,724,3.782665842715262e-06
kernel,0.8,725,3.7732795784493033e-06
kernel,0.8,726,3.7639294947000055e-06
kernel,0.8,727,3.75461540245736e-06
kernel,0.8,728,3.7453371139568933e-06
kernel,0.8,729,3.7360944426697626e-06
kernel,0.8,730,3.7268872032929426e-06
kernel,0.8,731,3.717715211739507e-06
kernel,0.8,732,3.708578285128995e-06
kernel,0.8,733,3.6994762417778736e-06
kernel,0.8,734,3.6904089011900817e-06
kernel,0.8,735,3.6813760840476673e-06
kernel,0.8,736,3.6723776122015056e-06
kernel,0.8,737,3.6634133086621095e-06
kernel,0.8,738,3.654482997590516e-06
kernel,0.8,739,3.645586504289266e-06
kernel,0.8,740,3.6367236551934596e-06
kernel,0.8,741,3.6278942778618953e-06
kernel,0.8,742,3.619098200968294e-06
kernel,0.8,743,3.6103352542925975e-06
kernel,0.8,744,3.601605268712352e-06
kernel,0.8,745,3.5929080761941654e-06
kernel,0.8,746,3.5842435097852454e-06
kernel,0.8,747,3.575611403605014e-06
kernel,0.8,748,3.5670115928367974e-06
kernel,0.8,749,3.558443913719594e-06
kernel,0.8,750,3.54990820353991e-06
kernel,0.8,751,3.5414043006236805e-06
kernel,0.8,752,3.532932044328251e-06
kernel,0.8,753,3.5244912750344413e-06
kernel,0.8,754,3.516081834138673e-06
kernel,0.8,755,3.507703564045175e-06
kernel,0.8,756,3.4993563081582548e-06
kernel,0.8,757,3.4910399108746393e-06
kernel,0.8,758,3.4827542175758848e-06
kernel,0.8,759,3.4744990746208575e-06
kernel,0.8,760,3.4662743293382763e-06
kernel,0.8,761,3.4580798300193266e-06
kernel,0.8,762,3.4499154259103386e-06
kernel,0.8,763,3.4417809672055286e-06
kernel,0.8,764,3.4336763050398086e-06
kernel,0.8,765,3.425601291481657e-06
kernel,0.8,766,3.417555779526054e-06
kernel,0.8,767,3.4095396230874786e-06
kernel,0.8,768,3.401552676992969e-06
kernel,0.8,769,3.3935947969752426e-06
kernel,0.8,770,3.385665839665877e-06
kernel,0.8,771,3.3777656625885547e-06
kernel,0.8,772,3.3698941241523588e-06
kernel,0.8,773,3.362051083645138e-06
kernel,0.8,774,3.354236401226924e-06
kernel,0.8,775,3.3464499379234053e-06
kernel,0.8,776,3.338691555619462e-06
kernel,0.8,777,3.330961117052757e-06
kernel,0.8,778,3.323258485807378e-06
kernel,0.8,779,3.3155835263075427e-06
kernel,0.8,780,3.307936103811352e-06
kernel,0.8,781,3.300316084404602e-06
kernel,0.8,782,3.2927233349946483e-06
kernel,0.8,783,3.285157723304323e-06
kernel,0.8,784,3.277619117865903e-06
kernel,0.8,785,3.2701073880151373e-06
kernel,0.8,786,3.2626224038853167e-06
kernel,0.8,787,3.2551640364013993e-06
kernel,0.8,788,3.24773215727419e-06
kernel,0.8,789,3.2403266389945628e-06
kernel,0.8,790,3.232947354827739e-06
kernel,0.8,791,3.2255941788076107e-06
kernel,0.8,792,3.2182669857311154e-06
kernel,0.8,793,3.2109656511526576e-06
kernel,0.8,794,3.2036900513785783e-06
kernel,0.8,795,3.1964400634616725e-06
kernel,0.8,796,3.189215565195752e-06
kernel,0.8,797,3.1820164351102572e-06
kernel,0.8,798,3.17484255246491e-06
kernel,0.8,799,3.167693797244419e-06
kernel,0.8,800,3.1605700501532234e-06
kernel,0.8,801,3.153471192610286e-06
kernel,0.8,802,3.1463971067439257e-06
kernel,0.8,803,3.1393476753866993e-06
kernel,0.8,804,3.132322782070321e-06
kernel,0.8,805,3.1253223110206317e-06
kernel,0.8,806,3.1183461471526007e-06
kernel,0.8,807,3.1113941760653804e-06
kernel,0.8,808,3.104466284037395e-06
kernel,0.8,809,3.097562358021473e-06
kernel,0.8,810,3.090682285640022e-06
kernel,0.8,811,3.08382595518024e-06
kernel,0.8,812,3.0769932555893716e-06
kernel,0.8,813,3.0701840764700017e-06
kernel,0.8,814,3.063398308075385e-06
kernel,0.8,815,3.056635841304822e-06
kernel,0.8,816,3.0498965676990658e-06
kernel,0.8,817,3.043180379435772e-06
kernel,0.8,818,3.0364871693249862e-06
kernel,0.8,819,3.0298168308046653e-06
kernel,0.8,820,3.0231692579362394e-06
kernel,0.8,821,3.016544345400211e-06
kernel,0.8,822,3.0099419884917852e-06
kernel,0.8,823,3.0033620831165442e-06
kernel,0.8,824,2.99680452578615e-06
kernel,0.8,825,2.990269213614086e-06
kernel,0.8,826,2.983756044311435e-06
kernel,0.8,827,2.9772649161826864e-06
kernel,0.8,828,2.970795728121586e-06
kernel,0.8,829,2.9643483796070126e-06
kernel,0.8,830,2.95792277069889e-06
kernel,0.8,831,2.951518802034138e-06
kernel,0.8,832,2.9451363748226464e-06
kernel,0.8,833,2.9387753908432916e-06
kernel,0.8,834,2.932435752439981e-06
kernel,0.8,835,2.9261173625177263e-06
kernel,0.8,836,2.9198201245387584e-06
kernel,0.8,837,2.913543942518664e-06
kernel,0.8,838,2.9072887210225588e-06
kernel,0.8,839,2.901054365161289e-06
kernel,0.8,840,2.8948407805876676e-06
kernel,0.8,841,2.888647873492737e-06
kernel,0.8,842,2.8824755506020617e-06
kernel,0.8,843,2.876323719172056e-06
kernel,0.8,844,2.870192286986335e-06
kernel,0.8,845,2.8640811623520983e-06
kernel,0.8,846,2.8579902540965414e-06
kernel,0.8,847,2.8519194715632983e-06
kernel,0.8,848,2.8458687246089106e-06
kernel,0.8,849,2.839837923599323e-06
kernel,0.8,850,2.8338269794064123e-06
kernel,0.8,851,2.827835803404538e-06
kernel,0.8,852,2.821864307467125e-06
kernel,0.8,853,2.8159124039632706e-06
kernel,0.8,854,2.809980005754381e-06
kernel,0.8,855,2.8040670261908323e-06
kernel,0.8,856,2.798173379108659e-06
kernel,0.8,857,2.7922989788262686e-06
kernel,0.8,858,2.786443740141183e-06
kernel,0.8,859,2.7806075783268042e-06
kernel,0.8,860,2.774790409129207e-06
kernel,0.8,861,2.768992148763957e-06
kernel,0.8,862,2.7632127139129502e-06
kernel,0.8,863,2.757452021721284e-06
kernel,0.8,864,2.7517099897941463e-06
kernel,0.8,865,2.745986536193735e-06
kernel,0.8,866,2.7402815794361957e-06
kernel,0.8,867,2.7345950384885864e-06
kernel,0.8,868,2.7289268327658687e-06
kernel,0.8,869,2.7232768821279173e-06
kernel,0.8,870,2.717645106876556e-06
kernel,0.8,871,2.7120314277526153e-06
kernel,0.8,872,2.7064357659330145e-06
kernel,0.8,873,2.700858043027867e-06
kernel,0.8,874,2.695298181077605e-06
kernel,0.8,875,2.6897561025501274e-06
kernel,0.8,876,2.6842317303379752e-06
kernel,0.8,877,2.6787249877555186e-06
kernel,0.8,878,2.673235798536178e-06
kernel,0.8,879,2.667764086829654e-06
kernel,0.8,880,2.6623097771991897e-06
kernel,0.8,881,2.6568727946188466e-06
kernel,0.8,882,2.6514530644708067e-06
kernel,0.8,883,2.6460505125426906e-06
kernel,0.8,884,2.640665065024899e-06
kernel,0.8,885,2.6352966485079764e-06
kernel,0.8,886,2.62994518997999e-06
kernel,0.8,887,2.6246106168239333e-06
kernel,0.8,888,2.619292856815147e-06
kernel,0.8,889,2.6139918381187605e-06
kernel,0.8,890,2.608707489287153e-06
kernel,0.8,891,2.6034397392574355e-06
kernel,0.8,892,2.598188517348945e-06
kernel,0.8,893,2.5929537532607704e-06
kernel,0.8,894,2.587735377069283e-06
kernel,0.8,895,2.5825333192256992e-06
kernel,0.8,896,2.5773475105536483e-06
kernel,0.8,897,2.5721778822467718e-06
kernel,0.8,898,2.5670243658663295e-06
kernel,0.8,899,2.5618868933388324e-06
kernel,0.8,900,2.556765396953689e-06
kernel,0.8,901,2.5516598093608693e-06
kernel,0.8,902,2.5465700635685876e-06
kernel,0.8,903,2.5414960929410036e-06
kernel,0.8,904,2.5364378311959383e-06
kernel,0.8,905,2.53139521240261e-06
kernel,0.8,906,2.5263681709793836e-06
kernel,0.8,907,2.5213566416915417e-06
kernel,0.8,908,2.516360559649067e-06
kernel,0.8,909,2.511379860304445e-06
kernel,0.8,910,2.5064144794504813e-06
kernel,0.8,911,2.5014643532181375e-06
kernel,0.8,912,2.4965294180743804e-06
kernel,0.8,913,2.4916096108200472e-06
kernel,0.8,914,2.4867048685877313e-06
kernel,0.8,915,2.481815128839676e-06
kernel,0.8,916,2.476940329365691e-06
kernel,0.8,917,2.4720804082810804e-06
kernel,0.8,918,2.467235304024588e-06
kernel,0.8,919,2.4624049553563554e-06
kernel,0.8,920,2.4575893013558983e-06
kernel,0.8,921,2.4527882814200942e-06
kernel,0.8,922,2.448001835261189e-06
kernel,0.8,923,2.4432299029048154e-06
kernel,0.8,924,2.4384724246880245e-06
kernel,0.8,925,2.4337293412573368e-06
kernel,0.8,926,2.4290005935668047e-06
kernel,0.8,927,2.424286122876087e-06
kernel,0.8,928,2.4195858707485403e-06
kernel,0.8,929,2.4148997790493254e-06
kernel,0.8,930,2.410227789943524e-06
kernel,0.8,931,2.4055698458942725e-06
kernel,0.8,932,2.4009258896609063e-06
kernel,0.8,933,2.3962958642971214e-06
kernel,0.8,934,2.3916797131491446e-06
kernel,0.8,935,2.3870773798539225e-06
kernel,0.8,936,2.3824888083373183e-06
kernel,0.8,937,2.377913942812326e-06
kernel,0.8,938,2.3733527277772943e-06
kernel,0.8,939,2.3688051080141666e-06
kernel,0.8,940,2.3642710285867295e-06
kernel,0.8,941,2.3597504348388784e-06
kernel,0.8,942,2.3552432723928934e-06
kernel,0.8,943,2.3507494871477253e-06
kernel,0.8,944,2.3462690252773004e-06
kernel,0.8,945,2.34180183322883e-06
kernel,0.8,946,2.3373478577211383e-06
kernel,0.8,947,2.3329070457429976e-06
kernel,0.8,948,2.3284793445514776e-06
kernel,0.8,949,2.3240647016703085e-06
kernel,0.8,950,2.3196630648882503e-06
kernel,0.8,951,2.3152743822574795e-06
kernel,0.8,952,2.3108986020919856e-06
kernel,0.8,953,2.3065356729659755e-06
kernel,0.8,954,2.3021855437122932e-06
kernel,0.8,955,2.2978481634208523e-06
kernel,0.8,956,2.293523481437073e-06
kernel,0.8,957,2.289211447360336e-06
kernel,0.8,958,2.2849120110424478e-06
kernel,0.8,959,2.28062512258611e-06
kernel,0.8,960,2.2763507323434087e-06
kernel,0.8,961,2.272088790914307e-06
kernel,0.8,962,2.267839249145151e-06
kernel,0.8,963,2.263602058127191e-06
kernel,0.8,964,2.2593771691951013e-06
kernel,0.8,965,2.255164533925525e-06
kernel,0.8,966,2.2509641041356154e-06
kernel,0.8,967,2.2467758318816e-06
kernel,0.8,968,2.2425996694573435e-06
kernel,0.8,969,2.238435569392929e-06
kernel,0.8,970,2.234283484453246e-06
kernel,0.8,971,2.2301433676365867e-06
kernel,0.8,972,2.226015172173256e-06
kernel,0.8,973,2.221898851524186e-06
kernel,0.8,974,2.2177943593795687e-06
kernel,0.8,975,2.2137016496574856e-06
kernel,0.8,976,2.20962067650256e-06
kernel,0.8,977,2.205551394284609e-06
kernel,0.8,978,2.2014937575973112e-06
kernel,0.8,979,2.197447721256878e-06
kernel,0.8,980,2.19341324030074e-06
kernel,0.8,981,2.1893902699862385e-06
kernel,0.8,982,2.185378765789326e-06
kernel,0.8,983,2.181378683403278e-06
kernel,0.8,984,2.1773899787374146e-06
kernel,0.8,985,2.1734126079158238e-06
kernel,0.8,986,2.169446527276103e-06
kernel,0.8,987,2.1654916933681033e-06
kernel,0.8,988,2.1615480629526847e-06
kernel,0.8,989,2.1576155930004773e-06
kernel,0.8,990,2.1536942406906555e-06
kernel,0.8,991,2.1497839634097154e-06
kernel,0.8,992,2.145884718750265e-06
kernel,0.8,993,2.1419964645098193e-06
kernel,0.8,994,2.1381191586896074e-06
kernel,0.8,995,2.134252759493383e-06
kernel,0.8,996,2.1303972253262466e-06
kernel,0.8,997,2.126552514793474e-06
kernel,0.8,998,2.122718586699355e-06
kernel,0.8,999,2.118895400046038e-06
kernel,0.8,1000,2.1150829140323807e-06
kernel,1.2,1,0.67089632966675
kernel,1.2,2,0.14601229442617283
kernel,1.2,3,0.05983959638398815
kernel,1.2,4,0.03177777129021607
kernel,1.2,5,0.01945008064713869
kernel,1.2,6,0.013023348584873397
kernel,1.2,7,0.009277687239643192
kernel,1.2,8,0.006916039174248248
kernel,1.2,9,0.005337303450709387
kernel,1.2,10,0.004233069665880406
kernel,1.2,11,0.003432349539581045
kernel,1.2,12,0.002834370861640829
kernel,1.2,13,0.0023767310552887163
kernel,1.2,14,0.0020191739631391613
kernel,1.2,15,0.0017348209016718385
kernel,1.2,16,0.0015051904497299683
kernel,1.2,17,0.00131724873117588
kernel,1.2,18,0.001161598131374351
kernel,1.2,19,0.001031329626876916
kernel,1.2,20,0.0009212752955259809
kernel,1.2,21,0.0008275094604749043
kernel,1.2,22,0.0007470084562778678
kernel,1.2,23,0.0006774140137542635
kernel,1.2,24,0.000616865787547886
kernel,1.2,25,0.0005638809163974893
kernel,1.2,26,0.0005172661397462459
kernel,1.2,27,0.0004760528119567468
kernel,1.2,28,0.00043944825775091593
kernel,1.2,29,0.00040679894745957953
kernel,1.2,30,0.00037756232829207724
kernel,1.2,31,0.0003512850678318135
kernel,1.2,32,0.00032758609847009253
kernel,1.2,33,0.0003061432922122552
kernel,1.2,34,0.00028668290623156675
kernel,1.2,35,0.00026897116149021753
kernel,1.2,36,0.0002528074768979166
kernel,1.2,37,0.0002380189982244559
kernel,1.2,38,0.00022445614690542014
kernel,1.2,39,0.00021198897768961167
kernel,1.2,40,0.00020050418186773645
kernel,1.2,41,0.00018990260890357273
kernel,1.2,42,0.00018009720673732493
kernel,1.2,43,0.0001710113020622145
kernel,1.2,44,0.00016257715809991644
kernel,1.2,45,0.0001547347599980381
kernel,1.2,46,0.0001474307878146156
kernel,1.2,47,0.00014061774478859996
kernel,1.2,48,0.00013425321470697982
kernel,1.2,49,0.0001282992270346655
kernel,1.2,50,0.0001227217123504422
kernel,1.2,51,0.0001174900337434231
kernel,1.2,52,0.0001125765823325265
kernel,1.2,53,0.00010795642710251837
kernel,1.2,54,0.00010360701090191244
kernel,1.2,55,9.950788579687371e-05
kernel,1.2,56,9.564048208114003e-05
kernel,1.2,57,9.198790615208571e-05
kernel,1.2,58,8.853476321480184e-05
kernel,1.2,59,8.526700139921021e-05
kernel,1.2,60,8.217177439351598e-05
kernel,1.2,61,7.923732012980334e-05
kernel,1.2,62,7.64528534196256e-05
kernel,1.2,63,7.380847074144338e-05
kernel,1.2,64,7.129506563777965e-05
kernel,1.2,65,6.89042533961796e-05
kernel,1.2,66,6.662830387117716e-05
kernel,1.2,67,6.446008145996166e-05
kernel,1.2,68,6.239299137681508e-05
kernel,1.2,69,6.042093148437375e-05
kernel,1.2,70,5.853824903643041e-05
kernel,1.2,71,5.6739701769889304e-05
kernel,1.2,72,5.502042285473829e-05
kernel,1.2,73,5.337588927228213e-05
kernel,1.2,74,5.18018932448698e-05
kernel,1.2,75,5.029451638619005e-05
kernel,1.2,76,4.885010628094777e-05
kernel,1.2,77,4.746525523724963e-05
kernel,1.2,78,4.613678098506523e-05
kernel,1.2,79,4.486170912031935e-05
kernel,1.2,80,4.3637257117046616e-05
kernel,1.2,81,4.246081975005648e-05
kernel,1.2,82,4.13299557881022e-05
kernel,1.2,83,4.024237583295202e-05
kernel,1.2,84,3.9195931193309175e-05
kernel,1.2,85,3.8188603694461006e-05
kernel,1.2,86,3.7218496335066114e-05
kernel,1.2,87,3.628382471179121e-05
kernel,1.2,88,3.538290914074132e-05
kernel,1.2,89,3.451416741192196e-05
kernel,1.2,90,3.367610811944566e-05
kernel,1.2,91,3.2867324515948485e-05
kernel,1.2,92,3.208648884480124e-05
kernel,1.2,93,3.133234710826206e-05
kernel,1.2,94,3.0603714233786573e-05
kernel,1.2,95,2.9899469604347765e-05
kernel,1.2,96,2.9218552921869196e-05
kernel,1.2,97,2.85599603757876e-05
kernel,1.2,98,2.7922741091371336e-05
kernel,1.2,99,2.7305993834764925e-05
kernel,1.2,100,2.6708863953835596e-05
kernel,1.2,101,2.6130540535792364e-05
kernel,1.2,102,2.5570253764254406e-05
kernel,1.2,103,2.502727245998342e-05
kernel,1.2,104,2.450090179088335e-05
kernel,1.2,105,2.399048113812449e-05
kernel,1.2,106,2.349538210638358e-05
kernel,1.2,107,2.3015006667217928e-05
kernel,1.2,108,2.2548785425521887e-05
kernel,1.2,109,2.209617599985771e-05
kernel,1.2,110,2.1656661508218693e-05
kernel,1.2,111,2.122974915147836e-05
kernel,1.2,112,2.0814968887412328e-05
kernel,1.2,113,2.041187218875555e-05
kernel,1.2,114,2.00200308792823e-05
kernel,1.2,115,1.9639036042374908e-05
kernel,1.2,116,1.9268496996983677e-05
kernel,1.2,117,1.8908040336279282e-05
kernel,1.2,118,1.855730902466346e-05
kernel,1.2,119,1.8215961549136985e-05
kernel,1.2,120,1.788367112132934e-05
kernel,1.2,121,1.7560124926773897e-05
kernel,1.2,122,1.7245023418268903e-05
kernel,1.2,123,1.693807965039958e-05
kernel,1.2,124,1.6639018652512766e-05
kernel,1.2,125,1.6347576837633714e-05
kernel,1.2,126,1.606350144499726e-05
kernel,1.2,127,1.5786550014033254e-05
kernel,1.2,128,1.5516489887800805e-05
kernel,1.2,129,1.5253097744008067e-05
kernel,1.2,130,1.4996159151885752e-05
kernel,1.2,131,1.4745468153303447e-05
kernel,1.2,132,1.450082686662965e-05
kernel,1.2,133,1.4262045111939673e-05
kernel,1.2,134,1.4028940056270916e-05
kernel,1.2,135,1.3801335877713284e-05
kernel,1.2,136,1.3579063447204145e-05
kernel,1.2,137,1.3361960026972804e-05
kernel,1.2,138,1.3149868984649521e-05
kernel,1.2,139,1.2942639522118975e-05
kernel,1.2,140,1.274012641825832e-05
kernel,1.2,141,1.2542189784755805e-05
kernel,1.2,142,1.2348694834257804e-05
kernel,1.2,143,1.2159511660140331e-05
kernel,1.2,144,1.1974515027245838e-05
kernel,1.2,145,1.1793584172967782e-05
kernel,1.2,146,1.1616602618104189e-05
kernel,1.2,147,1.1443457986937529e-05
kernel,1.2,148,1.1274041836031773e-05
kernel,1.2,149,1.110824949126886e-05
kernel,1.2,150,1.0945979892675972e-05
kernel,1.2,151,1.0787135446622199e-05
kernel,1.2,152,1.0631621884988652e-05
kernel,1.2,153,1.047934813093974e-05
kernel,1.2,154,1.033022617094549e-05
kernel,1.2,155,1.0184170932725528e-05
kernel,1.2,156,1.004110016880461e-05
kernel,1.2,157,9.9009343453878e-06
kernel,1.2,158,9.763596536280222e-06
kernel,1.2,159,9.629012321592232e-06
kernel,1.2,160,9.497109690985682e-06
kernel,1.2,161,9.367818951230862e-06
kernel,1.2,162,9.241072637856715e-06
kernel,1.2,163,9.116805430689192e-06
kernel,1.2,164,8.994954073084066e-06
kernel,1.2,165,8.875457294671228e-06
kernel,1.2,166,8.758255737437678e-06
kernel,1.2,167,8.64329188498585e-06
kernel,1.2,168,8.530509994812855e-06
kernel,1.2,169,8.419856033464564e-06
kernel,1.2,170,8.311277614426368e-06
kernel,1.2,171,8.204723938619866e-06
kernel,1.2,172,8.100145737381632e-06
kernel,1.2,173,7.997495217806881e-06
kernel,1.2,174,7.896726010346915e-06
kernel,1.2,175,7.797793118555159e-06
kernel,1.2,176,7.700652870881983e-06
kernel,1.2,177,7.605262874423752e-06
kernel,1.2,178,7.511581970536347e-06
kernel,1.2,179,7.4195701922280775e-06
kernel,1.2,180,7.329188723251149e-06
kernel,1.2,181,7.2403998588150315e-06
kernel,1.2,182,7.153166967848864e-06
kernel,1.2,183,7.067454456743743e-06
kernel,1.2,184,6.983227734509129e-06
kernel,1.2,185,6.900453179280924e-06
kernel,1.2,186,6.819098106121804e-06
kernel,1.2,187,6.739130736057334e-06
kernel,1.2,188,6.6605201662941285e-06
kernel,1.2,189,6.583236341568949e-06
kernel,1.2,190,6.507250026580071e-06
kernel,1.2,191,6.432532779454612e-06
kernel,1.2,192,6.35905692620771e-06
kernel,1.2,193,6.286795536151552e-06
kernel,1.2,194,6.215722398214219e-06
kernel,1.2,195,6.145811998130209e-06
kernel,1.2,196,6.077039496466286e-06
kernel,1.2,197,6.0093807074479974e-06
kernel,1.2,198,5.942812078553774e-06
kernel,1.2,199,5.8773106708451225e-06
kernel,1.2,200,5.81285414000278e-06
kernel,1.2,201,5.749420718040145e-06
kernel,1.2,202,5.686989195666561e-06
kernel,1.2,203,5.625538905274283e-06
kernel,1.2,204,5.565049704524127e-06
kernel,1.2,205,5.505501960505933e-06
kernel,1.2,206,5.446876534451034e-06
kernel,1.2,207,5.389154766974896e-06
kernel,1.2,208,5.3323184638291296e-06
kernel,1.2,209,5.27634988214292e-06
kernel,1.2,210,5.221231717134829e-06
kernel,1.2,211,5.166947089276734e-06
kernel,1.2,212,5.113479531892474e-06
kernel,1.2,213,5.060812979174517e-06
kernel,1.2,214,5.008931754602654e-06
kernel,1.2,215,4.957820559749463e-06
kernel,1.2,216,4.907464463457878e-06
kernel,1.2,217,4.857848891376836e-06
kernel,1.2,218,4.808959615841607e-06
kernel,1.2,219,4.760782746085877e-06
kernel,1.2,220,4.713304718773318e-06
kernel,1.2,221,4.6665122888367676e-06
kernel,1.2,222,4.620392520613724e-06
kernel,1.2,223,4.574932779267273e-06
kernel,1.2,224,4.530120722482025e-06
kernel,1.2,225,4.485944292425079e-06
kernel,1.2,226,4.442391707962408e-06
kernel,1.2,227,4.399451457121478e-06
kernel,1.2,228,4.357112289791251e-06
kernel,1.2,229,4.315363210651117e-06
kernel,1.2,230,4.27419347232059e-06
kernel,1.2,231,4.23359256872197e-06
kernel,1.2,232,4.193550228648453e-06
kernel,1.2,233,4.1540564095304894e-06
kernel,1.2,234,4.115101291393441e-06
kernel,1.2,235,4.076675270999899e-06
kernel,1.2,236,4.038768956170255e-06
kernel,1.2,237,4.001373160275371e-06
kernel,1.2,238,3.964478896895435e-06
kernel,1.2,239,3.92807737463932e-06
kernel,1.2,240,3.89215999211897e-06
kernel,1.2,241,3.856718333073556e-06
kernel,1.2,242,3.821744161638331e-06
kernel,1.2,243,3.7872294177533306e-06
kernel,1.2,244,3.753166212707211e-06
kernel,1.2,245,3.7195468248117254e-06
kernel,1.2,246,3.686363695202493e-06
kernel,1.2,247,3.653609423761874e-06
kernel,1.2,248,3.6212767651599264e-06
kernel,1.2,249,3.5893586250095626e-06
kernel,1.2,250,3.557848056132175e-06
kernel,1.2,251,3.5267382549301236e-06
kernel,1.2,252,3.496022557862616e-06
kernel,1.2,253,3.46569443802165e-06
kernel,1.2,254,3.435747501804771e-06
kernel,1.2,255,3.4061754856815714e-06
kernel,1.2,256,3.3769722530509004e-06
kernel,1.2,257,3.3481317911859305e-06
kernel,1.2,258,3.3196482082642653e-06
kernel,1.2,259,3.291515730480427e-06
kernel,1.2,260,3.263728699238117e-06
kernel,1.2,261,3.2362815684197466e-06
kernel,1.2,262,3.2091689017308436e-06
kernel,1.2,263,3.1823853701169815e-06
kernel,1.2,264,3.155925749251003e-06
kernel,1.2,265,3.129784917088356e-06
kernel,1.2,266,3.1039578514884538e-06
kernel,1.2,267,3.0784396279000317e-06
kernel,1.2,268,3.0532254171085507e-06
kernel,1.2,269,3.028310483043757e-06
kernel,1.2,270,3.003690180645577e-06
kernel,1.2,271,2.979359953786584e-06
kernel,1.2,272,2.9553153332493444e-06
kernel,1.2,273,2.9315519347569776e-06
kernel,1.2,274,2.908065457055367e-06
kernel,1.2,275,2.8848516800454655e-06
kernel,1.2,276,2.8619064629642174e-06
kernel,1.2,277,2.8392257426126647e-06
kernel,1.2,278,2.8168055316298373e-06
kernel,1.2,279,2.794641916811103e-06
kernel,1.2,280,2.772731057469653e-06
kernel,1.2,281,2.7510691838398953e-06
kernel,1.2,282,2.7296525955215148e-06
kernel,1.2,283,2.7084776599630387e-06
kernel,1.2,284,2.687540810983767e-06
kernel,1.2,285,2.666838547332963e-06
kernel,1.2,286,2.6463674312852387e-06
kernel,1.2,287,2.6261240872711056e-06
kernel,1.2,288,2.6061052005416913e-06
kernel,1.2,289,2.586307515866651e-06
kernel,1.2,290,2.5667278362643388e-06
kernel,1.2,291,2.5473630217633376e-06
kernel,1.2,292,2.5282099881944576e-06
kernel,1.2,293,2.5092657060123643e-06
kernel,1.2,294,2.490527199145999e-06
kernel,1.2,295,2.471991543877006e-06
kernel,1.2,296,2.453655867745382e-06
kernel,1.2,297,2.4355173484816027e-06
kernel,1.2,298,2.4175732129644975e-06
kernel,1.2,299,2.3998207362041702e-06
kernel,1.2,300,2.3822572403492786e-06
kernel,1.2,301,2.364880093718014e-06
kernel,1.2,302,2.3476867098521354e-06
kernel,1.2,303,2.3306745465934416e-06
kernel,1.2,304,2.3138411051820677e-06
kernel,1.2,305,2.29718392937603e-06
kernel,1.2,306,2.2807006045914434e-06
kernel,1.2,307,2.264388757062868e-06
kernel,1.2,308,2.24824605302324e-06
kernel,1.2,309,2.232270197902878e-06
kernel,1.2,310,2.2164589355470555e-06
kernel,1.2,311,2.200810047451653e-06
kernel,1.2,312,2.1853213520164147e-06
kernel,1.2,313,2.169990703815348e-06
kernel,1.2,314,2.1548159928838222e-06
kernel,1.2,315,2.1397951440219343e-06
kernel,1.2,316,2.124926116113708e-06
kernel,1.2,317,2.1102069014617372e-06
kernel,1.2,318,2.095635525136859e-06
kernel,1.2,319,2.081210044342477e-06
kernel,1.2,320,2.0669285477931663e-06
kernel,1.2,321,2.0527891551071816e-06
kernel,1.2,322,2.0387900162125333e-06
kernel,1.2,323,2.0249293107662685e-06
kernel,1.2,324,2.01120524758664e-06
kernel,1.2,325,1.9976160640978297e-06
kernel,1.2,326,1.9841600257869094e-06
kernel,1.2,327,1.970835425672745e-06
kernel,1.2,328,1.9576405837865248e-06
kernel,1.2,329,1.9445738466636513e-06
kernel,1.2,330,1.931633586846683e-06
kernel,1.2,331,1.9188182023990795e-06
kernel,1.2,332,1.9061261164294698e-06
kernel,1.2,333,1.8935557766261853e-06
kernel,1.2,334,1.8811056548018122e-06
kernel,1.2,335,1.8687742464475142e-06
kernel,1.2,336,1.8565600702968869e-06
kernel,1.2,337,1.8444616678991162e-06
kernel,1.2,338,1.832477603201211e-06
kernel,1.2,339,1.820606462139094e-06
kernel,1.2,340,1.8088468522373353e-06
kernel,1.2,341,1.7971974022173256e-06
kernel,1.2,342,1.7856567616136795e-06
kernel,1.2,343,1.7742236003986804e-06
kernel,1.2,344,1.7628966086145697e-06
kernel,1.2,345,1.751674496013499e-06
kernel,1.2,346,1.7405559917049597e-06
kernel,1.2,347,1.729539843810515e-06
kernel,1.2,348,1.7186248191256655e-06
kernel,1.2,349,1.7078097027886766e-06
kernel,1.2,350,1.6970932979562082e-06
kernel,1.2,351,1.686474425485585e-06
kernel,1.2,352,1.6759519236235563e-06
kernel,1.2,353,1.6655246477013927e-06
kernel,1.2,354,1.6551914698361741e-06
kernel,1.2,355,1.6449512786381241e-06
kernel,1.2,356,1.6348029789238567e-06
kernel,1.2,357,1.6247454914353926e-06
kernel,1.2,358,1.6147777525648208e-06
kernel,1.2,359,1.6048987140844707e-06
kernel,1.2,360,1.5951073428824719e-06
kernel,1.2,361,1.5854026207035804e-06
kernel,1.2,362,1.5757835438951507e-06
kernel,1.2,363,1.566249123158137e-06
kernel,1.2,364,1.556798383303014e-06
kernel,1.2,365,1.5474303630105019e-06
kernel,1.2,366,1.538144114596992e-06
kernel,1.2,367,1.528938703784566e-06
kernel,1.2,368,1.5198132094755095e-06
kernel,1.2,369,1.5107667235312155e-06
kernel,1.2,370,1.5017983505553844e-06
kernel,1.2,371,1.4929072076814263e-06
kernel,1.2,372,1.4840924243639673e-06
kernel,1.2,373,1.475353142174379e-06
kernel,1.2,374,1.4666885146002335e-06
kernel,1.2,375,1.4580977068486065e-06
kernel,1.2,376,1.4495798956531368e-06
kernel,1.2,377,1.4411342690847687e-06
kernel,1.2,378,1.4327600263660907e-06
kernel,1.2,379,1.4244563776891989e-06
kernel,1.2,380,1.4162225440369996e-06
kernel,1.2,381,1.4080577570078936e-06
kernel,1.2,382,1.3999612586437486e-06
kernel,1.2,383,1.3919323012611088e-06
kernel,1.2,384,1.3839701472855602e-06
kernel,1.2,385,1.3760740690891901e-06
kernel,1.2,386,1.3682433488310727e-06
kernel,1.2,387,1.3604772783007205e-06
kernel,1.2,388,1.3527751587644306e-06
kernel,1.2,389,1.345136300814478e-06
kernel,1.2,390,1.3375600242210825e-06
kernel,1.2,391,1.3300456577871002e-06
kernel,1.2,392,1.32259253920538e-06
kernel,1.2,393,1.315200014918728e-06
kernel,1.2,394,1.3078674399824286e-06
kernel,1.2,395,1.3005941779292665e-06
kernel,1.2,396,1.2933796006369994e-06
kernel,1.2,397,1.2862230881982313e-06
kernel,1.2,398,1.2791240287926355e-06
kernel,1.2,399,1.2720818185614795e-06
kernel,1.2,400,1.2650958614844066e-06
kernel,1.2,401,1.2581655692584253e-06
kernel,1.2,402,1.2512903611790635e-06
kernel,1.2,403,1.2444696640236413e-06
kernel,1.2,404,1.2377029119366241e-06
kernel,1.2,405,1.230989546317007e-06
kernel,1.2,406,1.224329015707697e-06
kernel,1.2,407,1.2177207756868462e-06
kernel,1.2,408,1.2111642887611017e-06
kernel,1.2,409,1.2046590242607315e-06
kernel,1.2,410,1.198204458236589e-06
kernel,1.2,411,1.1918000733588801e-06
kernel,1.2,412,1.1854453588176971e-06
kernel,1.2,413,1.1791398102252835e-06
kernel,1.2,414,1.172882929519997e-06
kernel,1.2,415,1.1666742248719352e-06
kernel,1.2,416,1.1605132105901929e-06
kernel,1.2,417,1.1543994070317188e-06
kernel,1.2,418,1.1483323405117393e-06
kernel,1.2,419,1.1423115432157186e-06
kernel,1.2,420,1.1363365531128286e-06
kernel,1.2,421,1.1304069138708926e-06
kernel,1.2,422,1.1245221747727822e-06
kernel,1.2,423,1.1186818906342317e-06
kernel,1.2,424,1.1128856217230485e-06
kernel,1.2,425,1.1071329336796898e-06
kernel,1.2,426,1.101423397439178e-06
kernel,1.2,427,1.0957565891543336e-06
kernel,1.2,428,1.0901320901202957e-06
kernel,1.2,429,1.0845494867003092e-06
kernel,1.2,430,1.07900837025275e-06
kernel,1.2,431,1.0735083370593715e-06
kernel,1.2,432,1.0680489882547414e-06
kernel,1.2,433,1.0626299297568543e-06
kernel,1.2,434,1.0572507721988892e-06
kernel,1.2,435,1.0519111308620993e-06
kernel,1.2,436,1.0466106256098057e-06
kernel,1.2,437,1.0413488808224783e-06
kernel,1.2,438,1.036125525333882e-06
kernel,1.2,439,1.0309401923682692e-06
kernel,1.2,440,1.0257925194785978e-06
kernel,1.2,441,1.0206821484857572e-06
kernel,1.2,442,1.0156087254187833e-06
kernel,1.2,443,1.0105719004560424e-06
kernel,1.2,444,1.005571327867369e-06
kernel,1.2,445,1.0006066659571387e-06
kernel,1.2,446,9.956775770082568e-07
kernel,1.2,447,9.907837272270502e-07
kernel,1.2,448,9.859247866890427e-07
kernel,1.2,449,9.811004292855992e-07
kernel,1.2,450,9.763103326714213e-07
kernel,1.2,451,9.715541782128807e-07
kernel,1.2,452,9.668316509371761e-07
kernel,1.2,453,9.62142439482294e-07
kernel,1.2,454,9.57486236047764e-07
kernel,1.2,455,9.528627363461925e-07
kernel,1.2,456,9.482716395555595e-07
kernel,1.2,457,9.437126482722675e-07
kernel,1.2,458,9.391854684649251e-07
kernel,1.2,459,9.346898094288577e-07
kernel,1.2,460,9.302253837413266e-07
kernel,1.2,461,9.257919072174482e-07
kernel,1.2,462,9.213890988667988e-07
kernel,1.2,463,9.170166808506931e-07
kernel,1.2,464,9.126743784401252e-07
kernel,1.2,465,9.083619199743592e-07
kernel,1.2,466,9.040790368201605e-07
kernel,1.2,467,8.998254633316526e-07
kernel,1.2,468,8.956009368107917e-07
kernel,1.2,469,8.914051974684492e-07
kernel,1.2,470,8.872379883860852e-07
kernel,1.2,471,8.83099055478012e-07
kernel,1.2,472,8.789881474542287e-07
kernel,1.2,473,8.749050157838234e-07
kernel,1.2,474,8.708494146589291e-07
kernel,1.2,475,8.668211009592258e-07
kernel,1.2,476,8.628198342169793e-07
kernel,1.2,477,8.588453765826057e-07
kernel,1.2,478,8.54897492790755e-07
kernel,1.2,479,8.509759501269049e-07
kernel,1.2,480,8.470805183944519e-07
kernel,1.2,481,8.43210969882298e-07
kernel,1.2,482,8.393670793329182e-07
kernel,1.2,483,8.355486239109053e-07
kernel,1.2,484,8.317553831719806e-07
kernel,1.2,485,8.279871390324655e-07
kernel,1.2,486,8.242436757392036e-07
kernel,1.2,487,8.205247798399269e-07
kernel,1.2,488,8.168302401540607e-07
kernel,1.2,489,8.131598477439548e-07
kernel,1.2,490,8.095133958865391e-07
kernel,1.2,491,8.058906800453941e-07
kernel,1.2,492,8.022914978432279e-07
kernel,1.2,493,7.987156490347573e-07
kernel,1.2,494,7.951629354799816e-07
kernel,1.2,495,7.916331611178458e-07
kernel,1.2,496,7.881261319402849e-07
kernel,1.2,497,7.846416559666441e-07
kernel,1.2,498,7.811795432184689e-07
kernel,1.2,499,7.777396056946575e-07
kernel,1.2,500,7.743216573469712e-07
kernel,1.2,501,7.709255140558965e-07
kernel,1.2,502,7.675509936068521e-07
kernel,1.2,503,7.641979156667373e-07
kernel,1.2,504,7.608661017608142e-07
kernel,1.2,505,7.575553752499189e-07
kernel,1.2,506,7.542655613079977e-07
kernel,1.2,507,7.509964868999604e-07
kernel,1.2,508,7.477479807598485e-07
kernel,1.2,509,7.445198733693114e-07
kernel,1.2,510,7.413119969363852e-07
kernel,1.2,511,7.381241853745718e-07
kernel,1.2,512,7.349562742822107e-07
kernel,1.2,513,7.318081009221402e-07
kernel,1.2,514,7.286795042016432e-07
kernel,1.2,515,7.255703246526733e-07
kernel,1.2,516,7.224804044123562e-07
kernel,1.2,517,7.194095872037627e-07
kernel,1.2,518,7.163577183169474e-07
kernel,1.2,519,7.133246445902524e-07
kernel,1.2,520,7.103102143918672e-07
kernel,1.2,521,7.073142776016452e-07
kernel,1.2,522,7.043366855931686e-07
kernel,1.2,523,7.01377291216062e-07
kernel,1.2,524,6.984359487785473e-07
kernel,1.2,525,6.955125140302385e-07
kernel,1.2,526,6.926068441451705e-07
kernel,1.2,527,6.897187977050614e-07
kernel,1.2,528,6.868482346828008e-07
kernel,1.2,529,6.839950164261636e-07
kernel,1.2,530,6.811590056417453e-07
kernel,1.2,531,6.783400663791135e-07
kernel,1.2,532,6.755380640151751e-07
kernel,1.2,533,6.727528652387527e-07
kernel,1.2,534,6.699843380353708e-07
kernel,1.2,535,6.67232351672245e-07
kernel,1.2,536,6.64496776683473e-07
kernel,1.2,537,6.617774848554244e-07
kernel,1.2,538,6.59074349212325e-07
kernel,1.2,539,6.563872440020341e-07
kernel,1.2,540,6.537160446820108e-07
kernel,1.2,541,6.510606279054675e-07
kernel,1.2,542,6.484208715077063e-07
kernel,1.2,543,6.457966544926368e-07
kernel,1.2,544,6.431878570194723e-07
kernel,1.2,545,6.405943603896013e-07
kernel,1.2,546,6.380160470336322e-07
kernel,1.2,547,6.354528004986076e-07
kernel,1.2,548,6.329045054353875e-07
kernel,1.2,549,6.303710475861971e-07
kernel,1.2,550,6.278523137723374e-07
kernel,1.2,551,6.253481918820567e-07
kernel,1.2,552,6.228585708585794e-07
kernel,1.2,553,6.203833406882914e-07
kernel,1.2,554,6.179223923890779e-07
kernel,1.2,555,6.15475617998813e-07
kernel,1.2,556,6.130429105639984e-07
kernel,1.2,557,6.106241641285476e-07
kernel,1.2,558,6.082192737227163e-07
kernel,1.2,559,6.058281353521739e-07
kernel,1.2,560,6.034506459872161e-07
kernel,1.2,561,6.010867035521151e-07
kernel,1.2,562,5.987362069146074e-07
kernel,1.2,563,5.963990558755141e-07
kernel,1.2,564,5.940751511584955e-07
kernel,1.2,565,5.91764394399934e-07
kernel,1.2,566,5.894666881389478e-07
kernel,1.2,567,5.871819358075294e-07
kernel,1.2,568,5.849100417208101e-07
kernel,1.2,569,5.826509110674471e-07
kernel,1.2,570,5.80404449900132e-07
kernel,1.2,571,5.781705651262189e-07
kernel,1.2,572,5.759491644984703e-07
kernel,1.2,573,5.737401566059191e-07
kernel,1.2,574,5.715434508648451e-07
kernel,1.2,575,5.69358957509865e-07
kernel,1.2,576,5.671865875851319e-07
kernel,1.2,577,5.650262529356473e-07
kernel,1.2,578,5.62877866198678e-07
kernel,1.2,579,5.607413407952825e-07
kernel,1.2,580,5.586165909219404e-07
kernel,1.2,581,5.565035315422867e-07
kernel,1.2,582,5.544020783789476e-07
kernel,1.2,583,5.52312147905477e-07
kernel,1.2,584,5.50233657338393e-07
kernel,1.2,585,5.481665246293118e-07
kernel,1.2,586,5.461106684571775e-07
kernel,1.2,587,5.440660082205885e-07
kernel,1.2,588,5.420324640302168e-07
kernel,1.2,589,5.400099567013202e-07
kernel,1.2,590,5.379984077463457e-07
kernel,1.2,591,5.359977393676227e-07
kernel,1.2,592,5.340078744501456e-07
kernel,1.2,593,5.320287365544433e-07
kernel,1.2,594,5.300602499095354e-07
kernel,1.2,595,5.281023394059735e-07
kernel,1.2,596,5.261549305889659e-07
kernel,1.2,597,5.242179496515869e-07
kernel,1.2,598,5.222913234280649e-07
kernel,1.2,599,5.203749793871541e-07
kernel,1.2,600,5.184688456255836e-07
kernel,1.2,601,5.165728508615859e-07
kernel,1.2,602,5.146869244285019e-07
kernel,1.2,603,5.128109962684636e-07
kernel,1.2,604,5.109449969261502e-07
kernel,1.2,605,5.090888575426199e-07
kernel,1.2,606,5.072425098492147e-07
kernel,1.2,607,5.054058861615361e-07
kernel,1.2,608,5.035789193734938e-07
kernel,1.2,609,5.01761542951424e-07
kernel,1.2,610,4.999536909282766e-07
kernel,1.2,611,4.981552978978718e-07
kernel,1.2,612,4.96366299009223e-07
kernel,1.2,613,4.945866299609276e-07
kernel,1.2,614,4.928162269956225e-07
kernel,1.2,615,4.91055026894505e-07
kernel,1.2,616,4.893029669719172e-07
kernel,1.2,617,4.875599850699946e-07
kernel,1.2,618,4.858260195533751e-07
kernel,1.2,619,4.841010093039718e-07
kernel,1.2,620,4.823848937158041e-07
kernel,1.2,621,4.806776126898911e-07
kernel,1.2,622,4.789791066292015e-07
kernel,1.2,623,4.772893164336641e-07
kernel,1.2,624,4.756081834952343e-07
kernel,1.2,625,4.739356496930178e-07
kernel,1.2,626,4.722716573884509e-07
kernel,1.2,627,4.706161494205351e-07
kernel,1.2,628,4.6896906910112706e-07
kernel,1.2,629,4.673303602102823e-07
kernel,1.2,630,4.656999669916514e-07
kernel,1.2,631,4.640778341479298e-07
kernel,1.2,632,4.624639068363584e-07
kernel,1.2,633,4.6085813066427575e-07
kernel,1.2,634,4.59260451684721e-07
kernel,1.2,635,4.576708163920855e-07
kernel,1.2,636,4.560891717178153e-07
kernel,1.2,637,4.545154650261605e-07
kernel,1.2,638,4.5294964410997364e-07
kernel,1.2,639,4.513916571865552e-07
kernel,1.2,640,4.4984145289354504e-07
kernel,1.2,641,4.4829898028486117e-07
kernel,1.2,642,4.467641888266829e-07
kernel,1.2,643,4.4523702839347963e-07
kernel,1.2,644,4.437174492640837e-07
kernel,1.2,645,4.4220540211780723e-07
kernel,1.2,646,4.4070083803060186e-07
kernel,1.2,647,4.3920370847126157e-07
kernel,1.2,648,4.377139652976676e-07
kernel,1.2,649,4.362315607530744e-07
kernel,1.2,650,4.3475644746243794e-07
kernel,1.2,651,4.332885784287829e-07
kernel,1.2,652,4.318279070296116e-07
kernel,1.2,653,4.3037438701335124e-07
kernel,1.2,654,4.2892797249584104e-07
kernel,1.2,655,4.274886179568576e-07
kernel,1.2,656,4.260562782366781e-07
kernel,1.2,657,4.2463090853268173e-07
kernel,1.2,658,4.232124643959881e-07
kernel,1.2,659,4.218009017281315e-07
kernel,1.2,660,4.20396176777773e-07
kernel,1.2,661,4.1899824613744705e-07
kernel,1.2,662,4.1760706674034374e-07
kernel,1.2,663,4.1622259585712613e-07
kernel,1.2,664,4.1484479109278207e-07
kernel,1.2,665,4.134736103835102e-07
kernel,1.2,666,4.1210901199363885e-07
kernel,1.2,667,4.107509545125792e-07
kernel,1.2,668,4.093993968518105e-07
kernel,1.2,669,4.080542982418981e-07
kernel,1.2,670,4.067156182295433e-07
kernel,1.2,671,4.053833166746648e-07
kernel,1.2,672,4.040573537475116e-07
kernel,1.2,673,4.027376899258067e-07
kernel,1.2,674,4.01424285991921e-07
kernel,1.2,675,4.0011710303007775e-07
kernel,1.2,676,3.9881610242358637e-07
kernel,1.2,677,3.9752124585210603e-07
kernel,1.2,678,3.962324952889379e-07
kernel,1.2,679,3.9494981299834636e-07
kernel,1.2,680,3.9367316153290827e-07
kernel,1.2,681,3.924025037308908e-07
kernel,1.2,682,3.9113780271365587e-07
kernel,1.2,683,3.898790218830935e-07
kernel,1.2,684,3.8862612491908033e-07
kernel,1.2,685,3.873790757769664e-07
kernel,1.2,686,3.8613783868508706e-07
kernel,1.2,687,3.8490237814230223e-07
kernel,1.2,688,3.836726589155601e-07
kernel,1.2,689,3.8244864603748677e-07
kernel,1.2,690,3.812303048040015e-07
kernel,1.2,691,3.8001760077195604e-07
kernel,1.2,692,3.7881049975679906e-07
kernel,1.2,693,3.7760896783026446e-07
kernel,1.2,694,3.7641297131808353e-07
kernel,1.2,695,3.752224767977215e-07
kernel,1.2,696,3.740374510961368e-07
kernel,1.2,697,3.7285786128756354e-07
kernel,1.2,698,3.7168367469131715e-07
kernel,1.2,699,3.705148588696223e-07
kernel,1.2,700,3.693513816254635e-07
kernel,1.2,701,3.6819321100045705e-07
kernel,1.2,702,3.6704031527274584e-07
kernel,1.2,703,3.658926629549146e-07
kernel,1.2,704,3.647502227919274e-07
kernel,1.2,705,3.6361296375908553e-07
kernel,1.2,706,3.6248085506000655e-07
kernel,1.2,707,3.613538661246235e-07
kernel,1.2,708,3.602319666072052e-07
kernel,1.2,709,3.591151263843958e-07
kernel,1.2,710,3.580033155532746e-07
kernel,1.2,711,3.568965044294356e-07
kernel,1.2,712,3.5579466354508625e-07
kernel,1.2,713,3.5469776364716515e-07
kernel,1.2,714,3.5360577569547967e-07
kernel,1.2,715,3.5251867086086095e-07
kernel,1.2,716,3.514364205233385e-07
kernel,1.2,717,3.503589962703326e-07
kernel,1.2,718,3.492863698948653e-07
kernel,1.2,719,3.482185133937883e-07
kernel,1.2,720,3.471553989660299e-07
kernel,1.2,721,3.460969990108584e-07
kernel,1.2,722,3.450432861261633e-07
kernel,1.2,723,3.439942331067533e-07
kernel,1.2,724,3.4294981294267143e-07
kernel,1.2,725,3.4190999881752715e-07
kernel,1.2,726,3.408747641068441e-07
kernel,1.2,727,3.398440823764253e-07
kernel,1.2,728,3.388179273807335e-07
kernel,1.2,729,3.377962730612886e-07
kernel,1.2,730,3.3677909354507954e-07
kernel,1.2,731,3.357663631429932e-07
kernel,1.2,732,3.3475805634825734e-07
kernel,1.2,733,3.337541478349004e-07
kernel,1.2,734,3.327546124562249e-07
kernel,1.2,735,3.3175942524329675e-07
kernel,1.2,736,3.3076856140344874e-07
kernel,1.2,737,3.297819963187993e-07
kernel,1.2,738,3.287997055447848e-07
kernel,1.2,739,3.2782166480870723e-07
kernel,1.2,740,3.2684785000829497e-07
kernel,1.2,741,3.2587823721027806e-07
kernel,1.2,742,3.249128026489773e-07
kernel,1.2,743,3.239515227249069e-07
kernel,1.2,744,3.2299437400339056e-07
kernel,1.2,745,3.22041333213191e-07
kernel,1.2,746,3.2109237724515306e-07
kernel,1.2,747,3.201474831508589e-07
kernel,1.2,748,3.192066281412972e-07
kernel,1.2,749,3.1826978958554475e-07
kernel,1.2,750,3.1733694500946024e-07
kernel,1.2,751,3.1640807209439145e-07
kernel,1.2,752,3.1548314867589375e-07
kernel,1.2,753,3.145621527424619e-07
kernel,1.2,754,3.136450624342733e-07
kernel,1.2,755,3.1273185604194336e-07
kernel,1.2,756,3.118225120052925e-07
kernel,1.2,757,3.109170089121256e-07
kernel,1.2,758,3.1001532549702205e-07
kernel,1.2,759,3.0911744064013814e-07
kernel,1.2,760,3.0822333336602e-07
kernel,1.2,761,3.073329828424285e-07
kernel,1.2,762,3.064463683791747e-07
kernel,1.2,763,3.0556346942696657e-07
kernel,1.2,764,3.0468426557626654e-07
kernel,1.2,765,3.038087365561596e-07
kernel,1.2,766,3.0293686223323215e-07
kernel,1.2,767,3.020686226104616e-07
kernel,1.2,768,3.01203997826116e-07
kernel,1.2,769,3.003429681526642e-07
kernel,1.2,770,2.9948551399569593e-07
kernel,1.2,771,2.986316158928524e-07
kernel,1.2,772,2.9778125451276644e-07
kernel,1.2,773,2.969344106540126e-07
kernel,1.2,774,2.960910652440675e-07
kernel,1.2,775,2.9525119933827876e-07
kernel,1.2,776,2.944147941188447e-07
kernel,1.2,777,2.935818308938027e-07
kernel,1.2,778,2.9275229109602714e-07
kernel,1.2,779,2.9192615628223654e-07
kernel,1.2,780,2.9110340813201017e-07
kernel,1.2,781,2.9028402844681314e-07
kernel,1.2,782,2.89467999149031e-07
kernel,1.2,783,2.8865530228101286e-07
kernel,1.2,784,2.878459200041236e-07
kernel,1.2,785,2.8703983459780445e-07
kernel,1.2,786,2.862370284586423e-07
kernel,1.2,787,2.854374840994477e-07
kernel,1.2,788,2.846411841483407e-07
kernel,1.2,789,2.838481113478461e-07
kernel,1.2,790,2.830582485539956e-07
kernel,1.2,791,2.822715787354391e-07
kernel,1.2,792,2.8148808497256397e-07
kernel,1.2,793,2.807077504566215e-07
kernel,1.2,794,2.7993055848886264e-07
kernel,1.2,795,2.7915649247968005e-07
kernel,1.2,796,2.783855359477591e-07
kernel,1.2,797,2.7761767251923595e-07
kernel,1.2,798,2.7685288592686345e-07
kernel,1.2,799,2.760911600091841e-07
kernel,1.2,800,2.7533247870971134e-07
kernel,1.2,801,2.745768260761172e-07
kernel,1.2,802,2.738241862594277e-07
kernel,1.2,803,2.7307454351322585e-07
kernel,1.2,804,2.7232788219286103e-07
kernel,1.2,805,2.715841867546658e-07
kernel,1.2,806,2.708434417551798e-07
kernel,1.2,807,2.7010563185038043e-07
kernel,1.2,808,2.693707417949203e-07
kernel,1.2,809,2.686387564413717e-07
kernel,1.2,810,2.6790966073947766e-07
kernel,1.2,811,2.6718343973540954e-07
kernel,1.2,812,2.6646007857103116e-07
kernel,1.2,813,2.657395624831701e-07
kernel,1.2,814,2.650218768028943e-07
kernel,1.2,815,2.6430700695479593e-07
kernel,1.2,816,2.635949384562816e-07
kernel,1.2,817,2.6288565691686807e-07
kernel,1.2,818,2.621791480374847e-07
kernel,1.2,819,2.6147539760978237e-07
kernel,1.2,820,2.607743915154474e-07
kernel,1.2,821,2.600761157255227e-07
kernel,1.2,822,2.5938055629973377e-07
kernel,1.2,823,2.5868769938582156e-07
kernel,1.2,824,2.579975312188805e-07
kernel,1.2,825,2.5731003812070246e-07
kernel,1.2,826,2.5662520649912636e-07
kernel,1.2,827,2.5594302284739395e-07
kernel,1.2,828,2.552634737435104e-07
kernel,1.2,829,2.5458654584961096e-07
kernel,1.2,830,2.53912225911333e-07
kernel,1.2,831,2.5324050075719343e-07
kernel,1.2,832,2.5257135729797146e-07
kernel,1.2,833,2.5190478252609694e-07
kernel,1.2,834,2.512407635150436e-07
kernel,1.2,835,2.505792874187279e-07
kernel,1.2,836,2.4992034147091275e-07
kernel,1.2,837,2.4926391298461656e-07
kernel,1.2,838,2.4860998935152716e-07
kernel,1.2,839,2.47958558041421e-07
kernel,1.2,840,2.473096066015872e-07
kernel,1.2,841,2.466631226562564e-07
kernel,1.2,842,2.460190939060347e-07
kernel,1.2,843,2.453775081273423e-07
kernel,1.2,844,2.44738353171857e-07
kernel,1.2,845,2.441016169659624e-07
kernel,1.2,846,2.434672875102009e-07
kernel,1.2,847,2.428353528787308e-07
kernel,1.2,848,2.4220580121878926e-07
kernel,1.2,849,2.4157862075015826e-07
kernel,1.2,850,2.409537997646361e-07
kernel,1.2,851,2.4033132662551305e-07
kernel,1.2,852,2.3971118976705175e-07
kernel,1.2,853,2.3909337769397126e-07
kernel,1.2,854,2.3847787898093613e-07
kernel,1.2,855,2.378646822720497e-07
kernel,1.2,856,2.3725377628035115e-07
kernel,1.2,857,2.366451497873175e-07
kernel,1.2,858,2.360387916423691e-07
kernel,1.2,859,2.3543469076237987e-07
kernel,1.2,860,2.348328361311911e-07
kernel,1.2,861,2.3423321679912968e-07
kernel,1.2,862,2.336358218825303e-07
kernel,1.2,863,2.3304064056326134e-07
kernel,1.2,864,2.3244766208825515e-07
kernel,1.2,865,2.3185687576904194e-07
kernel,1.2,866,2.3126827098128754e-07
kernel,1.2,867,2.306818371643353e-07
kernel,1.2,868,2.3009756382075124e-07
kernel,1.2,869,2.295154405158737e-07
kernel,1.2,870,2.2893545687736582e-07
kernel,1.2,871,2.283576025947727e-07
kernel,1.2,872,2.2778186741908127e-07
kernel,1.2,873,2.2720824116228464e-07
kernel,1.2,874,2.2663671369694923e-07
kernel,1.2,875,2.2606727495578618e-07
kernel,1.2,876,2.2549991493122588e-07
kernel,1.2,877,2.2493462367499593e-07
kernel,1.2,878,2.2437139129770284e-07
kernel,1.2,879,2.2381020796841695e-07
kernel,1.2,880,2.232510639142609e-07
kernel,1.2,881,2.2269394942000126e-07
kernel,1.2,882,2.2213885482764352e-07
kernel,1.2,883,2.2158577053603082e-07
kernel,1.2,884,2.2103468700044509e-07
kernel,1.2,885,2.2048559473221235e-07
kernel,1.2,886,2.1993848429831058e-07
kernel,1.2,887,2.1939334632098093e-07
kernel,1.2,888,2.1885017147734242e-07
kernel,1.2,889,2.1830895049900908e-07
kernel,1.2,890,2.1776967417171095e-07
kernel,1.2,891,2.1723233333491748e-07
kernel,1.2,892,2.1669691888146446e-07
kernel,1.2,893,2.1616342175718366e-07
kernel,1.2,894,2.1563183296053545e-07
kernel,1.2,895,2.1510214354224477e-07
kernel,1.2,896,2.1457434460493931e-07
kernel,1.2,897,2.1404842730279133e-07
kernel,1.2,898,2.135243828411619e-07
kernel,1.2,899,2.1300220247624807e-07
kernel,1.2,900,2.1248187751473302e-07
kernel,1.2,901,2.1196339931343866e-07
kernel,1.2,902,2.1144675927898158e-07
kernel,1.2,903,2.1093194886743098e-07
kernel,1.2,904,2.1041895958397007e-07
kernel,1.2,905,2.0990778298255965e-07
kernel,1.2,906,2.0939841066560448e-07
kernel,1.2,907,2.0889083428362257e-07
kernel,1.2,908,2.0838504553491663e-07
kernel,1.2,909,2.078810361652485e-07
kernel,1.2,910,2.07378797967516e-07
kernel,1.2,911,2.0687832278143227e-07
kernel,1.2,912,2.0637960249320787e-07
kernel,1.2,913,2.0588262903523503e-07
kernel,1.2,914,2.0538739438577487e-07
kernel,1.2,915,2.0489389056864636e-07
kernel,1.2,916,2.0440210965291868e-07
kernel,1.2,917,2.0391204375260506e-07
kernel,1.2,918,2.0342368502635972e-07
kernel,1.2,919,2.0293702567717666e-07
kernel,1.2,920,2.0245205795209122e-07
kernel,1.2,921,2.019687741418838e-07
kernel,1.2,922,2.0148716658078564e-07
kernel,1.2,923,2.0100722764618746e-07
kernel,1.2,924,2.0052894975834996e-07
kernel,1.2,925,2.0005232538011648e-07
kernel,1.2,926,1.9957734701662824e-07
kernel,1.2,927,1.9910400721504163e-07
kernel,1.2,928,1.986322985642477e-07
kernel,1.2,929,1.9816221369459367e-07
kernel,1.2,930,1.976937452776068e-07
kernel,1.2,931,1.9722688602572048e-07
kernel,1.2,932,1.9676162869200201e-07
kernel,1.2,933,1.96297966069883e-07
kernel,1.2,934,1.9583589099289147e-07
kernel,1.2,935,1.9537539633438613e-07
kernel,1.2,936,1.9491647500729282e-07
kernel,1.2,937,1.9445911996384267e-07
kernel,1.2,938,1.9400332419531278e-07
kernel,1.2,939,1.935490807317682e-07
kernel,1.2,940,1.930963826418066e-07
kernel,1.2,941,1.926452230323043e-07
kernel,1.2,942,1.921955950481646e-07
kernel,1.2,943,1.917474918720679e-07
kernel,1.2,944,1.9130090672422381e-07
kernel,1.2,945,1.9085583286212495e-07
kernel,1.2,946,1.904122635803029e-07
kernel,1.2,947,1.8997019221008578e-07
kernel,1.2,948,1.8952961211935764e-07
kernel,1.2,949,1.890905167123201e-07
kernel,1.2,950,1.8865289942925514e-07
kernel,1.2,951,1.8821675374629018e-07
kernel,1.2,952,1.8778207317516494e-07
kernel,1.2,953,1.8734885126299945e-07
kernel,1.2,954,1.8691708159206476e-07
kernel,1.2,955,1.8648675777955458e-07
kernel,1.2,956,1.86057873477359e-07
kernel,1.2,957,1.8563042237183986e-07
kernel,1.2,958,1.8520439818360785e-07
kernel,1.2,959,1.847797946673011e-07
kernel,1.2,960,1.8435660561136573e-07
kernel,1.2,961,1.8393482483783765e-07
kernel,1.2,962,1.835144462021264e-07
kernel,1.2,963,1.8309546359280037e-07
kernel,1.2,964,1.826778709313736e-07
kernel,1.2,965,1.8226166217209432e-07
kernel,1.2,966,1.8184683130173497e-07
kernel,1.2,967,1.8143337233938374e-07
kernel,1.2,968,1.8102127933623782e-07
kernel,1.2,969,1.8061054637539796e-07
kernel,1.2,970,1.8020116757166477e-07
kernel,1.2,971,1.7979313707133642e-07
kernel,1.2,972,1.7938644905200788e-07
kernel,1.2,973,1.7898109772237142e-07
kernel,1.2,974,1.7857707732201912e-07
kernel,1.2,975,1.7817438212124628e-07
kernel,1.2,976,1.7777300642085645e-07
kernel,1.2,977,1.7737294455196814e-07
kernel,1.2,978,1.7697419087582257e-07
kernel,1.2,979,1.7657673978359318e-07
kernel,1.2,980,1.7618058569619624e-07
kernel,1.2,981,1.757857230641031e-07
kernel,1.2,982,1.7539214636715356e-07
kernel,1.2,983,1.7499985011437097e-07
kernel,1.2,984,1.7460882884377829e-07
kernel,1.2,985,1.742190771222156e-07
kernel,1.2,986,1.738305895451593e-07
kernel,1.2,987,1.7344336073654203e-07
kernel,1.2,988,1.7305738534857437e-07
kernel,1.2,989,1.7267265806156763e-07
kernel,1.2,990,1.72289173583758e-07
kernel,1.2,991,1.7190692665113186e-07
kernel,1.2,992,1.715259120272526e-07
kernel,1.2,993,1.7114612450308838e-07
kernel,1.2,994,1.707675588968414e-07
kernel,1.2,995,1.703902100537783e-07
kernel,1.2,996,1.7001407284606174e-07
kernel,1.2,997,1.6963914217258327e-07
kernel,1.2,998,1.6926541295879737e-07
kernel,1.2,999,1.6889288015655672e-07
kernel,1.2,1000,1.6852153874394853e-07
kernel,1.6,1,0.7660030626719367
kernel,1.6,2,0.1263433876089857
kernel,1.6,3,0.04402660971900203
kernel,1.6,4,0.020838887427987837
kernel,1.6,5,0.011665637978590866
kernel,1.6,6,0.007261682476091746
kernel,1.6,7,0.00486379880864926
kernel,1.6,8,0.0034371346016169703
kernel,1.6,9,0.0025304629417382315
kernel,1.6,10,0.00192411269962042
kernel,1.6,11,0.0015017910944116121
kernel,1.6,12,0.0011977309340904946
kernel,1.6,13,0.0009726974784784869
kernel,1.6,14,0.0008022276255525597
kernel,1.6,15,0.0006704914319990798
kernel,1.6,16,0.0005669157871531041
kernel,1.6,17,0.00048424295428528286
kernel,1.6,18,0.0004173707336926557
kernel,1.6,19,0.00036263619031116017
kernel,1.6,20,0.00031736024104596675
kernel,1.6,21,0.0002795505427265613
kernel,1.6,22,0.0002477031536755506
kernel,1.6,23,0.0002206673768385226
kernel,1.6,24,0.00019755193031372695
kernel,1.6,25,0.0001776587014846243
kernel,1.6,26,0.0001604352522051513
kernel,1.6,27,0.00014544028578123387
kernel,1.6,28,0.0001323182122696447
kernel,1.6,29,0.00012078019084902317
kernel,1.6,30,0.00011058984357852898
kernel,1.6,31,0.00010155237906949162
kernel,1.6,32,9.350623323632038e-05
kernel,1.6,33,8.631658751141349e-05
kernel,1.6,34,7.987030111443346e-05
kernel,1.6,35,7.407191807365409e-05
kernel,1.6,36,6.884049810406827e-05
kernel,1.6,37,6.41070840939222e-05
kernel,1.6,38,5.981266523101507e-05
kernel,1.6,39,5.590652876798039e-05
kernel,1.6,40,5.234491857811821e-05
kernel,1.6,41,4.908993743384372e-05
kernel,1.6,42,4.6108644073569184e-05
kernel,1.6,43,4.3372306839238836e-05
kernel,1.6,44,4.085578384978536e-05
kernel,1.6,45,3.853700596651642e-05
kernel,1.6,46,3.639654367349174e-05
kernel,1.6,47,3.441724278452338e-05
kernel,1.6,48,3.258391685467727e-05
kernel,1.6,49,3.0883086509472046e-05
kernel,1.6,50,2.9302757753325237e-05
kernel,1.6,51,2.783223278915978e-05
kernel,1.6,52,2.646194805644269e-05
kernel,1.6,53,2.5183335138847832e-05
kernel,1.6,54,2.3988700954176076e-05
kernel,1.6,55,2.2871124256040758e-05
kernel,1.6,56,2.18243659786404e-05
kernel,1.6,57,2.084279136577414e-05
kernel,1.6,58,1.992130216124325e-05
kernel,1.6,59,1.9055277414242138e-05
kernel,1.6,60,1.8240521681625746e-05
kernel,1.6,61,1.74732195980856e-05
kernel,1.6,62,1.6749895942500235e-05
kernel,1.6,63,1.606738045984632e-05
kernel,1.6,64,1.542277680773751e-05
kernel,1.6,65,1.4813435088676598e-05
kernel,1.6,66,1.4236927506528862e-05
kernel,1.6,67,1.3691026751046829e-05
kernel,1.6,68,1.3173686769538507e-05
kernel,1.6,69,1.2683025631643482e-05
kernel,1.6,70,1.2217310233038533e-05
kernel,1.6,71,1.177494261786916e-05
kernel,1.6,72,1.1354447728733063e-05
kernel,1.6,73,1.0954462417902823e-05
kernel,1.6,74,1.0573725574814192e-05
kernel,1.6,75,1.0211069243202381e-05
kernel,1.6,76,9.865410617091904e-06
kernel,1.6,77,9.535744818513337e-06
kernel,1.6,78,9.221138371650313e-06
kernel,1.6,79,8.920723298378747e-06
kernel,1.6,80,8.633691769073751e-06
kernel,1.6,81,8.359291250318253e-06
kernel,1.6,82,8.096820097912904e-06
kernel,1.6,83,7.845623549496908e-06
kernel,1.6,84,7.605090076260783e-06
kernel,1.6,85,7.3746480577647325e-06
kernel,1.6,86,7.153762747855617e-06
kernel,1.6,87,6.941933503174408e-06
kernel,1.6,88,6.738691248827404e-06
kernel,1.6,89,6.543596158512224e-06
kernel,1.6,90,6.35623552879008e-06
kernel,1.6,91,6.176221829319231e-06
kernel,1.6,92,6.003190912745436e-06
kernel,1.6,93,5.836800369613533e-06
kernel,1.6,94,5.676728015146239e-06
kernel,1.6,95,5.522670496054086e-06
kernel,1.6,96,5.374342006714113e-06
kernel,1.6,97,5.2314731051013746e-06
kernel,1.6,98,5.093809619791502e-06
kernel,1.6,99,4.961111640187585e-06
kernel,1.6,100,4.833152582871801e-06
kernel,1.6,101,4.709718327651661e-06
kernel,1.6,102,4.590606417471132e-06
kernel,1.6,103,4.475625316895971e-06
kernel,1.6,104,4.364593724367193e-06
kernel,1.6,105,4.2573399338526376e-06
kernel,1.6,106,4.153701241919339e-06
kernel,1.6,107,4.053523396603572e-06
kernel,1.6,108,3.956660084775075e-06
kernel,1.6,109,3.862972454980773e-06
kernel,1.6,110,3.7723286730144504e-06
kernel,1.6,111,3.6846035076952937e-06
kernel,1.6,112,3.5996779445523532e-06
kernel,1.6,113,3.5174388253062847e-06
kernel,1.6,114,3.4377785112159947e-06
kernel,1.6,115,3.3605945685180367e-06
kernel,1.6,116,3.285789474332203e-06
kernel,1.6,117,3.2132703415393365e-06
kernel,1.6,118,3.14294866125807e-06
kernel,1.6,119,3.074740061657255e-06
kernel,1.6,120,3.0085640819412077e-06
kernel,1.6,121,2.944343960436564e-06
kernel,1.6,122,2.88200643579324e-06
kernel,1.6,123,2.821481560388604e-06
kernel,1.6,124,2.762702525093983e-06
kernel,1.6,125,2.7056054946268275e-06
kernel,1.6,126,2.65012945277063e-06
kernel,1.6,127,2.596216056798627e-06
kernel,1.6,128,2.5438095004867956e-06
kernel,1.6,129,2.4928563851470987e-06
kernel,1.6,130,2.4433055981536926e-06
kernel,1.6,131,2.395108198473218e-06
kernel,1.6,132,2.348217308745631e-06
kernel,1.6,133,2.3025880134945646e-06
kernel,1.6,134,2.258177263076201e-06
kernel,1.6,135,2.2149437830032707e-06
kernel,1.6,136,2.172847988306284e-06
kernel,1.6,137,2.1318519026176578e-06
kernel,1.6,138,2.09191908168612e-06
kernel,1.6,139,2.053014541048879e-06
kernel,1.6,140,2.015104687607622e-06
kernel,1.6,141,1.978157254871591e-06
kernel,1.6,142,1.942141241646906e-06
kernel,1.6,143,1.9070268539660496e-06
kernel,1.6,144,1.8727854500650746e-06
kernel,1.6,145,1.8393894882287875e-06
kernel,1.6,146,1.8068124773358925e-06
kernel,1.6,147,1.775028929947013e-06
kernel,1.6,148,1.7440143177886242e-06
kernel,1.6,149,1.7137450294953614e-06
kernel,1.6,150,1.6841983304819166e-06
kernel,1.6,151,1.6553523248238782e-06
kernel,1.6,152,1.6271859190344583e-06
kernel,1.6,153,1.5996787876310941e-06
kernel,1.6,154,1.572811340392498e-06
kernel,1.6,155,1.5465646912128453e-06
kernel,1.6,156,1.520920628465509e-06
kernel,1.6,157,1.4958615867940762e-06
kernel,1.6,158,1.4713706202533528e-06
kernel,1.6,159,1.4474313767277093e-06
kernel,1.6,160,1.4240280735584547e-06
kernel,1.6,161,1.4011454743159793e-06
kernel,1.6,162,1.3787688666561964e-06
kernel,1.6,163,1.3568840412043574e-06
kernel,1.6,164,1.3354772714126293e-06
kernel,1.6,165,1.3145352943409284e-06
kernel,1.6,166,1.2940452923134104e-06
kernel,1.6,167,1.2739948754057402e-06
kernel,1.6,168,1.254372064720817e-06
kernel,1.6,169,1.2351652764130248e-06
kernel,1.6,170,1.2163633064233155e-06
kernel,1.6,171,1.1979553158895508e-06
kernel,1.6,172,1.1799308171984905e-06
kernel,1.6,173,1.1622796606476833e-06
kernel,1.6,174,1.1449920216872527e-06
kernel,1.6,175,1.1280583887132116e-06
kernel,1.6,176,1.1114695513854792e-06
kernel,1.6,177,1.0952165894452213e-06
kernel,1.6,178,1.0792908620075001e-06
kernel,1.6,179,1.0636839973064959e-06
kernel,1.6,180,1.0483878828717802e-06
kernel,1.6,181,1.0333946561152444e-06
kernel,1.6,182,1.0186966953093702e-06
kernel,1.6,183,1.004286610938528e-06
kernel,1.6,184,9.901572374059442e-07
kernel,1.6,185,9.763016250798802e-07
kernel,1.6,186,9.627130326634012e-07
kernel,1.6,187,9.493849198729188e-07
kernel,1.6,188,9.363109404114466e-07
kernel,1.6,189,9.234849352232091e-07
kernel,1.6,190,9.109009260169288e-07
kernel,1.6,191,8.985531090457414e-07
kernel,1.6,192,8.864358491322929e-07
kernel,1.6,193,8.745436739281408e-07
kernel,1.6,194,8.628712683971124e-07
kernel,1.6,195,8.514134695127873e-07
kernel,1.6,196,8.401652611607444e-07
kernel,1.6,197,8.291217692366734e-07
kernel,1.6,198,8.18278256931876e-07
kernel,1.6,199,8.076301201980924e-07
kernel,1.6,200,7.971728833839733e-07
kernel,1.6,201,7.869021950358818e-07
kernel,1.6,202,7.768138238560564e-07
kernel,1.6,203,7.669036548114978e-07
kernel,1.6,204,7.571676853872468e-07
kernel,1.6,205,7.476020219780211e-07
kernel,1.6,206,7.382028764124594e-07
kernel,1.6,207,7.289665626044813e-07
kernel,1.6,208,7.1988949332653e-07
kernel,1.6,209,7.109681770997009e-07
kernel,1.6,210,7.021992151959881e-07
kernel,1.6,211,6.935792987480963e-07
kernel,1.6,212,6.851052059624704e-07
kernel,1.6,213,6.767737994313924e-07
kernel,1.6,214,6.685820235401781e-07
kernel,1.6,215,6.60526901965685e-07
kernel,1.6,216,6.526055352625078e-07
kernel,1.6,217,6.448150985334006e-07
kernel,1.6,218,6.371528391806147e-07
kernel,1.6,219,6.296160747349867e-07
kernel,1.6,220,6.222021907597477e-07
kernel,1.6,221,6.149086388261566e-07
kernel,1.6,222,6.077329345581868e-07
kernel,1.6,223,6.006726557436106e-07
kernel,1.6,224,5.937254405089428e-07
kernel,1.6,225,5.868889855558102e-07
kernel,1.6,226,5.801610444564198e-07
kernel,1.6,227,5.735394260058914e-07
kernel,1.6,228,5.670219926293209e-07
kernel,1.6,229,5.606066588415238e-07
kernel,1.6,230,5.542913897574963e-07
kernel,1.6,231,5.480741996517128e-07
kernel,1.6,232,5.419531505644565e-07
kernel,1.6,233,5.359263509534506e-07
kernel,1.6,234,5.299919543891343e-07
kernel,1.6,235,5.241481582919886e-07
kernel,1.6,236,5.183932027103876e-07
kernel,1.6,237,5.127253691375069e-07
kernel,1.6,238,5.071429793658855e-07
kernel,1.6,239,5.016443943782888e-07
kernel,1.6,240,4.962280132735767e-07
kernel,1.6,241,4.908922722263322e-07
kernel,1.6,242,4.856356434790548e-07
kernel,1.6,243,4.804566343657693e-07
kernel,1.6,244,4.7535378636594666e-07
kernel,1.6,245,4.703256741876774e-07
kernel,1.6,246,4.6537090487907646e-07
kernel,1.6,247,4.604881169669414e-07
kernel,1.6,248,4.556759796217201e-07
kernel,1.6,249,4.509331918478848e-07
kernel,1.6,250,4.4625848169883857e-07
kernel,1.6,251,4.41650605515518e-07
kernel,1.6,252,4.3710834718788595e-07
kernel,1.6,253,4.3263051743853754e-07
kernel,1.6,254,4.282159531276747e-07
kernel,1.6,255,4.2386351657872974e-07
kernel,1.6,256,4.195720949239464e-07
kernel,1.6,257,4.1534059946925357e-07
kernel,1.6,258,4.111679650777896e-07
kernel,1.6,259,4.070531495714606e-07
kernel,1.6,260,4.029951331499369e-07
kernel,1.6,261,3.9899291782651675e-07
kernel,1.6,262,3.9504552688030324e-07
kernel,1.6,263,3.911520043241644e-07
kernel,1.6,264,3.87311414387962e-07
kernel,1.6,265,3.835228410165572e-07
kernel,1.6,266,3.797853873821152e-07
kernel,1.6,267,3.7609817541024975e-07
kernel,1.6,268,3.724603453195663e-07
kernel,1.6,269,3.6887105517417386e-07
kernel,1.6,270,3.65329480448757e-07
kernel,1.6,271,3.618348136058085e-07
kernel,1.6,272,3.5838626368463886e-07
kernel,1.6,273,3.5498305590179536e-07
kernel,1.6,274,3.5162443126253066e-07
kernel,1.6,275,3.48309646182978e-07
kernel,1.6,276,3.450379721227004e-07
kernel,1.6,277,3.418086952272921e-07
kernel,1.6,278,3.3862111598072235e-07
kernel,1.6,279,3.354745488671221e-07
kernel,1.6,280,3.323683220417249e-07
kernel,1.6,281,3.293017770106821e-07
kernel,1.6,282,3.262742683194821e-07
kernel,1.6,283,3.23285163249714e-07
kernel,1.6,284,3.2033384152392293e-07
kernel,1.6,285,3.1741969501831396e-07
kernel,1.6,286,3.145421274830684e-07
kernel,1.6,287,3.1170055427004645e-07
kernel,1.6,288,3.088944020676551e-07
kernel,1.6,289,3.0612310864266903e-07
kernel,1.6,290,3.033861225887988e-07
kernel,1.6,291,3.006829030818078e-07
kernel,1.6,292,2.980129196409851e-07
kernel,1.6,293,2.953756518967887e-07
kernel,1.6,294,2.9277058936447866e-07
kernel,1.6,295,2.901972312235661e-07
kernel,1.6,296,2.876550861029102e-07
kernel,1.6,297,2.8514367187129906e-07
kernel,1.6,298,2.82662515433357e-07
kernel,1.6,299,2.802111525306263e-07
kernel,1.6,300,2.777891275476738e-07
kernel,1.6,301,2.753959933230806e-07
kernel,1.6,302,2.7303131096517614e-07
kernel,1.6,303,2.7069464967238066e-07
kernel,1.6,304,2.683855865580287e-07
kernel,1.6,305,2.66103706479545e-07
kernel,1.6,306,2.638486018718527e-07
kernel,1.6,307,2.6161987258489435e-07
kernel,1.6,308,2.5941712572515256e-07
kernel,1.6,309,2.5723997550105705e-07
kernel,1.6,310,2.5508804307217344e-07
kernel,1.6,311,2.5296095640206667e-07
kernel,1.6,312,2.508583501147401e-07
kernel,1.6,313,2.4877986535455134e-07
kernel,1.6,314,2.467251496495097e-07
kernel,1.6,315,2.446938567778639e-07
kernel,1.6,316,2.4268564663788986e-07
kernel,1.6,317,2.4070018512079284e-07
kernel,1.6,318,2.387371439866392e-07
kernel,1.6,319,2.3679620074323645e-07
kernel,1.6,320,2.348770385278832e-07
kernel,1.6,321,2.329793459919114e-07
kernel,1.6,322,2.311028171879467e-07
kernel,1.6,323,2.2924715145981576e-07
kernel,1.6,324,2.274120533350286e-07
kernel,1.6,325,2.255972324197696e-07
kernel,1.6,326,2.238024032963304e-07
kernel,1.6,327,2.2202728542292083e-07
kernel,1.6,328,2.202716030357955e-07
kernel,1.6,329,2.1853508505363575e-07
kernel,1.6,330,2.1681746498412874e-07
kernel,1.6,331,2.1511848083268588e-07
kernel,1.6,332,2.1343787501324593e-07
kernel,1.6,333,2.1177539426110926e-07
kernel,1.6,334,2.1013078954775023e-07
kernel,1.6,335,2.0850381599755802e-07
kernel,1.6,336,2.0689423280645588e-07
kernel,1.6,337,2.0530180316235151e-07
kernel,1.6,338,2.0372629416737185e-07
kernel,1.6,339,2.0216747676183702e-07
kernel,1.6,340,2.0062512564992985e-07
kernel,1.6,341,1.9909901922701816e-07
kernel,1.6,342,1.9758893950858796e-07
kernel,1.6,343,1.960946720607482e-07
kernel,1.6,344,1.9461600593226674e-07
kernel,1.6,345,1.9315273358810045e-07
kernel,1.6,346,1.9170465084438164e-07
kernel,1.6,347,1.9027155680482543e-07
kernel,1.6,348,1.8885325379852239e-07
kernel,1.6,349,1.8744954731908316e-07
kernel,1.6,350,1.860602459651009e-07
kernel,1.6,351,1.8468516138190057e-07
kernel,1.6,352,1.8332410820454242e-07
kernel,1.6,353,1.8197690400205047e-07
kernel,1.6,354,1.8064336922283483e-07
kernel,1.6,355,1.7932332714128064e-07
kernel,1.6,356,1.7801660380547406e-07
kernel,1.6,357,1.767230279860389e-07
kernel,1.6,358,1.7544243112605692e-07
kernel,1.6,359,1.741746472920458e-07
kernel,1.6,360,1.7291951312597002e-07
kernel,1.6,361,1.7167686779825947e-07
kernel,1.6,362,1.7044655296181243e-07
kernel,1.6,363,1.6922841270695934e-07
kernel,1.6,364,1.6802229351736484e-07
kernel,1.6,365,1.6682804422684616e-07
kernel,1.6,366,1.6564551597708592e-07
kernel,1.6,367,1.6447456217621893e-07
kernel,1.6,368,1.6331503845827226e-07
kernel,1.6,369,1.6216680264343915e-07
kernel,1.6,370,1.6102971469916678e-07
kernel,1.6,371,1.599036367020397e-07
kernel,1.6,372,1.587884328004402e-07
kernel,1.6,373,1.576839691779678e-07
kernel,1.6,374,1.5659011401760083e-07
kernel,1.6,375,1.555067374665822e-07
kernel,1.6,376,1.5443371160201398e-07
kernel,1.6,377,1.5337091039714367e-07
kernel,1.6,378,1.523182096883273e-07
kernel,1.6,379,1.51275487142653e-07
kernel,1.6,380,1.5024262222621154e-07
kernel,1.6,381,1.4921949617299767e-07
kernel,1.6,382,1.4820599195442933e-07
kernel,1.6,383,1.4720199424947045e-07
kernel,1.6,384,1.4620738941534352e-07
kernel,1.6,385,1.452220654588195e-07
kernel,1.6,386,1.4424591200807154e-07
kernel,1.6,387,1.4327882028508027e-07
kernel,1.6,388,1.4232068307857889e-07
kernel,1.6,389,1.4137139471752519e-07
kernel,1.6,390,1.404308510450899e-07
kernel,1.6,391,1.3949894939314944e-07
kernel,1.6,392,1.385755885572721e-07
kernel,1.6,393,1.3766066877218717e-07
kernel,1.6,394,1.3675409168772608e-07
kernel,1.6,395,1.3585576034522561e-07
kernel,1.6,396,1.3496557915438314e-07
kernel,1.6,397,1.3408345387055383e-07
kernel,1.6,398,1.3320929157248078e-07
kernel,1.6,399,1.3234300064044813e-07
kernel,1.6,400,1.3148449073484885e-07
kernel,1.6,401,1.306336727751575e-07
kernel,1.6,402,1.297904589193001e-07
kernel,1.6,403,1.2895476254341202e-07
kernel,1.6,404,1.28126498221976e-07
kernel,1.6,405,1.2730558170833215e-07
kernel,1.6,406,1.2649192991555206e-07
kernel,1.6,407,1.2568546089766935e-07
kernel,1.6,408,1.2488609383125925e-07
kernel,1.6,409,1.2409374899735952e-07
kernel,1.6,410,1.2330834776372622e-07
kernel,1.6,411,1.2252981256741668e-07
kernel,1.6,412,1.2175806689769317e-07
kernel,1.6,413,1.2099303527924071e-07
kernel,1.6,414,1.2023464325569216e-07
kernel,1.6,415,1.1948281737345472e-07
kernel,1.6,416,1.1873748516583088e-07
kernel,1.6,417,1.1799857513742874e-07
kernel,1.6,418,1.1726601674885492e-07
kernel,1.6,419,1.1653974040168456e-07
kernel,1.6,420,1.1581967742370303e-07
kernel,1.6,421,1.1510576005441324e-07
kernel,1.6,422,1.1439792143080369e-07
kernel,1.6,423,1.136960955733717e-07
kernel,1.6,424,1.1300021737239658e-07
kernel,1.6,425,1.1231022257445788e-07
kernel,1.6,426,1.1162604776919378e-07
kernel,1.6,427,1.1094763037629456e-07
kernel,1.6,428,1.1027490863272679e-07
kernel,1.6,429,1.0960782158018321e-07
kernel,1.6,430,1.0894630905275418e-07
kernel,1.6,431,1.0829031166481603e-07
kernel,1.6,432,1.0763977079913224e-07
kernel,1.6,433,1.069946285951628e-07
kernel,1.6,434,1.0635482793757815e-07
kernel,1.6,435,1.0572031244497341e-07
kernel,1.6,436,1.0509102645877884e-07
kernel,1.6,437,1.0446691503236292e-07
kernel,1.6,438,1.0384792392032409e-07
kernel,1.6,439,1.032339995679677e-07
kernel,1.6,440,1.0262508910096406e-07
kernel,1.6,441,1.0202114031518477e-07
kernel,1.6,442,1.0142210166671327e-07
kernel,1.6,443,1.0082792226202643e-07
kernel,1.6,444,1.0023855184834413e-07
kernel,1.6,445,9.96539408041431e-08
kernel,1.6,446,9.90740401298322e-08
kernel,1.6,447,9.849880143858608e-08
kernel,1.6,448,9.792817694733391e-08
kernel,1.6,449,9.736211946790042e-08
kernel,1.6,450,9.680058239829629e-08
kernel,1.6,451,9.624351971415509e-08
kernel,1.6,452,9.569088596031384e-08
kernel,1.6,453,9.514263624253466e-08
kernel,1.6,454,9.459872621936484e-08
kernel,1.6,455,9.405911209413234e-08
kernel,1.6,456,9.352375060707484e-08
kernel,1.6,457,9.299259902759913e-08
kernel,1.6,458,9.246561514666898e-08
kernel,1.6,459,9.194275726931858e-08
kernel,1.6,460,9.142398420728973e-08
kernel,1.6,461,9.090925527178996e-08
kernel,1.6,462,9.03985302663697e-08
kernel,1.6,463,8.989176947991615e-08
kernel,1.6,464,8.938893367976169e-08
kernel,1.6,465,8.888998410490476e-08
kernel,1.6,466,8.839488245934104e-08
kernel,1.6,467,8.790359090550307e-08
kernel,1.6,468,8.741607205780619e-08
kernel,1.6,469,8.69322889762988e-08
kernel,1.6,470,8.645220516041527e-08
kernel,1.6,471,8.597578454282939e-08
kernel,1.6,472,8.550299148340661e-08
kernel,1.6,473,8.503379076325338e-08
kernel,1.6,474,8.456814757886157e-08
kernel,1.6,475,8.410602753634668e-08
kernel,1.6,476,8.364739664577756e-08
kernel,1.6,477,8.31922213155967e-08
kernel,1.6,478,8.274046834712872e-08
kernel,1.6,479,8.229210492917606e-08
kernel,1.6,480,8.184709863270016e-08
kernel,1.6,481,8.140541740558623e-08
kernel,1.6,482,8.09670295674908e-08
kernel,1.6,483,8.053190380476999e-08
kernel,1.6,484,8.010000916548722e-08
kernel,1.6,485,7.967131505449933e-08
kernel,1.6,486,7.924579122861907e-08
kernel,1.6,487,7.882340779185316e-08
kernel,1.6,488,7.840413519071437e-08
kernel,1.6,489,7.798794420960624e-08
kernel,1.6,490,7.757480596627938e-08
kernel,1.6,491,7.716469190735798e-08
kernel,1.6,492,7.675757380393519e-08
kernel,1.6,493,7.63534237472364e-08
kernel,1.6,494,7.595221414434912e-08
kernel,1.6,495,7.55539177140183e-08
kernel,1.6,496,7.515850748250598e-08
kernel,1.6,497,7.476595677951405e-08
kernel,1.6,498,7.43762392341694e-08
kernel,1.6,499,7.398932877106974e-08
kernel,1.6,500,7.360519960638979e-08
kernel,1.6,501,7.322382624404622e-08
kernel,1.6,502,7.28451834719206e-08
kernel,1.6,503,7.246924635813944e-08
kernel,1.6,504,7.209599024741003e-08
kernel,1.6,505,7.172539075741154e-08
kernel,1.6,506,7.135742377524011e-08
kernel,1.6,507,7.099206545390718e-08
kernel,1.6,508,7.062929220889021e-08
kernel,1.6,509,7.026908071473461e-08
kernel,1.6,510,6.991140790170647e-08
kernel,1.6,511,6.955625095249481e-08
kernel,1.6,512,6.920358729896287e-08
kernel,1.6,513,6.885339461894726e-08
kernel,1.6,514,6.850565083310453e-08
kernel,1.6,515,6.816033410180413e-08
kernel,1.6,516,6.781742282206706e-08
kernel,1.6,517,6.74768956245495e-08
kernel,1.6,518,6.713873137057054e-08
kernel,1.6,519,6.680290914918346e-08
kernel,1.6,520,6.64694082742897e-08
kernel,1.6,521,6.613820828179483e-08
kernel,1.6,522,6.580928892680602e-08
kernel,1.6,523,6.548263018086991e-08
kernel,1.6,524,6.515821222925077e-08
kernel,1.6,525,6.483601546824775e-08
kernel,1.6,526,6.451602050255103e-08
kernel,1.6,527,6.419820814263588e-08
kernel,1.6,528,6.38825594021943e-08
kernel,1.6,529,6.356905549560344e-08
kernel,1.6,530,6.325767783543028e-08
kernel,1.6,531,6.294840802997193e-08
kernel,1.6,532,6.264122788083112e-08
kernel,1.6,533,6.23361193805261e-08
kernel,1.6,534,6.203306471013452e-08
kernel,1.6,535,6.173204623697083e-08
kernel,1.6,536,6.143304651229644e-08
kernel,1.6,537,6.113604826906232e-08
kernel,1.6,538,6.084103441968338e-08
kernel,1.6,539,6.054798805384423e-08
kernel,1.6,540,6.025689243633579e-08
kernel,1.6,541,5.996773100492216e-08
kernel,1.6,542,5.968048736823748e-08
kernel,1.6,543,5.939514530371211e-08
kernel,1.6,544,5.9111688755527674e-08
kernel,1.6,545,5.883010183260075e-08
kernel,1.6,546,5.855036880659443e-08
kernel,1.6,547,5.827247410995759e-08
kernel,1.6,548,5.799640233399112e-08
kernel,1.6,549,5.7722138226941153e-08
kernel,1.6,550,5.744966669211841e-08
kernel,1.6,551,5.7178972786043455e-08
kernel,1.6,552,5.691004171661757e-08
kernel,1.6,553,5.664285884131862e-08
kernel,1.6,554,5.637740966542165e-08
kernel,1.6,555,5.611367984024389e-08
kernel,1.6,556,5.58516551614136e-08
kernel,1.6,557,5.55913215671626e-08
kernel,1.6,558,5.533266513664192e-08
kernel,1.6,559,5.507567208826049e-08
kernel,1.6,560,5.482032877804612e-08
kernel,1.6,561,5.45666216980288e-08
kernel,1.6,562,5.431453747464583e-08
kernel,1.6,563,5.406406286716838e-08
kernel,1.6,564,5.3815184766149316e-08
kernel,1.6,565,5.356789019189168e-08
kernel,1.6,566,5.332216629293801e-08
kernel,1.6,567,5.3078000344579614e-08
kernel,1.6,568,5.2835379747385875e-08
kernel,1.6,569,5.2594292025753165e-08
kernel,1.6,570,5.235472482647308e-08
kernel,1.6,571,5.211666591731972e-08
kernel,1.6,572,5.1880103185655615e-08
kernel,1.6,573,5.164502463705626e-08
kernel,1.6,574,5.141141839395277e-08
kernel,1.6,575,5.117927269429238e-08
kernel,1.6,576,5.094857589021675e-08
kernel,1.6,577,5.0719316446757497e-08
kernel,1.6,578,5.0491482940548985e-08
kernel,1.6,579,5.026506405855788e-08
kernel,1.6,580,5.004004859682938e-08
kernel,1.6,581,4.981642545924986e-08
kernel,1.6,582,4.95941836563256e-08
kernel,1.6,583,4.937331230397738e-08
kernel,1.6,584,4.915380062235083e-08
kernel,1.6,585,4.893563793464219e-08
kernel,1.6,586,4.871881366593917e-08
kernel,1.6,587,4.8503317342076995e-08
kernel,1.6,588,4.8289138588509016e-08
kernel,1.6,589,4.807626712919202e-08
kernel,1.6,590,4.786469278548577e-08
kernel,1.6,591,4.7654405475066804e-08
kernel,1.6,592,4.7445395210856004e-08
kernel,1.6,593,4.723765209996002e-08
kernel,1.6,594,4.703116634262618e-08
kernel,1.6,595,4.682592823121069e-08
kernel,1.6,596,4.662192814915999e-08
kernel,1.6,597,4.641915657000516e-08
kernel,1.6,598,4.6217604056368934e-08
kernel,1.6,599,4.6017261258985394e-08
kernel,1.6,600,4.5818118915732e-08
kernel,1.6,601,4.562016785067397e-08
kernel,1.6,602,4.54233989731205e-08
kernel,1.6,603,4.522780327669312e-08
kernel,1.6,604,4.503337183840549e-08
kernel,1.6,605,4.484009581775498e-08
kernel,1.6,606,4.464796645582544e-08
kernel,1.6,607,4.4456975074401324e-08
kernel,1.6,608,4.4267113075092774e-08
kernel,1.6,609,4.40783719384717e-08
kernel,1.6,610,4.3890743223218487e-08
kernel,1.6,611,4.370421856527947e-08
kernel,1.6,612,4.3518789677034675e-08
kernel,1.6,613,4.3334448346476035e-08
kernel,1.6,614,4.315118643639559e-08
kernel,1.6,615,4.29689958835839e-08
kernel,1.6,616,4.2787868698038154e-08
kernel,1.6,617,4.260779696218014e-08
kernel,1.6,618,4.242877283008379e-08
kernel,1.6,619,4.225078852671213e-08
kernel,1.6,620,4.2073836347163704e-08
kernel,1.6,621,4.1897908655928086e-08
kernel,1.6,622,4.172299788615052e-08
kernel,1.6,623,4.154909653890556e-08
kernel,1.6,624,4.137619718247949e-08
kernel,1.6,625,4.1204292451661456e-08
kernel,1.6,626,4.103337504704325e-08
kernel,1.6,627,4.0863437734327495e-08
kernel,1.6,628,4.069447334364428e-08
kernel,1.6,629,4.052647476887596e-08
kernel,1.6,630,4.035943496699012e-08
kernel,1.6,631,4.01933469573806e-08
kernel,1.6,632,4.0028203821216364e-08
kernel,1.6,633,3.9863998700798226e-08
kernel,1.6,634,3.9700724798923286e-08
kernel,1.6,635,3.95383753782569e-08
kernel,1.6,636,3.937694376071224e-08
kernel,1.6,637,3.921642332683714e-08
kernel,1.6,638,3.905680751520835e-08
kernel,1.6,639,3.889808982183287e-08
kernel,1.6,640,3.8740263799556475e-08
kernel,1.6,641,3.858332305747921e-08
kernel,1.6,642,3.842726126037778e-08
kernel,1.6,643,3.82720721281348e-08
kernel,1.6,644,3.811774943517471e-08
kernel,1.6,645,3.7964287009906405e-08
kernel,1.6,646,3.781167873417234e-08
kernel,1.6,647,3.7659918542704175e-08
kernel,1.6,648,3.750900042258469e-08
kernel,1.6,649,3.735891841271614e-08
kernel,1.6,650,3.720966660329465e-08
kernel,1.6,651,3.706123913529089e-08
kernel,1.6,652,3.69136301999367e-08
kernel,1.6,653,3.6766834038217724e-08
kernel,1.6,654,3.662084494037191e-08
kernel,1.6,655,3.6475657245393864e-08
kernel,1.6,656,3.633126534054485e-08
kernel,1.6,657,3.618766366086857e-08
kernel,1.6,658,3.604484668871246e-08
kernel,1.6,659,3.5902808953254464e-08
kernel,1.6,660,3.576154503003536e-08
kernel,1.6,661,3.5621049540496353e-08
kernel,1.6,662,3.548131715152203e-08
kernel,1.6,663,3.53423425749885e-08
kernel,1.6,664,3.520412056731678e-08
kernel,1.6,665,3.506664592903118e-08
kernel,1.6,666,3.492991350432277e-08
kernel,1.6,667,3.479391818061788e-08
kernel,1.6,668,3.465865488815133e-08
kernel,1.6,669,3.452411859954469e-08
kernel,1.6,670,3.439030432938922e-08
kernel,1.6,671,3.4257207133833525e-08
kernel,1.6,672,3.412482211017592e-08
kernel,1.6,673,3.399314439646133e-08
kernel,1.6,674,3.3862169171082795e-08
kernel,1.6,675,3.373189165238739e-08
kernel,1.6,676,3.360230709828661e-08
kernel,1.6,677,3.347341080587114e-08
kernel,1.6,678,3.3345198111029895e-08
kernel,1.6,679,3.3217664388073345e-08
kernel,1.6,680,3.309080504936104e-08
kernel,1.6,681,3.296461554493327e-08
kernel,1.6,682,3.283909136214688e-08
kernel,1.6,683,3.2714228025315026e-08
kernel,1.6,684,3.259002109535109e-08
kernel,1.6,685,3.246646616941635e-08
kernel,1.6,686,3.234355888057171e-08
kernel,1.6,687,3.222129489743321e-08
kernel,1.6,688,3.2099669923831314e-08
kernel,1.6,689,3.197867969847398e-08
kernel,1.6,690,3.185831999461348e-08
kernel,1.6,691,3.1738586619716784e-08
kernel,1.6,692,3.1619475415139645e-08
kernel,1.6,693,3.150098225580421e-08
kernel,1.6,694,3.138310304988015e-08
kernel,1.6,695,3.1265833738469356e-08
kernel,1.6,696,3.114917029529393e-08
kernel,1.6,697,3.1033108726387694e-08
kernel,1.6,698,3.091764506979102e-08
kernel,1.6,699,3.080277539524896e-08
kernel,1.6,700,3.0688495803912636e-08
kernel,1.6,701,3.0574802428043935e-08
kernel,1.6,702,3.04616914307233e-08
kernel,1.6,703,3.034915900556075e-08
kernel,1.6,704,3.023720137640997e-08
kernel,1.6,705,3.0125814797085547e-08
kernel,1.6,706,3.001499555108314e-08
kernel,1.6,707,2.990473995130275e-08
kernel,1.6,708,2.979504433977492e-08
kernel,1.6,709,2.9685905087389843e-08
kernel,1.6,710,2.9577318593629432e-08
kernel,1.6,711,2.946928128630218e-08
kernel,1.6,712,2.9361789621280893e-08
kernel,1.6,713,2.9254840082243175e-08
kernel,1.6,714,2.914842918041474e-08
kernel,1.6,715,2.9042553454315356e-08
kernel,1.6,716,2.893720946950759e-08
kernel,1.6,717,2.8832393818348093e-08
kernel,1.6,718,2.872810311974163e-08
kernel,1.6,719,2.862433401889764e-08
kernel,1.6,720,2.8521083187089343e-08
kernel,1.6,721,2.8418347321415484e-08
kernel,1.6,722,2.8316123144564463e-08
kernel,1.6,723,2.821440740458102e-08
kernel,1.6,724,2.811319687463532e-08
kernel,1.6,725,2.801248835279452e-08
kernel,1.6,726,2.7912278661796624e-08
kernel,1.6,727,2.7812564648826813e-08
kernel,1.6,728,2.7713343185296013e-08
kernel,1.6,729,2.7614611166621824e-08
kernel,1.6,730,2.751636551201172e-08
kernel,1.6,731,2.7418603164248478e-08
kernel,1.6,732,2.7321321089477837e-08
kernel,1.6,733,2.72245162769984e-08
kernel,1.6,734,2.7128185739053636e-08
kernel,1.6,735,2.7032326510626094e-08
kernel,1.6,736,2.693693564923371e-08
kernel,1.6,737,2.6842010234728205e-08
kernel,1.6,738,2.6747547369095576e-08
kernel,1.6,739,2.6653544176258648e-08
kernel,1.6,740,2.6559997801881595e-08
kernel,1.6,741,2.6466905413176528e-08
kernel,1.6,742,2.6374264198712037e-08
kernel,1.6,743,2.6282071368223664e-08
kernel,1.6,744,2.6190324152426367e-08
kernel,1.6,745,2.6099019802828833e-08
kernel,1.6,746,2.6008155591549722e-08
kernel,1.6,747,2.5917728811135767e-08
kernel,1.6,748,2.582773677438172e-08
kernel,1.6,749,2.573817681415212e-08
kernel,1.6,750,2.5649046283204855e-08
kernel,1.6,751,2.5560342554016545e-08
kernel,1.6,752,2.547206301860964e-08
kernel,1.6,753,2.53842050883813e-08
kernel,1.6,754,2.5296766193933977e-08
kernel,1.6,755,2.5209743784907696e-08
kernel,1.6,756,2.5123135329814042e-08
kernel,1.6,757,2.50369383158718e-08
kernel,1.6,758,2.495115024884424e-08
kernel,1.6,759,2.486576865287801e-08
kernel,1.6,760,2.47807910703437e-08
kernel,1.6,761,2.469621506167792e-08
kernel,1.6,762,2.4612038205227002e-08
kernel,1.6,763,2.4528258097092246e-08
kernel,1.6,764,2.4444872350976675e-08
kernel,1.6,765,2.4361878598033386e-08
kernel,1.6,766,2.427927448671529e-08
kernel,1.6,767,2.4197057682626463e-08
kernel,1.6,768,2.4115225868374862e-08
kernel,1.6,769,2.403377674342657e-08
kernel,1.6,770,2.3952708023961426e-08
kernel,1.6,771,2.387201744273012e-08
kernel,1.6,772,2.379170274891265e-08
kernel,1.6,773,2.3711761707978203e-08
kernel,1.6,774,2.363219210154641e-08
kernel,1.6,775,2.3552991727249912e-08
kernel,1.6,776,2.3474158398598356e-08
kernel,1.6,777,2.339568994484363e-08
kernel,1.6,778,2.3317584210846476e-08
kernel,1.6,779,2.3239839056944387e-08
kernel,1.6,780,2.316245235882076e-08
kernel,1.6,781,2.308542200737536e-08
kernel,1.6,782,2.300874590859604e-08
kernel,1.6,783,2.2932421983431657e-08
kernel,1.6,784,2.2856448167666288e-08
kernel,1.6,785,2.2780822411794613e-08
kernel,1.6,786,2.270554268089851e-08
kernel,1.6,787,2.263060695452487e-08
kernel,1.6,788,2.2556013226564533e-08
kernel,1.6,789,2.2481759505132447e-08
kernel,1.6,790,2.2407843812448957e-08
kernel,1.6,791,2.233426418472221e-08
kernel,1.6,792,2.226101867203172e-08
kernel,1.6,793,2.2188105338213043e-08
kernel,1.6,794,2.211552226074353e-08
kernel,1.6,795,2.20432675306292e-08
kernel,1.6,796,2.1971339252292675e-08
kernel,1.6,797,2.18997355434622e-08
kernel,1.6,798,2.182845453506169e-08
kernel,1.6,799,2.1757494371101843e-08
kernel,1.6,800,2.1686853208572295e-08
kernel,1.6,801,2.1616529217334764e-08
kernel,1.6,802,2.1546520580017246e-08
kernel,1.6,803,2.1476825491909178e-08
kernel,1.6,804,2.1407442160857605e-08
kernel,1.6,805,2.133836880716433e-08
kernel,1.6,806,2.1269603663484035e-08
kernel,1.6,807,2.1201144974723335e-08
kernel,1.6,808,2.1132990997940812e-08
kernel,1.6,809,2.106514000224798e-08
kernel,1.6,810,2.0997590268711166e-08
kernel,1.6,811,2.0930340090254307e-08
kernel,1.6,812,2.086338777156268e-08
kernel,1.6,813,2.0796731628987517e-08
kernel,1.6,814,2.0730369990451497e-08
kernel,1.6,815,2.066430119535514e-08
kernel,1.6,816,2.0598523594484064e-08
kernel,1.6,817,2.053303554991709e-08
kernel,1.6,818,2.0467835434935224e-08
kernel,1.6,819,2.0402921633931474e-08
kernel,1.6,820,2.0338292542321487e-08
kernel,1.6,821,2.027394656645503e-08
kernel,1.6,822,2.0209882123528286e-08
kernel,1.6,823,2.014609764149696e-08
kernel,1.6,824,2.0082591558990176e-08
kernel,1.6,825,2.001936232522516e-08
kernel,1.6,826,1.9956408399922746e-08
kernel,1.6,827,1.9893728253223615e-08
kernel,1.6,828,1.9831320365605327e-08
kernel,1.6,829,1.9769183227800093e-08
kernel,1.6,830,1.9707315340713312e-08
kernel,1.6,831,1.9645715215342868e-08
kernel,1.6,832,1.9584381372699127e-08
kernel,1.6,833,1.952331234372569e-08
kernel,1.6,834,1.946250666922087e-08
kernel,1.6,835,1.9401962899759853e-08
kernel,1.6,836,1.9341679595617596e-08
kernel,1.6,837,1.9281655326692418e-08
kernel,1.6,838,1.9221888672430283e-08
kernel,1.6,839,1.9162378221749746e-08
kernel,1.6,840,1.9103122572967617e-08
kernel,1.6,841,1.9044120333725267e-08
kernel,1.6,842,1.8985370120915607e-08
kernel,1.6,843,1.892687056061073e-08
kernel,1.6,844,1.8868620287990186e-08
kernel,1.6,845,1.881061794726993e-08
kernel,1.6,846,1.8752862191631875e-08
kernel,1.6,847,1.869535168315412e-08
kernel,1.6,848,1.863808509274174e-08
kernel,1.6,849,1.858106110005826e-08
kernel,1.6,850,1.8524278393457706e-08
kernel,1.6,851,1.8467735669917258e-08
kernel,1.6,852,1.841143163497052e-08
kernel,1.6,853,1.8355365002641385e-08
kernel,1.6,854,1.8299534495378466e-08
kernel,1.6,855,1.824393884399014e-08
kernel,1.6,856,1.818857678758014e-08
kernel,1.6,857,1.8133447073483732e-08
kernel,1.6,858,1.807854845720446e-08
kernel,1.6,859,1.8023879702351442e-08
kernel,1.6,860,1.7969439580577212e-08
kernel,1.6,861,1.7915226871516145e-08
kernel,1.6,862,1.7861240362723374e-08
kernel,1.6,863,1.7807478849614282e-08
kernel,1.6,864,1.7753941135404522e-08
kernel,1.6,865,1.7700626031050534e-08
kernel,1.6,866,1.7647532355190627e-08
kernel,1.6,867,1.7594658934086543e-08
kernel,1.6,868,1.754200460156555e-08
kernel,1.6,869,1.748956819896302e-08
kernel,1.6,870,1.7437348575065558e-08
kernel,1.6,871,1.7385344586054553e-08
kernel,1.6,872,1.7333555095450275e-08
kernel,1.6,873,1.7281978974056458e-08
kernel,1.6,874,1.723061509990533e-08
kernel,1.6,875,1.717946235820314e-08
kernel,1.6,876,1.7128519641276167e-08
kernel,1.6,877,1.7077785848517177e-08
kernel,1.6,878,1.7027259886332365e-08
kernel,1.6,879,1.6976940668088725e-08
kernel,1.6,880,1.69268271140619e-08
kernel,1.6,881,1.6876918151384478e-08
kernel,1.6,882,1.6827212713994717e-08
kernel,1.6,883,1.6777709742585734e-08
kernel,1.6,884,1.6728408184555112e-08
kernel,1.6,885,1.6679306993954933e-08
kernel,1.6,886,1.6630405131442286e-08
kernel,1.6,887,1.6581701564230126e-08
kernel,1.6,888,1.6533195266038625e-08
kernel,1.6,889,1.6484885217046877e-08
kernel,1.6,890,1.6436770403845066e-08
kernel,1.6,891,1.6388849819387e-08
kernel,1.6,892,1.6341122462943094e-08
kernel,1.6,893,1.6293587340053693e-08
kernel,1.6,894,1.6246243462482858e-08
kernel,1.6,895,1.6199089848172485e-08
kernel,1.6,896,1.6152125521196857e-08
kernel,1.6,897,1.6105349511717564e-08
kernel,1.6,898,1.605876085593878e-08
kernel,1.6,899,1.6012358596062968e-08
kernel,1.6,900,1.5966141780246918e-08
kernel,1.6,901,1.592010946255818e-08
kernel,1.6,902,1.587426070293183e-08
kernel,1.6,903,1.582859456712765e-08
kernel,1.6,904,1.5783110126687623e-08
kernel,1.6,905,1.5737806458893803e-08
kernel,1.6,906,1.5692682646726544e-08
kernel,1.6,907,1.5647737778823073e-08
kernel,1.6,908,1.5602970949436386e-08
kernel,1.6,909,1.555838125839455e-08
kernel,1.6,910,1.5513967811060254e-08
kernel,1.6,911,1.5469729718290793e-08
kernel,1.6,912,1.5425666096398313e-08
kernel,1.6,913,1.5381776067110417e-08
kernel,1.6,914,1.5338058757531102e-08
kernel,1.6,915,1.5294513300101996e-08
kernel,1.6,916,1.5251138832563957e-08
kernel,1.6,917,1.5207934497918946e-08
kernel,1.6,918,1.5164899444392234e-08
kernel,1.6,919,1.512203282539495e-08
kernel,1.6,920,1.507933379948687e-08
kernel,1.6,921,1.503680153033958e-08
kernel,1.6,922,1.499443518669991e-08
kernel,1.6,923,1.495223394235368e-08
kernel,1.6,924,1.4910196976089715e-08
kernel,1.6,925,1.4868323471664214e-08
kernel,1.6,926,1.4826612617765346e-08
kernel,1.6,927,1.4785063607978182e-08
kernel,1.6,928,1.4743675640749894e-08
kernel,1.6,929,1.4702447919355238e-08
kernel,1.6,930,1.4661379651862332e-08
kernel,1.6,931,1.4620470051098696e-08
kernel,1.6,932,1.4579718334617583e-08
kernel,1.6,933,1.453912372466457e-08
kernel,1.6,934,1.4498685448144443e-08
kernel,1.6,935,1.4458402736588323e-08
kernel,1.6,936,1.4418274826121079e-08
kernel,1.6,937,1.4378300957428989e-08
kernel,1.6,938,1.4338480375727692e-08
kernel,1.6,939,1.4298812330730356e-08
kernel,1.6,940,1.4259296076616147e-08
kernel,1.6,941,1.4219930871998914e-08
kernel,1.6,942,1.4180715979896161e-08
kernel,1.6,943,1.414165066769824e-08
kernel,1.6,944,1.4102734207137803e-08
kernel,1.6,945,1.4063965874259518e-08
kernel,1.6,946,1.4025344949389987e-08
kernel,1.6,947,1.3986870717107945e-08
kernel,1.6,948,1.394854246621468e-08
kernel,1.6,949,1.3910359489704679e-08
kernel,1.6,950,1.3872321084736539e-08
kernel,1.6,951,1.3834426552604077e-08
kernel,1.6,952,1.3796675198707694e-08
kernel,1.6,953,1.3759066332525958e-08
kernel,1.6,954,1.3721599267587406e-08
kernel,1.6,955,1.3684273321442588e-08
kernel,1.6,956,1.3647087815636324e-08
kernel,1.6,957,1.3610042075680166e-08
kernel,1.6,958,1.3573135431025112e-08
kernel,1.6,959,1.3536367215034501e-08
kernel,1.6,960,1.3499736764957147e-08
kernel,1.6,961,1.3463243421900673e-08
kernel,1.6,962,1.342688653080506e-08
kernel,1.6,963,1.33906654404164e-08
kernel,1.6,964,1.335457950326087e-08
kernel,1.6,965,1.331862807561888e-08
kernel,1.6,966,1.3282810517499465e-08
kernel,1.6,967,1.324712619261485e-08
kernel,1.6,968,1.3211574468355216e-08
kernel,1.6,969,1.3176154715763673e-08
kernel,1.6,970,1.314086630951143e-08
kernel,1.6,971,1.3105708627873153e-08
kernel,1.6,972,1.3070681052702512e-08
kernel,1.6,973,1.3035782969407926e-08
kernel,1.6,974,1.3001013766928505e-08
kernel,1.6,975,1.2966372837710151e-08
kernel,1.6,976,1.2931859577681882e-08
kernel,1.6,977,1.2897473386232312e-08
kernel,1.6,978,1.2863213666186317e-08
kernel,1.6,979,1.282907982378191e-08
kernel,1.6,980,1.2795071268647245e-08
kernel,1.6,981,1.2761187413777849e-08
kernel,1.6,982,1.2727427675513997e-08
kernel,1.6,983,1.2693791473518285e-08
kernel,1.6,984,1.2660278230753346e-08
kernel,1.6,985,1.2626887373459766e-08
kernel,1.6,986,1.2593618331134173e-08
kernel,1.6,987,1.2560470536507457e-08
kernel,1.6,988,1.2527443425523196e-08
kernel,1.6,989,1.2494536437316238e-08
kernel,1.6,990,1.246174901419143e-08
kernel,1.6,991,1.2429080601602541e-08
kernel,1.6,992,1.23965306481313e-08
kernel,1.6,993,1.2364098605466655e-08
kernel,1.6,994,1.2331783928384137e-08
kernel,1.6,995,1.2299586074725413e-08
kernel,1.6,996,1.2267504505377978e-08
kernel,1.6,997,1.2235538684255009e-08
kernel,1.6,998,1.2203688078275376e-08
kernel,1.6,999,1.21719521573438e-08
kernel,1.6,1000,1.2140330394331157e-08
