N,Z,closure,intensity,pdf_ref,pdf_finite
128,15.0,open,0.9477591922820265,0.34147927569552106,0.0
128,15.0,open,0.949189092380665,0.6829585513910952,0.0
128,15.0,open,0.9506189924793033,0.34147927569552106,0.6829585513910421
128,15.0,open,0.9520488925779417,0.34147927569552106,0.34147927569552106
128,15.0,open,0.95347879267658,0.0,0.0
128,15.0,open,0.9549086927752184,0.6829585513910421,0.34147927569552106
128,15.0,open,0.9563385928738568,0.34147927569552106,0.0
128,15.0,open,0.9577684929724952,1.0244378270866428,0.6829585513910952
128,15.0,open,0.9591983930711335,0.6829585513910421,0.6829585513910421
128,15.0,open,0.9606282931697719,1.3659171027820842,0.6829585513910421
128,15.0,open,0.9620581932684102,2.7318342055643807,2.390354929868833
128,15.0,open,0.9634880933670487,2.0488756541731266,2.7318342055641684
128,15.0,open,0.9649179934656871,2.0488756541731266,4.439230584041774
128,15.0,open,0.9663478935643255,4.439230584042119,4.097751308346571
128,15.0,open,0.9677777936629638,4.7807098597372955,3.414792756955211
128,15.0,open,0.9692076937616022,5.463668411128337,2.7318342055641684
128,15.0,open,0.9706375938602405,5.122189135433214,5.4636684111287614
128,15.0,open,0.9720674939588789,7.171064789605943,5.463668411128337
128,15.0,open,0.9734973940575173,6.4881062382149,7.854023340996985
128,15.0,open,0.9749272941561558,7.5125440653020465,9.90289899517088
128,15.0,open,0.9763571942547941,12.293253925038758,11.268816097952195
128,15.0,open,0.9777870943534325,11.610295373647716,12.9762124764298
128,15.0,open,0.9792169944520708,13.659171027821904,11.951774649344166
128,15.0,open,0.9806468945507092,15.70804668199397,20.830235817426786
128,15.0,open,0.9820767946493476,18.78136016325366,14.342129579211885
128,15.0,open,0.983506694747986,21.17171509312395,15.708046681995189
128,15.0,open,0.9849365948466243,21.513194368817828,17.415443060471574
128,15.0,open,0.9863664949452627,25.610945677164082,24.92798712577304
128,15.0,open,0.987796395043901,15.025088130604093,17.415443060472928
128,15.0,open,0.9892262951425395,22.53763219590439,21.854673644513348
128,15.0,open,0.9906561952411779,19.80579799034176,23.562070022992785
128,15.0,open,0.9920860953398162,24.92798712577304,21.513194368817828
128,15.0,open,0.9935159954384546,18.43988088755814,31.074614088292417
128,15.0,open,0.994945895537093,23.562070022990955,23.220590747295432
128,15.0,open,0.9963757956357313,23.562070022992785,23.903549298688333
128,15.0,open,0.9978056957343697,24.586507850077517,20.830235817426786
128,15.0,open,0.9992355958330081,23.903549298688333,18.098401611864023
128,15.0,open,1.0006654959316466,19.4643187146447,18.098401611862617
128,15.0,open,1.0020953960302847,21.513194368817828,18.43988088755814
128,15.0,open,1.0035252961289234,15.70804668199397,18.098401611862617
128,15.0,open,1.0049551962275616,21.513194368817828,17.415443060471574
128,15.0,open,1.0063850963262,17.073963784778705,17.415443060474278
128,15.0,open,1.0078149964248384,21.171715093122305,18.78136016325366
128,15.0,open,1.0092448965234766,12.9762124764298,21.171715093122305
128,15.0,open,1.0106747966221152,17.073963784776055,16.04952595768949
128,15.0,open,1.0121046967207534,16.732484509080532,16.391005233385012
128,15.0,open,1.013534596819392,16.732484509080532,20.830235817426786
128,15.0,open,1.0149644969180303,17.073963784778705,17.756922336169854
128,15.0,open,1.0163943970166684,15.025088130602928,14.000650303516364
128,15.0,open,1.017824297115307,13.659171027820843,13.317691752125322
128,15.0,open,1.0192541972139453,11.951774649343237,13.317691752125322
128,15.0,open,1.020684097312584,11.610295373647716,10.585857546561153
128,15.0,open,1.022113997411222,13.659171027820843,8.195502616692506
128,15.0,open,1.0235438975098605,8.195502616693778,6.829585513911482
128,15.0,open,1.024973797608499,6.829585513910422,7.854023340996985
128,15.0,open,1.0264036977071371,3.0733134812596896,6.829585513910422
128,15.0,open,1.0278335978057758,3.756272032650732,4.439230584041774
128,15.0,open,1.029263497904414,2.3903549298686477,5.122189135432816
128,15.0,open,1.0306933980030526,1.0244378270865633,5.122189135432816
128,15.0,open,1.0321232981016908,2.3903549298690185,4.780709859738037
128,15.0,open,1.033553198200329,3.0733134812596896,2.7318342055641684
128,15.0,open,1.0349830982989676,1.7073963784776054,2.0488756541731266
128,15.0,open,1.0364129983976058,2.7318342055641684,0.6829585513910421
128,15.0,open,1.0378428984962444,2.0488756541731266,1.0244378270865633
128,15.0,open,1.0392727985948826,2.3903549298690185,2.731834205564593
128,15.0,open,1.0407026986935208,2.0488756541731266,1.7073963784776054
128,15.0,open,1.0421325987921595,0.0,1.3659171027820842
128,15.0,open,1.0435624988907977,1.7073963784776054,0.6829585513910421
128,15.0,open,1.0449923989894363,0.0,0.6829585513910421
128,15.0,open,1.0464222990880745,0.0,0.6829585513910421
128,15.0,open,1.0478521991867131,0.34147927569552106,0.34147927569552106
128,15.0,open,1.0492820992853513,0.3414792756955741,0.0
128,15.0,open,1.0507119993839895,1.0244378270865633,0.0
128,15.0,open,1.0521418994826282,0.0,0.0
128,15.0,open,1.0535717995812663,0.34147927569552106,0.6829585513910421
128,15.0,open,1.055001699679905,0.0,0.0
128,15.0,open,1.0564315997785432,0.0,0.3414792756955741
128,15.0,open,1.0578614998771814,0.34147927569552106,0.0
128,15.0,open,1.05929139997582,0.0,0.0
128,15.0,open,1.0607213000744582,0.34147927569552106,0.0
128,15.0,corrected,0.9474870221431566,0.34037170791391363,0.34037170791391363
128,15.0,corrected,0.9489215751293392,0.68074341582788,0.68074341582788
128,15.0,corrected,0.9503561281155217,0.34037170791391363,0.34037170791391363
128,15.0,corrected,0.9517906811017045,0.0,0.34037170791391363
128,15.0,corrected,0.9532252340878871,0.34037170791394,0.0
128,15.0,corrected,0.9546597870740696,0.6807434158278273,0.6807434158278273
128,15.0,corrected,0.9560943400602524,0.34037170791391363,0.34037170791391363
128,15.0,corrected,0.957528893046435,1.02111512374182,1.02111512374182
128,15.0,corrected,0.9589634460326175,0.6807434158278273,0.6807434158278273
128,15.0,corrected,0.9603979990188003,1.021115123741741,1.3614868316556545
128,15.0,corrected,0.9618325520049829,2.72297366331152,2.38260195539758
128,15.0,corrected,0.9632671049911654,1.7018585395695682,2.042230247483482
128,15.0,corrected,0.9647016579773482,2.3826019553973956,1.7018585395695682
128,15.0,corrected,0.9661362109635308,3.4037170791394,5.1055756187091
128,15.0,corrected,0.9675707639497133,6.126690742450446,4.765203910794791
128,15.0,corrected,0.9690053169358961,4.424832202880878,4.424832202880878
128,15.0,corrected,0.9704398699220786,5.7863190345365325,6.4670624503643594
128,15.0,corrected,0.9718744229082613,6.46706245036486,5.78631903453698
128,15.0,corrected,0.973308975894444,7.488177574106101,8.168920989933929
128,15.0,corrected,0.9747435288806265,6.126690742450446,4.765203910794791
128,15.0,corrected,0.9761780818668092,12.93412490072972,13.27449660864366
128,15.0,corrected,0.9776126348529919,11.232266361159152,12.253381484900892
128,15.0,corrected,0.9790471878391744,12.934124900728719,12.593753192814805
128,15.0,corrected,0.9804817408253571,14.97635514821336,14.63598344029942
128,15.0,corrected,0.9819162938115398,17.69932881152351,21.103045890662646
128,15.0,corrected,0.9833508467977223,22.124161014404386,19.060815643179165
128,15.0,corrected,0.984785399783905,21.443417598578222,22.1241610144061
128,15.0,corrected,0.9862199527700877,26.20862150937135,25.868249801457438
128,15.0,corrected,0.9876545057562702,15.997470271953942,15.657098564040028
128,15.0,corrected,0.9890890587424529,21.78378930649216,20.76267418275034
128,15.0,corrected,0.9905236117286356,19.741559059006992,21.783789306490473
128,15.0,corrected,0.9919581647148181,23.826019553973957,20.762674182748732
128,15.0,corrected,0.9933927177010008,19.74155905900852,21.78378930649216
128,15.0,corrected,0.9948272706871835,22.124161014404386,22.464532722318303
128,15.0,corrected,0.996261823673366,23.485647846060044,23.826019553973957
128,15.0,corrected,0.9976963766595487,26.20862150937338,23.48564784606186
128,15.0,corrected,0.9991309296457314,23.826019553973957,22.124161014404386
128,15.0,corrected,1.000565482631914,18.380072227351338,23.14527613814613
128,15.0,corrected,1.0020000356180967,21.443417598578222,19.74155905900852
128,15.0,corrected,1.003434588604279,16.67821368778306,18.7204439352667
128,15.0,corrected,1.0048691415904618,21.103045890661015,18.720443935263802
128,15.0,corrected,1.0063036945766446,17.35895710361094,19.74155905900852
128,15.0,corrected,1.0077382475628271,20.081930766919353,17.358957103608255
128,15.0,corrected,1.0091728005490097,14.29561173238548,14.29561173238548
128,15.0,corrected,1.0106073535351925,16.33784197986912,17.018585395697
128,15.0,corrected,1.012041906521375,17.018585395694366,16.678213687780477
128,15.0,corrected,1.0134764595075576,16.67821368778306,17.69932881152488
128,15.0,corrected,1.0149110124937404,16.33784197986912,16.67821368778306
128,15.0,corrected,1.016345565479923,15.657098564038817,14.976355148211042
128,15.0,corrected,1.0177801184661055,14.29561173238548,13.95524002447154
128,15.0,corrected,1.0192146714522883,11.57263806907396,12.25338148490184
128,15.0,corrected,1.0206492244384708,11.913009776986057,11.572638069072168
128,15.0,corrected,1.0220837774246534,13.6148683165576,13.95524002447154
128,15.0,corrected,1.0235183304108362,8.16892098993456,8.16892098993456
128,15.0,corrected,1.0249528833970187,6.807434158277746,7.147805866191634
128,15.0,corrected,1.0263874363832013,3.06334537122546,2.72297366331152
128,15.0,corrected,1.027821989369384,3.74408878705334,3.4037170791394
128,15.0,corrected,1.0292565423555666,2.3826019553972113,2.3826019553972113
128,15.0,corrected,1.0306910953417492,1.02111512374182,1.02111512374182
128,15.0,corrected,1.032125648327932,2.72297366331152,2.04223024748364
128,15.0,corrected,1.0335602013141145,2.7229736633110986,3.063345371224986
128,15.0,corrected,1.034994754300297,1.7018585395697,2.04223024748364
128,15.0,corrected,1.0364293072864799,2.72297366331152,2.72297366331152
128,15.0,corrected,1.0378638602726624,2.042230247483324,2.3826019553972113
128,15.0,corrected,1.039298413258845,2.38260195539758,1.36148683165576
128,15.0,corrected,1.0407329662450278,2.04223024748364,2.72297366331152
128,15.0,corrected,1.0421675192312103,0.0,0.0
128,15.0,corrected,1.0436020722173929,1.7018585395697,1.36148683165576
128,15.0,corrected,1.0450366252035757,0.0,0.34037170791394
128,15.0,corrected,1.0464711781897582,0.0,0.0
128,15.0,corrected,1.0479057311759408,0.34037170791394,0.34037170791394
128,15.0,corrected,1.0493402841621235,0.34037170791394,0.34037170791394
128,15.0,corrected,1.050774837148306,1.021115123741662,1.021115123741662
128,15.0,corrected,1.0522093901344887,0.0,0.0
128,15.0,corrected,1.0536439431206714,0.34037170791394,0.34037170791394
128,15.0,corrected,1.055078496106854,0.0,0.0
128,15.0,corrected,1.0565130490930366,0.0,0.0
128,15.0,corrected,1.0579476020792193,0.34037170791394,0.34037170791394
128,15.0,corrected,1.059382155065402,0.0,0.0
128,15.0,corrected,1.0608167080515845,0.34037170791394,0.34037170791394
256,15.0,open,0.9478162671606764,0.15811706083265087,0.15811706083265087
256,15.0,open,0.9493603170166144,0.31623412166530174,0.15811706083265087
256,15.0,open,0.9509043668725524,0.15811706083265087,0.31623412166530174
256,15.0,open,0.9524484167284903,0.3162341216653245,0.3162341216653245
256,15.0,open,0.9539924665844284,0.4743511824979526,0.4743511824979526
256,15.0,open,0.9555365164403664,0.7905853041632543,0.31623412166530174
256,15.0,open,0.9570805662963044,1.106819425828556,0.7905853041632543
256,15.0,open,0.9586246161522425,0.4743511824979526,0.6324682433306035
256,15.0,open,0.9601686660081805,1.106819425828556,1.5811706083265087
256,15.0,open,0.9617127158641186,1.5811706083266224,1.42305354749396
256,15.0,open,0.9632567657200565,2.213638851657112,2.8461070949877154
256,15.0,open,0.9648008155759945,3.320458277485668,2.213638851657112
256,15.0,open,0.9663448654319325,4.427277703314224,3.9529265208162716
256,15.0,open,0.9678889152878706,4.743511824979526,5.059745946644828
256,15.0,open,0.9694329651438086,5.692214189975431,4.5853947641468755
256,15.0,open,0.9709770149997465,6.166565372473827,7.905853041633112
256,15.0,open,0.9725210648556846,8.696438345795798,8.063970102465195
256,15.0,open,0.9740651147116226,8.063970102465195,9.170789528293751
256,15.0,open,0.9756091645675606,10.119491893289656,9.0126724674611
256,15.0,open,0.9771532144234987,11.384428379950862,12.80748192744472
256,15.0,open,0.9786972642794367,12.80748192744472,10.277608954122305
256,15.0,open,0.9802413141353747,11.542545440784343,15.179237839935574
256,15.0,open,0.9817853639913127,15.021120779101832,16.60229138742834
256,15.0,open,0.9833294138472507,17.234759630758944,16.60229138742834
256,15.0,open,0.9848734637031887,17.234759630758944,17.392876691591596
256,15.0,open,0.9864175135591268,18.657813178252802,16.12794020493039
256,15.0,open,0.9879615634150648,15.495471961599785,16.12794020493039
256,15.0,open,0.9895056132710027,19.60651554325012,16.444174326596873
256,15.0,open,0.9910496631269408,19.448398482416057,21.66203733407317
256,15.0,open,0.9925937129828788,21.187686151575218,24.350027368228233
256,15.0,open,0.9941377628388168,19.606515543248708,23.40132500323233
256,15.0,open,0.9956818126947549,23.87567618573028,20.08086672574666
256,15.0,open,0.9972258625506929,21.345803212407866,24.350027368228233
256,15.0,open,0.9987699124066309,24.508144429060884,23.87567618573028
256,15.0,open,1.000313962262569,22.13638851657112,20.23898378657931
256,15.0,open,1.001858012118507,23.559442064064978,20.08086672574666
256,15.0,open,1.003402061974445,20.55521790824461,20.23898378657931
256,15.0,open,1.004946111830383,21.345803212410935,16.60229138743073
256,15.0,open,1.0064901616863209,19.290281421583405,18.341579056587502
256,15.0,open,1.008034211542259,20.871452029909914,20.23898378657931
256,15.0,open,1.009578261398197,20.08086672574666,19.76463260408136
256,15.0,open,1.011122311254135,19.448398482416057,20.713334969077263
256,15.0,open,1.012666361110073,21.187686151575218,20.08086672574666
256,15.0,open,1.014210410966011,16.60229138742834,18.0253449349222
256,15.0,open,1.015754460821949,16.760408448260993,16.60229138742834
256,15.0,open,1.0172985106778871,13.914301353273276,12.333130744946768
256,15.0,open,1.0188425605338252,10.277608954122305,11.06819425828556
256,15.0,open,1.0203866103897632,11.384428379950862,13.598067231607974
256,15.0,open,1.021930660245701,11.3844283799525,12.016896623283193
256,15.0,open,1.023474710101639,8.696438345795798,7.431501859134591
256,15.0,open,1.025018759957577,7.27338479830194,9.0126724674611
256,15.0,open,1.026562809813515,4.901628885812177,5.2178630074774786
256,15.0,open,1.0281068596694531,4.269160642481573,6.324682433306035
256,15.0,open,1.0296509095253912,2.8461070949877154,4.111043581648922
256,15.0,open,1.0311949593813292,3.320458277485668,2.213638851657112
256,15.0,open,1.0327390092372672,2.371755912489763,3.1623412166530174
256,15.0,open,1.0342830590932053,3.0042241558203666,1.5811706083265087
256,15.0,open,1.0358271089491433,2.371755912489763,2.8461070949877154
256,15.0,open,1.0373711588050814,1.8974047299918104,1.106819425828556
256,15.0,open,1.0389152086610194,1.106819425828556,1.4230535474938577
256,15.0,open,1.0404592585169574,2.055521790824461,2.055521790824461
256,15.0,open,1.0420033083728955,0.31623412166530174,1.264936486661207
256,15.0,open,1.0435473582288335,1.4230535474940624,0.9487023649960417
256,15.0,open,1.0450914080847713,0.4743511824979526,0.6324682433306035
256,15.0,open,1.0466354579407093,0.4743511824979526,0.7905853041632543
256,15.0,open,1.0481795077966474,0.4743511824979526,0.31623412166530174
256,15.0,open,1.0497235576525854,0.31623412166530174,0.4743511824979526
256,15.0,open,1.0512676075085234,0.31623412166530174,0.31623412166530174
256,15.0,open,1.0528116573644615,0.15811706083265087,0.4743511824979526
256,15.0,open,1.0543557072203995,0.15811706083265087,0.6324682433306035
256,15.0,open,1.0558997570763375,0.0,0.0
256,15.0,open,1.0574438069322756,0.0,0.31623412166530174
256,15.0,open,1.0589878567882136,0.31623412166530174,0.15811706083265087
256,15.0,open,1.0605319066441514,0.0,0.3162341216653472
256,15.0,open,1.0620759565000895,0.31623412166530174,0.31623412166530174
256,15.0,open,1.0636200063560275,0.15811706083265087,0.0
256,15.0,open,1.0651640562119655,0.15811706083265087,0.0
256,15.0,open,1.0667081060679036,0.31623412166530174,0.0
256,15.0,open,1.0682521559238416,0.15811706083265087,0.0
256,15.0,open,1.0697962057797796,0.31623412166530174,0.0
256,15.0,corrected,0.9477902044237836,0.15803399033259227,0.15803399033259227
256,15.0,corrected,0.9493350659088742,0.31606798066518454,0.31606798066518454
256,15.0,corrected,0.9508799273939648,0.15803399033259227,0.15803399033259227
256,15.0,corrected,0.9524247888790554,0.31606798066520725,0.31606798066520725
256,15.0,corrected,0.9539696503641458,0.4741019709977768,0.4741019709977768
256,15.0,corrected,0.9555145118492364,0.7901699516629613,0.7901699516629613
256,15.0,corrected,0.957059373334327,1.106237932328146,1.106237932328146
256,15.0,corrected,0.9586042348194176,0.4741019709977768,0.4741019709977768
256,15.0,corrected,0.9601490963045082,1.106237932328146,1.106237932328146
256,15.0,corrected,0.9616939577895987,1.5803399033260361,1.5803399033260361
256,15.0,corrected,0.9632388192746892,2.212475864656292,2.0544418743236994
256,15.0,corrected,0.9647836807597798,3.3187137969844374,3.1606798066518453
256,15.0,corrected,0.9663285422448704,4.266917738979991,4.582985719645175
256,15.0,corrected,0.967873403729961,4.741019709977768,4.89905370031036
256,15.0,corrected,0.9694182652150516,5.847257642305914,5.215121680975544
256,15.0,corrected,0.9709631267001422,6.163325622971541,6.795461584301956
256,15.0,corrected,0.9725079881852327,8.691869468292575,8.37580148762739
256,15.0,corrected,0.9740528496703232,8.059733506962205,8.217767497294798
256,15.0,corrected,0.9755977111554138,10.114175381285905,10.114175381285905
256,15.0,corrected,0.9771425726405044,11.378447303946643,11.378447303946643
256,15.0,corrected,0.978687434125595,12.642719226607381,13.116821197605159
256,15.0,corrected,0.9802322956106855,11.694515284612669,12.010583265277875
256,15.0,corrected,0.9817771570957761,15.013229081596265,14.381093120265897
256,15.0,corrected,0.9833220185808667,17.225704946252556,17.54177292691774
256,15.0,corrected,0.9848668800659572,17.067670955919965,17.225704946252556
256,15.0,corrected,0.9864117415510478,18.80604484957848,18.96407883991107
256,15.0,corrected,0.9879566030361384,15.487331052594042,14.381093120265897
256,15.0,corrected,0.989501464521229,19.596214801242848,19.754248791575453
256,15.0,corrected,0.9910463260063195,19.438180810908847,19.122112830243665
256,15.0,corrected,0.9925911874914101,21.176554704567362,22.914928598225877
256,15.0,corrected,0.9941360489765007,19.59621480124144,18.3319428785807
256,15.0,corrected,0.9956809104615912,23.863132540221432,23.705098549888838
256,15.0,corrected,0.9972257719466818,21.334588694899956,21.492622685232547
256,15.0,corrected,0.9987706334317724,24.495268501551802,24.337234511219208
256,15.0,corrected,1.0003154949168631,22.282792636895508,22.598860617560693
256,15.0,corrected,1.0018603564019535,23.389030569223657,22.914928598225877
256,15.0,corrected,1.0034052178870443,20.544418743236996,21.176554704567362
256,15.0,corrected,1.0049500793721347,21.334588694903022,21.492622685235638
256,15.0,corrected,1.006494940857225,19.280146820576256,18.015874897915516
256,15.0,corrected,1.0080398023423158,21.01852071423477,21.65065667556514
256,15.0,corrected,1.0095846638274062,19.912282781906626,19.75424879157403
256,15.0,corrected,1.011129525312497,19.59621480124144,19.912282781906626
256,15.0,corrected,1.0126743867975874,21.176554704567362,20.702452733569586
256,15.0,corrected,1.0142192482826782,16.59356898492219,17.067670955919965
256,15.0,corrected,1.0157641097677685,16.75160297525478,17.067670955919965
256,15.0,corrected,1.0173089712528594,13.748957158935527,12.958787207272566
256,15.0,corrected,1.0188538327379497,10.272209371618498,10.904345332948866
256,15.0,corrected,1.0203986942230405,11.378447303946643,11.062379323281458
256,15.0,corrected,1.021943555708131,11.536481294280893,11.694515284613509
256,15.0,corrected,1.0234884171932213,8.533835477959983,8.37580148762739
256,15.0,corrected,1.025033278678312,7.585631535964429,7.585631535964429
256,15.0,corrected,1.0265781401634024,4.582985719645175,4.89905370031036
256,15.0,corrected,1.0281230016484932,4.266917738979991,3.950849758314807
256,15.0,corrected,1.0296678631335836,3.002645816319253,2.844611825986661
256,15.0,corrected,1.0312127246186744,3.1606798066518453,3.47674778731703
256,15.0,corrected,1.0327575861037648,2.5285438453214764,2.212475864656292
256,15.0,corrected,1.0343024475888556,2.844611825986661,3.1606798066518453
256,15.0,corrected,1.035847309073946,2.370509854988884,2.370509854988884
256,15.0,corrected,1.0373921705590368,1.8964078839911072,1.8964078839911072
256,15.0,corrected,1.0389370320441271,1.106237932328146,1.2642719226607382
256,15.0,corrected,1.040481893529218,2.0544418743236994,1.8964078839911072
256,15.0,corrected,1.0420267550143083,0.31606798066522995,0.6321359613304599
256,15.0,corrected,1.0435716164993987,1.4223059129933304,1.106237932328146
256,15.0,corrected,1.0451164779844895,0.4741019709977768,0.6321359613303691
256,15.0,corrected,1.0466613394695798,0.4741019709977768,0.31606798066518454
256,15.0,corrected,1.0482062009546707,0.4741019709977768,0.4741019709977768
256,15.0,corrected,1.049751062439761,0.31606798066518454,0.31606798066518454
256,15.0,corrected,1.0512959239248518,0.31606798066518454,0.31606798066518454
256,15.0,corrected,1.0528407854099422,0.15803399033259227,0.15803399033259227
256,15.0,corrected,1.054385646895033,0.15803399033259227,0.15803399033259227
256,15.0,corrected,1.0559305083801234,0.0,0.0
256,15.0,corrected,1.0574753698652142,0.0,0.0
256,15.0,corrected,1.0590202313503045,0.31606798066518454,0.31606798066518454
256,15.0,corrected,1.0605650928353954,0.0,0.0
256,15.0,corrected,1.0621099543204857,0.31606798066522995,0.31606798066522995
256,15.0,corrected,1.063654815805576,0.15803399033259227,0.15803399033259227
256,15.0,corrected,1.065199677290667,0.15803399033259227,0.15803399033259227
256,15.0,corrected,1.0667445387757573,0.31606798066518454,0.31606798066518454
256,15.0,corrected,1.068289400260848,0.15803399033259227,0.15803399033259227
256,15.0,corrected,1.0698342617459384,0.31606798066518454,0.31606798066518454
512,15.0,open,0.9475493326878113,0.07888698403213885,0.3155479361285554
512,15.0,open,0.9490967402100747,0.3155479361285554,0.1577739680642777
512,15.0,open,0.950644147732338,0.1577739680642777,0.07888698403213885
512,15.0,open,0.9521915552546014,0.1577739680642664,0.5522088882249324
512,15.0,open,0.9537389627768649,0.3944349201606943,0.23666095209641658
512,15.0,open,0.9552863702991281,0.47332190419283315,0.552208888224972
512,15.0,open,0.9568337778213916,0.7888698403213886,0.6310958722571108
512,15.0,open,0.9583811853436548,0.6310958722571108,0.7099828562892497
512,15.0,open,0.9599285928659183,0.7888698403213886,1.0255307924178052
512,15.0,open,0.9614760003881816,1.4988526966105309,1.577739680642664
512,15.0,open,0.9630234079104449,1.9721746008034715,1.3410787285463606
512,15.0,open,0.9645708154327084,2.4454965049963047,3.5499142814462488
512,15.0,open,0.9661182229549716,4.102123169671221,3.0765923772534154
512,15.0,open,0.9676656304772351,4.259897137735498,4.890993009992609
512,15.0,open,0.9692130379994983,4.654332057896193,4.890993009992609
512,15.0,open,0.9707604455217618,6.6265066586991885,5.285427930152925
512,15.0,open,0.9723078530440252,7.415376499021053,7.5731504670853305
512,15.0,open,0.9738552605662885,8.440907291438858,7.65203745111747
512,15.0,open,0.9754026680885519,9.466438083856664,9.387551099824524
512,15.0,open,0.9769500756108151,11.438612684660134,10.728629828370885
512,15.0,open,0.9784974831330786,11.12306474853158,12.46414347707794
512,15.0,open,0.980044890655342,11.280838716595047,11.83304760481998
512,15.0,open,0.9815922981776053,12.621917445142218,13.726335221592162
512,15.0,open,0.9831397056998687,14.672979029977828,14.51520506191355
512,15.0,open,0.984687113222132,13.095239349335051,15.30407490223494
512,15.0,open,0.9862345207443954,17.434023471102687,14.041883157720717
512,15.0,open,0.9877819282666587,15.30407490223494,15.93517077449205
512,15.0,open,0.9893293357889221,17.27624950303717,17.74957140722997
512,15.0,open,0.9908767433111856,19.642859024002576,19.24842410384188
512,15.0,open,0.9924241508334488,18.853989183681186,20.74727680045252
512,15.0,open,0.9939715583557123,19.011763151745466,19.958406960131132
512,15.0,open,0.9955189658779755,22.79833838528813,20.983937752548936
512,15.0,open,0.997066373400239,19.958406960131132,22.640564417223853
512,15.0,open,0.9986137809225022,25.007173938188018,22.71945140125599
512,15.0,open,1.0001611884447656,24.21830409786489,25.71715679447542
512,15.0,open,1.0017085959670289,24.4549650499648,23.823869177707646
512,15.0,open,1.0032560034892923,25.322721874314755,21.930581560933028
512,15.0,open,1.0048034110115558,25.953817746571822,23.42943425754356
512,15.0,open,1.0063508185338192,19.01176315174683,22.00946854496832
512,15.0,open,1.0078982260560825,21.22059870464383,20.431728864322498
512,15.0,open,1.0094456335783457,18.932876167714685,18.14400632739324
512,15.0,open,1.0109930411006092,18.7751021996477,18.065119343358504
512,15.0,open,1.0125404486228726,19.169537119808368,18.617328231583436
512,15.0,open,1.014087856145136,17.82845839126466,20.195067912228996
512,15.0,open,1.0156352636673993,17.98623235932637,16.408492678683704
512,15.0,open,1.0171826711896625,15.619622838364615,15.54073585433247
512,15.0,open,1.018730078711926,13.726335221591176,13.80522220562331
512,15.0,open,1.0202774862341895,12.38525649304669,13.805222205625292
512,15.0,open,1.0218248937564527,11.83304760481998,12.306369509012779
512,15.0,open,1.0233723012787161,9.86087300401665,9.62421205192025
512,15.0,open,1.0249197088009794,7.809811419182307,8.125359355310886
512,15.0,open,1.0264671163232428,5.600975866281457,5.91652380240999
512,15.0,open,1.0280145238455063,4.733219041928671,5.048766978057249
512,15.0,open,1.0295619313677695,3.471027297413861,3.471027297413861
512,15.0,open,1.0311093388900328,3.3921403133822143,2.682157457092914
512,15.0,open,1.0326567464122962,3.155479361285328,3.0765923772531947
512,15.0,open,1.0342041539345597,2.9188184091889284,3.3132533293495943
512,15.0,open,1.0357515614568231,2.3666095209643356,1.656626664675035
512,15.0,open,1.0372989689790864,1.2621917445141313,2.051061584835463
512,15.0,open,1.0388463765013496,1.4988526966107458,1.1833047604821678
512,15.0,open,1.040393784023613,1.3410787285462644,1.6566266646747971
512,15.0,open,1.0419411915458765,0.8677568243534652,0.788869840321332
512,15.0,open,1.04348859906814,1.4199657125786014,1.0255307924178787
512,15.0,open,1.0450360065904032,0.7099828562891988,0.6310958722570656
512,15.0,open,1.0465834141126664,1.1833047604821678,1.2621917445143123
512,15.0,open,1.0481308216349299,1.0255307924177315,1.2621917445141313
512,15.0,open,1.0496782291571933,0.5522088882250117,1.1044177764500234
512,15.0,open,1.0512256366794566,0.3155479361285328,0.3155479361285328
512,15.0,open,1.05277304420172,0.788869840321332,0.4733219041927992
512,15.0,open,1.0543204517239833,0.31554793612857807,0.15777396806428903
512,15.0,open,1.0558678592462467,0.0788869840321332,0.3155479361285328
512,15.0,open,1.0574152667685102,0.07888698403214452,0.15777396806428903
512,15.0,open,1.0589626742907734,0.1577739680642664,0.0788869840321332
512,15.0,open,1.0605100818130366,0.0,0.07888698403214452
512,15.0,open,1.0620574893353,0.1577739680642664,0.0788869840321332
512,15.0,open,1.0636048968575635,0.0788869840321332,0.2366609520963996
512,15.0,open,1.065152304379827,0.07888698403214452,0.07888698403214452
512,15.0,open,1.0666997119020902,0.1577739680642664,0.0788869840321332
512,15.0,open,1.0682471194243535,0.07888698403214452,0.0
512,15.0,open,1.069794526946617,0.1577739680642664,0.0
512,15.0,corrected,0.9478166851296338,0.07901575183467661,0.07901575183467661
512,15.0,corrected,0.9493615709234867,0.31606300733870646,0.31606300733870646
512,15.0,corrected,0.9509064567173395,0.2370472555040469,0.2370472555040469
512,15.0,corrected,0.9524513425111925,0.15803150366935323,0.15803150366935323
512,15.0,corrected,0.9539962283050454,0.3950787591733831,0.3950787591733831
512,15.0,corrected,0.9555411140988983,0.5531102628427363,0.5531102628427363
512,15.0,corrected,0.9570859998927512,0.9481890220161876,0.9481890220161876
512,15.0,corrected,0.958630885686604,0.4740945110080597,0.4740945110080597
512,15.0,corrected,0.960175771480457,0.7901575183467662,0.7901575183467662
512,15.0,corrected,0.9617206572743099,1.7383465403628857,1.659330788528209
512,15.0,corrected,0.9632655430681627,1.7383465403630105,1.8173622921976929
512,15.0,corrected,0.9648104288620156,3.0025985697177116,3.0816143215523883
512,15.0,corrected,0.9663553146558685,4.1088190954031845,4.029803343568507
512,15.0,corrected,0.9679002004497215,4.1088190954031845,4.1088190954031845
512,15.0,corrected,0.9694450862435744,5.452086876593079,5.452086876593079
512,15.0,corrected,0.9709899720374272,6.637323154112836,6.558307402278159
512,15.0,corrected,0.9725348578312801,7.032401913286219,7.032401913286219
512,15.0,corrected,0.974079743625133,8.375669694475722,8.691732701814429
512,15.0,corrected,0.9756246294189859,10.351063490343382,9.876968979335286
512,15.0,corrected,0.9771695152128388,11.141221008689403,11.536299767862786
512,15.0,corrected,0.9787144010066917,11.536299767862786,11.22023676052408
512,15.0,corrected,0.9802592868005446,10.825158001350697,10.98318950502005
512,15.0,corrected,0.9818041725943976,13.116614804556319,13.195630556390995
512,15.0,corrected,0.9833490583882505,14.617914089416224,14.617914089416224
512,15.0,corrected,0.9848939441821033,13.827756571068408,13.432677811895026
512,15.0,corrected,0.9864388299759562,16.59330788528209,16.909370892620796
512,15.0,corrected,0.9879837157698091,15.724134615100647,15.64511886326597
512,15.0,corrected,0.989528601563662,18.56870168115034,18.410670177480977
512,15.0,corrected,0.9910734873575149,18.884764688487714,19.20082769582642
512,15.0,corrected,0.9926183731513678,18.884764688487714,18.48968592931433
512,15.0,corrected,0.9941632589452207,19.279843447661094,19.990985214173186
512,15.0,corrected,0.9957081447390737,22.598505024719138,22.282442017380408
512,15.0,corrected,0.9972530305329265,19.753937958669155,19.516890703165124
512,15.0,corrected,0.9987979163267794,26.233229609112637,26.312245360947315
512,15.0,corrected,1.0003428021206322,23.467678294900644,23.78374130223937
512,15.0,corrected,1.0018876879144851,24.257835813245723,23.86275705407234
512,15.0,corrected,1.003432573708338,25.6801193462699,25.996182353608607
512,15.0,corrected,1.004977459502191,25.917166601773932,25.917166601773932
512,15.0,corrected,1.006522345296044,18.963780440322388,18.48968592931433
512,15.0,corrected,1.0080672310898968,20.860158484354628,21.176221491693333
512,15.0,corrected,1.0096121168837497,19.042796192157066,19.20082769582642
512,15.0,corrected,1.0111570026776027,18.726733184818357,18.568701681149005
512,15.0,corrected,1.0127018884714554,19.51689070316793,19.51689070316793
512,15.0,corrected,1.0142467742653083,17.06740239629015,16.988386644455474
512,15.0,corrected,1.0157916600591612,18.410670177479652,18.331654425644977
512,15.0,corrected,1.0173365458530141,15.961181870604678,16.35626062977806
512,15.0,corrected,1.018881431646867,12.089410030705523,12.089410030705523
512,15.0,corrected,1.02042631744072,12.721536045382935,12.484488789878906
512,15.0,corrected,1.021971203234573,11.378268264193434,11.45728401602811
512,15.0,corrected,1.0235160890284258,10.351063490342638,10.193031986673283
512,15.0,corrected,1.0250609748222788,7.980590935303486,7.980590935303486
512,15.0,corrected,1.0266058606161315,5.057008117419303,4.977992365584627
512,15.0,corrected,1.0281507464099844,4.266850599072537,4.424882102741891
512,15.0,corrected,1.0296956322038373,3.6347245843951246,3.6347245843951246
512,15.0,corrected,1.0312405179976902,3.318661577056418,3.2396458252217415
512,15.0,corrected,1.0327854037915432,3.2396458252217415,3.2396458252217415
512,15.0,corrected,1.034330289585396,2.8445670660483584,2.8445670660483584
512,15.0,corrected,1.035875175379249,2.2124410513709454,2.2124410513709454
512,15.0,corrected,1.037420061173102,1.3432677811895026,1.4222835330241792
512,15.0,corrected,1.0389649469669546,1.4222835330243835,1.4222835330243835
512,15.0,corrected,1.0405098327608076,1.3432677811895026,1.3432677811895026
512,15.0,corrected,1.0420547185546605,0.7901575183467662,0.7901575183467662
512,15.0,corrected,1.0435996043485134,1.4222835330241792,1.4222835330241792
512,15.0,corrected,1.0451444901423663,0.7111417665120896,0.7111417665120896
512,15.0,corrected,1.0466893759362192,1.3432677811895026,1.3432677811895026
512,15.0,corrected,1.0482342617300722,0.8691732701814429,0.8691732701814429
512,15.0,corrected,1.049779147523925,0.5531102628428158,0.5531102628428158
512,15.0,corrected,1.0513240333177778,0.31606300733870646,0.31606300733870646
512,15.0,corrected,1.0528689191116307,0.8691732701814429,0.7901575183467662
512,15.0,corrected,1.0544138049054836,0.23704725550402986,0.31606300733870646
512,15.0,corrected,1.0559586906993366,0.07901575183467661,0.07901575183467661
512,15.0,corrected,1.0575035764931895,0.07901575183467661,0.07901575183467661
512,15.0,corrected,1.0590484622870424,0.15803150366935323,0.15803150366935323
512,15.0,corrected,1.0605933480808953,0.0,0.0
512,15.0,corrected,1.0621382338747483,0.15803150366935323,0.15803150366935323
512,15.0,corrected,1.063683119668601,0.07901575183468798,0.07901575183468798
512,15.0,corrected,1.0652280054624539,0.07901575183467661,0.07901575183467661
512,15.0,corrected,1.0667728912563068,0.15803150366935323,0.15803150366935323
512,15.0,corrected,1.0683177770501597,0.07901575183467661,0.07901575183467661
512,15.0,corrected,1.0698626628440127,0.15803150366935323,0.15803150366935323
128,20.0,open,0.8159928458750676,0.40297579565438385,0.08059515913087677
128,20.0,open,0.8220512897725116,0.16119031826175353,0.24178547739263032
128,20.0,open,0.8281097336699559,0.40297579565438385,0.08059515913087677
128,20.0,open,0.8341681775673999,0.24178547739263032,0.40297579565438385
128,20.0,open,0.8402266214648442,0.7253564321778909,0.32238063652350707
128,20.0,open,0.8462850653622882,0.24178547739263032,0.24178547739263032
128,20.0,open,0.8523435092597325,0.40297579565438385,0.32238063652350707
128,20.0,open,0.8584019531571765,0.9671419095705213,0.6447612730470141
128,20.0,open,0.8644603970546207,0.5641661139161374,0.40297579565438385
128,20.0,open,0.8705188409520648,0.6447612730470141,0.6447612730470141
128,20.0,open,0.876577284849509,1.047737068701398,1.2089273869631516
128,20.0,open,0.8826357287469531,1.611903182617565,1.9342838191410778
128,20.0,open,0.8886941726443972,2.014878978271882,2.256664455664508
128,20.0,open,0.8947526165418414,2.0148789782719563,1.8536886600101996
128,20.0,open,0.9008110604392854,1.773093500879289,2.337259614795426
128,20.0,open,0.9068695043367296,2.0148789782719194,2.095474137402796
128,20.0,open,0.9129279482341737,3.787972479151208,3.3044015243659475
128,20.0,open,0.9189863921316179,4.271543433936468,4.432733752198223
128,20.0,open,0.925044836029062,3.787972479151208,4.432733752198223
128,20.0,open,0.9311032799265062,5.641661139161374,4.190948274805592
128,20.0,open,0.9371617238239502,6.044636934815758,4.99689986611436
128,20.0,open,0.9432201677213945,6.044636934815758,5.3192805026378664
128,20.0,open,0.9492786116188385,5.72225629829225,5.399875661768744
128,20.0,open,0.9553370555162828,4.916304706983483,5.561065980030497
128,20.0,open,0.9613954994137268,6.044636934815758,5.802851457423127
128,20.0,open,0.9674539433111711,4.674519229590852,5.8834466165540045
128,20.0,open,0.9735123872086151,6.608803048731895,5.802851457423127
128,20.0,open,0.9795708311060594,5.641661139161374,7.4147546400406625
128,20.0,open,0.9856292750035034,5.480470820899621,5.561065980030497
128,20.0,open,0.9916877189009476,6.286422412208388,4.99689986611436
128,20.0,open,0.9977461627983917,4.190948274805669,4.674519229590938
128,20.0,open,1.003804606695836,5.31928050263777,4.593924070459892
128,20.0,open,1.00986305059328,4.4327337521983035,4.996899866114451
128,20.0,open,1.015921494490724,5.158090184376019,4.996899866114268
128,20.0,open,1.0219799383881683,4.2715434339365475,4.59392407046006
128,20.0,open,1.0280383822856125,4.190948274805515,3.4655918426276378
128,20.0,open,1.0340968261830565,3.949162797413034,3.707377320020399
128,20.0,open,1.0401552700805006,4.190948274805515,3.7073773200202633
128,20.0,open,1.0462137139779448,4.3521385930674255,4.190948274805669
128,20.0,open,1.052272157875389,3.626782160889388,3.7073773200202633
128,20.0,open,1.0583306017728331,3.8685676382821557,3.626782160889521
128,20.0,open,1.0643890456702771,3.3849966834967624,3.7879724791511387
128,20.0,open,1.0704474895677214,2.7402354104498605,4.110353115674791
128,20.0,open,1.0765059334651657,3.7879724791511387,3.3849966834967624
128,20.0,open,1.0825643773626097,2.579045092188104,3.626782160889521
128,20.0,open,1.0886228212600537,3.1432112061041364,1.8536886600101317
128,20.0,open,1.094681265157498,1.7730935008793214,1.5313080234866867
128,20.0,open,1.100739709054942,1.289522546094052,1.4507128643558085
128,20.0,open,1.1067981529523863,1.6924983417483812,0.9671419095705035
128,20.0,open,1.1128565968498303,0.9671419095705035,1.7730935008792563
128,20.0,open,1.1189150407472745,0.7253564321779042,1.7730935008793214
128,20.0,open,1.1249734846447186,0.322380636523513,0.8059515913087825
128,20.0,open,1.1310319285421628,0.40297579565437647,0.6447612730470024
128,20.0,open,1.1370903724396069,0.3223806365235012,0.7253564321778776
128,20.0,open,1.1431488163370511,0.40297579565439123,0.8059515913087825
128,20.0,open,1.1492072602344952,0.322380636523513,0.48357095478526946
128,20.0,open,1.1552657041319394,0.40297579565437647,0.1611903182617506
128,20.0,open,1.1613241480293834,0.5641661139161477,0.40297579565439123
128,20.0,open,1.1673825919268275,0.24178547739262587,0.3223806365235012
128,20.0,open,1.1734410358242717,0.48357095478526946,0.1611903182617565
128,20.0,open,1.179499479721716,0.3223806365235012,0.40297579565437647
128,20.0,open,1.18555792361916,0.08059515913087825,0.24178547739263473
128,20.0,open,1.191616367516604,0.3223806365235012,0.3223806365235012
128,20.0,open,1.1976748114140483,0.0,0.1611903182617565
128,20.0,open,1.2037332553114926,0.1611903182617506,0.24178547739262587
128,20.0,open,1.2097916992089366,0.322380636523513,0.08059515913087825
128,20.0,open,1.2158501431063806,0.0,0.0
128,20.0,open,1.2219085870038249,0.1611903182617565,0.08059515913087825
128,20.0,open,1.2279670309012691,0.1611903182617506,0.0805951591308753
128,20.0,open,1.2340254747987132,0.0,0.0
128,20.0,open,1.2400839186961572,0.0,0.0
128,20.0,open,1.2461423625936014,0.08059515913087825,0.08059515913087825
128,20.0,open,1.2522008064910455,0.0,0.08059515913087825
128,20.0,open,1.2582592503884897,0.0,0.0805951591308753
128,20.0,open,1.2643176942859338,0.0,0.0
128,20.0,open,1.270376138183378,0.0,0.0
128,20.0,open,1.276434582080822,0.08059515913087825,0.0
128,20.0,open,1.2824930259782663,0.0,0.0
128,20.0,open,1.2885514698757103,0.0,0.0
128,20.0,open,1.2946099137731546,0.08059515913087825,0.0
128,20.0,corrected,0.8154618530110332,0.4012194251822894,0.4012194251822894
128,20.0,corrected,0.8215468182364601,0.1604877700729158,0.1604877700729158
128,20.0,corrected,0.8276317834618869,0.3209755401458374,0.40121942518229675
128,20.0,corrected,0.8337167486873138,0.3209755401458316,0.3209755401458316
128,20.0,corrected,0.8398017139127407,0.6419510802916631,0.5617071952552052
128,20.0,corrected,0.8458866791381676,0.24073165510937367,0.3209755401458316
128,20.0,corrected,0.8519716443635945,0.4814633102187561,0.40121942518229675
128,20.0,corrected,0.8580566095890213,0.8826827354010368,0.8826827354010368
128,20.0,corrected,0.8641415748144482,0.6419510802916631,0.6419510802916631
128,20.0,corrected,0.8702265400398751,0.5617071952552052,0.5617071952552052
128,20.0,corrected,0.876311505265302,0.9629266204374947,0.8024388503645788
128,20.0,corrected,0.8823964704907288,1.7653654708021058,2.006097125911484
128,20.0,corrected,0.8884814357161557,2.006097125911447,1.9258532408749893
128,20.0,corrected,0.8945664009415826,2.006097125911447,2.2468287810208207
128,20.0,corrected,0.9006513661670095,1.6851215857656157,1.5246338156927
128,20.0,corrected,0.9067363313924364,2.006097125911484,2.246828781020862
128,20.0,corrected,0.9128212966178632,3.771462596713521,3.6912187116770627
128,20.0,corrected,0.91890626184329,4.333169791968726,4.252925906932268
128,20.0,corrected,0.924991227068717,3.771462596713521,3.8517064817499786
128,20.0,corrected,0.9310761922941438,5.456584182479136,5.777559722624968
128,20.0,corrected,0.9371611575195706,6.17877914780737,6.660242458026127
128,20.0,corrected,0.9432461227449975,6.018291377734342,4.894876987223931
128,20.0,corrected,0.9493310879704244,5.69731583758851,5.777559722624968
128,20.0,corrected,0.9554160531958513,4.894876987224021,5.2960964124063175
128,20.0,corrected,0.9615010184212781,6.0985352627708,5.456584182479136
128,20.0,corrected,0.967585983646705,4.5739014470781,4.734389217151016
128,20.0,corrected,0.9736709488721319,6.740486343062463,6.339266917880173
128,20.0,corrected,0.9797559140975588,5.777559722624968,6.018291377734342
128,20.0,corrected,0.9858408793229857,5.296096412406221,5.6170719525520525
128,20.0,corrected,0.9919258445484125,6.25902303284383,6.018291377734451
128,20.0,corrected,0.9980108097738394,4.252925906932191,4.172682021895734
128,20.0,corrected,1.0040957749992663,5.296096412406414,5.135608642333493
128,20.0,corrected,1.0101807402246932,4.413413677005184,4.333169791968726
128,20.0,corrected,1.0162657054501198,5.215852527369763,5.536828067515595
128,20.0,corrected,1.022350670675547,4.092438136859353,3.9319503667864364
128,20.0,corrected,1.0284356359009736,4.4936575620416415,4.814633102187473
128,20.0,corrected,1.0345206011264008,3.9319503667864364,3.771462596713521
128,20.0,corrected,1.0406055663518274,4.012194251822894,4.333169791968726
128,20.0,corrected,1.0466905315772546,4.1726820218958105,3.9319503667864364
128,20.0,corrected,1.0527754968026812,3.771462596713521,4.092438136859353
128,20.0,corrected,1.0588604620281081,3.530730941604276,3.7714625967136586
128,20.0,corrected,1.064945427253535,3.8517064817499786,3.2899992864947736
128,20.0,corrected,1.0710303924789617,3.2097554014583154,3.2899992864947736
128,20.0,corrected,1.0771153577043888,3.3702431715312313,3.3702431715312313
128,20.0,corrected,1.0832003229298155,2.4875604361301944,2.6480482062031103
128,20.0,corrected,1.0892852881552426,2.9690237463489417,2.5678043211666526
128,20.0,corrected,1.0953702533806693,1.6048777007291577,1.6048777007291577
128,20.0,corrected,1.1014552186060962,1.4443899306562946,1.4443899306562946
128,20.0,corrected,1.107540183831523,1.5246338156926442,1.7653654708020092
128,20.0,corrected,1.11362514905695,0.882682735401069,1.0431705054739906
128,20.0,corrected,1.1197101142823769,0.6419510802916631,0.48146331021874733
128,20.0,corrected,1.1257950795078036,0.3209755401458316,0.4012194251822894
128,20.0,corrected,1.1318800447332307,0.4012194251822894,0.3209755401458316
128,20.0,corrected,1.1379650099586573,0.3209755401458316,0.3209755401458316
128,20.0,corrected,1.1440499751840845,0.48146331021874733,0.4012194251822894
128,20.0,corrected,1.1501349404095111,0.24073165510937367,0.4012194251822894
128,20.0,corrected,1.156219905634938,0.48146331021876493,0.4012194251823041
128,20.0,corrected,1.162304870860365,0.4814633102187298,0.5617071952551848
128,20.0,corrected,1.1683898360857918,0.24073165510938246,0.16048777007292164
128,20.0,corrected,1.1744748013112187,0.6419510802916631,0.6419510802916631
128,20.0,corrected,1.1805597665366454,0.1604877700729158,0.1604877700729158
128,20.0,corrected,1.1866447317620725,0.0802438850364579,0.0802438850364579
128,20.0,corrected,1.1927296969874992,0.3209755401458316,0.3209755401458316
128,20.0,corrected,1.1988146622129263,0.0,0.0
128,20.0,corrected,1.204899627438353,0.1604877700729158,0.1604877700729158
128,20.0,corrected,1.21098459266378,0.3209755401458433,0.3209755401458433
128,20.0,corrected,1.2170695578892068,0.0,0.0
128,20.0,corrected,1.2231545231146337,0.16048777007292164,0.16048777007292164
128,20.0,corrected,1.2292394883400606,0.1604877700729158,0.1604877700729158
128,20.0,corrected,1.2353244535654873,0.0,0.0
128,20.0,corrected,1.2414094187909144,0.0,0.0
128,20.0,corrected,1.247494384016341,0.0802438850364579,0.0802438850364579
128,20.0,corrected,1.2535793492417682,0.0,0.0
128,20.0,corrected,1.2596643144671948,0.0,0.0
128,20.0,corrected,1.2657492796926217,0.0,0.0
128,20.0,corrected,1.2718342449180486,0.0,0.0
128,20.0,corrected,1.2779192101434755,0.08024388503646082,0.08024388503646082
128,20.0,corrected,1.2840041753689024,0.0,0.0
128,20.0,corrected,1.290089140594329,0.0,0.0
128,20.0,corrected,1.2961741058197562,0.0802438850364579,0.0802438850364579
256,20.0,open,0.8162583894096516,0.18524886386983133,0.18524886386983133
256,20.0,open,0.8228479203762639,0.07409954554793377,0.037049772773966885
256,20.0,open,0.8294374513428762,0.4075475005136289,0.4445972732875952
256,20.0,open,0.8360269823094884,0.33344795496569635,0.18524886386983133
256,20.0,open,0.8426165132761008,0.2963981821917301,0.14819909109586504
256,20.0,open,0.849206044242713,0.22229863664380134,0.333447954965702
256,20.0,open,0.8557955752093251,0.8521447738012241,0.6298461371574264
256,20.0,open,0.8623851061759376,1.0744434104450216,0.6668959099313927
256,20.0,open,0.8689746371425497,0.9632940921231229,1.3337918198627854
256,20.0,open,0.875564168109162,0.8150950010272715,1.333791819862808
256,20.0,open,0.8821536990757743,2.000687729794178,1.3708415926367516
256,20.0,open,0.8887432300423865,2.111837048116077,1.5931402292805494
256,20.0,open,0.8953327610089988,2.0747872753421457,2.408235230307848
256,20.0,open,0.9019222919756111,2.000687729794178,3.0751311402392
256,20.0,open,0.9085118229422233,2.408235230307807,2.852832503595402
256,20.0,open,0.9151013539088357,3.8531763684924916,3.630877731848694
256,20.0,open,0.9216908848754479,3.1492306857871326,3.37152932243093
256,20.0,open,0.9282804158420602,4.5941718239718945,3.964325686814457
256,20.0,open,0.9348699468086725,4.4830225056499176,4.408922960101985
256,20.0,open,0.9414594777752847,4.668271369519749,4.445972732875951
256,20.0,open,0.948049008741897,4.297773641780159,4.1866243234582585
256,20.0,open,0.9546385397085093,4.4830225056499176,5.0387690972594115
256,20.0,open,0.9612280706751215,5.261067733903209,4.927619778937513
256,20.0,open,0.9678176016417338,4.334823414554126,5.298117506677265
256,20.0,open,0.9744071326083461,6.224361826026333,6.039112962156501
256,20.0,open,0.9809966635749583,5.74271477996477,5.74271477996477
256,20.0,open,0.9875861945415707,5.816814325512703,5.520416143320973
256,20.0,open,0.9941757255081829,5.44631659777304,6.113212507704434
256,20.0,open,1.000765256474795,5.446316597773133,5.446316597773133
256,20.0,open,1.0073547874414075,5.11286864280743,4.668271369519828
256,20.0,open,1.0139443184080197,5.557465916094846,4.92761977893743
256,20.0,open,1.0205338493746319,5.00171932448553,4.3718731873280925
256,20.0,open,1.0271233803412443,5.001719324485362,4.557122051197774
256,20.0,open,1.0337129113078567,5.11286864280743,4.52007227842396
256,20.0,open,1.0403024422744687,5.224017961129332,4.816470460615696
256,20.0,open,1.046891973241081,4.890570006163465,4.7423709150676014
256,20.0,open,1.0534815042076935,4.1866243234582585,4.334823414554126
256,20.0,open,1.0600710351743057,3.7420270501705297,4.112524777910186
256,20.0,open,1.0666605661409179,3.5197284135268543,3.667927504622722
256,20.0,open,1.0732500971075303,2.889882276369417,3.7049772773966887
256,20.0,open,1.0798396280741425,2.667583639725526,1.963637957020179
256,20.0,open,1.0864291590407547,2.3711854575338807,2.1488868208900795
256,20.0,open,1.093018690007367,1.7783890931504107,2.1118370481161124
256,20.0,open,1.0996082209739793,1.1114931832189692,2.074787275342076
256,20.0,open,1.1061977519405914,1.7042895476024769,1.8154388659243774
256,20.0,open,1.1127872829072039,1.5190406837326424,1.7042895476024769
256,20.0,open,1.119376813873816,1.1855927287669004,0.8891945465751754
256,20.0,open,1.1259663448404282,0.7780452282533047,0.9262443193491722
256,20.0,open,1.1325558758070406,0.6298461371574371,0.40754750051363575
256,20.0,open,1.1391454067736528,0.518696818835519,0.5557465916094846
256,20.0,open,1.145734937740265,0.40754750051363575,0.666895909931404
256,20.0,open,1.1523244687068774,0.4445972732876027,0.4445972732876027
256,20.0,open,1.1589139996734896,0.3704977277396564,0.4445972732875877
256,20.0,open,1.1655035306401018,0.3704977277396689,0.2963981821917351
256,20.0,open,1.1720930616067142,0.22229863664379385,0.3704977277396564
256,20.0,open,1.1786825925733266,0.40754750051363575,0.22229863664380134
256,20.0,open,1.1852721235399388,0.22229863664379385,0.3704977277396564
256,20.0,open,1.191861654506551,0.2593484094177682,0.18524886386983444
256,20.0,open,1.1984511854731634,0.0,0.07409954554793377
256,20.0,open,1.2050407164397756,0.11114931832189692,0.14819909109586255
256,20.0,open,1.2116302474063878,0.14819909109586754,0.11114931832190067
256,20.0,open,1.2182197783730002,0.037049772773966885,0.037049772773966885
256,20.0,open,1.2248093093396124,0.1852488638698282,0.037049772773965636
256,20.0,open,1.2313988403062246,0.0,0.037049772773966885
256,20.0,open,1.237988371272837,0.0,0.037049772773966885
256,20.0,open,1.2445779022394492,0.037049772773965636,0.14819909109586255
256,20.0,open,1.2511674332060614,0.0,0.037049772773966885
256,20.0,open,1.2577569641726738,0.037049772773966885,0.037049772773966885
256,20.0,open,1.264346495139286,0.0,0.037049772773965636
256,20.0,open,1.2709360261058982,0.0,0.0
256,20.0,open,1.2775255570725106,0.037049772773966885,0.07409954554793377
256,20.0,open,1.2841150880391228,0.037049772773965636,0.0
256,20.0,open,1.290704619005735,0.0,0.037049772773966885
256,20.0,open,1.2972941499723474,0.037049772773965636,0.037049772773965636
256,20.0,open,1.3038836809389598,0.037049772773966885,0.07409954554793377
256,20.0,open,1.310473211905572,0.0,0.037049772773965636
256,20.0,open,1.3170627428721842,0.07409954554793377,0.0
256,20.0,open,1.3236522738387966,0.0,0.0
256,20.0,open,1.3302418048054088,0.037049772773965636,0.0
256,20.0,open,1.336831335772021,0.11114931832190067,0.0
256,20.0,corrected,0.8162617615628249,0.18505945772217966,0.18505945772217966
256,20.0,corrected,0.8228580368357838,0.07402378308887061,0.07402378308887061
256,20.0,corrected,0.8294543121087429,0.4071308069887953,0.4071308069887953
256,20.0,corrected,0.8360505873817018,0.3331070238999234,0.3331070238999234
256,20.0,corrected,0.8426468626546608,0.29609513235548246,0.29609513235548246
256,20.0,corrected,0.8492431379276197,0.2220713492666156,0.2220713492666156
256,20.0,corrected,0.8558394132005787,0.8882853970664474,0.8512735055220121
256,20.0,corrected,0.8624356884735377,1.0363329632442062,1.073344854788642
256,20.0,corrected,0.8690319637464966,0.9623091801553343,0.9623091801553343
256,20.0,corrected,0.8756282390194556,0.8512735055220121,0.8142616139775768
256,20.0,corrected,0.8822245142924146,1.9616302518551043,1.9986421433995403
256,20.0,corrected,0.8888207895653735,2.146689709577284,2.146689709577284
256,20.0,corrected,0.8954170648383324,2.035654034943942,1.9986421433995067
256,20.0,corrected,0.9020133401112914,1.9986421433995403,1.9616302518551043
256,20.0,corrected,0.9086096153842503,2.4427848419327716,2.4797967334772073
256,20.0,corrected,0.9152058906572094,3.8492367206212723,3.960272395254578
256,20.0,corrected,0.9218021659301683,3.146010781277054,3.146010781277054
256,20.0,corrected,0.9283984412031272,4.663498334598849,4.404415093787802
256,20.0,corrected,0.9349947164760862,4.515450768421184,4.663498334598928
256,20.0,corrected,0.9415909917490451,4.5894745515100555,4.441426985332312
256,20.0,corrected,0.9481872670220041,4.293379419154568,4.330391310699004
256,20.0,corrected,0.9547835422949631,4.441426985332237,4.737522117687719
256,20.0,corrected,0.961379817567922,5.36672427394321,5.070629141587723
256,20.0,corrected,0.9679760928408809,4.219355636065625,4.441426985332237
256,20.0,corrected,0.97457236811384,6.403057237187416,6.217997779465237
256,20.0,corrected,0.9811686433867989,5.625807514754261,5.477759948576518
256,20.0,corrected,0.9877649186597579,5.847878864020779,6.069950213287391
256,20.0,corrected,0.9943611939327168,5.329712382398775,5.329712382398775
256,20.0,corrected,1.0009574692056757,5.514771840120861,5.440748057031991
256,20.0,corrected,1.0075537444786349,5.218676707765466,5.329712382398775
256,20.0,corrected,1.0141500197515936,5.55178373166539,5.440748057032082
256,20.0,corrected,1.0207462950245527,4.885569683865543,4.922581575409979
256,20.0,corrected,1.0273425702975114,5.2927004908543385,5.144652924676595
256,20.0,corrected,1.0339388455704706,4.8485577923209435,4.996605358498683
256,20.0,corrected,1.0405351208434297,5.144652924676595,5.255688599309902
256,20.0,corrected,1.0471313961163884,4.885569683865543,4.811545900776671
256,20.0,corrected,1.0537276713893475,4.219355636065696,4.219355636065696
256,20.0,corrected,1.0603239466623062,3.849236720621337,3.7752129375324652
256,20.0,corrected,1.0669202219352654,3.3680821305435567,3.405094022087991
256,20.0,corrected,1.0735164972082245,2.9609513235548746,3.146010781277054
256,20.0,corrected,1.0801127724811832,2.5168086250216435,2.4797967334772073
256,20.0,corrected,1.0867090477541423,2.4427848419327716,2.331749167299464
256,20.0,corrected,1.093305323027101,1.7395589025884888,1.7765707941329247
256,20.0,corrected,1.0999015983000602,1.1473686378774752,1.1473686378774752
256,20.0,corrected,1.106497873573019,1.70254701104411,1.7395589025885474
256,20.0,corrected,1.113094148845978,1.5544994448662568,1.5174875533218222
256,20.0,corrected,1.1196904241189372,1.073344854788642,1.0363329632442062
256,20.0,corrected,1.1262866993918959,0.7772497224331546,0.8142616139775906
256,20.0,corrected,1.132882974664855,0.6662140477998468,0.6662140477998468
256,20.0,corrected,1.1394792499378137,0.48115459007766714,0.48115459007766714
256,20.0,corrected,1.1460755252107728,0.44414269853321625,0.44414269853321625
256,20.0,corrected,1.152671800483732,0.4071308069887953,0.4071308069887953
256,20.0,corrected,1.1592680757566907,0.3701189154443593,0.3701189154443593
256,20.0,corrected,1.1658643510296498,0.4071308069887953,0.4071308069887953
256,20.0,corrected,1.1724606263026085,0.25908324081105155,0.29609513235548746
256,20.0,corrected,1.1790569015755676,0.3331070238999122,0.2960951323554775
256,20.0,corrected,1.1856531768485268,0.2220713492666156,0.29609513235548746
256,20.0,corrected,1.1922494521214855,0.25908324081105155,0.18505945772217966
256,20.0,corrected,1.1988457273944446,0.0,0.0
256,20.0,corrected,1.2054420026674033,0.1110356746333078,0.1110356746333078
256,20.0,corrected,1.2120382779403625,0.14804756617773876,0.14804756617773876
256,20.0,corrected,1.2186345532133216,0.03701189154443593,0.03701189154443593
256,20.0,corrected,1.2252308284862803,0.18505945772217966,0.18505945772217966
256,20.0,corrected,1.2318271037592394,0.0,0.0
256,20.0,corrected,1.2384233790321981,0.0,0.0
256,20.0,corrected,1.2450196543051573,0.03701189154443593,0.03701189154443593
256,20.0,corrected,1.251615929578116,0.0,0.0
256,20.0,corrected,1.258212204851075,0.03701189154443469,0.03701189154443469
256,20.0,corrected,1.2648084801240342,0.0,0.0
256,20.0,corrected,1.271404755396993,0.0,0.0
256,20.0,corrected,1.278001030669952,0.03701189154443593,0.03701189154443593
256,20.0,corrected,1.2845973059429108,0.03701189154443593,0.03701189154443593
256,20.0,corrected,1.29119358121587,0.0,0.0
256,20.0,corrected,1.297789856488829,0.03701189154443593,0.03701189154443593
256,20.0,corrected,1.3043861317617877,0.03701189154443593,0.03701189154443593
256,20.0,corrected,1.3109824070347469,0.0,0.0
256,20.0,corrected,1.3175786823077056,0.07402378308887186,0.07402378308887186
256,20.0,corrected,1.3241749575806647,0.0,0.0
256,20.0,corrected,1.3307712328536236,0.03701189154443718,0.03701189154443718
256,20.0,corrected,1.3373675081265826,0.11103567463330406,0.11103567463330406
512,20.0,open,0.8106337466083404,0.0733124076944993,0.10996861154174895
512,20.0,open,0.8172940277988685,0.12829671346537164,0.09164050961812259
512,20.0,open,0.8239543089893967,0.09164050961812412,0.10996861154174895
512,20.0,open,0.8306145901799249,0.21993722308349423,0.21993722308349423
512,20.0,open,0.837274871370453,0.20160912115987306,0.12829671346537377
512,20.0,open,0.8439351525609811,0.16495291731262066,0.18328101923624518
512,20.0,open,0.8505954337515093,0.20160912115987306,0.3848901403961213
512,20.0,open,0.8572557149420375,0.9347331981048504,0.7147959750213563
512,20.0,open,0.8639159961325655,0.8797488923339916,0.9897175038757405
512,20.0,open,0.8705762773230936,0.8797488923339769,1.1180142173410956
512,20.0,open,0.8772365585136218,1.1913266250356136,1.1913266250356136
512,20.0,open,0.8838968397041499,1.9244507019806065,1.447920051966361
512,20.0,open,0.8905571208946781,2.47429375968931,2.0710755173695707
512,20.0,open,0.8972174020852062,2.2726846385294404,2.126059823140444
512,20.0,open,0.9038776832757344,2.0344193135223554,2.9324963077799717
512,20.0,open,0.9105379644662625,2.382653250071227,2.694230982772849
512,20.0,open,0.9171982456567906,3.1341054289397925,3.0241368173980456
512,20.0,open,0.9238585268473187,3.2807302443288435,3.024136817398096
512,20.0,open,0.9305188080378468,3.6106360789540304,3.8305733020375246
512,20.0,open,0.937179089228375,4.087166728968336,3.8122452001139635
512,20.0,open,0.9438393704189032,4.21546344243364,4.01385432127377
512,20.0,open,0.9504996516094313,4.545369277058956,4.8386189078369535
512,20.0,open,0.9571599327999594,4.4720568693643825,4.453728767440758
512,20.0,open,0.9638202139904876,4.765306500142454,4.655337888600705
512,20.0,open,0.9704804951810156,4.582025480906206,4.856947009760578
512,20.0,open,0.9771407763715438,5.406790067469233,4.856947009760497
512,20.0,open,0.9838010575620719,4.820290805913248,5.9566331251779685
512,20.0,open,0.9904613387526001,6.121586042490692,5.645055392476446
512,20.0,open,0.9971216199431282,5.150196640538575,5.791680207865444
512,20.0,open,1.0037819011336562,6.176570348261566,5.590071086705572
512,20.0,open,1.0104421823241845,6.488148080962971,5.956633125177869
512,20.0,open,1.0171024635147128,6.084929838643442,6.249882755956065
512,20.0,open,1.0237627447052406,5.4067900674693234,4.911931315531453
512,20.0,open,1.030423025895769,4.856947009760578,4.67366599052433
512,20.0,open,1.037083307086297,4.78363460206592,5.058556130920283
512,20.0,open,1.0437435882768251,4.637009786677081,4.527041175135332
512,20.0,open,1.0504038694673534,4.8752751116842035,4.380416359746333
512,20.0,open,1.0570641506578813,4.270447748204584,4.508713073211707
512,20.0,open,1.0637244318484096,3.7206046904958394,4.160479136662835
512,20.0,open,1.0703847130389377,3.500667467412225,3.775588996266588
512,20.0,open,1.0770449942294658,3.3723707539469676,2.730887186620099
512,20.0,open,1.083705275419994,2.5476061673838504,2.712559084696474
512,20.0,open,1.0903655566105221,2.400981351994772,2.4376375558420205
512,20.0,open,1.0970258378010502,1.5945448673553597,2.071075517369605
512,20.0,open,1.1036861189915785,1.4295919500427363,1.777825886591608
512,20.0,open,1.1103464001821064,1.777825886591608,1.667857275049859
512,20.0,open,1.1170066813726347,1.356279542348237,1.1913266250356136
512,20.0,open,1.1236669625631628,1.026373707722956,0.7147959750213443
512,20.0,open,1.1303272437536909,0.5131868538614951,0.7697802807922426
512,20.0,open,1.1369875249442192,0.6781397711741185,0.5315149557851199
512,20.0,open,1.143647806134747,0.49485875193787027,0.6231554654032441
512,20.0,open,1.1503080873252753,0.5315149557851199,0.5864992615559944
512,20.0,open,1.1569683685158034,0.47653065001422956,0.45820254809060534
512,20.0,open,1.1636286497063315,0.47653065001424544,0.4032182423197461
512,20.0,open,1.1702889308968598,0.2749215288543724,0.25659342693074755
512,20.0,open,1.176949212087388,0.3299058346252358,0.256593426930739
512,20.0,open,1.183609493277916,0.20160912115987306,0.2749215288543724
512,20.0,open,1.1902697744684443,0.31157773270162203,0.18328101923624823
512,20.0,open,1.1969300556589721,0.12829671346537377,0.18328101923624823
512,20.0,open,1.2035903368495005,0.10996861154174895,0.20160912115987306
512,20.0,open,1.2102506180400285,0.18328101923624213,0.1282967134653695
512,20.0,open,1.2169108992305566,0.18328101923624823,0.20160912115987306
512,20.0,open,1.223571180421085,0.18328101923624823,0.20160912115987306
512,20.0,open,1.2302314616116128,0.10996861154174895,0.1466248153889986
512,20.0,open,1.236891742802141,0.05498430577087447,0.0733124076944993
512,20.0,open,1.2435520239926692,0.07331240769449686,0.05498430577087264
512,20.0,open,1.2502123051831973,0.05498430577087447,0.03665620384724965
512,20.0,open,1.2568725863737256,0.03665620384724965,0.03665620384724965
512,20.0,open,1.2635328675642536,0.0,0.0
512,20.0,open,1.2701931487547817,0.0,0.018328101923624825
512,20.0,open,1.27685342994531,0.018328101923624825,0.018328101923624825
512,20.0,open,1.283513711135838,0.018328101923624825,0.0
512,20.0,open,1.2901739923263662,0.0,0.018328101923624825
512,20.0,open,1.2968342735168943,0.018328101923624215,0.018328101923624215
512,20.0,open,1.3034945547074224,0.018328101923624825,0.018328101923624825
512,20.0,open,1.3101548358979507,0.0,0.018328101923624825
512,20.0,open,1.3168151170884785,0.03665620384724965,0.018328101923624825
512,20.0,open,1.3234753982790068,0.0,0.03665620384724965
512,20.0,open,1.330135679469535,0.018328101923624215,0.0
512,20.0,open,1.336795960660063,0.05498430577087447,0.0
512,20.0,corrected,0.816260568085766,0.18512644830699557,0.18512644830699557
512,20.0,corrected,0.8228544564046067,0.07405057932279822,0.07405057932279822
512,20.0,corrected,0.8294483447234478,0.22215173796839469,0.22215173796839469
512,20.0,corrected,0.8360422330422885,0.18512644830699557,0.18512644830699557
512,20.0,corrected,0.8426361213611294,0.1666138034762988,0.1666138034762988
512,20.0,corrected,0.8492300096799703,0.14810115864559645,0.14810115864559645
512,20.0,corrected,0.8558238979988111,0.8886069518735787,0.8330690173814801
512,20.0,corrected,0.8624177863176521,0.8330690173814801,0.8886069518735787
512,20.0,corrected,0.8690116746364929,0.8886069518735787,0.8886069518735787
512,20.0,corrected,0.8756055629553339,1.036708110519175,1.0181954656884755
512,20.0,corrected,0.8821994512741747,1.7772139037471575,1.795726548577857
512,20.0,corrected,0.8887933395930157,2.258542669345346,2.2400300245146463
512,20.0,corrected,0.8953872279118564,2.4066438279909423,2.4066438279909423
512,20.0,corrected,0.9019811162306974,1.925315062392754,1.8697771279006552
512,20.0,corrected,0.9085750045495382,2.258542669345384,2.3325932486681835
512,20.0,corrected,0.915168892868379,3.221200200541723,3.1841749108803237
512,20.0,corrected,0.92176278118722,3.091611686726826,3.128636976388225
512,20.0,corrected,0.9283566695060608,3.832117479954808,3.7765795454627096
512,20.0,corrected,0.9349505578249018,3.7395542558013104,3.7395542558013104
512,20.0,corrected,0.9415444461437426,4.202370376568799,4.239395666230198
512,20.0,corrected,0.9481383344625836,4.480060049029293,4.461547404198593
512,20.0,corrected,0.9547322227814243,4.23939566623027,4.22088302139957
512,20.0,corrected,0.9613261111002652,4.9058508801353,4.8873382353046
512,20.0,corrected,0.9679199994191061,4.424522114537268,4.480060049029368
512,20.0,corrected,0.9745138877379469,5.405692290564271,5.331641711241472
512,20.0,corrected,0.9811077760567879,4.794775011151185,4.887338235304683
512,20.0,corrected,0.9877016643756287,5.331641711241472,5.313129066410773
512,20.0,corrected,0.9942955526944697,6.072147504469455,6.0536348596387555
512,20.0,corrected,1.0008894410133105,5.68338196302486,5.720407252686259
512,20.0,corrected,1.0074833293321515,6.090660149300052,6.072147504469353
512,20.0,corrected,1.0140772176509922,6.331324532099355,6.349837176930055
512,20.0,corrected,1.020671105969833,5.7204072526860665,5.683381963024669
512,20.0,corrected,1.027264994288674,5.072464683611764,4.9984141042889645
512,20.0,corrected,1.033858882607515,4.924363524965999,4.998414104288797
512,20.0,corrected,1.0404527709263558,4.646673852505667,4.609648562844267
512,20.0,corrected,1.0470466592451966,4.850312945643203,4.924363524965999
512,20.0,corrected,1.0536405475640376,4.480060049029368,4.498572693860068
512,20.0,corrected,1.0602344358828784,4.091294507584671,3.980218638600472
512,20.0,corrected,1.0668283242017194,3.5174025178328567,3.6469910316477514
512,20.0,corrected,1.0734222125205601,3.5914530971557745,3.4618645833408754
512,20.0,corrected,1.080016100839401,2.9990484625732776,3.0730990418960746
512,20.0,corrected,1.086609989158242,2.425156472821683,2.425156472821683
512,20.0,corrected,1.093203877477083,2.2030047348532102,2.2215173796839096
512,20.0,corrected,1.0997977657959237,1.3143977829796907,1.2958851381489909
512,20.0,corrected,1.1063916541147645,1.5180368761173382,1.5550621657787367
512,20.0,corrected,1.1129855424336055,1.6291127451015885,1.573574810609489
512,20.0,corrected,1.1195794307524463,1.2773724933182908,1.3143977829796907
512,20.0,corrected,1.1261733190712873,0.833069017381466,0.8145563725507667
512,20.0,corrected,1.132767207390128,0.6479425690744954,0.6294299242437955
512,20.0,corrected,1.1393610957089688,0.5738919897516767,0.610917279413075
512,20.0,corrected,1.1459549840278098,0.49984141042889646,0.49984141042889646
512,20.0,corrected,1.1525488723466508,0.5368667000902781,0.49984141042887964
512,20.0,corrected,1.1591427606654916,0.46281612076749673,0.4813287655981966
512,20.0,corrected,1.1657366489843324,0.4257908311060826,0.4257908311060826
512,20.0,corrected,1.1723305373031734,0.2406643827990983,0.2406643827990983
512,20.0,corrected,1.1789244256220142,0.2962023172911979,0.31471496212189776
512,20.0,corrected,1.1855183139408552,0.2406643827990902,0.2406643827990902
512,20.0,corrected,1.192112202259696,0.25917702762979816,0.2406643827990983
512,20.0,corrected,1.1987060905785367,0.11107586898419547,0.12958851381489472
512,20.0,corrected,1.2052999788973777,0.14810115864559895,0.12958851381489908
512,20.0,corrected,1.2118938672162187,0.12958851381489472,0.14810115864559395
512,20.0,corrected,1.2184877555350595,0.22215173796839843,0.22215173796839843
512,20.0,corrected,1.2250816438539003,0.1666138034762932,0.1666138034762932
512,20.0,corrected,1.2316755321727413,0.11107586898419922,0.11107586898419922
512,20.0,corrected,1.238269420491582,0.05553793449209961,0.05553793449209961
512,20.0,corrected,1.244863308810423,0.055537934492097735,0.055537934492097735
512,20.0,corrected,1.2514571971292638,0.07405057932279947,0.07405057932279947
512,20.0,corrected,1.2580510854481046,0.018512644830699244,0.018512644830699244
512,20.0,corrected,1.2646449737669456,0.0,0.0
512,20.0,corrected,1.2712388620857866,0.0,0.0
512,20.0,corrected,1.2778327504046274,0.018512644830699868,0.018512644830699868
512,20.0,corrected,1.2844266387234682,0.018512644830699244,0.018512644830699244
512,20.0,corrected,1.2910205270423092,0.0,0.0
512,20.0,corrected,1.29761441536115,0.018512644830699868,0.018512644830699868
512,20.0,corrected,1.304208303679991,0.018512644830699244,0.018512644830699244
512,20.0,corrected,1.3108021919988317,0.0,0.0
512,20.0,corrected,1.3173960803176727,0.037025289661399736,0.037025289661399736
512,20.0,corrected,1.3239899686365135,0.0,0.0
512,20.0,corrected,1.3305838569553543,0.018512644830699868,0.018512644830699868
512,20.0,corrected,1.3371777452741953,0.055537934492097735,0.055537934492097735
128,25.0,open,0.4184433022016312,0.2881624119548469,0.09605413731828229
128,25.0,open,0.44894368023628334,0.272153389068467,0.20811729752294533
128,25.0,open,0.47944405827093545,0.09605413731828247,0.1440812059774237
128,25.0,open,0.5099444363055876,0.19210827463656494,0.20811729752294533
128,25.0,open,0.5404448143402397,0.2881624119548464,0.2401353432957053
128,25.0,open,0.5709451923748918,0.4322436179322711,0.40022557215951027
128,25.0,open,0.601445570409544,0.6403609154552165,0.6723789612279772
128,25.0,open,0.6319459484441962,0.8804962587509194,0.9765503960692016
128,25.0,open,0.6624463264788483,0.8644872358645453,1.02457746472835
128,25.0,open,0.6929467045135004,1.2166857393649069,1.2006767164785264
128,25.0,open,0.7234470825481526,1.7930105632745996,1.3927849911150907
128,25.0,open,0.7539474605828047,1.7449834946154712,1.777001540388232
128,25.0,open,0.7844478386174568,1.632920334410796,1.5528752199788942
128,25.0,open,0.8149482166521089,1.5368661970925195,1.5048481513197587
128,25.0,open,0.8454485946867611,1.8730556777065082,1.600902288638041
128,25.0,open,0.8759489727214133,1.80901958616098,2.0011278607975442
128,25.0,open,0.9064493507560654,1.504848151319764,1.4568210826606227
128,25.0,open,0.9369497287907175,1.36076694534233,1.456821082660612
128,25.0,open,0.9674501068253697,1.2166857393649069,1.2807218309104282
128,25.0,open,0.9979504848600218,0.9605413731828282,1.392784991115101
128,25.0,open,1.0284508628946738,1.1686586707057658,1.1686586707057658
128,25.0,open,1.0589512409293262,1.0565955105011033,0.9605413731828212
128,25.0,open,1.0894516189639782,0.9925594189555891,0.9605413731828282
128,25.0,open,1.1199519969986302,0.9125143045236801,0.7364150527734963
128,25.0,open,1.1504523750332825,0.9445323502964477,0.7043970070007407
128,25.0,open,1.1809527530679347,0.6563699383415945,0.6083428696824534
128,25.0,open,1.2114531311025867,0.7043970070007355,0.8004511443190176
128,25.0,open,1.241953509137239,0.7043970070007407,0.6563699383415993
128,25.0,open,1.2724538871718911,0.6883879841143552,0.5763248239096928
128,25.0,open,1.3029542652065431,0.4482526408186499,0.6563699383415945
128,25.0,open,1.3334546432411953,0.5603158010233165,0.5282977552505554
128,25.0,open,1.3639550212758476,0.46426166370503025,0.6723789612279748
128,25.0,open,1.3944553993104996,0.7043970070007355,0.4482526408186499
128,25.0,open,1.4249557773451518,0.2561443661820875,0.35219850350037035
128,25.0,open,1.455456155379804,0.25614436618208564,0.22412632040932495
128,25.0,open,1.485956533414456,0.2081172975229461,0.22412632040932656
128,25.0,open,1.516456911449108,0.25614436618208564,0.1440812059774232
128,25.0,open,1.5469572894837604,0.19210827463656424,0.22412632040932495
128,25.0,open,1.5774576675184124,0.11206316020466328,0.3201804577276094
128,25.0,open,1.6079580455530644,0.08004511443190176,0.19210827463656424
128,25.0,open,1.6384584235877169,0.032018045772760705,0.11206316020466248
128,25.0,open,1.6689588016223689,0.08004511443190235,0.12807218309104376
128,25.0,open,1.6994591796570209,0.032018045772760705,0.04802706865914106
128,25.0,open,1.7299595576916733,0.032018045772760705,0.09605413731828212
128,25.0,open,1.7604599357263253,0.03201804577276094,0.04802706865914141
128,25.0,open,1.7909603137609773,0.016009022886380352,0.09605413731828212
128,25.0,open,1.8214606917956295,0.04802706865914141,0.06403609154552188
128,25.0,open,1.8519610698302817,0.032018045772760705,0.032018045772760705
128,25.0,open,1.8824614478649337,0.032018045772760705,0.04802706865914106
128,25.0,open,1.912961825899586,0.06403609154552188,0.01600902288638047
128,25.0,open,1.9434622039342382,0.04802706865914106,0.016009022886380352
128,25.0,open,1.9739625819688902,0.01600902288638047,0.08004511443190235
128,25.0,open,2.004462960003542,0.06403609154552141,0.016009022886380352
128,25.0,open,2.034963338038194,0.06403609154552188,0.0
128,25.0,open,2.0654637160728466,0.01600902288638047,0.0
128,25.0,open,2.0959640941074986,0.016009022886380238,0.032018045772760476
128,25.0,open,2.1264644721421506,0.0,0.03201804577276094
128,25.0,open,2.156964850176803,0.0,0.01600902288638047
128,25.0,open,2.187465228211455,0.032018045772760476,0.048027068659140706
128,25.0,open,2.217965606246107,0.01600902288638047,0.0
128,25.0,open,2.2484659842807595,0.0,0.01600902288638047
128,25.0,open,2.2789663623154115,0.0,0.048027068659140706
128,25.0,open,2.3094667403500635,0.01600902288638047,0.0
128,25.0,open,2.339967118384716,0.01600902288638047,0.0
128,25.0,open,2.370467496419368,0.06403609154552095,0.0
128,25.0,open,2.40096787445402,0.0,0.0
128,25.0,open,2.4314682524886724,0.0,0.0
128,25.0,open,2.461968630523324,0.03201804577276094,0.0
128,25.0,open,2.4924690085579764,0.0,0.0
128,25.0,open,2.522969386592629,0.0,0.0
128,25.0,open,2.5534697646272804,0.0,0.0
128,25.0,open,2.583970142661933,0.0,0.01600902288638047
128,25.0,open,2.614470520696585,0.0,0.0
128,25.0,open,2.644970898731237,0.0,0.0
128,25.0,open,2.6754712767658893,0.0,0.0
128,25.0,open,2.7059716548005412,0.0,0.0
128,25.0,open,2.7364720328351932,0.0,0.0
128,25.0,open,2.7669724108698457,0.0,0.0
128,25.0,open,2.7974727889044977,0.0,0.016009022886380238
128,25.0,open,2.8279731669391497,0.01600902288638047,0.01600902288638047
128,25.0,corrected,0.41852878942010796,0.2865560789383692,0.22287695028539828
128,25.0,corrected,0.4492001418917137,0.27063629677512696,0.31839564326485525
128,25.0,corrected,0.47987149436331944,0.09551869297945641,0.09551869297945641
128,25.0,corrected,0.5105428468349251,0.19103738595891281,0.17511760379567007
128,25.0,corrected,0.5412141993065309,0.31839564326485525,0.3502352075913408
128,25.0,corrected,0.5718855517781366,0.41391433624431034,0.41391433624431034
128,25.0,corrected,0.6025569042497423,0.668630850856196,0.6845506330194389
128,25.0,corrected,0.6332282567213481,0.8755880189783519,0.8596682368151092
128,25.0,corrected,0.6638996091929538,0.8278286724886207,0.8596682368151061
128,25.0,corrected,0.6945709616645594,1.3054221373859065,1.20990344440645
128,25.0,corrected,0.7252423141361652,1.8466947309361605,1.7830156022831896
128,25.0,corrected,0.7559136666077709,1.6556573449772414,1.7193364736302121
128,25.0,corrected,0.7865850190793766,1.67157712714049,1.7511760379567038
128,25.0,corrected,0.8172563715509824,1.5601386519977907,1.4009408303653632
128,25.0,corrected,0.8479277240225881,1.8466947309361539,1.671577127140484
128,25.0,corrected,0.8785990764941938,1.7511760379567038,1.9103738595891315
128,25.0,corrected,0.9092704289657996,1.5282990876713052,1.5919782163242764
128,25.0,corrected,0.9399417814374053,1.2735825730594164,1.2576627908961737
128,25.0,corrected,0.970613133909011,1.2895023552226592,1.241743008732931
128,25.0,corrected,1.0012844863806167,0.9074275833048407,0.9711067119578121
128,25.0,corrected,1.0319558388522223,1.1143847514269893,1.082545187100504
128,25.0,corrected,1.0626271913238283,1.130304533590232,1.034785840610776
128,25.0,corrected,1.093298543795434,0.9711067119578121,1.0984649692637547
128,25.0,corrected,1.1239698962670395,0.9233473654680769,0.9233473654680769
128,25.0,corrected,1.1546412487386455,1.0029462762842904,0.8915078011415914
128,25.0,corrected,1.185312601210251,0.5412725935502559,0.7163901973459269
128,25.0,corrected,1.2159839536818566,0.700470415182679,0.6686308508561937
128,25.0,corrected,1.2466553061534627,0.8278286724886207,0.6208715043664655
128,25.0,corrected,1.2773266586250682,0.5253528113870131,0.6527110686929557
128,25.0,corrected,1.3079980110966738,0.49351324706052385,0.6049517222032228
128,25.0,corrected,1.3386693635682798,0.6049517222032228,0.58903194003998
128,25.0,corrected,1.3693407160398854,0.39799455408107054,0.5094330292237702
128,25.0,corrected,1.400012068511491,0.7641495438356498,0.5094330292237665
128,25.0,corrected,1.430683420983097,0.14327803946918435,0.3024758611016114
128,25.0,corrected,1.4613547734547025,0.23879673244864058,0.17511760379566976
128,25.0,corrected,1.4920261259263083,0.2387967324486423,0.2228769502853995
128,25.0,corrected,1.5226974783979141,0.23879673244864058,0.2865560789383687
128,25.0,corrected,1.5533688308695197,0.17511760379566976,0.19103738595891245
128,25.0,corrected,1.5840401833411255,0.09551869297945692,0.14327803946918538
128,25.0,corrected,1.6147115358127313,0.09551869297945623,0.09551869297945623
128,25.0,corrected,1.6453828882843369,0.03183956432648541,0.03183956432648541
128,25.0,corrected,1.6760542407559427,0.09551869297945692,0.06367912865297128
128,25.0,corrected,1.7067255932275485,0.015919782163242704,0.03183956432648541
128,25.0,corrected,1.737396945699154,0.03183956432648541,0.03183956432648541
128,25.0,corrected,1.7680682981707598,0.01591978216324282,0.04775934648972846
128,25.0,corrected,1.7987396506423656,0.06367912865297082,0.03183956432648541
128,25.0,corrected,1.8294110031139712,0.0,0.015919782163242704
128,25.0,corrected,1.860082355585577,0.06367912865297128,0.03183956432648564
128,25.0,corrected,1.8907537080571828,0.015919782163242704,0.04775934648972811
128,25.0,corrected,1.9214250605287884,0.06367912865297082,0.04775934648972811
128,25.0,corrected,1.9520964130003942,0.03183956432648564,0.04775934648972846
128,25.0,corrected,1.982767765472,0.03183956432648541,0.03183956432648541
128,25.0,corrected,2.0134391179436055,0.06367912865297128,0.06367912865297128
128,25.0,corrected,2.044110470415211,0.06367912865297128,0.06367912865297128
128,25.0,corrected,2.074781822886817,0.0,0.0
128,25.0,corrected,2.1054531753584227,0.01591978216324282,0.01591978216324282
128,25.0,corrected,2.1361245278300283,0.0,0.0
128,25.0,corrected,2.166795880301634,0.0,0.0
128,25.0,corrected,2.19746723277324,0.03183956432648564,0.01591978216324282
128,25.0,corrected,2.2281385852448454,0.01591978216324282,0.03183956432648564
128,25.0,corrected,2.2588099377164514,0.0,0.0
128,25.0,corrected,2.289481290188057,0.0,0.0
128,25.0,corrected,2.3201526426596626,0.03183956432648564,0.03183956432648564
128,25.0,corrected,2.350823995131268,0.0,0.0
128,25.0,corrected,2.381495347602874,0.06367912865297128,0.03183956432648564
128,25.0,corrected,2.4121667000744798,0.0,0.03183956432648564
128,25.0,corrected,2.4428380525460858,0.0,0.0
128,25.0,corrected,2.4735094050176913,0.03183956432648564,0.0
128,25.0,corrected,2.504180757489297,0.0,0.01591978216324282
128,25.0,corrected,2.5348521099609025,0.0,0.01591978216324259
128,25.0,corrected,2.5655234624325085,0.0,0.0
128,25.0,corrected,2.596194814904114,0.0,0.0
128,25.0,corrected,2.62686616737572,0.0,0.0
128,25.0,corrected,2.6575375198473257,0.0,0.0
128,25.0,corrected,2.6882088723189312,0.0,0.0
128,25.0,corrected,2.718880224790537,0.0,0.0
128,25.0,corrected,2.749551577262143,0.0,0.0
128,25.0,corrected,2.7802229297337484,0.0,0.0
128,25.0,corrected,2.8108942822053544,0.0,0.0
128,25.0,corrected,2.84156563467696,0.01591978216324282,0.01591978216324282
256,25.0,open,0.42276944319157045,0.14163036586786104,0.09260446999052453
256,25.0,open,0.4675879128121479,0.15252500939615807,0.16341965292445507
256,25.0,open,0.5124063824327254,0.3213919840847616,0.2396821576225341
256,25.0,open,0.5572248520533027,0.46846967171677234,0.46846967171677234
256,25.0,open,0.6020433216738802,0.7462830816883429,0.6536786116978186
256,25.0,open,0.6468617912944576,0.7953089775656833,1.0077545263674754
256,25.0,open,0.691680260915035,1.1058063181221458,1.367277762801274
256,25.0,open,0.7364987305356125,1.4598822327917986,1.2038581098768188
256,25.0,open,0.7813172001561899,1.421750980442759,1.389067049857868
256,25.0,open,0.8261356697767674,1.3945143716220165,1.4707768763200955
256,25.0,open,0.8709541393973448,1.585170633367218,1.5361447374898813
256,25.0,open,0.9157726090179221,1.3836197280937195,1.6015125986596597
256,25.0,open,0.9605910786384997,1.334593832216383,1.334593832216383
256,25.0,open,1.005409548259077,1.24743668399001,1.1657268575277824
256,25.0,open,1.0502280178796544,1.2746732928107463,1.1330429269428857
256,25.0,open,1.0950464875002321,1.160279535763628,1.0186491698957674
256,25.0,open,1.1398649571208095,1.0949116745938516,0.9205973781410991
256,25.0,open,1.1846834267413868,0.7844143340373863,0.9369393434335447
256,25.0,open,1.2295018963619642,0.8879134475562036,0.8116509428581248
256,25.0,open,1.274320365982542,0.6972571858110065,0.6427839681695217
256,25.0,open,1.3191388356031193,0.4575750281884753,0.6264420028770793
256,25.0,open,1.3639573052236966,0.4575750281884753,0.4139964540752872
256,25.0,open,1.408775774844274,0.3540759146696535,0.3704178799620991
256,25.0,open,1.4535942444648513,0.23968215762253467,0.27236608820742575
256,25.0,open,1.4984127140854289,0.25057680115082925,0.2996026970281654
256,25.0,open,1.5432311837060064,0.21789287056594062,0.22334019233008914
256,25.0,open,1.5880496533265838,0.1416303658678614,0.1743142964527525
256,25.0,open,1.632868122947161,0.12528840057541585,0.16886697468860398
256,25.0,open,1.6776865925677387,0.10349911351882077,0.04357857411318769
256,25.0,open,1.7225050621883162,0.0708151829339307,0.07626250469807921
256,25.0,open,1.7673235318088936,0.04357857411318813,0.08170982646222773
256,25.0,open,1.812142001429471,0.04357857411318813,0.054473217641485154
256,25.0,open,1.8569604710500482,0.03813125234903961,0.03813125234903961
256,25.0,open,1.9017789406706258,0.027236608820742306,0.03813125234903923
256,25.0,open,1.9465974102912034,0.04357857411318813,0.032683930584891094
256,25.0,open,1.9914158799117807,0.03813125234903961,0.027236608820742577
256,25.0,open,2.036234349532358,0.04357857411318813,0.032683930584891094
256,25.0,open,2.0810528191529354,0.03813125234903923,0.027236608820742306
256,25.0,open,2.125871288773513,0.0,0.032683930584891094
256,25.0,open,2.1706897583940905,0.010894643528297032,0.016341965292445547
256,25.0,open,2.215508228014668,0.016341965292445547,0.005447321764148516
256,25.0,open,2.260326697635245,0.0,0.005447321764148516
256,25.0,open,2.305145167255823,0.005447321764148461,0.005447321764148461
256,25.0,open,2.3499636368764003,0.010894643528297032,0.021789287056594064
256,25.0,open,2.3947821064969776,0.021789287056594064,0.0
256,25.0,open,2.439600576117555,0.005447321764148516,0.0
256,25.0,open,2.4844190457381323,0.005447321764148516,0.005447321764148516
256,25.0,open,2.5292375153587097,0.0,0.0
256,25.0,open,2.574055984979287,0.0,0.016341965292445384
256,25.0,open,2.618874454599865,0.0,0.0
256,25.0,open,2.663692924220442,0.0,0.0
256,25.0,open,2.7085113938410195,0.005447321764148516,0.0
256,25.0,open,2.7533298634615972,0.0,0.010894643528296923
256,25.0,open,2.7981483330821746,0.0,0.0
256,25.0,open,2.842966802702752,0.005447321764148516,0.005447321764148516
256,25.0,open,2.8877852723233293,0.0,0.0
256,25.0,open,2.9326037419439066,0.0,0.0
256,25.0,open,2.977422211564484,0.0,0.0
256,25.0,open,3.0222406811850617,0.0,0.005447321764148516
256,25.0,open,3.067059150805639,0.0,0.0
256,25.0,open,3.1118776204262164,0.0,0.0
256,25.0,open,3.156696090046794,0.0,0.0
256,25.0,open,3.2015145596673715,0.0,0.005447321764148516
256,25.0,open,3.246333029287949,0.005447321764148516,0.0
256,25.0,open,3.291151498908526,0.005447321764148516,0.0
256,25.0,open,3.3359699685291035,0.0,0.005447321764148516
256,25.0,open,3.380788438149681,0.0,0.0
256,25.0,open,3.4256069077702587,0.0,0.005447321764148516
256,25.0,open,3.470425377390836,0.0,0.0
256,25.0,open,3.5152438470114133,0.0,0.005447321764148516
256,25.0,open,3.560062316631991,0.0,0.0
256,25.0,open,3.6048807862525685,0.0,0.0
256,25.0,open,3.649699255873146,0.0,0.0
256,25.0,open,3.694517725493723,0.010894643528297032,0.0
256,25.0,open,3.7393361951143005,0.0,0.0
256,25.0,open,3.784154664734878,0.0,0.0
256,25.0,open,3.8289731343554556,0.0,0.0
256,25.0,open,3.873791603976033,0.0,0.0
256,25.0,open,3.9186100735966103,0.0,0.0
256,25.0,open,3.963428543217188,0.010894643528296923,0.0
256,25.0,corrected,0.42555243376570995,0.16263683471502569,0.1572156068911915
256,25.0,corrected,0.47058662766670156,0.14095192341968893,0.14637315124352313
256,25.0,corrected,0.5156208215676933,0.3415373529015535,0.325273669430051
256,25.0,corrected,0.5606550154686849,0.49333173196891184,0.48248927632124344
256,25.0,corrected,0.6056892093696766,0.7264445283937823,0.7264445283937823
256,25.0,corrected,0.6507234032706682,0.8077629457512933,0.802341717927459
256,25.0,corrected,0.69575759717166,1.1655639821243493,1.1655639821243493
256,25.0,corrected,0.7407917910726516,1.4799951959067355,1.4854164237305698
256,25.0,corrected,0.7858259849736433,1.3444645003108806,1.3498857281347147
256,25.0,corrected,0.8308601788746349,1.479995195906732,1.4691527402590636
256,25.0,corrected,0.8758943727756267,1.5504711576165762,1.5504711576165762
256,25.0,corrected,0.9209285666766183,1.4366253733160619,1.3932555507253883
256,25.0,corrected,0.96596276057761,1.3173583611917064,1.333622044663209
256,25.0,corrected,1.0109969544786017,1.2035125768911916,1.219776260362694
256,25.0,corrected,1.0560311483795934,1.301094677720204,1.2577248551295304
256,25.0,corrected,1.101065342280585,1.1221941595336813,1.138457843005184
256,25.0,corrected,1.1460995361815767,1.0842455647668312,1.0950880204144995
256,25.0,corrected,1.1911337300825684,0.7806568066321262,0.7806568066321262
256,25.0,corrected,1.23616792398356,0.8836601352849761,0.8728176796373077
256,25.0,corrected,1.2812021178845516,0.6125987440932597,0.6559685666839329
256,25.0,corrected,1.3262363117855434,0.466225592849742,0.4770680484974104
256,25.0,corrected,1.3712705056865349,0.46080436502590555,0.45538313720207135
256,25.0,corrected,1.4163046995875268,0.29816753031088006,0.3198524416062168
256,25.0,corrected,1.4613388934885183,0.24937647989637363,0.2385340242487052
256,25.0,corrected,1.50637308738951,0.24395525207253702,0.24395525207253702
256,25.0,corrected,1.5514072812905018,0.19516420165803156,0.20058542948186575
256,25.0,corrected,1.5964414751914933,0.14637315124352365,0.15721560689119207
256,25.0,corrected,1.641475669092485,0.12468823994818559,0.11384578430051728
256,25.0,corrected,1.6865098629934767,0.09758210082901578,0.08673964518134736
256,25.0,corrected,1.7315440568944682,0.0596335060621763,0.07589718953367894
256,25.0,corrected,1.77657825079546,0.037948594766839094,0.037948594766839094
256,25.0,corrected,1.8216124446964517,0.04879105041450789,0.04336982259067368
256,25.0,corrected,1.8666466385974434,0.037948594766839094,0.04336982259067325
256,25.0,corrected,1.9116808324984351,0.04336982259067368,0.027106139119171046
256,25.0,corrected,1.9567150263994266,0.027106139119171046,0.04336982259067368
256,25.0,corrected,2.001749220300418,0.037948594766839094,0.04336982259067325
256,25.0,corrected,2.04678341420141,0.03794859476683947,0.03252736694300526
256,25.0,corrected,2.0918176081024016,0.03794859476683947,0.03794859476683947
256,25.0,corrected,2.1368518020033935,0.005421227823834156,0.0
256,25.0,corrected,2.181885995904385,0.01084245564766842,0.01626368347150263
256,25.0,corrected,2.2269201898053765,0.010842455647668312,0.010842455647668312
256,25.0,corrected,2.2719543837063685,0.0,0.0
256,25.0,corrected,2.31698857760736,0.01084245564766842,0.01084245564766842
256,25.0,corrected,2.362022771508352,0.021684911295336624,0.016263683471502467
256,25.0,corrected,2.4070569654093434,0.00542122782383421,0.01084245564766842
256,25.0,corrected,2.452091159310335,0.01084245564766842,0.00542122782383421
256,25.0,corrected,2.4971253532113264,0.0,0.005421227823834156
256,25.0,corrected,2.5421595471123184,0.0,0.0
256,25.0,corrected,2.58719374101331,0.0,0.0
256,25.0,corrected,2.632227934914302,0.0,0.0
256,25.0,corrected,2.6772621288152934,0.0,0.0
256,25.0,corrected,2.722296322716285,0.005421227823834156,0.005421227823834156
256,25.0,corrected,2.767330516617277,0.0,0.0
256,25.0,corrected,2.8123647105182683,0.00542122782383421,0.0
256,25.0,corrected,2.8573989044192603,0.0,0.005421227823834156
256,25.0,corrected,2.9024330983202518,0.0,0.0
256,25.0,corrected,2.9474672922212433,0.0,0.0
256,25.0,corrected,2.9925014861222348,0.0,0.0
256,25.0,corrected,3.0375356800232267,0.0,0.0
256,25.0,corrected,3.082569873924218,0.0,0.0
256,25.0,corrected,3.12760406782521,0.0,0.0
256,25.0,corrected,3.1726382617262017,0.0,0.0
256,25.0,corrected,3.217672455627193,0.005421227823834156,0.0
256,25.0,corrected,3.262706649528185,0.0,0.00542122782383421
256,25.0,corrected,3.3077408434291766,0.00542122782383421,0.00542122782383421
256,25.0,corrected,3.3527750373301686,0.0,0.0
256,25.0,corrected,3.39780923123116,0.0,0.0
256,25.0,corrected,3.4428434251321516,0.0,0.0
256,25.0,corrected,3.4878776190331435,0.0,0.0
256,25.0,corrected,3.532911812934135,0.0,0.0
256,25.0,corrected,3.577946006835127,0.0,0.0
256,25.0,corrected,3.6229802007361185,0.0,0.0
256,25.0,corrected,3.66801439463711,0.0,0.0
256,25.0,corrected,3.7130485885381015,0.010842455647668312,0.010842455647668312
256,25.0,corrected,3.7580827824390934,0.0,0.0
256,25.0,corrected,3.803116976340085,0.0,0.0
256,25.0,corrected,3.848151170241077,0.0,0.0
256,25.0,corrected,3.8931853641420684,0.0,0.0
256,25.0,corrected,3.93821955804306,0.0,0.0
256,25.0,corrected,3.983253751944052,0.01084245564766842,0.01084245564766842
512,25.0,open,0.4067421237155493,0.06236367729857743,0.05151782037708571
512,25.0,open,0.45176219483896973,0.10303564075417154,0.10845856921491741
512,25.0,open,0.49678226596239017,0.17353371074386764,0.16539931805274885
512,25.0,open,0.5418023370858107,0.42841134839892375,0.42841134839892375
512,25.0,open,0.586822408209231,0.6209253087554022,0.6019450591427916
512,25.0,open,0.6318424793326516,0.832419518724489,0.8893602675623206
512,25.0,open,0.6768625504560721,0.965281266012765,0.9598583375520191
512,25.0,open,0.7218826215794925,1.1930442613640915,1.2011786540552103
512,25.0,open,0.766902692702913,1.3150601517308704,1.3123486875004975
512,25.0,open,0.8119227638263335,1.3909811501813159,1.3123486875005006
512,25.0,open,0.8569428349497539,1.342174794034603,1.4940167909354873
512,25.0,open,0.9019629060731744,1.3475977224953455,1.3015028305790057
512,25.0,open,0.946982977196595,1.3638665078775865,1.3909811501813159
512,25.0,open,0.9920030483200153,1.3448862582649759,1.3964040786420617
512,25.0,open,1.0370231194434358,1.4479218990191438,1.3367518655738537
512,25.0,open,1.0820431905668564,1.2391391532804283,1.1930442613640886
512,25.0,open,1.1270632616902767,1.0872971563795497,1.0466251929239556
512,25.0,open,1.1720833328136973,0.9164749098660498,0.9029175887141853
512,25.0,open,1.2171034039371178,0.9164749098660544,0.8459768398763579
512,25.0,open,1.2621234750605381,0.7293838779703178,0.8080163406511327
512,25.0,open,1.3071435461839587,0.5938106664516714,0.6480399510591299
512,25.0,open,1.3521636173073792,0.5504272387657045,0.5016208826189918
512,25.0,open,1.3971836884307995,0.46908331185451896,0.44196866955078956
512,25.0,open,1.44220375955422,0.265723494576547,0.3389330287966161
512,25.0,open,1.4872238306776406,0.2196286026602083,0.24674324496393774
512,25.0,open,1.532243901801061,0.1979368888172238,0.227762995351326
512,25.0,open,1.5772639729244815,0.20607128150834259,0.227762995351326
512,25.0,open,1.6222840440479018,0.1681107822831224,0.14099613997939298
512,25.0,open,1.6673041151713224,0.10032417652379835,0.075920998450442
512,25.0,open,1.712324186294743,0.075920998450442,0.07320953422006907
512,25.0,open,1.7573442574181635,0.06507514152895061,0.07049806998969649
512,25.0,open,1.8023643285415838,0.051517820377085646,0.06236367729857736
512,25.0,open,1.8473843996650043,0.051517820377085646,0.051517820377085646
512,25.0,open,1.8924044707884247,0.051517820377085896,0.04067196345559413
512,25.0,open,1.9374245419118452,0.051517820377085646,0.048806356146712714
512,25.0,open,1.9824446130352658,0.032537570764475304,0.021691713842983535
512,25.0,open,2.0274646841586863,0.03524903499484807,0.032537570764475145
512,25.0,open,2.0724847552821064,0.029826106534102215,0.024403178073356357
512,25.0,open,2.1175048264055274,0.027114642303729286,0.021691713842983427
512,25.0,open,2.1625248975289475,0.005422928460745857,0.0189802496126105
512,25.0,open,2.207544968652368,0.016268785382237732,0.013557321151864777
512,25.0,open,2.2525650397757886,0.005422928460745804,0.016268785382237413
512,25.0,open,2.297585110899209,0.016268785382237732,0.01898024961261069
512,25.0,open,2.3426051820226297,0.008134392691118786,0.008134392691118786
512,25.0,open,2.38762525314605,0.021691713842983427,0.016268785382237572
512,25.0,open,2.4326453242694703,0.008134392691118866,0.010845856921491821
512,25.0,open,2.477665395392891,0.016268785382237413,0.010845856921491608
512,25.0,open,2.5226854665163114,0.010845856921491821,0.010845856921491821
512,25.0,open,2.567705537639732,0.005422928460745804,0.010845856921491608
512,25.0,open,2.6127256087631525,0.005422928460745911,0.005422928460745911
512,25.0,open,2.6577456798865726,0.0,0.005422928460745911
512,25.0,open,2.702765751009993,0.005422928460745804,0.005422928460745804
512,25.0,open,2.7477858221334137,0.005422928460745911,0.0
512,25.0,open,2.7928058932568343,0.0,0.0
512,25.0,open,2.837825964380255,0.0027114642303729553,0.0
512,25.0,open,2.882846035503675,0.0,0.0
512,25.0,open,2.9278661066270955,0.0,0.0
512,25.0,open,2.972886177750516,0.0,0.0
512,25.0,open,3.0179062488739365,0.0,0.0
512,25.0,open,3.062926319997357,0.0,0.0027114642303729553
512,25.0,open,3.1079463911207776,0.0,0.002711464230372902
512,25.0,open,3.152966462244198,0.0,0.0
512,25.0,open,3.1979865333676183,0.0,0.0
512,25.0,open,3.243006604491039,0.002711464230372902,0.0
512,25.0,open,3.2880266756144594,0.0027114642303729553,0.0
512,25.0,open,3.33304674673788,0.0,0.0
512,25.0,open,3.3780668178613005,0.0,0.0
512,25.0,open,3.4230868889847206,0.0,0.0027114642303729553
512,25.0,open,3.468106960108141,0.0,0.0
512,25.0,open,3.5131270312315617,0.0,0.0027114642303729553
512,25.0,open,3.558147102354982,0.0,0.0
512,25.0,open,3.6031671734784028,0.0,0.0
512,25.0,open,3.648187244601823,0.0,0.0
512,25.0,open,3.6932073157252434,0.005422928460745804,0.002711464230372902
512,25.0,open,3.738227386848664,0.0,0.0027114642303729553
512,25.0,open,3.7832474579720845,0.0,0.0
512,25.0,open,3.828267529095505,0.0,0.0
512,25.0,open,3.8732876002189256,0.0,0.0
512,25.0,open,3.918307671342346,0.0,0.0
512,25.0,open,3.9633277424657667,0.005422928460745857,0.0
512,25.0,corrected,0.4167249641524927,0.08948605477519077,0.08948605477519077
512,25.0,corrected,0.46174114374181596,0.10304454792294696,0.10033284929339571
512,25.0,corrected,0.5067573233311391,0.21151249310499612,0.21151249310499612
512,25.0,corrected,0.5517735029204623,0.4853940546896718,0.47725895880101804
512,25.0,corrected,0.5967896825097856,0.6860597532764617,0.6833480546469105
512,25.0,corrected,0.6418058620991087,0.816221287494921,0.8135095888653697
512,25.0,corrected,0.686822041688432,1.0358688764885733,1.0358688764885733
512,25.0,corrected,0.7318382212777552,1.2202643832980544,1.203994191520747
512,25.0,corrected,0.7768544008670784,1.3368674243687575,1.34229082162786
512,25.0,corrected,0.8218705804564016,1.3612727120347219,1.3666961092938243
512,25.0,corrected,0.8668867600457248,1.3938130955893333,1.3721195065529235
512,25.0,corrected,0.911902939635048,1.3097504380732452,1.3151738353323477
512,25.0,corrected,0.9569191192243712,1.3666961092938243,1.374831205182478
512,25.0,corrected,1.0019352988136943,1.339579122998312,1.3422908216278633
512,25.0,corrected,1.0469514784030176,1.4860108489940715,1.467028958587213
512,25.0,corrected,1.091967657992341,1.1985707942616477,1.201282492891199
512,25.0,corrected,1.1369838375816639,1.0141752874521635,1.0277337805999196
512,25.0,corrected,1.1820000171709872,0.8758786573450459,0.8975722463814556
512,25.0,corrected,1.2270161967603106,0.9490945203429336,0.9436711230838312
512,25.0,corrected,1.2720323763496335,0.6969065477946684,0.6941948491651172
512,25.0,corrected,1.3170485559389569,0.5586099176875524,0.5504748217988988
512,25.0,corrected,1.3620647355282802,0.5423397259102478,0.5504748217989015
512,25.0,corrected,1.4070809151176031,0.4094664930622371,0.4230249862099933
512,25.0,corrected,1.4520970947069265,0.27659326021422503,0.2738815615846738
512,25.0,corrected,1.4971132742962499,0.21151249310499665,0.2088007944754454
512,25.0,corrected,1.5421294538855728,0.21151249310499665,0.21422419173454788
512,25.0,corrected,1.5871456334748961,0.18981890406858673,0.18439550680948424
512,25.0,corrected,1.6321618130642193,0.1355849314775613,0.14372002736621495
512,25.0,corrected,1.6771779926535424,0.10033284929339584,0.10033284929339584
512,25.0,corrected,1.7221941722428658,0.07321586299788345,0.07321586299788345
512,25.0,corrected,1.7672103518321889,0.059657369850126964,0.056945671220575735
512,25.0,corrected,1.812226531421512,0.059657369850127255,0.05694567122057602
512,25.0,corrected,1.8572427110108354,0.048810575331922304,0.05152227396147354
512,25.0,corrected,1.9022588906001585,0.04609887670237083,0.04881057533192206
512,25.0,corrected,1.9472750701894816,0.048810575331922304,0.048810575331922304
512,25.0,corrected,1.9922912497788048,0.035252082184166283,0.035252082184166283
512,25.0,corrected,2.037307429368128,0.03254038355461471,0.029828684925063482
512,25.0,corrected,2.0823236089574513,0.03254038355461471,0.03525208218416593
512,25.0,corrected,2.1273397885467746,0.016270191777307354,0.01898189040685858
512,25.0,corrected,2.172355968136098,0.01084679451820501,0.008135095888653757
512,25.0,corrected,2.217372147725421,0.013558493147756128,0.016270191777307354
512,25.0,corrected,2.262388327314744,0.008135095888653757,0.0027116986295512525
512,25.0,corrected,2.307404506904067,0.013558493147756128,0.016270191777307354
512,25.0,corrected,2.3524206864933905,0.008135095888653677,0.010846794518204902
512,25.0,corrected,2.397436866082714,0.02440528766596103,0.01898189040685858
512,25.0,corrected,2.4424530456720372,0.005423397259102505,0.01084679451820501
512,25.0,corrected,2.48746922526136,0.021693589036409805,0.016270191777307354
512,25.0,corrected,2.5324854048506835,0.0027116986295512256,0.008135095888653677
512,25.0,corrected,2.5775015844400064,0.005423397259102505,0.005423397259102505
512,25.0,corrected,2.62251776402933,0.005423397259102451,0.005423397259102451
512,25.0,corrected,2.667533943618653,0.0,0.0
512,25.0,corrected,2.712550123207976,0.005423397259102451,0.005423397259102451
512,25.0,corrected,2.7575663027972994,0.005423397259102451,0.005423397259102451
512,25.0,corrected,2.8025824823866223,0.0,0.0
512,25.0,corrected,2.8475986619759457,0.0027116986295512256,0.0027116986295512256
512,25.0,corrected,2.892614841565269,0.0,0.0
512,25.0,corrected,2.9376310211545924,0.0,0.0
512,25.0,corrected,2.9826472007439153,0.0,0.0
512,25.0,corrected,3.0276633803332387,0.0,0.0
512,25.0,corrected,3.0726795599225616,0.0,0.0
512,25.0,corrected,3.117695739511885,0.0,0.0
512,25.0,corrected,3.1627119191012083,0.0,0.0
512,25.0,corrected,3.2077280986905317,0.0027116986295512525,0.0
512,25.0,corrected,3.2527442782798546,0.0,0.0027116986295512256
512,25.0,corrected,3.297760457869178,0.0027116986295512256,0.0027116986295512256
512,25.0,corrected,3.342776637458501,0.0,0.0
512,25.0,corrected,3.387792817047824,0.0,0.0
512,25.0,corrected,3.4328089966371476,0.0,0.0
512,25.0,corrected,3.477825176226471,0.0,0.0
512,25.0,corrected,3.522841355815794,0.0,0.0
512,25.0,corrected,3.567857535405117,0.0,0.0
512,25.0,corrected,3.61287371499444,0.0,0.0
512,25.0,corrected,3.6578898945837635,0.0,0.0
512,25.0,corrected,3.702906074173087,0.005423397259102451,0.005423397259102451
512,25.0,corrected,3.74792225376241,0.0,0.0
512,25.0,corrected,3.792938433351733,0.0,0.0
512,25.0,corrected,3.8379546129410564,0.0,0.0
512,25.0,corrected,3.8829707925303794,0.0,0.0
512,25.0,corrected,3.9279869721197027,0.0,0.0
512,25.0,corrected,3.973003151709026,0.005423397259102451,0.005423397259102451
128,30.0,open,0.20240356189317876,1.3440902415343614,1.345602154067021
128,30.0,open,0.525359579157666,0.8255042428321272,0.8436471932240421
128,30.0,open,0.8483155964221534,0.2691204308134041,0.3295969321197871
128,30.0,open,1.1712716136866406,0.16631037859255315,0.16631037859255315
128,30.0,open,1.4942276309511278,0.12700065274340422,0.07861945169829786
128,30.0,open,1.817183648215615,0.07710753916563823,0.049893113577765914
128,30.0,open,2.140139665480102,0.04535737597978726,0.0423335509144681
128,30.0,open,2.4630956827445893,0.04384546344712765,0.037797813316489355
128,30.0,open,2.7860517000090765,0.02570251305521276,0.022678687989893614
128,30.0,open,3.1090077172735637,0.024190600522553188,0.024190600522553188
128,30.0,open,3.431963734538051,0.021166775457234038,0.016631037859255317
128,30.0,open,3.7549197518025386,0.012095300261276577,0.016631037859255293
128,30.0,open,4.077875769067026,0.018142950391914867,0.013607212793936148
128,30.0,open,4.400831786331514,0.012095300261276594,0.010583387728617019
128,30.0,open,4.723787803596,0.012095300261276594,0.009071475195957445
128,30.0,open,5.046743820860488,0.009071475195957445,0.016631037859255317
128,30.0,open,5.3696998381249745,0.010583387728617019,0.0030238250653191485
128,30.0,open,5.692655855389463,0.004535737597978723,0.006047650130638297
128,30.0,open,6.015611872653949,0.006047650130638297,0.006047650130638297
128,30.0,open,6.338567889918437,0.0015119125326595742,0.0030238250653191485
128,30.0,open,6.661523907182923,0.0,0.004535737597978723
128,30.0,open,6.984479924447411,0.0030238250653191485,0.0015119125326595742
128,30.0,open,7.307435941711898,0.0,0.0
128,30.0,open,7.630391958976386,0.0015119125326595701,0.0
128,30.0,open,7.953347976240873,0.0060476501306383134,0.0
128,30.0,open,8.27630399350536,0.0015119125326595701,0.0030238250653191402
128,30.0,open,8.599260010769846,0.0015119125326595784,0.0015119125326595784
128,30.0,open,8.922216028034335,0.0015119125326595701,0.0015119125326595701
128,30.0,open,9.245172045298823,0.0,0.0
128,30.0,open,9.568128062563309,0.0015119125326595701,0.0
128,30.0,open,9.891084079827795,0.0,0.0015119125326595784
128,30.0,open,10.214040097092283,0.0,0.0
128,30.0,open,10.536996114356771,0.0030238250653191402,0.0030238250653191402
128,30.0,open,10.85995213162126,0.0015119125326595784,0.0030238250653191567
128,30.0,open,11.182908148885746,0.0015119125326595701,0.0
128,30.0,open,11.505864166150232,0.0,0.0030238250653191567
128,30.0,open,11.82882018341472,0.0,0.0030238250653191402
128,30.0,open,12.151776200679208,0.0,0.0015119125326595784
128,30.0,open,12.474732217943695,0.0015119125326595701,0.0015119125326595701
128,30.0,open,12.79768823520818,0.0,0.0015119125326595784
128,30.0,open,13.120644252472669,0.0015119125326595701,0.0
128,30.0,open,13.443600269737157,0.0015119125326595784,0.0
128,30.0,open,13.766556287001643,0.0015119125326595701,0.0015119125326595701
128,30.0,open,14.08951230426613,0.0,0.0030238250653191567
128,30.0,open,14.412468321530618,0.0015119125326595701,0.0
128,30.0,open,14.735424338795106,0.0015119125326595784,0.0
128,30.0,open,15.058380356059592,0.0015119125326595701,0.0015119125326595701
128,30.0,open,15.38133637332408,0.0,0.0
128,30.0,open,15.704292390588567,0.0015119125326595784,0.0
128,30.0,open,16.02724840785305,0.0,0.0
128,30.0,open,16.35020442511754,0.0,0.0
128,30.0,open,16.673160442382027,0.0,0.0030238250653191402
128,30.0,open,16.996116459646515,0.0,0.0015119125326595701
128,30.0,open,17.319072476911003,0.0,0.0
128,30.0,open,17.642028494175488,0.0,0.0
128,30.0,open,17.964984511439976,0.0,0.0015119125326595701
128,30.0,open,18.287940528704464,0.0,0.0
128,30.0,open,18.61089654596895,0.0,0.0015119125326595866
128,30.0,open,18.933852563233437,0.0,0.0
128,30.0,open,19.256808580497925,0.0,0.0
128,30.0,open,19.579764597762413,0.0015119125326595701,0.0
128,30.0,open,19.9027206150269,0.0015119125326595866,0.0
128,30.0,open,20.225676632291385,0.0,0.0
128,30.0,open,20.548632649555874,0.0,0.0
128,30.0,open,20.87158866682036,0.0015119125326595701,0.0
128,30.0,open,21.19454468408485,0.0,0.0
128,30.0,open,21.517500701349334,0.0,0.0
128,30.0,open,21.840456718613822,0.0,0.0015119125326595701
128,30.0,open,22.16341273587831,0.0,0.0015119125326595701
128,30.0,open,22.4863687531428,0.0,0.0030238250653191402
128,30.0,open,22.809324770407287,0.0,0.0015119125326595866
128,30.0,open,23.13228078767177,0.0,0.0015119125326595701
128,30.0,open,23.45523680493626,0.0015119125326595701,0.0
128,30.0,open,23.778192822200747,0.0,0.0
128,30.0,open,24.101148839465232,0.0,0.0
128,30.0,open,24.42410485672972,0.0,0.0
128,30.0,open,24.747060873994208,0.0,0.0
128,30.0,open,25.070016891258696,0.0,0.0
128,30.0,open,25.392972908523184,0.0,0.0
128,30.0,open,25.71592892578767,0.0,0.0015119125326595701
128,30.0,corrected,0.1902532299328575,1.311419163693986,1.3052694841455967
128,30.0,corrected,0.5078510794844822,0.8732544958712591,0.8717170759841618
128,30.0,corrected,0.8254489290361069,0.27827299956460905,0.2798104194517063
128,30.0,corrected,1.1430467785877314,0.1737284472419935,0.1737284472419935
128,30.0,corrected,1.4606446281393561,0.13221811029036667,0.12145617108068567
128,30.0,corrected,1.7782424776909806,0.08148325401615626,0.09070777333873999
128,30.0,corrected,2.0958403272426054,0.04612259661291861,0.03997291706452946
128,30.0,corrected,2.41343817679423,0.041510336951626745,0.04612259661291861
128,30.0,corrected,2.731036026345855,0.03382323751614031,0.0353606574032376
128,30.0,corrected,3.0486338758974796,0.021523878419362017,0.01844903864516744
128,30.0,corrected,3.3662317254491043,0.023061298306459303,0.03843549717743217
128,30.0,corrected,3.683829575000729,0.013836778983875602,0.010761939209681022
128,30.0,corrected,4.001427424552354,0.013836778983875562,0.012299359096778277
128,30.0,corrected,4.3190252741039785,0.01844903864516744,0.00922451932258372
128,30.0,corrected,4.636623123655603,0.006149679548389147,0.013836778983875583
128,30.0,corrected,4.954220973207228,0.012299359096778295,0.012299359096778295
128,30.0,corrected,5.271818822758853,0.010761939209681009,0.00461225966129186
128,30.0,corrected,5.5894166723104775,0.006149679548389147,0.010761939209681009
128,30.0,corrected,5.907014521862102,0.0030748397741945737,0.0030748397741945737
128,30.0,corrected,6.224612371413727,0.00461225966129186,0.0015374198870972868
128,30.0,corrected,6.542210220965352,0.0015374198870972868,0.00461225966129186
128,30.0,corrected,6.859808070516976,0.0015374198870972868,0.0015374198870972868
128,30.0,corrected,7.177405920068601,0.0015374198870972868,0.00461225966129186
128,30.0,corrected,7.495003769620226,0.0015374198870972912,0.0
128,30.0,corrected,7.81260161917185,0.0030748397741945737,0.0
128,30.0,corrected,8.130199468723474,0.004612259661291873,0.0030748397741945824
128,30.0,corrected,8.447797318275098,0.0,0.0
128,30.0,corrected,8.765395167826723,0.0030748397741945737,0.0
128,30.0,corrected,9.082993017378348,0.0,0.0030748397741945737
128,30.0,corrected,9.400590866929972,0.0,0.0015374198870972868
128,30.0,corrected,9.718188716481597,0.0015374198870972868,0.0015374198870972868
128,30.0,corrected,10.035786566033222,0.0,0.0
128,30.0,corrected,10.353384415584847,0.0,0.0
128,30.0,corrected,10.670982265136471,0.0030748397741945737,0.0030748397741945737
128,30.0,corrected,10.988580114688096,0.0015374198870972868,0.0
128,30.0,corrected,11.30617796423972,0.0015374198870972868,0.0015374198870972868
128,30.0,corrected,11.623775813791346,0.0,0.0
128,30.0,corrected,11.94137366334297,0.0,0.0030748397741945737
128,30.0,corrected,12.258971512894595,0.0,0.0015374198870972868
128,30.0,corrected,12.57656936244622,0.0015374198870972868,0.00461225966129186
128,30.0,corrected,12.894167211997845,0.0,0.0
128,30.0,corrected,13.21176506154947,0.0015374198870972868,0.0
128,30.0,corrected,13.529362911101094,0.0015374198870972868,0.0030748397741945737
128,30.0,corrected,13.846960760652719,0.0015374198870972868,0.0
128,30.0,corrected,14.164558610204343,0.0,0.0015374198870972868
128,30.0,corrected,14.482156459755968,0.0015374198870972868,0.0
128,30.0,corrected,14.799754309307593,0.0015374198870972868,0.0
128,30.0,corrected,15.117352158859216,0.0015374198870972955,0.0
128,30.0,corrected,15.43495000841084,0.0,0.0
128,30.0,corrected,15.752547857962465,0.0015374198870972868,0.0
128,30.0,corrected,16.07014570751409,0.0,0.0015374198870972868
128,30.0,corrected,16.387743557065715,0.0,0.0
128,30.0,corrected,16.70534140661734,0.0,0.0015374198870972868
128,30.0,corrected,17.022939256168964,0.0,0.0030748397741945737
128,30.0,corrected,17.34053710572059,0.0,0.0
128,30.0,corrected,17.658134955272214,0.0,0.0015374198870972868
128,30.0,corrected,17.97573280482384,0.0,0.0
128,30.0,corrected,18.293330654375463,0.0,0.0
128,30.0,corrected,18.610928503927088,0.0,0.0
128,30.0,corrected,18.928526353478713,0.0,0.0
128,30.0,corrected,19.246124203030337,0.0,0.0
128,30.0,corrected,19.563722052581962,0.0015374198870972868,0.0
128,30.0,corrected,19.881319902133587,0.0015374198870972868,0.0
128,30.0,corrected,20.19891775168521,0.0,0.0
128,30.0,corrected,20.516515601236836,0.0,0.0
128,30.0,corrected,20.83411345078846,0.0015374198870972868,0.0
128,30.0,corrected,21.151711300340086,0.0,0.0015374198870972868
128,30.0,corrected,21.46930914989171,0.0,0.0
128,30.0,corrected,21.786906999443335,0.0,0.0
128,30.0,corrected,22.10450484899496,0.0,0.0
128,30.0,corrected,22.422102698546585,0.0,0.0
128,30.0,corrected,22.73970054809821,0.0,0.0
128,30.0,corrected,23.057298397649834,0.0,0.0
128,30.0,corrected,23.37489624720146,0.0015374198870972868,0.0
128,30.0,corrected,23.692494096753084,0.0,0.0
128,30.0,corrected,24.01009194630471,0.0,0.0
128,30.0,corrected,24.327689795856333,0.0,0.0
128,30.0,corrected,24.645287645407958,0.0,0.0
128,30.0,corrected,24.962885494959583,0.0,0.0
128,30.0,corrected,25.280483344511207,0.0,0.0015374198870972868
256,30.0,open,0.1932401298367301,1.2847011450681882,1.3408016317523885
256,30.0,open,0.49786928298832,0.7805982004344449,0.785406813578805
256,30.0,open,0.8024984361399099,0.3630502923991823,0.3550359371585823
256,30.0,open,1.1071275892914998,0.25405506112702164,0.20596892968342131
256,30.0,open,1.4117567424430897,0.15147131404734096,0.1410526522345609
256,30.0,open,1.7163858955946796,0.10659092469998067,0.09697369841126062
256,30.0,open,2.0210150487462695,0.06171053535262044,0.05369618011202038
256,30.0,open,2.325644201897859,0.05690192220826036,0.052093309063900334
256,30.0,open,2.6302733550494493,0.04007177620300025,0.04407895382330028
256,30.0,open,2.9349025082010387,0.024844501245860157,0.023241630197740146
256,30.0,open,3.239531661352629,0.020035888101500126,0.024844501245860157
256,30.0,open,3.5441608145042185,0.021638759149620136,0.023241630197740146
256,30.0,open,3.848789967655809,0.009617226288720061,0.016028710481200102
256,30.0,open,4.153419120807399,0.009617226288720047,0.01041866181278005
256,30.0,open,4.458048273958989,0.008815790764660044,0.007212919716540036
256,30.0,open,4.762677427110579,0.009617226288720075,0.008815790764660068
256,30.0,open,5.067306580262168,0.0056100486684200436,0.007212919716540056
256,30.0,open,5.371935733413759,0.005610048668420027,0.004808613144360024
256,30.0,open,5.676564886565348,0.004808613144360024,0.007212919716540036
256,30.0,open,5.9811940397169385,0.002404306572180019,0.0016028710481200126
256,30.0,open,6.285823192868528,0.004808613144360038,0.0056100486684200436
256,30.0,open,6.590452346020118,0.0008014355240600039,0.005610048668420027
256,30.0,open,6.895081499171708,0.0016028710481200078,0.0
256,30.0,open,7.199710652323298,0.0016028710481200126,0.004007177620300032
256,30.0,open,7.5043398054748875,0.0008014355240600063,0.002404306572180019
256,30.0,open,7.808968958626478,0.0032057420962400157,0.002404306572180012
256,30.0,open,8.113598111778067,0.0040071776203000195,0.0008014355240600039
256,30.0,open,8.418227264929659,0.002404306572180019,0.0016028710481200126
256,30.0,open,8.722856418081246,0.0008014355240600063,0.004007177620300032
256,30.0,open,9.027485571232837,0.0008014355240600016,0.0008014355240600016
256,30.0,open,9.332114724384429,0.0,0.0016028710481200126
256,30.0,open,9.636743877536016,0.0016028710481200126,0.003205742096240025
256,30.0,open,9.941373030687608,0.004007177620300032,0.003205742096240025
256,30.0,open,10.246002183839195,0.0008014355240600063,0.0008014355240600063
256,30.0,open,10.550631336990786,0.0016028710481200033,0.0008014355240600016
256,30.0,open,10.855260490142378,0.0,0.0016028710481200126
256,30.0,open,11.159889643293965,0.0016028710481200126,0.0008014355240600063
256,30.0,open,11.464518796445557,0.0008014355240600016,0.002404306572180005
256,30.0,open,11.769147949597148,0.002404306572180019,0.0
256,30.0,open,12.073777102748736,0.0,0.0016028710481200126
256,30.0,open,12.378406255900327,0.0008014355240600063,0.0016028710481200126
256,30.0,open,12.683035409051914,0.0008014355240600063,0.002404306572180019
256,30.0,open,12.987664562203506,0.0008014355240600016,0.0
256,30.0,open,13.292293715355097,0.0008014355240600063,0.002404306572180019
256,30.0,open,13.596922868506685,0.0016028710481200126,0.0
256,30.0,open,13.901552021658276,0.0008014355240600016,0.0008014355240600016
256,30.0,open,14.206181174809867,0.0008014355240600063,0.0016028710481200126
256,30.0,open,14.510810327961455,0.002404306572180019,0.0008014355240600063
256,30.0,open,14.815439481113046,0.0008014355240600063,0.002404306572180019
256,30.0,open,15.120068634264634,0.0008014355240600063,0.002404306572180019
256,30.0,open,15.424697787416225,0.0008014355240600016,0.0
256,30.0,open,15.729326940567816,0.0008014355240600063,0.0008014355240600063
256,30.0,open,16.033956093719404,0.001602871048120022,0.000801435524060011
256,30.0,open,16.33858524687099,0.0,0.0008014355240600016
256,30.0,open,16.643214400022583,0.000801435524060011,0.000801435524060011
256,30.0,open,16.947843553174174,0.0008014355240600016,0.0008014355240600016
256,30.0,open,17.25247270632576,0.0008014355240600016,0.0016028710481200033
256,30.0,open,17.557101859477353,0.000801435524060011,0.0
256,30.0,open,17.861731012628944,0.0008014355240600016,0.0008014355240600016
256,30.0,open,18.16636016578053,0.0,0.0008014355240600016
256,30.0,open,18.470989318932123,0.0,0.000801435524060011
256,30.0,open,18.775618472083714,0.0016028710481200033,0.0
256,30.0,open,19.0802476252353,0.0,0.000801435524060011
256,30.0,open,19.38487677838689,0.002404306572180005,0.0008014355240600016
256,30.0,open,19.689505931538484,0.0008014355240600016,0.002404306572180005
256,30.0,open,19.994135084690072,0.000801435524060011,0.000801435524060011
256,30.0,open,20.29876423784166,0.0008014355240600016,0.0
256,30.0,open,20.60339339099325,0.0,0.000801435524060011
256,30.0,open,20.908022544144842,0.0016028710481200033,0.0
256,30.0,open,21.21265169729643,0.0,0.0008014355240600016
256,30.0,open,21.51728085044802,0.0,0.0
256,30.0,open,21.821910003599612,0.0,0.0
256,30.0,open,22.1265391567512,0.0,0.0
256,30.0,open,22.43116830990279,0.0,0.0
256,30.0,open,22.735797463054382,0.0,0.0
256,30.0,open,23.04042661620597,0.0,0.0
256,30.0,open,23.34505576935756,0.0,0.0
256,30.0,open,23.649684922509152,0.0008014355240600016,0.0
256,30.0,open,23.95431407566074,0.0,0.0
256,30.0,open,24.258943228812328,0.0008014355240600016,0.0008014355240600016
256,30.0,corrected,0.19653304333833257,1.2819688240503964,1.274142396553141
256,30.0,corrected,0.508476934833684,0.7568155389845748,0.7552502534851238
256,30.0,corrected,0.8204208263290352,0.3553198083753845,0.3498413091273059
256,30.0,corrected,1.1323647178243865,0.2418366096651846,0.2410539669154591
256,30.0,corrected,1.4443086093197381,0.1463541941986716,0.14948476519757367
256,30.0,corrected,1.7562525008150893,0.1009609147145917,0.10330884296376826
256,30.0,corrected,2.0681963923104405,0.05869820622941374,0.05713292072996271
256,30.0,corrected,2.380140283805792,0.05556763523051172,0.0547849924807862
256,30.0,corrected,2.692084175301143,0.03287099548847172,0.03913213748627586
256,30.0,corrected,3.0040280667964945,0.024261925241490997,0.02582721074094203
256,30.0,corrected,3.315971958291846,0.01956606874313793,0.020348711492863446
256,30.0,corrected,3.627915849787197,0.02113135424258896,0.01878342599341241
256,30.0,corrected,3.9398597412825485,0.00782642749725516,0.010956998496157224
256,30.0,corrected,4.2518036327779,0.010174355746431708,0.010956998496157224
256,30.0,corrected,4.563747524273252,0.007043784747529664,0.007826427497255182
256,30.0,corrected,4.875691415768602,0.009391712996706192,0.010174355746431708
256,30.0,corrected,5.187635307263954,0.006261141997804128,0.005478499248078612
256,30.0,corrected,5.499579198759305,0.006261141997804146,0.00469585649835311
256,30.0,corrected,5.811523090254656,0.002347928249176548,0.004695856498353096
256,30.0,corrected,6.123466981750008,0.003130570998902064,0.001565285499451032
256,30.0,corrected,6.43541087324536,0.003130570998902073,0.006261141997804146
256,30.0,corrected,6.74735476474071,0.000782642749725516,0.0
256,30.0,corrected,7.059298656236062,0.003130570998902064,0.001565285499451032
256,30.0,corrected,7.371242547731413,0.0007826427497255183,0.0007826427497255183
256,30.0,corrected,7.683186439226764,0.001565285499451032,0.000782642749725516
256,30.0,corrected,7.995130330722116,0.0031305709989020553,0.0023479282491765414
256,30.0,corrected,8.30707422221747,0.003130570998902064,0.005478499248078612
256,30.0,corrected,8.61901811371282,0.002347928249176548,0.001565285499451032
256,30.0,corrected,8.93096200520817,0.0007826427497255204,0.0007826427497255204
256,30.0,corrected,9.242905896703522,0.0,0.002347928249176548
256,30.0,corrected,9.554849788198872,0.001565285499451032,0.001565285499451032
256,30.0,corrected,9.866793679694226,0.003130570998902064,0.001565285499451032
256,30.0,corrected,10.178737571189576,0.001565285499451032,0.001565285499451032
256,30.0,corrected,10.490681462684929,0.000782642749725516,0.001565285499451032
256,30.0,corrected,10.802625354180279,0.000782642749725516,0.000782642749725516
256,30.0,corrected,11.11456924567563,0.0015652854994510409,0.0015652854994510409
256,30.0,corrected,11.426513137170982,0.000782642749725516,0.001565285499451032
256,30.0,corrected,11.738457028666332,0.002347928249176548,0.0
256,30.0,corrected,12.050400920161685,0.0,0.001565285499451032
256,30.0,corrected,12.362344811657035,0.000782642749725516,0.000782642749725516
256,30.0,corrected,12.674288703152389,0.000782642749725516,0.0
256,30.0,corrected,12.986232594647738,0.0007826427497255204,0.0
256,30.0,corrected,13.298176486143088,0.000782642749725516,0.002347928249176548
256,30.0,corrected,13.610120377638442,0.001565285499451032,0.000782642749725516
256,30.0,corrected,13.922064269133791,0.000782642749725516,0.001565285499451032
256,30.0,corrected,14.234008160629145,0.001565285499451032,0.000782642749725516
256,30.0,corrected,14.545952052124495,0.001565285499451032,0.001565285499451032
256,30.0,corrected,14.857895943619846,0.0007826427497255204,0.0015652854994510409
256,30.0,corrected,15.169839835115198,0.000782642749725516,0.0
256,30.0,corrected,15.481783726610548,0.000782642749725516,0.000782642749725516
256,30.0,corrected,15.793727618105901,0.000782642749725516,0.000782642749725516
256,30.0,corrected,16.10567150960125,0.001565285499451032,0.002347928249176548
256,30.0,corrected,16.417615401096604,0.0,0.0
256,30.0,corrected,16.729559292591954,0.0007826427497255116,0.0
256,30.0,corrected,17.041503184087304,0.0007826427497255204,0.0007826427497255204
256,30.0,corrected,17.353447075582658,0.001565285499451023,0.0007826427497255116
256,30.0,corrected,17.66539096707801,0.0007826427497255204,0.0
256,30.0,corrected,17.977334858573357,0.0,0.0007826427497255204
256,30.0,corrected,18.28927875006871,0.0,0.0007826427497255116
256,30.0,corrected,18.601222641564064,0.0015652854994510409,0.0007826427497255204
256,30.0,corrected,18.913166533059414,0.0,0.001565285499451023
256,30.0,corrected,19.225110424554764,0.0007826427497255204,0.0015652854994510409
256,30.0,corrected,19.537054316050117,0.001565285499451023,0.0007826427497255116
256,30.0,corrected,19.84899820754547,0.0015652854994510409,0.0007826427497255204
256,30.0,corrected,20.160942099040817,0.0007826427497255204,0.0015652854994510409
256,30.0,corrected,20.47288599053617,0.0,0.0
256,30.0,corrected,20.784829882031524,0.0007826427497255204,0.0
256,30.0,corrected,21.096773773526873,0.0007826427497255116,0.0007826427497255116
256,30.0,corrected,21.408717665022223,0.0,0.0
256,30.0,corrected,21.720661556517577,0.0,0.0007826427497255116
256,30.0,corrected,22.03260544801293,0.0,0.0
256,30.0,corrected,22.344549339508276,0.0,0.0
256,30.0,corrected,22.65649323100363,0.0,0.0
256,30.0,corrected,22.968437122498983,0.0,0.0
256,30.0,corrected,23.280381013994333,0.0,0.0
256,30.0,corrected,23.592324905489683,0.0007826427497255204,0.0
256,30.0,corrected,23.904268796985036,0.0,0.0
256,30.0,corrected,24.216212688480386,0.0,0.0007826427497255116
256,30.0,corrected,24.528156579975736,0.0007826427497255204,0.0
256,30.0,corrected,24.84010047147109,0.0,0.0007826427497255116
512,30.0,open,0.20475379856934828,1.1826463843652075,1.2000801006208919
512,30.0,open,0.5478502000924418,0.6603464769500076,0.6639043782266778
512,30.0,open,0.8909466016155354,0.3522322263903595,0.3426258929433497
512,30.0,open,1.234043003138629,0.2223688297918937,0.20956038519588063
512,30.0,open,1.5771394046617224,0.11634337174711878,0.11812232238545393
512,30.0,open,1.920235806184816,0.08894753191675749,0.07934119846974767
512,30.0,open,2.2633322077079097,0.05479167966072261,0.060484321703395086
512,30.0,open,2.6064286092310027,0.05087798825638528,0.04340639557537765
512,30.0,open,2.9495250107540967,0.03202111149003269,0.04020428442637438
512,30.0,open,3.2926214122771897,0.022770568170689915,0.023126358298356946
512,30.0,open,3.6357178138002837,0.017789506383351496,0.017077926128017437
512,30.0,open,3.9788142153233768,0.014231605106681216,0.012808444596013093
512,30.0,open,4.32191061684647,0.013164234723680125,0.007471592681007638
512,30.0,open,4.665007018369563,0.008894753191675736,0.011385284085344944
512,30.0,open,5.008103419892658,0.007471592681007618,0.00676001242567356
512,30.0,open,5.351199821415751,0.006048432170339516,0.0056926420426724866
512,30.0,open,5.694296222938844,0.0032021111490032734,0.0042694815320043645
512,30.0,open,6.037392624461937,0.003913691404337324,0.004625271659671383
512,30.0,open,6.380489025985032,0.002846321021336236,0.004625271659671383
512,30.0,open,6.723585427508125,0.0024905308936692128,0.004625271659671395
512,30.0,open,7.066681829031218,0.0024905308936692128,0.0028463210213362433
512,30.0,open,7.409778230554311,0.000711580255334059,0.002846321021336236
512,30.0,open,7.752874632077406,0.0024905308936692063,0.002846321021336236
512,30.0,open,8.095971033600499,0.002846321021336236,0.003202111149003265
512,30.0,open,8.439067435123594,0.0032021111490032734,0.0021347407660021822
512,30.0,open,8.782163836646685,0.0032021111490032734,0.0032021111490032734
512,30.0,open,9.12526023816978,0.0,0.0007115802553340571
512,30.0,open,9.468356639692875,0.0003557901276670304,0.003557901276670304
512,30.0,open,9.811453041215966,0.0028463210213362433,0.0021347407660021822
512,30.0,open,10.15454944273906,0.0017789506383351426,0.0014231605106681143
512,30.0,open,10.497645844262156,0.0007115802553340608,0.0032021111490032734
512,30.0,open,10.840742245785247,0.0003557901276670304,0.0003557901276670304
512,30.0,open,11.183838647308342,0.0024905308936692128,0.0014231605106681216
512,30.0,open,11.526935048831433,0.001778950638335152,0.001778950638335152
512,30.0,open,11.870031450354528,0.0010673703830010857,0.0017789506383351426
512,30.0,open,12.213127851877623,0.0021347407660021822,0.0003557901276670304
512,30.0,open,12.556224253400714,0.0014231605106681216,0.0014231605106681216
512,30.0,open,12.899320654923809,0.0007115802553340571,0.0
512,30.0,open,13.242417056446904,0.0010673703830010911,0.0014231605106681216
512,30.0,open,13.585513457969995,0.0014231605106681216,0.0014231605106681216
512,30.0,open,13.92860985949309,0.0003557901276670304,0.0007115802553340608
512,30.0,open,14.271706261016181,0.0010673703830010911,0.0007115802553340608
512,30.0,open,14.614802662539276,0.0017789506383351426,0.00035579012766702857
512,30.0,open,14.95789906406237,0.0007115802553340608,0.0010673703830010911
512,30.0,open,15.300995465585462,0.0007115802553340608,0.0
512,30.0,open,15.644091867108557,0.0017789506383351426,0.0007115802553340571
512,30.0,open,15.987188268631648,0.0014231605106681364,0.0007115802553340682
512,30.0,open,16.33028467015474,0.0,0.00035579012766702857
512,30.0,open,16.673381071677838,0.00035579012766702857,0.0017789506383351426
512,30.0,open,17.01647747320093,0.0010673703830010968,0.0
512,30.0,open,17.35957387472402,0.0010673703830010857,0.0010673703830010857
512,30.0,open,17.702670276247115,0.00035579012766703225,0.0007115802553340645
512,30.0,open,18.04576667777021,0.0,0.0007115802553340571
512,30.0,open,18.3888630792933,0.0,0.0010673703830010857
512,30.0,open,18.731959480816396,0.0010673703830010968,0.00035579012766703225
512,30.0,open,19.07505588233949,0.00035579012766702857,0.0007115802553340571
512,30.0,open,19.418152283862582,0.0010673703830010857,0.0
512,30.0,open,19.761248685385677,0.0007115802553340645,0.0
512,30.0,open,20.104345086908772,0.0010673703830010857,0.0
512,30.0,open,20.447441488431863,0.0,0.0007115802553340571
512,30.0,open,20.790537889954958,0.0007115802553340645,0.0
512,30.0,open,21.133634291478053,0.0007115802553340571,0.00035579012766702857
512,30.0,open,21.476730693001144,0.0,0.00035579012766703225
512,30.0,open,21.819827094524236,0.0,0.0007115802553340571
512,30.0,open,22.162923496047334,0.0,0.00035579012766702857
512,30.0,open,22.506019897570425,0.0,0.00035579012766703225
512,30.0,open,22.849116299093517,0.0,0.0
512,30.0,open,23.19221270061661,0.0,0.0
512,30.0,open,23.535309102139706,0.0007115802553340571,0.00035579012766702857
512,30.0,open,23.878405503662798,0.0,0.0010673703830010857
512,30.0,open,24.221501905185892,0.0,0.00035579012766703225
512,30.0,open,24.564598306708987,0.00035579012766702857,0.0
512,30.0,open,24.90769470823208,0.0,0.00035579012766702857
512,30.0,open,25.250791109755173,0.0007115802553340645,0.0
512,30.0,open,25.593887511278268,0.0,0.0
512,30.0,open,25.93698391280136,0.0,0.0
512,30.0,open,26.280080314324454,0.0,0.0
512,30.0,open,26.62317671584755,0.0,0.0
512,30.0,open,26.96627311737064,0.0,0.0
512,30.0,open,27.30936951889373,0.0,0.00035579012766702857
512,30.0,corrected,0.19110687917215033,1.1905442374421944,1.191695263130988
512,30.0,corrected,0.5092674042285672,0.7167053288888234,0.7101828499856597
512,30.0,corrected,0.827427929284984,0.38559360574586055,0.38405890482746907
512,30.0,corrected,1.1455884543414008,0.2589807799785632,0.2593644552081611
512,30.0,corrected,1.4637489793978176,0.13965778357362515,0.13658838173684218
512,30.0,corrected,1.7819095044542346,0.09745350831785925,0.1020576110730337
512,30.0,corrected,2.1000700295106514,0.06791051563882322,0.06867786609801897
512,30.0,corrected,2.418230554567068,0.05716760921008283,0.05448188260289773
512,30.0,corrected,2.736391079623485,0.039518548648580745,0.04182060002616797
512,30.0,corrected,3.0545516046799017,0.028775642219840348,0.03222871928622119
512,30.0,corrected,3.3727121297363185,0.024555214694263763,0.022253163316676535
512,30.0,corrected,3.6908726547927353,0.014579658724719089,0.017265385331904186
512,30.0,corrected,4.009033179849153,0.015347009183914831,0.013428633035925477
512,30.0,corrected,4.32719370490557,0.013428633035925496,0.013812308265523368
512,30.0,corrected,4.6453542299619865,0.008440855051153169,0.008440855051153169
512,30.0,corrected,4.963514755018403,0.006906154132761684,0.007289829362359555
512,30.0,corrected,5.28167528007482,0.008057179821555297,0.008057179821555297
512,30.0,corrected,5.599835805131237,0.003836752295978713,0.004987777984772327
512,30.0,corrected,5.917996330187654,0.002302051377587228,0.002302051377587228
512,30.0,corrected,6.2361568552440705,0.004987777984772327,0.004604102755174456
512,30.0,corrected,6.554317380300487,0.001151025688793614,0.002302051377587228
512,30.0,corrected,6.872477905356904,0.0030694018367829704,0.0019183761479893565
512,30.0,corrected,7.190638430413321,0.0015347009183914852,0.002302051377587228
512,30.0,corrected,7.508798955469738,0.0007673504591957404,0.0011510256887936107
512,30.0,corrected,7.826959480526155,0.0030694018367829704,0.0015347009183914852
512,30.0,corrected,8.145120005582571,0.0026857266071851067,0.0034530770663808515
512,30.0,corrected,8.463280530638988,0.003453077066380842,0.0030694018367829704
512,30.0,corrected,8.781441055695405,0.003453077066380842,0.0026857266071850993
512,30.0,corrected,9.099601580751822,0.0,0.0019183761479893565
512,30.0,corrected,9.417762105808238,0.0003836752295978713,0.0007673504591957426
512,30.0,corrected,9.735922630864655,0.0026857266071850993,0.0015347009183914852
512,30.0,corrected,10.054083155921072,0.0015347009183914852,0.0019183761479893565
512,30.0,corrected,10.372243680977489,0.0015347009183914852,0.001151025688793614
512,30.0,corrected,10.690404206033906,0.0003836752295978713,0.0015347009183914852
512,30.0,corrected,11.008564731090322,0.0015347009183914852,0.0
512,30.0,corrected,11.326725256146739,0.0015347009183914852,0.0026857266071850993
512,30.0,corrected,11.644885781203156,0.002302051377587228,0.0015347009183914852
512,30.0,corrected,11.963046306259573,0.0003836752295978713,0.0015347009183914852
512,30.0,corrected,12.28120683131599,0.0026857266071850993,0.0015347009183914852
512,30.0,corrected,12.599367356372406,0.001151025688793614,0.001151025688793614
512,30.0,corrected,12.917527881428823,0.0007673504591957426,0.0007673504591957426
512,30.0,corrected,13.23568840648524,0.0007673504591957426,0.001151025688793614
512,30.0,corrected,13.553848931541657,0.0015347009183914852,0.0015347009183914852
512,30.0,corrected,13.872009456598073,0.0007673504591957426,0.001151025688793614
512,30.0,corrected,14.19016998165449,0.0003836752295978713,0.0
512,30.0,corrected,14.508330506710907,0.0015347009183914852,0.0015347009183914852
512,30.0,corrected,14.826491031767324,0.0019183761479893565,0.0019183761479893565
512,30.0,corrected,15.144651556823742,0.0003836752295978692,0.0003836752295978692
512,30.0,corrected,15.462812081880159,0.001151025688793614,0.0003836752295978713
512,30.0,corrected,15.780972606936576,0.0015347009183914852,0.0015347009183914852
512,30.0,corrected,16.099133131992993,0.0011510256887936076,0.0015347009183914768
512,30.0,corrected,16.417293657049413,0.0,0.0015347009183914852
512,30.0,corrected,16.735454182105826,0.0007673504591957426,0.0
512,30.0,corrected,17.053614707162247,0.0007673504591957426,0.0003836752295978713
512,30.0,corrected,17.37177523221866,0.001151025688793614,0.001151025688793614
512,30.0,corrected,17.68993575727508,0.0003836752295978713,0.0003836752295978713
512,30.0,corrected,18.008096282331493,0.0,0.0003836752295978713
512,30.0,corrected,18.326256807387914,0.0,0.0
512,30.0,corrected,18.644417332444327,0.0007673504591957426,0.0007673504591957426
512,30.0,corrected,18.962577857500747,0.0003836752295978713,0.0
512,30.0,corrected,19.28073838255716,0.0007673504591957426,0.001151025688793614
512,30.0,corrected,19.59889890761358,0.0007673504591957426,0.0007673504591957426
512,30.0,corrected,19.917059432669994,0.0007673504591957426,0.0007673504591957426
512,30.0,corrected,20.235219957726414,0.001151025688793614,0.0003836752295978713
512,30.0,corrected,20.553380482782828,0.0003836752295978713,0.001151025688793614
512,30.0,corrected,20.871541007839248,0.0007673504591957426,0.0007673504591957426
512,30.0,corrected,21.18970153289566,0.0003836752295978713,0.0
512,30.0,corrected,21.50786205795208,0.0,0.0003836752295978713
512,30.0,corrected,21.826022583008495,0.0,0.0
512,30.0,corrected,22.144183108064915,0.0,0.0
512,30.0,corrected,22.46234363312133,0.0,0.0
512,30.0,corrected,22.78050415817775,0.0,0.0
512,30.0,corrected,23.098664683234162,0.0,0.0
512,30.0,corrected,23.416825208290582,0.0007673504591957426,0.0003836752295978713
512,30.0,corrected,23.734985733346996,0.0,0.0
512,30.0,corrected,24.053146258403416,0.0,0.0003836752295978713
512,30.0,corrected,24.37130678345983,0.0003836752295978713,0.0
512,30.0,corrected,24.68946730851625,0.0,0.0003836752295978713
512,30.0,corrected,25.007627833572663,0.0003836752295978713,0.0
512,30.0,corrected,25.325788358629083,0.0003836752295978713,0.0007673504591957426
