alpha,rho,N,Z,tau,reference_mode_amplitude,reference_max_intensity,open_field_error,corrected_field_error,open_intensity_error,corrected_intensity_error,reference_power_rel,open_power_rel,panel,g_theory,g_error,g_ratio,r2,n_points,scaled_error
0.8,0.3,128,0.0,0.0,4.999999999836233e-07,1.000002000001,0.0,0.0,0.0,0.0,0.0,0.0,open_errors,,,,,,
0.8,0.3,128,0.1,0.0299905656290821,5.004612102696646e-07,1.000002000900503,3.2568798479863355e-09,1.574006962686886e-10,1.4298840086768412e-11,2.053278067120952e-11,0.0,-2.2204460492492028e-16,open_errors,,,,,,
0.8,0.3,128,0.2,0.0599811312581643,5.018439524140961e-07,1.0000020035998234,6.516603134543162e-09,3.16044576753054e-10,5.722670822218272e-11,8.210539142371656e-11,0.0,-2.2204460492492028e-16,open_errors,,,,,,
0.8,0.3,128,0.3,0.0899716968872464,5.04145590470968e-07,1.0000020081013878,9.782015508611424e-09,4.771503513958447e-10,1.2887751975412807e-10,1.8464121793502583e-10,0.0,-2.2204460492492028e-16,open_errors,,,,,,
0.8,0.3,128,0.4,0.1199622625163286,5.073618307091374e-07,1.0000020144092467,1.3055967073078671e-08,6.418899727940486e-10,2.2940847372838338e-10,3.2801595286423687e-10,0.0,0.0,open_errors,,,,,,
0.8,0.3,128,0.5,0.1499528281454107,5.11486864935351e-07,1.000002022529073,1.6341314582460828e-08,8.113706185711079e-10,3.5903949569398893e-10,5.120640591038503e-10,0.0,-2.2204460492492028e-16,open_errors,,,,,,
0.8,0.3,128,0.6,0.1799433937744929,5.165135610242005e-07,1.000002032468171,1.964092368232597e-08,9.866221591709818e-10,5.180547158482749e-10,7.365853776780951e-10,-4.4408920984984055e-16,-2.2204460492492028e-16,open_errors,,,,,,
0.8,0.3,128,0.7000000000000001,0.209933959403575,5.224336905813301e-07,1.0000020442354816,2.29576711352737e-08,1.168591197316315e-09,7.068016038296028e-10,1.001354740360229e-09,-4.4408920984984055e-16,-2.2204460492492028e-16,open_errors,,,,,,
0.8,0.3,128,0.8,0.2399245250326572,5.292381838570586e-07,1.0000020578415882,2.6294447096301727e-08,1.3581415092995823e-09,9.256924969391995e-10,1.3061324760428298e-09,-4.4408920984984055e-16,-2.2204460492492028e-16,open_errors,,,,,,
0.8,0.3,128,0.9,0.2699150906617393,5.369174003275144e-07,1.00000207329873,2.9654157308302343e-08,1.5560606712283191e-09,1.1752055419995504e-09,1.6506755151065972e-09,0.0,-2.2204460492492028e-16,open_errors,,,,,,
0.8,0.3,128,1.0,0.2999056562908215,5.454614046779339e-07,1.0000020906208114,3.303972540586097e-08,1.763071901262144e-09,1.4558839405933324e-09,2.034749998722094e-09,-2.2204460492492028e-16,-2.2204460492492028e-16,open_errors,,,,,,
0.8,0.3,128,1.1,0.3298962219199037,5.548602384671444e-07,1.0000021098234133,3.6454095193871095e-08,1.979849987132708e-09,1.7683389455380362e-09,2.458142188853932e-09,0.0,-2.2204460492492028e-16,open_errors,,,,,,
0.8,0.3,128,1.2,0.3598867875489858,5.651041792769674e-07,1.0000021309238083,3.9900232905846324e-08,2.2070402021517275e-09,2.113249276320237e-09,2.9206713712474187e-09,0.0,-2.2204460492492028e-16,open_errors,,,,,,
0.8,0.3,128,1.3,0.389877353178068,5.761839812541723e-07,1.0000021539409758,4.3381129534298246e-08,2.445278572594394e-09,2.49136262321831e-09,3.422200944321433e-09,0.0,-2.2204460492492028e-16,open_errors,,,,,,
0.8,0.3,128,1.4,0.4198679188071501,5.880910921446808e-07,1.0000021788956217,4.6899803156752966e-08,2.695212295130458e-09,2.903497786998531e-09,3.962646078378315e-09,0.0,-2.2204460492492028e-16,open_errors,,,,,,
0.8,0.3,128,1.5,0.4498584844362322,6.008178438744337e-07,1.0000022058101914,5.045930126746021e-08,2.9575204246690914e-09,3.350544845741401e-09,4.5419855648239085e-09,0.0,-2.2204460492492028e-16,open_errors,,,,,,
0.8,0.3,128,1.6,0.4798490500653144,6.143576159909625e-07,1.0000022347088957,5.406270314635812e-08,3.2329316573193523e-09,3.833467227620611e-09,5.160266774110305e-09,0.0,-2.2204460492492028e-16,open_errors,,,,,,
0.8,0.3,128,1.7,0.5098396156943965,6.287049714315214e-07,1.000002265617728,5.77131222603492e-08,3.5222407431089927e-09,4.353303278208769e-09,5.817610868312127e-09,0.0,-2.2204460492492028e-16,open_errors,,,,,,
0.8,0.3,128,1.8,0.5398301813234787,6.438557660877991e-07,1.000002298564492,6.141370864154966e-08,3.826321629284532e-09,4.911167747736986e-09,6.5142172370390205e-09,0.0,-2.2204460492492028e-16,open_errors,,,,,,
0.8,0.3,128,1.9,0.5698207469525609,6.598072338066631e-07,1.0000023335788233,6.516765136943614e-08,4.146137508631227e-09,5.5082541165592835e-09,7.250364700635356e-09,0.0,-2.2204460492492028e-16,open_errors,,,,,,
0.8,0.3,128,2.0,0.599811312581643,6.765580495999224e-07,1.0000023706922172,6.897818101753119e-08,4.4827468603364314e-09,6.14583571758332e-09,8.026410081159008e-09,0.0,-2.2204460492492028e-16,open_errors,,,,,,
0.8,0.3,128,2.1,0.6298018782107252,6.941083732744246e-07,1.0000024099380578,7.284857215101622e-08,4.837306956733891e-09,6.825268573144946e-09,8.842787911958455e-09,0.0,0.0,open_errors,,,,,,
0.8,0.3,128,2.2,0.6597924438398074,7.124598765303913e-07,1.0000024513516466,7.678214586308224e-08,5.2110733568905614e-09,7.547993178464686e-09,9.700005882391697e-09,0.0,0.0,open_errors,,,,,,
0.8,0.3,128,2.3000000000000003,0.6897830094688895,7.316157562987448e-07,1.000002494970236,8.07822723562063e-08,5.60539651051378e-09,8.315536896648823e-09,1.059864063017068e-08,0.0,0.0,open_errors,,,,,,
0.8,0.3,128,2.4,0.7197735750979716,7.515807367225991e-07,1.000002540833061,8.485237351729058e-08,6.021715870064752e-09,9.129516678937481e-09,1.1539331569340522e-08,0.0,-2.2204460492492028e-16,open_errors,,,,,,
0.8,0.3,128,2.5,0.7497641407270538,7.723610622843445e-07,1.0000025889813762,8.89959255847807e-08,6.461552396754885e-09,9.991641405422845e-09,1.2522775710936764e-08,0.0,0.0,open_errors,,,,,,
0.8,0.3,128,2.6,0.779754706356136,7.939644842969148e-07,1.00000263945849,9.321646181087659e-08,6.926499106329537e-09,1.090371441049391e-08,1.3549720488172036e-08,0.0,-2.2204460492492028e-16,open_errors,,,,,,
0.8,0.3,128,2.7,0.8097452719852181,8.16400242482589e-07,1.0000026923098082,9.751757521489629e-08,7.418210849731714e-09,1.1867637036030456e-08,1.4620956527621652e-08,0.0,-2.2204460492492028e-16,open_errors,,,,,,
0.8,0.3,128,2.8000000000000003,0.8397358376143003,8.396790431974112e-07,1.00000274758287,1.0190292132530046e-07,7.938394847990665e-09,1.2885410808400512e-08,1.573731206674836e-08,0.0,-2.2204460492492028e-16,open_errors,,,,,,
0.8,0.3,128,2.9,0.8697264032433824,8.638130359518454e-07,1.0000028053273933,1.0637622101602189e-07,8.488801159198837e-09,1.3959140810440442e-08,1.6899647919995544e-08,-2.2204460492492028e-16,0.0,open_errors,,,,,,
0.8,0.3,128,3.0,0.8997169688724644,8.888157892483116e-07,1.0000028655953217,1.1094126338779205e-07,9.071213326305557e-09,1.50910404816459e-08,1.810884998340813e-08,0.0,-4.4408920984984055e-16,open_errors,,,,,,
0.8,0.3,128,3.1,0.9297075345015466,9.147022663367452e-07,1.0000029284408651,1.1560190866144182e-07,9.687442054415486e-09,1.6283432233352537e-08,1.936582776397512e-08,-2.2204460492492028e-16,0.0,open_errors,,,,,,
0.8,0.3,128,3.2,0.9596981001306288,9.414888020508072e-07,1.000002993920555,1.2036209116882848e-07,1.0339319271776866e-08,1.7538753448948512e-08,2.0671509520643853e-08,0.0,-2.2204460492492028e-16,open_errors,,,,,,
0.8,0.3,128,3.3000000000000003,0.989688665759711,9.69193081249815e-07,1.0000030620932894,1.2522582240471817e-07,1.1028693963684934e-08,1.885955921452645e-08,2.20268408724422e-08,-2.2204460492492028e-16,-2.2204460492492028e-16,open_errors,,,,,,
0.8,0.3,128,3.4,1.019679231388793,9.978341189422952e-07,1.0000031330203911,1.301971940805973e-07,1.1757430249696489e-08,2.0248526329018625e-08,2.3432783485744403e-08,0.0,0.0,open_errors,,,,,,
0.8,0.3,128,3.5,1.0496697970178752,1.027432243012003e-06,1.00000320676566,1.3528038135221373e-07,1.2527406505749498e-08,2.1708458593094923e-08,2.4890315630871765e-08,-4.4408920984984055e-16,0.0,open_errors,,,,,,
0.8,0.3,128,3.6,1.0796603626469574,1.0580090791246353e-06,1.0000032833954298,1.4047964595799604e-07,1.3340516150583522e-08,2.3242289142532325e-08,2.640043211623329e-08,0.0,-2.2204460492492028e-16,open_errors,,,,,,
0.8,0.3,128,3.7,1.1096509282760396,1.0895875385767568e-06,1.0000033629786305,1.4579933955778348e-07,1.4198669586635771e-08,2.4853086095725693e-08,2.7964147632060917e-08,0.0,-2.2204460492492028e-16,open_errors,,,,,,
0.8,0.3,128,3.8,1.1396414939051218,1.1221918088396624e-06,1.0000034455868476,1.5124390712408496e-07,1.5103796819504537e-08,2.654405718596656e-08,2.9582497259852287e-08,0.0,-2.2204460492492028e-16,open_errors,,,,,,
0.8,0.3,128,3.9,1.1696320595342038,1.155847346903189e-06,1.0000035312943885,1.5681789032632142e-07,1.605785082022341e-08,2.8318555083631994e-08,3.125654049014464e-08,-4.4408920984984055e-16,-2.2204460492492028e-16,open_errors,,,,,,
0.8,0.3,128,4.0,1.199622625163286,1.1905808754311392e-06,1.000003620178347,1.6252593105065148e-07,1.7062811424483396e-08,3.018008088983411e-08,3.298736405572103e-08,-4.4408920984984055e-16,0.0,open_errors,,,,,,
0.8,0.3,128,4.1,1.229613190792368,1.2264203818624845e-06,1.0000037123186751,1.6837277504328592e-07,1.8120688798759782e-08,3.2132291557435615e-08,3.477608492797349e-08,0.0,-2.2204460492492028e-16,open_errors,,,,,,
0.8,0.3,128,4.2,1.2596037564214504,1.2633951202630297e-06,1.0000038077982552,1.7436327553604578e-07,1.923352716312969e-08,3.4179003320748675e-08,3.6623853215251196e-08,0.0,-2.2204460492492028e-16,open_errors,,,,,,
0.8,0.3,128,4.3,1.2895943220505324,1.3015356158857458e-06,1.000003906702971,1.805023970561098e-07,2.0403408044521e-08,3.6324199287193954e-08,3.853185486946393e-08,-4.4408920984984055e-16,-2.2204460492492028e-16,open_errors,,,,,,
0.8,0.3,128,4.4,1.3195848876796148,1.340873672451267e-06,1.0000040091217886,1.867952192454197e-07,2.1632453180512833e-08,3.857203385226907e-08,4.050131372576277e-08,-2.2204460492492028e-16,-2.2204460492492028e-16,open_errors,,,,,,
0.8,0.3,128,4.5,1.3495754533086968,1.3814423820737594e-06,1.0000041151468348,1.932469408521128e-07,2.2922827038554336e-08,4.092683997534784e-08,4.2533493702241456e-08,0.0,-2.2204460492492028e-16,open_errors,,,,,,
0.8,0.3,128,4.6000000000000005,1.379566018937779,1.4232761376738015e-06,1.0000042248734806,1.9986288374920537e-07,2.4276738878266336e-08,4.339313482540677e-08,4.4629700026406855e-08,0.0,-2.2204460492492028e-16,open_errors,,,,,,
0.8,0.3,128,4.7,1.4095565845668612,1.4664106479872334e-06,1.0000043384004258,2.066484970833176e-07,2.5696443988023043e-08,4.5975626947209854e-08,4.6791278626342e-08,0.0,-2.2204460492492028e-16,open_errors,,,,,,
0.8,0.3,128,4.8,1.4395471501959431,1.510882954951485e-06,1.0000044558297896,2.136093615645447e-07,2.7184245057343607e-08,4.867922308422852e-08,4.90196173427151e-08,0.0,-2.2204460492492028e-16,open_errors,,,,,,
0.8,0.3,128,4.9,1.4695377158250251,1.556731453312202e-06,1.0000045772672006,2.2075119377544625e-07,2.8742493055928625e-08,5.150903528128288e-08,5.131614458629649e-08,-2.2204460492492028e-16,-2.2204460492492028e-16,open_errors,,,,,,
0.8,0.3,128,5.0,1.4995282814541075,1.603995912796058e-06,1.0000047028218944,2.2807985071750123e-07,3.0373587681268264e-08,5.4470388591939475e-08,5.3682328706828576e-08,-4.4408920984984055e-16,0.0,open_errors,,,,,,
0.8,0.3,128,5.1000000000000005,1.5295188470831895,1.6527175022835924e-06,1.0000048326068085,2.356013343540448e-07,3.2079977991208175e-08,5.7568828954097815e-08,5.611967523329123e-08,-2.2204460492492028e-16,-2.2204460492492028e-16,open_errors,,,,,,
0.8,0.3,128,5.2,1.559509412712272,1.7029388163283257e-06,1.0000049667386857,2.433217963634432e-07,3.3864162998548576e-08,6.081013068992531e-08,5.862972723888764e-08,-4.4408920984984055e-16,-4.4408920984984055e-16,open_errors,,,,,,
0.8,0.3,128,5.3,1.589499978341354,1.7547039036708628e-06,1.000005105338179,2.512475429346745e-07,3.572869224551522e-08,6.420030519000475e-08,6.12140610543907e-08,-4.4408920984984055e-16,-2.2204460492492028e-16,open_errors,,,,,,
0.8,0.3,128,5.4,1.619490543970436,1.8080582980278208e-06,1.0000052485299615,2.593850397974544e-07,3.7676166541237886e-08,6.774560992016482e-08,6.387428583682613e-08,-4.4408920984984055e-16,-2.2204460492492028e-16,open_errors,,,,,,
0.8,0.3,128,5.5,1.6494811095995183,1.8630490508635368e-06,1.0000053964428353,2.677409173239472e-07,3.9709239219943045e-08,7.14525575751498e-08,6.66120410384834e-08,-4.4408920984984055e-16,0.0,open_errors,,,,,,
0.8,0.3,128,5.6000000000000005,1.6794716752286003,1.91972476621136e-06,1.000005549209851,2.76321975746194e-07,4.18306173508626e-08,7.532792465071906e-08,6.942899505061808e-08,-4.4408920984984055e-16,-2.2204460492492028e-16,open_errors,,,,,,
0.8,0.3,128,5.7,1.7094622408576825,1.9781356374533225e-06,1.000005706968424,2.851351905606655e-07,4.4043063382628535e-08,7.937876151968545e-08,7.232684282130925e-08,-4.4408920984984055e-16,-2.2204460492492028e-16,open_errors,,,,,,
0.8,0.3,128,5.8,1.7394528064867647,2.0383334862880477e-06,1.000005869860461,2.941877181200252e-07,4.6349397345667864e-08,8.361240290871044e-08,7.530730677485826e-08,-4.4408920984984055e-16,-2.2204460492492028e-16,open_errors,,,,,,
0.8,0.3,128,5.9,1.769443372115847,2.10037180353883e-06,1.0000060380324856,3.034869013052032e-07,4.875249869101815e-08,8.803647844222344e-08,7.837213346600509e-08,-4.4408920984984055e-16,-2.2204460492492028e-16,open_errors,,,,,,
0.8,0.3,128,6.0,1.7994339377449289,2.164305791948165e-06,1.0000062116357715,3.130402753740235e-07,5.1255308986008975e-08,9.265892260972021e-08,8.15230951952953e-08,-4.4408920984984055e-16,-2.2204460492492028e-16,open_errors,,,,,,
0.8,0.3,128,6.1000000000000005,1.8294245033740115,2.2301924110609296e-06,1.0000063908264776,3.2285557404688026e-07,5.3860834606110726e-08,9.74879870175946e-08,8.476198923322512e-08,-4.4408920984984055e-16,-2.2204460492492028e-16,open_errors,,,,,,
0.8,0.3,128,6.2,1.8594150690030933,2.298090423988841e-06,1.0000065757657894,3.3294073565559e-07,5.657214956008584e-08,1.0253225141235685e-07,8.809063841798315e-08,-4.4408920984984055e-16,0.0,open_errors,,,,,,
0.8,0.3,128,6.3,1.8894056346321757,2.3680604462869067e-06,1.000006766620062,3.433039096204707e-07,5.939239823869594e-08,1.078006368824487e-07,9.151089192084645e-08,-2.2204460492492028e-16,0.0,open_errors,,,,,,
0.8,0.3,128,6.4,1.9193962002612577,2.440164996705409e-06,1.0000069635609727,3.539534629225499e-07,6.23247984187876e-08,1.1330241675445327e-07,9.502462601028373e-08,-4.4408920984984055e-16,0.0,open_errors,,,,,,
0.8,0.3,128,6.5,1.94938676589034,2.514468550081796e-06,1.0000071667656736,3.648979869212213e-07,6.537264397898755e-08,1.1904723106254874e-07,9.863374486222258e-08,-4.4408920984984055e-16,-2.2204460492492028e-16,open_errors,,,,,,
0.8,0.3,128,6.6000000000000005,1.979377331519422,2.591037592216707e-06,1.0000073764169506,3.761463043365591e-07,6.853930774754328e-08,1.2504509927770413e-07,1.023401824332056e-07,-4.4408920984984055e-16,-2.2204460492492028e-16,open_errors,,,,,,
0.8,0.3,128,6.7,2.009367897148504,2.6699406768865265e-06,1.000007592703389,3.8770747641583444e-07,7.182824381398934e-08,1.313064350530346e-07,1.0614590200759328e-07,-4.4408920984984055e-16,-2.2204460492492028e-16,open_errors,,,,,,
0.8,0.3,128,6.8,2.039358462777586,2.751248484889864e-06,1.0000078158195436,3.995908103245351e-07,7.524299030111997e-08,1.378420600346027e-07,1.1005289899144649e-07,-4.4408920984984055e-16,-2.2204460492492028e-16,open_errors,,,,,,
0.8,0.3,128,6.9,2.0693490284066685,2.8350338852050484e-06,1.0000080459661107,4.118058667252617e-07,7.878717123324458e-08,1.4466321923419744e-07,1.1406319988343145e-07,-4.4408920984984055e-16,-2.2204460492492028e-16,open_errors,,,,,,
0.8,0.3,128,7.0,2.0993395940357504,2.921371998491328e-06,1.0000082833501125,4.24362467684638e-07,8.246449857179238e-08,1.5178159710389012e-07,1.1817886320475484e-07,-4.4408920984984055e-16,-2.2204460492492028e-16,open_errors,,,,,,
0.8,0.3,128,7.1000000000000005,2.129330159664833,3.0103402625917384e-06,1.0000085281850812,4.372707047045915e-07,8.627877418672505e-08,1.592093329447896e-07,1.224019795909862e-07,-4.4408920984984055e-16,-2.2204460492492028e-16,open_errors,,,,,,
0.8,0.3,128,7.2,2.159320725293915,3.102018500357014e-06,1.00000878069125,4.505409470477594e-07,9.023389147305427e-08,1.6695903791905066e-07,1.267346721799192e-07,-4.4408920984984055e-16,-2.2204460492492028e-16,open_errors,,,,,,
0.8,0.3,128,7.3,2.189311290922997,3.1964889899055112e-06,1.0000090410957547,4.641838504057952e-07,9.433383668278449e-08,1.750438131947907e-07,1.3117909416522657e-07,-4.4408920984984055e-16,-2.2204460492492028e-16,open_errors,,,,,,
0.8,0.3,128,7.4,2.2193018565520792,3.2938365370197062e-06,1.000009309632834,4.782103656373985e-07,9.85826905774492e-08,1.8347726738348941e-07,1.3573742909546216e-07,-6.661338147747608e-16,-2.2204460492492028e-16,open_errors,,,,,,
0.8,0.3,128,7.5,2.249292422181161,3.394148550069238e-06,1.0000095865440457,4.926317479112458e-07,1.0298462967897701e-07,1.9227353469119773e-07,1.404118887615439e-07,-4.4408920984984055e-16,-2.2204460492492028e-16,open_errors,,,,,,
0.8,0.3,128,7.6,2.279282987810244,3.4975151173921107e-06,1.0000098720784758,5.074595661959118e-07,1.0754392791377635e-07,2.014472952906184e-07,1.4520471247214738e-07,-4.4408920984984055e-16,-2.2204460492492028e-16,open_errors,,,,,,
0.8,0.3,128,7.7,2.3092735534393256,3.6040290871642654e-06,1.000010166492971,5.227057128647969e-07,1.1226495768947102e-07,2.1101379494856595e-07,1.5011816348334117e-07,-4.4408920984984055e-16,-2.2204460492492028e-16,open_errors,,,,,,
0.8,0.3,128,7.8,2.339264119068408,3.713786149879753e-06,1.0000104700523649,5.383824137811807e-07,1.1715219171263174e-07,2.2098886595392025e-07,1.551545285066452e-07,-8.881784196996811e-16,-2.2204460492492028e-16,open_errors,,,,,,
0.8,0.3,128,7.9,2.36925468469749,3.826884923393645e-06,1.0000107830297158,5.545022385271132e-07,1.2221020456850237e-07,2.313889484626555e-07,1.6031611408814345e-07,-6.661338147747608e-16,-4.4408920984984055e-16,open_errors,,,,,,
0.8,0.3,128,8.0,2.399245250326572,3.943427040849342e-06,1.0000111057065566,5.710781111617096e-07,1.2744367439528846e-07,2.4223111346683573e-07,1.656052451150117e-07,-8.881784196996811e-16,-4.4408920984984055e-16,open_errors,,,,,,
0.8,0.3,128,8.1,2.429235815955654,4.06351724120367e-06,1.0000114383731442,5.881233211459501e-07,1.328573850138195e-07,2.535330849390364e-07,1.7102426255824078e-07,-8.881784196996811e-16,-2.2204460492492028e-16,open_errors,,,,,,
0.8,0.3,128,8.2,2.459226381584736,4.187263462757683e-06,1.000011781328721,6.056515346563693e-07,1.3845622780780376e-07,2.6531326476606535e-07,1.765755204115474e-07,-6.661338147747608e-16,-2.2204460492492028e-16,open_errors,,,,,,
0.8,0.3,128,8.3,2.489216947213819,4.314776939540735e-06,1.000012134881786,6.236768063292033e-07,1.442452043127871e-07,2.775907569936715e-07,1.8226138468977642e-07,-6.661338147747608e-16,-2.2204460492492028e-16,open_errors,,,,,,
0.8,0.3,128,8.4,2.519207512842901,4.44617230076043e-06,1.0000124993503698,6.422135913283431e-07,1.502294282205051e-07,2.903853936868727e-07,1.88084230315252e-07,-6.661338147747608e-16,-2.2204460492492028e-16,open_errors,,,,,,
0.8,0.3,128,8.5,2.5491980784719828,4.581567673357453e-06,1.0000128750623256,6.612767578033842e-07,1.5641412816658253e-07,3.03717761748128e-07,1.9404643994799734e-07,-6.661338147747608e-16,-2.2204460492492028e-16,open_errors,,,,,,
0.8,0.3,128,8.6,2.5791886441010647,4.721084787760296e-06,1.000013262355617,6.808815998155349e-07,1.628046502241959e-07,3.176092308164265e-07,2.0015040170857242e-07,-6.661338147747608e-16,-2.2204460492492028e-16,open_errors,,,,,,
0.8,0.3,128,8.700000000000001,2.609179209730147,4.864849086865116e-06,1.0000136615786273,7.010438505339922e-07,1.6940646053521273e-07,3.320819809634394e-07,2.0639850741823253e-07,-6.661338147747608e-16,-4.4408920984984055e-16,open_errors,,,,,,
0.8,0.3,128,8.8,2.6391697753592296,5.012989838496114e-06,1.0000140730904714,7.217796960476529e-07,1.762251482947716e-07,3.471590334785714e-07,2.1279315210636178e-07,-6.661338147747608e-16,-2.2204460492492028e-16,open_errors,,,,,,
0.8,0.3,128,8.9,2.669160340988312,5.165640251268767e-06,1.0000144972613187,7.431057894834162e-07,1.8326642795455894e-07,3.628642805315527e-07,2.193367306697581e-07,-6.661338147747608e-16,-2.2204460492492028e-16,open_errors,,,,,,
0.8,0.3,128,9.0,2.699150906617393,5.3229375940458364e-06,1.0000149344727267,7.650392657192976e-07,1.9053614226840258e-07,3.792225182232387e-07,2.260316376169012e-07,-6.661338147747608e-16,-4.4408920984984055e-16,open_errors,,,,,,
0.8,0.3,128,9.1,2.7291414722464755,5.485023319084439e-06,1.0000153851179834,7.875977563952475e-07,1.9804026464302797e-07,3.962594778244395e-07,2.328802645404496e-07,-6.661338147747608e-16,-4.4408920984984055e-16,open_errors,,,,,,
0.8,0.3,128,9.2,2.759132037875558,5.652043188935397e-06,1.00001584960246,8.107994055906018e-07,2.0578490177191653e-07,4.140018612090462e-07,2.398849986691392e-07,-6.661338147747608e-16,-2.2204460492492028e-16,open_errors,,,,,,
0.8,0.3,128,9.3,2.7891226035046404,5.82414740739097e-06,1.0000163283439794,8.346628860743529e-07,2.1377629591898745e-07,4.3247737586922804e-07,2.4704822056422133e-07,-8.881784196996811e-16,-4.4408920984984055e-16,open_errors,,,,,,
0.8,0.3,128,9.4,2.8191131691337223,6.001490754261988e-06,1.0000168217731895,8.592074158206596e-07,2.220208271749492e-07,4.51714771293567e-07,2.543723015394947e-07,-8.881784196996811e-16,-2.2204460492492028e-16,open_errors,,,,,,
0.8,0.3,128,9.5,2.8491037347628043,6.184232724391054e-06,1.0000173303339517,8.844527753638194e-07,2.305250157371968e-07,4.717438776462192e-07,2.618596008884075e-07,-6.661338147747608e-16,-2.2204460492492028e-16,open_errors,,,,,,
0.8,0.3,128,9.6,2.8790943003918863,6.372537670874813e-06,1.000017854483735,9.104193255221656e-07,2.3929552402515857e-07,4.925956432364233e-07,2.695124640002467e-07,-6.661338147747608e-16,-2.2204460492492028e-16,open_errors,,,,,,
0.8,0.3,128,9.7,2.9090848660209687,6.566574952756543e-06,1.0000183946940375,9.371280258971182e-07,2.483391583955746e-07,5.143021768110349e-07,2.773332169592904e-07,-6.661338147747608e-16,-4.4408920984984055e-16,open_errors,,,,,,
0.8,0.3,128,9.8,2.9390754316500507,6.7665190871777895e-06,1.0000189514508038,9.646004538644237e-07,2.576628713452858e-07,5.368967892194282e-07,2.853241639599036e-07,-6.661338147747608e-16,-2.2204460492492028e-16,open_errors,,,,,,
0.8,0.3,128,9.9,2.969065997279133,6.972549906232582e-06,1.0000195252548607,9.92858824322255e-07,2.672737631598882e-07,5.604140364630323e-07,2.934875827218144e-07,-8.881784196996811e-16,-4.4408920984984055e-16,open_errors,,,,,,
0.8,0.3,128,10.0,2.999056562908215,7.184852718496114e-06,1.000020116622374,1.0219260099177574e-06,2.7717908388530624e-07,5.848897656647343e-07,3.018257195324937e-07,-8.881784196996811e-16,-2.2204460492492028e-16,open_errors,,,,,,
0.8,0.3,128,10.1,3.029047128537297,7.403618475635355e-06,1.0000207260853078,1.05182556218665e-06,2.8738623507774924e-07,6.103611609925209e-07,3.103407844130544e-07,-8.881784196996811e-16,-4.4408920984984055e-16,open_errors,,,,,,
0.8,0.3,128,10.2,3.0590376941663795,7.629043944002001e-06,1.0000213541919034,1.0825817332224617e-06,2.979027718083404e-07,6.368667919940576e-07,3.190349458432229e-07,-8.881784196996811e-16,-4.4408920984984055e-16,open_errors,,,,,,
0.8,0.3,128,10.3,3.089028259795461,7.86133188164077e-06,1.0000220015071777,1.1142194983483752e-06,3.0873640431182213e-07,6.644466645324529e-07,3.279103243768468e-07,-8.881784196996811e-16,-4.4408920984984055e-16,open_errors,,,,,,
0.8,0.3,128,10.4,3.119018825424544,8.100691220428302e-06,1.0000226686134253,1.1467645791826518e-06,3.198950001038373e-07,6.931422718895921e-07,3.369689870071636e-07,-8.881784196996811e-16,-4.4408920984984055e-16,open_errors,,,,,,
0.8,0.3,128,10.5,3.149009391053626,8.347337253928441e-06,1.0000233561107468,1.1802434678090644e-06,3.3138658598546937e-07,7.229966484990575e-07,3.462129406547645e-07,-8.881784196996811e-16,-4.4408920984984055e-16,open_errors,,,,,,
0.8,0.3,128,10.6,3.178999956682708,8.601491831032614e-06,1.0000240646175838,1.214683451671462e-06,3.4321935012824015e-07,7.540544255641494e-07,3.556441260837021e-07,-8.881784196996811e-16,-4.4408920984984055e-16,open_errors,,,,,,
0.8,0.3,128,10.7,3.2089905223117903,8.863383555402659e-06,1.0000247947712808,1.2501126393444516e-06,3.554016441972171e-07,7.863618890302728e-07,3.65264410268905e-07,-1.1102230246246014e-15,-4.4408920984984055e-16,open_errors,,,,,,
0.8,0.3,128,10.8,3.238981087940872,9.133247991025382e-06,1.000025547228656,1.286559987159969e-06,3.679419854367446e-07,8.19967038242788e-07,3.750755792908671e-07,-8.881784196996811e-16,-4.4408920984984055e-16,open_errors,,,,,,
0.8,0.3,128,10.9,3.2689716535699542,9.411327874056198e-06,1.0000263226665909,1.324055326768384e-06,3.808490591204241e-07,8.549196485042537e-07,3.850793325946859e-07,-8.881784196996811e-16,-4.4408920984984055e-16,open_errors,,,,,,
0.8,0.3,128,11.0,3.2989622191990366,9.697873331057502e-06,1.000027121782644,1.362629393722647e-06,3.941317208451384e-07,8.912713342515258e-07,3.952772743591262e-07,-8.881784196996811e-16,-4.4408920984984055e-16,open_errors,,,,,,
0.8,0.3,128,11.1,3.328952784828118,9.993142103944957e-06,1.000027945295671,1.4023138569188831e-06,4.0779899857402957e-07,9.290756154692892e-07,4.056709059684898e-07,-8.881784196996811e-16,-6.661338147747608e-16,open_errors,,,,,,
0.8,0.3,128,11.2,3.358943350457201,1.0297399781863228e-05,1.000028793946481,1.4431413492588151e-06,4.218600950370129e-07,9.68387985980012e-07,4.16261618254453e-07,-8.881784196996811e-16,-4.4408920984984055e-16,open_errors,,,,,,
0.8,0.3,128,11.3,3.388933916086283,1.061092003990608e-05,1.0000296684984935,1.4851454991403355e-06,4.363243900379613e-07,1.00926598373384e-06,4.270506842506109e-07,-8.881784196996811e-16,-4.4408920984984055e-16,open_errors,,,,,,
0.8,0.3,128,11.4,3.418924481715365,1.0933984885370677e-05,1.000030569738432,1.528360963376626e-06,4.512014423535048e-07,1.051769264872845e-06,4.380392492208667e-07,-8.881784196996811e-16,-4.4408920984984055e-16,open_errors,,,,,,
0.8,0.3,128,11.5,3.4489150473444474,1.1266884911279358e-05,1.0000314984770304,1.572823460909616e-06,4.665009920541381e-07,1.095959679954713e-06,4.4922832326325886e-07,-1.1102230246246014e-15,-4.4408920984984055e-16,open_errors,,,,,,
0.8,0.3,128,11.6,3.4789056129735294,1.1609919557759489e-05,1.0000324555497595,1.6185698078655293e-06,4.822329623233643e-07,1.141901350550434e-06,4.606187712179192e-07,-8.881784196996811e-16,-4.4408920984984055e-16,open_errors,,,,,,
0.8,0.3,128,11.7,3.508896178602612,1.1963397381445824e-05,1.0000334418175838,1.6656379540467507e-06,4.984074612530129e-07,1.1896607517810557e-06,4.722113039235029e-07,-8.881784196996811e-16,-4.4408920984984055e-16,open_errors,,,,,,
0.8,0.3,128,11.8,3.538886744231694,1.2327636332899595e-05,1.00003445816773,1.714067020350632e-06,5.150347835131882e-07,1.2393067971400422e-06,4.840064662097345e-07,-8.881784196996811e-16,-4.4408920984984055e-16,open_errors,,,,,,
0.8,0.3,128,11.9,3.568877309860776,1.2702964042602611e-05,1.0000355055144925,1.7638973376922975e-06,5.321254120844768e-07,1.2909109234673637e-06,4.960046287893887e-07,-8.881784196996811e-16,-4.4408920984984055e-16,open_errors,,,,,,
0.8,0.3,128,12.0,3.5988678754898578,1.3089718115625376e-05,1.000036584800048,1.8151704874302976e-06,5.49690019393667e-07,1.344547183305831e-06,5.082059736269596e-07,-1.1102230246246014e-15,-4.4408920984984055e-16,open_errors,,,,,,
0.8,0.3,128,12.1,3.62885844111894,1.3488246435390356e-05,1.0000376969953135,1.8679293429520412e-06,5.677394686139695e-07,1.4002923364637045e-06,5.206104843305133e-07,-8.881784196996811e-16,-4.4408920984984055e-16,open_errors,,,,,,
0.8,0.3,128,12.2,3.658849006748023,1.3898907476378667e-05,1.0000388431008087,1.9222181129121745e-06,5.86284814962063e-07,1.458225946905888e-06,5.332179319794332e-07,-1.3322676295495217e-15,-4.4408920984984055e-16,open_errors,,,,,,
0.8,0.3,128,12.3,3.6888395723771046,1.4322070626731735e-05,1.0000400241475662,1.978082386028566e-06,6.05337306500641e-07,1.5184304830827755e-06,5.460278616063635e-07,-1.1102230246246014e-15,-4.4408920984984055e-16,open_errors,,,,,,
0.8,0.3,128,12.4,3.7188301380061866,1.4758116520423073e-05,1.0000412411980508,2.035569177317837e-06,6.249083851026015e-07,1.5809914208190705e-06,5.590395782764847e-07,-1.1102230246246014e-15,-4.4408920984984055e-16,open_errors,,,,,,
0.8,0.3,128,12.5,3.748820703635269,1.5207437379614162e-05,1.000042495347123,2.094726976133468e-06,6.450096871594268e-07,1.6459973499572603e-06,5.722521315597852e-07,-1.1102230246246014e-15,-4.4408920984984055e-16,open_errors,,,,,,
0.8,0.3,128,12.6,3.778811269264351,1.567043736748422e-05,1.0000437877230202,2.1556057958678074e-06,6.656530442592145e-07,1.7135400856501304e-06,5.856642989739195e-07,-8.881784196996811e-16,-4.4408920984984055e-16,open_errors,,,,,,
0.8,0.3,128,12.7,3.8088018348934334,1.6147532951742755e-05,1.0000451194883713,2.2182572253511864e-06,6.868504838167788e-07,1.7837147827886624e-06,5.992745696671115e-07,-8.881784196996811e-16,-6.661338147747608e-16,open_errors,,,,,,
0.8,0.3,128,12.8,3.8387924005225154,1.6639153279235846e-05,1.000046491841247,2.282734482268121e-06,7.086142295568466e-07,1.856620053556004e-06,6.130811272749369e-07,-1.1102230246246014e-15,-4.4408920984984055e-16,open_errors,,,,,,
0.8,0.3,128,12.9,3.868782966151597,1.714574056197223e-05,1.0000479060162328,2.349092468349029e-06,7.309567019702189e-07,1.932358091790834e-06,6.270818299751761e-07,-1.1102230246246014e-15,-4.4408920984984055e-16,open_errors,,,,,,
0.8,0.3,128,13.0,3.8987735317806793,1.766775047479722e-05,1.0000493632855456,2.4173878264454737e-06,7.538905187133857e-07,2.0110347981698192e-06,6.412741927125065e-07,-1.3322676295495217e-15,-4.4408920984984055e-16,open_errors,,,,,,
0.8,0.3,128,13.1,3.9287640974097617,1.8205652565385893e-05,1.0000508649601727,2.4876789999164453e-06,7.774284948659525e-07,2.0927599121665974e-06,6.556553663910224e-07,-1.1102230246246014e-15,-6.661338147747608e-16,open_errors,,,,,,
0.8,0.3,128,13.2,3.958754663038844,1.875993067653301e-05,1.000052412391057,2.5600262939922064e-06,8.015836432527802e-07,2.1776471478003853e-06,6.702221171457811e-07,-1.3322676295495217e-15,-6.661338147747608e-16,open_errors,,,,,,
0.8,0.3,128,13.3,3.988745228667926,1.9331083381333903e-05,1.0000540069703103,2.634491939221593e-06,8.263691744213828e-07,2.265814334825876e-06,6.849708040977338e-07,-1.3322676295495217e-15,-4.4408920984984055e-16,open_errors,,,,,,
0.8,0.3,128,13.4,4.018735794297008,1.991962443170849e-05,1.0000556501324658,2.7111401575619e-06,8.517984968040677e-07,2.357383562767336e-06,6.998973579023343e-07,-1.3322676295495217e-15,-6.661338147747608e-16,open_errors,,,,,,
0.8,0.3,128,13.5,4.04872635992609,2.05260832204754e-05,1.0000573433557705,2.790037230335144e-06,8.77885216599984e-07,2.4524813328590683e-06,7.149972558858255e-07,-1.3322676295495217e-15,-4.4408920984984055e-16,open_errors,,,,,,
0.8,0.3,128,13.6,4.078716925555172,2.1151005257543876e-05,1.0000590881635152,2.871251569230225e-06,9.046431374419844e-07,2.5512387125761176e-06,7.302654985317404e-07,-1.3322676295495217e-15,-6.661338147747608e-16,open_errors,,,,,,
0.8,0.3,128,13.7,4.108707491184255,2.179495266059772e-05,1.0000608861254052,2.954853789257771e-06,9.320862600609392e-07,2.6537914979269974e-06,7.456965833858817e-07,-1.3322676295495217e-15,-6.661338147747608e-16,open_errors,,,,,,
0.8,0.3,128,13.8,4.138698056813337,2.2458504660705068e-05,1.000062738858972,3.0409167848246318e-06,9.602287817285451e-07,2.7602803786053277e-06,7.612844797293937e-07,-8.881784196996811e-16,-6.661338147747608e-16,open_errors,,,,,,
0.8,0.3,128,13.9,4.168688622442419,2.3142258123392465e-05,1.0000646480310331,3.129515808320623e-06,9.890850953103097e-07,2.8708511121243957e-06,7.770225996443546e-07,-8.881784196996811e-16,-6.661338147747608e-16,open_errors,,,,,,
0.8,0.3,128,14.0,4.198679188071501,2.3846828085360857e-05,1.0000666153591875,3.220728551332011e-06,1.018669788399878e-06,2.985654699899165e-06,7.929037702301283e-07,-1.1102230246246014e-15,-8.881784196996811e-16,open_errors,,,,,,
0.8,0.3,128,14.1,4.228669753700583,2.457284830793796e-05,1.0000686426133665,3.314635229449673e-06,1.0489976418663492e-06,3.1048475746472e-06,8.089202028024629e-07,-8.881784196996811e-16,-6.661338147747608e-16,open_errors,,,,,,
0.8,0.3,128,14.2,4.258660319329666,2.5320971846938057e-05,1.000070731617421,3.4113186693038965e-06,1.0800836284173672e-06,3.2285917889287803e-06,8.250634625099333e-07,-1.1102230246246014e-15,-4.4408920984984055e-16,open_errors,,,,,,
0.8,0.3,128,14.3,4.288650884958748,2.6091871640286324e-05,1.0000728842507705,3.510864399493289e-06,1.1119429106527764e-06,3.3570552142520757e-06,8.413244343576273e-07,-1.1102230246246014e-15,-6.661338147747608e-16,open_errors,,,,,,
0.8,0.3,128,14.4,4.31864145058783,2.688624111308868e-05,1.000075102450089,3.613360744144724e-06,1.1445908392951367e-06,3.490411744264891e-06,8.576932903190184e-07,-1.1102230246246014e-15,-6.661338147747608e-16,open_errors,,,,,,
0.8,0.3,128,14.5,4.348632016216912,2.770479480153498e-05,1.0000773882110503,3.7188989203278894e-06,1.178042950398053e-06,3.628841506500909e-06,8.741594521873842e-07,-1.1102230246246014e-15,-8.881784196996811e-16,open_errors,,,,,,
0.8,0.3,128,14.6,4.378622581845994,2.854826899561038e-05,1.0000797435901252,3.827573138904264e-06,1.2123149629786626e-06,3.7725310820060497e-06,8.907115545537301e-07,-1.1102230246246014e-15,-8.881784196996811e-16,open_errors,,,,,,
0.8,0.3,128,14.7,4.4086131474750765,2.941742240131192e-05,1.0000821707064338,3.939480708618587e-06,1.2474227761176003e-06,3.921673729662852e-06,9.073374061998044e-07,-1.1102230246246014e-15,-8.881784196996811e-16,open_errors,,,,,,
0.8,0.3,128,14.8,4.438603713104159,3.031303682315928e-05,1.000084671743651,4.0547221446095615e-06,1.2833824656115104e-06,4.076469621886855e-06,9.240239477795288e-07,-1.1102230246246014e-15,-8.881784196996811e-16,open_errors,,,,,,
0.8,0.3,128,14.9,4.46859427873324,3.123591786739142e-05,1.0000872489519712,4.173401280324052e-06,1.320210280734612e-06,4.237126085982473e-06,9.407572097975016e-07,-1.1102230246246014e-15,-6.661338147747608e-16,open_errors,,,,,,
0.8,0.3,128,15.0,4.498584844362322,3.218689566666659e-05,1.00008990465014,4.295625383682559e-06,1.35792264045085e-06,4.403857854599698e-06,9.575222681379324e-07,-1.1102230246246014e-15,-8.881784196996811e-16,open_errors,,,,,,
0.8,0.3,128,15.1,4.528575409991404,3.316682562670608e-05,1.000092641227535,4.421505277356266e-06,1.3965361294987622e-06,4.576887324736252e-06,9.743031957296797e-07,-1.1102230246246014e-15,-8.881784196996811e-16,open_errors,,,,,,
0.8,0.3,128,15.2,4.558565975620487,3.417658919576477e-05,1.000095461146323,4.551155463478039e-06,1.4360674943534943e-06,4.756444825468791e-06,9.910830156038674e-07,-1.1102230246246014e-15,-8.881784196996811e-16,open_errors,,,,,,
0.8,0.3,128,15.3,4.588556541249569,3.521709465746127e-05,1.0000983669436732,4.68469425275616e-06,1.4765336387998168e-06,4.942768895522845e-06,1.0078436485320551e-06,-8.881784196996811e-16,-6.661338147747608e-16,open_errors,,,,,,
0.8,0.3,128,15.4,4.618547106878651,3.628927794780184e-05,1.0001013612340413,4.822243898376584e-06,1.5179516194157696e-06,5.136106569479181e-06,1.02456586097974e-06,-8.881784196996811e-16,-8.881784196996811e-16,open_errors,,,,,,
0.8,0.3,128,15.5,4.648537672507733,3.739410349708543e-05,1.000104446711527,4.963930734542378e-06,1.560338640688634e-06,5.336713674428025e-06,1.041229208979902e-06,-8.881784196996811e-16,-6.661338147747608e-16,open_errors,,,,,,
0.8,0.3,128,15.6,4.678528238136815,3.853256509737446e-05,1.000107626152298,5.109885320315732e-06,1.603712050211924e-06,5.544855137289891e-06,1.0578119809515931e-06,-8.881784196996811e-16,-6.661338147747608e-16,open_errors,,,,,,
0.8,0.3,128,15.7,4.708518803765898,3.970568679640408e-05,1.0001109024170896,5.260242588224647e-06,1.6480893333566035e-06,5.760805300610968e-06,1.0742911382427737e-06,-8.881784196996811e-16,-6.661338147747608e-16,open_errors,,,,,,
0.8,0.3,128,15.8,4.73850936939498,4.0914523818689625e-05,1.0001142784537806,5.415141998449451e-06,1.6934881080847766e-06,5.984848251268558e-06,1.0906422530692429e-06,-1.1102230246246014e-15,-8.881784196996811e-16,open_errors,,,,,,
0.8,0.3,128,15.9,4.768499935024062,4.216016351481278e-05,1.0001177573000504,5.574727698846073e-06,1.7399261191884223e-06,6.21727816073743e-06,1.1068394427087945e-06,-8.881784196996811e-16,-8.881784196996811e-16,open_errors,,,,,,
0.8,0.3,128,16.0,4.798490500653144,4.3443726339353305e-05,1.0001213420861128,5.739148690108318e-06,1.7874212325970356e-06,6.458399634561827e-06,1.122855303089792e-06,-8.881784196996811e-16,-8.881784196996811e-16,open_errors,,,,,,
0.8,0.3,128,16.1,4.828481066282227,4.476636685885519e-05,1.0001250360375342,5.908558997366664e-06,1.835991429391576e-06,6.708528075738251e-06,1.138660839265107e-06,-8.881784196996811e-16,-6.661338147747608e-16,open_errors,,,,,,
0.8,0.3,128,16.2,4.858471631911308,4.612927479025425e-05,1.0001288424781432,6.08311784777774e-06,1.8856547996992096e-06,6.967990061033914e-06,1.1542253915540625e-06,-1.1102230246246014e-15,-8.881784196996811e-16,open_errors,,,,,,
0.8,0.3,128,16.3,4.888462197540391,4.753367607113103e-05,1.0001327648330172,6.262989854474686e-06,1.9364295361116108e-06,7.23712372791077e-06,1.1695165606000967e-06,-8.881784196996811e-16,-6.661338147747608e-16,open_errors,,,,,,
0.8,0.3,128,16.4,4.918452763169472,4.898083396234544e-05,1.0001368066315754,6.448345207179105e-06,1.9883339273831588e-06,7.5162791764573455e-06,1.1845001296826238e-06,-1.1102230246246014e-15,-6.661338147747608e-16,open_errors,,,,,,
0.8,0.3,128,16.5,4.948443328798555,5.047205018443545e-05,1.0001409715107523,6.639359869650134e-06,2.0413863515483617e-06,7.805818885153885e-06,1.199139981480276e-06,-1.1102230246246014e-15,-6.661338147747608e-16,open_errors,,,,,,
0.8,0.3,128,16.6,4.978433894427638,5.200866608844708e-05,1.0001452632182768,6.836215784164364e-06,2.095605269086065e-06,8.106118139483734e-06,1.213398014337905e-06,-1.1102230246246014e-15,-8.881784196996811e-16,open_errors,,,,,,
0.8,0.3,128,16.7,5.008424460056719,5.359206386252056e-05,1.000149685616047,7.039101083353846e-06,2.151009215805266e-06,8.417565477061878e-06,1.2272340528885792e-06,-1.1102230246246014e-15,-6.661338147747608e-16,open_errors,,,,,,
0.8,0.3,128,16.8,5.038415025685802,5.522366777512296e-05,1.00015424268361,7.248210309646777e-06,2.2076167958995226e-06,8.74056314556959e-06,1.2406057575582928e-06,-1.1102230246246014e-15,-8.881784196996811e-16,open_errors,,,,,,
0.8,0.3,128,16.9,5.068405591314883,5.690494545629388e-05,1.0001589385217455,7.463744642632299e-06,2.2654466746651268e-06,9.075527579166942e-06,1.2534685282425709e-06,-1.1102230246246014e-15,-8.881784196996811e-16,open_errors,,,,,,
0.8,0.3,128,17.0,5.0983961569439655,5.8637409217595744e-05,1.000163777356167,7.685912134210024e-06,2.3245175714052763e-06,9.42288988804599e-06,1.2657754053387863e-06,-1.1102230246246014e-15,-6.661338147747608e-16,open_errors,,,,,,
0.8,0.3,128,17.1,5.128386722573048,6.042261741257436e-05,1.0001687635413177,7.914927952648344e-06,2.3848482523165016e-06,9.78309636800699e-06,1.2774769671299866e-06,-1.1102230246246014e-15,-6.661338147747608e-16,open_errors,,,,,,
0.8,0.3,128,17.2,5.1583772882021295,6.22621758385094e-05,1.0001739015643063,8.15101463502944e-06,2.446457523455224e-06,1.0156609024344908e-05,1.2885212219860076e-06,-1.1102230246246014e-15,-8.881784196996811e-16,open_errors,,,,,,
0.8,0.3,128,17.3,5.188367853831212,6.41577391807236e-05,1.000179196048944,8.394402348706462e-06,2.509364223967228e-06,1.0543906115965425e-05,1.2988534981076552e-06,-1.1102230246246014e-15,-8.881784196996811e-16,open_errors,,,,,,
0.8,0.3,128,17.400000000000002,5.218358419460294,6.611101250106169e-05,1.000184651759911,8.645329162135692e-06,2.5735872195747183e-06,1.0945482715678462e-05,1.3084163287414407e-06,-8.881784196996811e-16,-6.661338147747608e-16,open_errors,,,,,,
0.8,0.3,128,17.5,5.248348985089376,6.812375277156581e-05,1.000190273607052,8.90404132553672e-06,2.639145396400794e-06,1.1361851292855602e-05,1.3171493316694677e-06,-1.3322676295495217e-15,-6.661338147747608e-16,open_errors,,,,,,
0.8,0.3,128,17.6,5.278339550718459,7.019777045488214e-05,1.0001960666498035,9.170793561162304e-06,2.706057655242012e-06,1.1793542312690173e-05,1.324989086239026e-06,-1.3322676295495217e-15,-8.881784196996811e-16,open_errors,,,,,,
0.8,0.3,128,17.7,5.30833011634754,7.233493113279011e-05,1.000202036101751,9.44584936426226e-06,2.7743429064490662e-06,1.2241104856970336e-05,1.3318690065380166e-06,-1.1102230246246014e-15,-8.881784196996811e-16,open_errors,,,,,,
0.8,0.3,128,17.8,5.338320681976623,7.453715718423325e-05,1.000208187335329,9.729481314368142e-06,2.844020065516155e-06,1.2705107267144084e-05,1.3377192083350396e-06,-1.1102230246246014e-15,-8.881784196996811e-16,open_errors,,,,,,
0.8,0.3,128,17.900000000000002,5.368311247605705,7.68064295145413e-05,1.0002145258866644,1.0021971397901356e-05,2.915108049487434e-06,1.3186137807627836e-05,1.3424663744738932e-06,-1.1102230246246014e-15,-6.661338147747608e-16,open_errors,,,,,,
0.8,0.3,128,18.0,5.398301813234787,7.914478933730111e-05,1.000221057460569,1.0323611342311936e-05,2.9876257740817307e-06,1.368480535232166e-05,1.34603361397255e-06,-1.1102230246246014e-15,-6.661338147747608e-16,open_errors,,,,,,
0.8,0.3,128,18.1,5.42829237886387,8.155434001034277e-05,1.000227787935678,1.0634702961627835e-05,3.0615921522741417e-06,1.4201740094802676e-05,1.3483403183922904e-06,-8.881784196996811e-16,-8.881784196996811e-16,open_errors,,,,,,
0.8,0.3,128,18.2,5.458282944492951,8.4037248927765e-05,1.0002347233697555,1.0955558514579464e-05,3.1370260939548123e-06,1.473759428209578e-05,1.3493020168054657e-06,-8.881784196996811e-16,-6.661338147747608e-16,open_errors,,,,,,
0.8,0.3,128,18.3,5.488273510122034,8.659574946950636e-05,1.0002418700051563,1.128650107542304e-05,3.213946506813443e-06,1.529304297349909e-05,1.348830223309706e-06,-1.3322676295495217e-15,-8.881784196996811e-16,open_errors,,,,,,
0.8,0.3,128,18.4,5.518264075751116,8.92321430102469e-05,1.000249234274451,1.162786491747255e-05,3.292372299253776e-06,1.5868784825161448e-05,1.3468322865209873e-06,-1.1102230246246014e-15,-8.881784196996811e-16,open_errors,,,,,,
0.8,0.3,128,18.5,5.548254641380198,9.194880098950218e-05,1.000256822806229,1.1979995910730293e-05,3.372322384772285e-06,1.6465542901760642e-05,1.3432112360018169e-06,-1.1102230246246014e-15,-8.881784196996811e-16,open_errors,,,,,,
0.8,0.3,128,18.6,5.578245207009281,9.474816704477745e-05,1.0002646424310817,1.234325193308313e-05,3.4538156885964243e-06,1.708406551462318e-05,1.337865627433081e-06,-1.1102230246246014e-15,-8.881784196996811e-16,open_errors,,,,,,
0.8,0.3,128,18.7,5.608235772638362,9.763275920955424e-05,1.0002727001877538,1.271800329618463e-05,3.536871156398653e-06,1.7725127089666597e-05,1.3306893897923423e-06,-1.1102230246246014e-15,-8.881784196996811e-16,open_errors,,,,,,
0.8,0.3,128,18.8,5.638226338267445,0.0001006051721782,1.0002810033295022,1.3104633186271004e-05,3.6215077659489273e-06,1.838952906379092e-05,1.321571676870795e-06,-8.881784196996811e-16,-6.661338147747608e-16,open_errors,,,,,,
0.8,0.3,128,18.9,5.668216903896527,0.0001036680796403,1.0002895593306336,1.3503538120675274e-05,3.7077445411840897e-06,1.9078100811764867e-05,1.3103967239150629e-06,-8.881784196996811e-16,-6.661338147747608e-16,open_errors,,,,,,
0.8,0.3,128,19.0,5.698207469525609,0.000106824236685,1.0002983758932489,1.3915128420068043e-05,3.795600569806531e-06,1.979170060467424e-05,1.2970437143365876e-06,-1.1102230246246014e-15,-6.661338147747608e-16,open_errors,,,,,,
0.8,0.3,128,19.1,5.728198035154691,0.0001100764822796,1.000307460954194,1.4339828697606187e-05,3.8850950243688685e-06,2.053121660139437e-05,1.2813866647297134e-06,-8.881784196996811e-16,-8.881784196996811e-16,open_errors,,,,,,
0.8,0.3,128,19.2,5.758188600783773,0.0001134277418234,1.0003168226922217,1.477807836480965e-05,3.976247187302508e-06,2.129756787238235e-05,1.2632943317272997e-06,-8.881784196996811e-16,-6.661338147747608e-16,open_errors,,,,,,
0.8,0.3,128,19.3,5.788179166412856,0.0001168810297785,1.0003264695353715,1.5230332155855395e-05,4.069076480307968e-06,2.209170545914176e-05,1.2426301549691991e-06,-8.881784196996811e-16,-6.661338147747608e-16,open_errors,,,,,,
0.8,0.3,128,19.4,5.818169732041937,0.0001204394523818,1.0003364101685774,1.5697060669475814e-05,4.163602498773634e-06,2.291461346900456e-05,1.2192522514994083e-06,-8.881784196996811e-16,-8.881784196996811e-16,open_errors,,,,,,
0.8,0.3,128,19.5,5.848160297671019,0.000124106210439,1.0003466535415062,1.617875093035712e-05,4.2598450514110095e-06,2.376731020716088e-05,1.1930134840330703e-06,-8.881784196996811e-16,-8.881784196996811e-16,open_errors,,,,,,
0.8,0.3,128,19.6,5.878150863300101,0.0001278846022036,1.0003572088766393,1.6675906970055146e-05,4.357824206110639e-06,2.465084934776389e-05,1.1637616392499652e-06,-8.881784196996811e-16,-8.881784196996811e-16,open_errors,,,,,,
0.8,0.3,128,19.7,5.908141428929183,0.0001317780263436,1.0003680856775945,1.718905042812418e-05,4.457560342118899e-06,2.5566321142689995e-05,1.1313397641123226e-06,-8.881784196996811e-16,-6.661338147747608e-16,open_errors,,,,,,
0.8,0.3,128,19.8,5.938131994558266,0.0001357899849987,1.000379293737713,1.7718721174150748e-05,4.559074209736656e-06,2.651485367282812e-05,1.0955867424412702e-06,-8.881784196996811e-16,-6.661338147747608e-16,open_errors,,,,,,
0.8,0.3,128,19.9,5.968122560187348,0.0001399240869308,1.0003908431488993,1.826547795179365e-05,4.662386997910483e-06,2.749761414090881e-05,1.0563382325497256e-06,-6.661338147747608e-16,-8.881784196996811e-16,open_errors,,,,,,
0.8,0.3,128,20.0,5.99811312581643,0.0001441840507694,1.000402744310735,1.882989904503437e-05,4.76752041057462e-06,2.85158102083274e-05,1.013428161164561e-06,-8.881784196996811e-16,-6.661338147747608e-16,open_errors,,,,,,
0.8,0.3,128,20.1,6.028103691445512,0.000148573708357,1.0004150079398777,1.941258296770948e-05,4.874496752679437e-06,2.9570691377358616e-05,9.66691102323866e-07,-6.661338147747608e-16,-6.661338147747608e-16,open_errors,,,,,,
0.8,0.3,128,20.2,6.058094257074594,0.0001530970081958,1.000427645079734,2.0014149177270155e-05,4.9833390267415055e-06,3.0663550419154944e-05,9.159660939925524e-07,-6.661338147747608e-16,-8.881784196996811e-16,open_errors,,,,,,
0.8,0.3,128,20.3,6.088084822703677,0.0001577580189991,1.0004406671104469,2.063523881265077e-05,5.094071041004933e-06,3.17957248501335e-05,8.611028746871655e-07,-6.661338147747608e-16,-8.881784196996811e-16,open_errors,,,,,,
0.8,0.3,128,20.4,6.118075388332759,0.0001625609333516,1.0004540857591702,2.1276515458943637e-05,5.206717530066656e-06,3.296859845953497e-05,8.019723535415493e-07,-6.661338147747608e-16,-8.881784196996811e-16,open_errors,,,,,,
0.8,0.3,128,20.5,6.148065953961841,0.0001675100714799,1.0004679131106726,2.193866593770548e-05,5.321304289281139e-06,3.418360288660068e-05,7.384848330186789e-07,-6.661338147747608e-16,-8.881784196996811e-16,open_errors,,,,,,
0.8,0.3,128,20.6,6.178056519590923,0.0001726098851393,1.000482161618259,2.2622401124919536e-05,5.4378583241282095e-06,3.544221925205657e-05,6.706232087514036e-07,-6.661338147747608e-16,-8.881784196996811e-16,open_errors,,,,,,
0.8,0.3,128,20.7,6.208047085220005,0.0001778649616176,1.000496844115029,2.332845679749449e-05,5.556408015791731e-06,3.674597984399905e-05,5.985069859809298e-07,-6.661338147747608e-16,-6.661338147747608e-16,open_errors,,,,,,
0.8,0.3,128,20.8,6.238037650849088,0.0001832800278616,1.0005119738254773,2.405759450947156e-05,5.676983304370548e-06,3.809646986221452e-05,5.225245817914784e-07,-6.661338147747608e-16,-8.881784196996811e-16,open_errors,,,,,,
0.8,0.3,128,20.9,6.26802821647817,0.000188859954729,1.0005275643774545,2.4810602497558044e-05,5.7996158912247946e-06,3.949532921799137e-05,4.4363043031010674e-07,-6.661338147747608e-16,-8.881784196996811e-16,open_errors,,,,,,
0.8,0.3,128,21.0,6.298018782107252,0.0001946097613695,1.0005436298144956,2.5588296619055902e-05,5.924339462045658e-06,4.094425439835697e-05,3.640770225534791e-07,-4.4408920984984055e-16,-8.881784196996811e-16,open_errors,,,,,,
0.8,0.3,128,21.1,6.328009347736334,0.0002005346197398,1.0005601846085166,2.6391521321757903e-05,6.051189932295819e-06,4.244500039050789e-05,2.8936168843226005e-07,-4.4408920984984055e-16,-8.881784196996811e-16,open_errors,,,,,,
0.8,0.3,128,21.2,6.357999913365416,0.0002066398592555,1.000577243672914,2.722115064774824e-05,6.1802057169119865e-06,4.399938267207817e-05,2.3305164624802602e-07,-4.4408920984984055e-16,-8.881784196996811e-16,open_errors,,,,,,
0.8,0.3,128,21.3,6.387990478994499,0.0002129309715853,1.0005948223760572,2.8078089271088444e-05,6.311428026078464e-06,4.560927926745887e-05,2.209844246524108e-07,-4.4408920984984055e-16,-8.881784196996811e-16,open_errors,,,,,,
0.8,0.3,128,21.4,6.4179810446235805,0.0002194136155901,1.0006129365551977,2.896327357269688e-05,6.4449011891760176e-06,4.727663287542852e-05,2.691705878924397e-07,-4.4408920984984055e-16,-8.881784196996811e-16,open_errors,,,,,,
0.8,0.3,128,21.5,6.447971610252663,0.0002260936224137,1.0006316025308055,2.9877672751053652e-05,6.580673008963007e-06,4.9003453066204e-05,3.619730842684608e-07,-4.4408920984984055e-16,-8.881784196996811e-16,open_errors,,,,,,
0.8,0.3,128,21.6,6.4779621758817445,0.0002329770007276,1.0006508371213458,3.0822289972229365e-05,6.718795148364723e-06,5.079181855313642e-05,4.80808910534655e-07,-4.4408920984984055e-16,-8.881784196996811e-16,open_errors,,,,,,
0.8,0.3,128,21.7,6.5079527415108265,0.0002400699421359,1.0006706576585116,3.1798163558803975e-05,6.859323552019548e-06,5.2643879541295567e-05,6.167622443690659e-07,-4.4408920984984055e-16,-8.881784196996811e-16,open_errors,,,,,,
0.8,0.3,128,21.8,6.5379433071399085,0.0002473788267446,1.0006910820029198,3.2806368220303645e-05,7.0023189052832725e-06,5.456186015372446e-05,7.662335741801758e-07,-6.661338147747608e-16,-8.881784196996811e-16,open_errors,,,,,,
0.8,0.3,128,21.9,6.567933872768991,0.0002549102289002,1.00071212856029,3.3848016326201735e-05,7.147847133076485e-06,5.65480609418974e-05,9.278019583422744e-07,-4.4408920984984055e-16,-8.881784196996811e-16,open_errors,,,,,,
0.8,0.3,128,22.0,6.597924438398073,0.0002626709231039,1.0007338162981303,3.492425922191661e-05,7.295979941256304e-06,5.860486147673834e-05,1.100976702891505e-06,-4.4408920984984055e-16,-8.881784196996811e-16,open_errors,,,,,,
0.8,0.3,128,22.1,6.627915004027155,0.0002706678901045,1.0007561647629213,3.603628859138186e-05,7.446795403321771e-06,6.0734723030570337e-05,1.2857073021121426e-06,-4.4408920984984055e-16,-8.881784196996811e-16,open_errors,,,,,,
0.8,0.3,128,22.2,6.657905569656237,0.0002789083231782,1.00077919409784,3.718533786533607e-05,7.600378595077274e-06,6.294019134645904e-05,1.4821752795536544e-06,-6.661338147747608e-16,-8.881784196996811e-16,open_errors,,,,,,
0.8,0.3,128,22.3,6.687896135285319,0.0002873996345983,1.000802925061023,3.8372683678849046e-05,7.7568222801859e-06,6.522389950167183e-05,1.6906979371713094e-06,-6.661338147747608e-16,-8.881784196996811e-16,open_errors,,,,,,
0.8,0.3,128,22.4,6.717886700914402,0.0002961494623031,1.0008273790443984,3.9599647378614994e-05,7.916227649447206e-06,6.758857086754229e-05,1.911680457512954e-06,-2.2204460492492028e-16,-8.881784196996811e-16,open_errors,,,,,,
0.8,0.3,128,22.5,6.747877266543484,0.0003051656767655,1.000852578093088,4.086759658231071e-05,8.07870511651104e-06,7.003702216823492e-05,2.1455906223777893e-06,-4.4408920984984055e-16,-8.881784196996811e-16,open_errors,,,,,,
0.8,0.3,128,22.6,6.777867832172566,0.0003144563880731,1.000878544925417,4.217794679138876e-05,8.244375172865821e-06,7.257216664270783e-05,2.3929448669904203e-06,-4.4408920984984055e-16,-8.881784196996811e-16,open_errors,,,,,,
0.8,0.3,128,22.7,6.807858397801648,0.0003240299532225,1.0009053029535315,4.353216305910904e-05,8.413369304683655e-06,7.519701731190865e-05,2.6543003670332506e-06,-4.4408920984984055e-16,-1.1102230246246014e-15,open_errors,,,,,,
0.8,0.3,128,22.8,6.83784896343073,0.0003338949836371,1.0009328763046608,4.493176171636014e-05,8.585830974161121e-06,7.79146903566403e-05,2.9302505107260262e-06,-4.4408920984984055e-16,-8.881784196996811e-16,open_errors,,,,,,
0.8,0.3,128,22.9,6.867839529059813,0.000344060352912,1.000961289843025,4.6378312156151e-05,8.761916667513527e-06,8.072840860887277e-05,3.221422356024037e-06,-4.4408920984984055e-16,-1.3322676295495217e-15,open_errors,,,,,,
0.8,0.3,128,23.0,6.897830094688895,0.0003545352047967,1.0009905691924268,4.787343867970465e-05,8.941797011755904e-06,8.364150515869575e-05,3.528475303916164e-06,-4.4408920984984055e-16,-1.1102230246246014e-15,open_errors,,,,,,
0.8,0.3,128,23.1,6.927820660317977,0.0003653289614191,1.0010207407595364,4.941882240572931e-05,9.125657962081625e-06,8.665742708473075e-05,3.852100548324144e-06,-4.4408920984984055e-16,-1.1102230246246014e-15,open_errors,,,,,,
0.8,0.3,128,23.2,6.957811225947059,0.0003764513317609,1.001051831757898,5.101620324507773e-05,9.313702060945836e-06,8.977973930668083e-05,4.193021036174212e-06,-4.4408920984984055e-16,-8.881784196996811e-16,open_errors,,,,,,
0.8,0.3,128,23.3,6.987801791576141,0.0003879123203906,1.001083870232672,5.266738194360415e-05,9.506149769956448e-06,9.30121285707378e-05,4.551991781403081e-06,-6.661338147747608e-16,-1.1102230246246014e-15,open_errors,,,,,,
0.8,0.3,128,23.4,7.017792357205224,0.0003997222364624,1.0011168850861496,5.437422219418303e-05,9.703240874501816e-06,9.635840756554974e-05,4.929800426681868e-06,-4.4408920984984055e-16,-8.881784196996811e-16,open_errors,,,,,,
0.8,0.3,128,23.5,7.047782922834306,0.0004118917029896,1.001150906104049,5.613865282174349e-05,9.905235961183504e-06,9.982251917732532e-05,5.3272679947132944e-06,-2.2204460492492028e-16,-1.1102230246246014e-15,open_errors,,,,,,
0.8,0.3,128,23.6,7.077773488463388,0.0004244316663988,1.00118596398263,5.796267004271466e-05,1.0112417966360069e-05,0.0001034085408881,5.7452497799806015e-06,-4.4408920984984055e-16,-8.881784196996811e-16,open_errors,,,,,,
0.8,0.3,128,23.7,7.10776405409247,0.0004373534063772,1.001222090356643,5.9848339802370913e-05,1.0325093794276216e-05,0.0001071206893218,6.184636357832284e-06,-4.4408920984984055e-16,-8.881784196996811e-16,open_errors,,,,,,
0.8,0.3,128,23.8,7.137754619721552,0.0004506685460178,1.0012593178281484,6.179780019144485e-05,1.054359600153068e-05,0.0001109633249409,6.646354689596599e-06,-4.4408920984984055e-16,-8.881784196996811e-16,open_errors,,,,,,
0.8,0.3,128,23.9,7.167745185350634,0.000464389062274,1.001297679996226,6.381326394576454e-05,1.0768284544023456e-05,0.0001149409569024,7.131369311453277e-06,-4.4408920984984055e-16,-8.881784196996811e-16,open_errors,,,,,,
0.8,0.3,128,24.0,7.197735750979716,0.0004785272967331,1.001337211487601,6.589702103154934e-05,1.0999548581340352e-05,0.0001190582480759,7.64068359773572e-06,-4.4408920984984055e-16,-8.881784196996811e-16,open_errors,,,,,,
0.8,0.3,128,24.1,7.227726316608798,0.000493095966717,1.001377947988225,6.805144131883375e-05,1.1237808332279392e-05,0.0001233200202299,8.17534109522674e-06,-4.4408920984984055e-16,-8.881784196996811e-16,open_errors,,,,,,
0.8,0.3,128,24.2,7.25771688223788,0.0005081081767213,1.0014199262758363,7.027897734617402e-05,1.148351697397338e-05,0.0001277312593914,8.736426920827502e-06,-4.4408920984984055e-16,-1.1102230246246014e-15,open_errors,,,,,,
0.8,0.3,128,24.3,7.287707447866962,0.0005235774302021,1.0014631842535295,7.258216718032322e-05,1.1737162576453744e-05,0.0001322971213876,9.325069226712588e-06,-2.2204460492492028e-16,-8.881784196996811e-16,open_errors,,,,,,
0.8,0.3,128,24.4,7.317698013496045,0.0005395176417223,1.0015077609843628,7.496363737293128e-05,1.1999270062104078e-05,0.0001370229375691,9.942440722263775e-06,-2.2204460492492028e-16,-8.881784196996811e-16,open_errors,,,,,,
0.8,0.3,128,24.5,7.347688579125126,0.0005559431494673,1.0015536967270509,7.742610601883407e-05,1.227040317947858e-05,0.00014191422073,1.0589760261912816e-05,-4.4408920984984055e-16,-1.1102230246246014e-15,open_errors,,,,,,
0.8,0.3,128,24.6,7.377679144754209,0.0005728687281416,1.001601032972758,7.997238591806107e-05,1.2551166479543464e-05,0.0001469766712215,1.1268294493509712e-05,-4.4408920984984055e-16,-8.881784196996811e-16,open_errors,,,,,,
0.8,0.3,128,24.7,7.407669710383291,0.0005903096022585,1.0016498124830415,8.260538784647735e-05,1.2842207281053477e-05,0.0001522161832746,1.1979359567380214e-05,-4.4408920984984055e-16,-8.881784196996811e-16,open_errors,,,,,,
0.8,0.3,128,24.8,7.437660276012373,0.0006082814598336,1.0017000793289748,8.532812393748852e-05,1.3144217611900111e-05,0.0001576388515317,1.2724322910939252e-05,-4.4408920984984055e-16,-1.1102230246246014e-15,open_errors,,,,,,
0.8,0.3,128,24.9,7.467650841641456,0.0006268004664955,1.0017518789314868,8.814371117922334e-05,1.3457936112244258e-05,0.0001632509777991,1.350460506634182e-05,-4.4408920984984055e-16,-1.1102230246246014e-15,open_errors,,,,,,
0.8,0.3,128,25.0,7.497641407270537,0.0006458832800269,1.001805258102964,9.1055375031275e-05,1.3784149885428388e-05,0.0001690590780252,1.4321681594018351e-05,-4.4408920984984055e-16,-1.1102230246246014e-15,open_errors,,,,,,
0.8,0.3,128,25.1,7.52763197289962,0.0006655470653466,1.0018602650901447,9.406645316430354e-05,1.4123696282790095e-05,0.000175069889512,1.51770850431187e-05,-4.4408920984984055e-16,-1.1102230246246014e-15,open_errors,,,,,,
0.8,0.3,128,25.2,7.557622538528702,0.0006858095099492,1.0019169496183546,9.718039932727986e-05,1.4477464609219424e-05,0.00018129037837,1.6072406991370284e-05,-4.4408920984984055e-16,-8.881784196996811e-16,open_errors,,,,,,
0.8,0.3,128,25.3,7.587613104157784,0.000706688839814,1.0019753629371282,0.0001004007873465,1.4846397737720527e-05,0.0001877277472209,1.7009300155817098e-05,-4.4408920984984055e-16,-1.1102230246246014e-15,open_errors,,,,,,
0.8,0.3,128,25.4,7.617603669786867,0.0007282038357982,1.0020355578672488,0.0001037313152611,1.5231493622095797e-05,0.0001943894431608,1.7989480576484535e-05,-4.4408920984984055e-16,-1.1102230246246014e-15,open_errors,,,,,,
0.8,0.3,128,25.5,7.647594235415948,0.0007503738505293,1.0020975888492651,0.0001071758095986,1.563380669960779e-05,0.0002012831659886,1.9014729874735785e-05,-4.4408920984984055e-16,-8.881784196996811e-16,open_errors,,,,,,
0.8,0.3,128,25.6,7.677584801045031,0.0007732188258118,1.0021615119935334,0.000110738229797,1.6054449177602135e-05,0.0002084168767115,2.0086897588046587e-05,-4.4408920984984055e-16,-1.3322676295495217e-15,open_errors,,,,,,
0.8,0.3,128,25.7,7.707575366674113,0.0007967593105634,1.002227385131807,0.0001144226727767,1.6494592201663103e-05,0.0002157988063361,2.120790358766124e-05,-2.2204460492492028e-16,-1.1102230246246014e-15,open_errors,,,,,,
0.8,0.3,128,25.8,7.737565932303195,0.0008210164792978,1.0022952678704695,0.0001182333776684,1.695546690429551e-05,0.0002234374649518,2.237974057413545e-05,-4.4408920984984055e-16,-1.3322676295495217e-15,open_errors,,,,,,
0.8,0.3,128,25.9,7.767556497932277,0.0008460121511691,1.0023652216454244,0.0001221747307017,1.7438365339368036e-05,0.0002313416511239,2.360447666144434e-05,-4.4408920984984055e-16,-1.1102230246246014e-15,open_errors,,,,,,
0.8,0.3,128,26.0,7.797547063561359,0.0008717688095969,1.0024373097787118,0.0001262512702599,1.7944641308389852e-05,0.0002395204615963,2.488425804615052e-05,-4.4408920984984055e-16,-1.1102230246246014e-15,open_errors,,,,,,
0.8,0.3,128,26.1,7.8275376291904415,0.0008983096224885,1.002511597536906,0.0001304676921068,1.8475711090713207e-05,0.000247983301324,2.6221311767755e-05,-4.4408920984984055e-16,-1.1102230246246014e-15,open_errors,,,,,,
0.8,0.3,128,26.2,7.8575281948195235,0.0009256584630759,1.0025881521913549,0.000134828854791,1.903305409163333e-05,0.0002567398938399,2.761794856291952e-05,-4.4408920984984055e-16,-1.1102230246246014e-15,open_errors,,,,,,
0.8,0.3,128,26.3,7.887518760448605,0.0009538399313883,1.002667043080312,0.0001393397852349,1.961821342687058e-05,0.0002658002919721,2.907656581538363e-05,-4.4408920984984055e-16,-1.1102230246246014e-15,open_errors,,,,,,
0.8,0.3,128,26.4,7.917509326077688,0.0009828793763771,1.002748341673034,0.0001440056845117,2.023279646408867e-05,0.0002751748889179,3.059965060575761e-05,-4.4408920984984055e-16,-1.1102230246246014e-15,open_errors,,,,,,
0.8,0.3,128,26.5,7.947499891706769,0.0010128029187149,1.0028321216358984,0.0001488319338208,2.0878475345010013e-05,0.0002848744296937,3.218978286447959e-05,-4.4408920984984055e-16,-1.3322676295495217e-15,open_errors,,,,,,
0.8,0.3,128,26.6,7.977490457335852,0.001043637474288,1.0029184589006124,0.0001538241006644,2.1556987513385638e-05,0.0002949100229651,3.384963863074827e-05,-4.4408920984984055e-16,-1.3322676295495217e-15,open_errors,,,,,,
0.8,0.3,128,26.7,8.007481022964933,0.0010754107784047,1.0030074317345792,0.0001589879452357,2.227013627569869e-05,0.0003052931532791,3.5581993421464845e-05,-4.4408920984984055e-16,-1.1102230246246014e-15,open_errors,,,,,,
0.8,0.3,128,26.8,8.037471588594016,0.0011081514107391,1.003099120813497,0.0001643294270219,2.301979142113082e-05,0.0003160356937042,3.738972571451479e-05,-4.4408920984984055e-16,-1.3322676295495217e-15,open_errors,,,,,,
0.8,0.3,128,26.9,8.067462154223099,0.0011418888210354,1.0031936092962594,0.0001698547116332,2.380788992820869e-05,0.0003271499188975,3.9275820548163405e-05,-4.4408920984984055e-16,-1.3322676295495217e-15,open_errors,,,,,,
0.8,0.3,128,27.0,8.09745271985218,0.001176653355594,1.003290982902227,0.0001755701778631,2.4636436783969605e-05,0.0003386485186104,4.1243373243314536e-05,-4.4408920984984055e-16,-1.3322676295495217e-15,open_errors,,,,,,
0.8,0.3,128,27.1,8.127443285481263,0.001212476284563,1.0033913299909696,0.0001814824249876,2.5507505939540383e-05,0.000350544611649,4.329559325019918e-05,-4.4408920984984055e-16,-1.3322676295495217e-15,open_errors,,,,,,
0.8,0.3,128,27.2,8.157433851110344,0.0012493898300615,1.0034947416445352,0.0001875982803129,2.6423241425602357e-05,0.0003628517603045,4.5435808125515177e-05,-4.4408920984984055e-16,-1.3322676295495217e-15,open_errors,,,,,,
0.8,0.3,128,27.3,8.187424416739427,0.0012874271951577,1.003601311752346,0.000193924806979,2.738585864645829e-05,0.0003755839852696,4.7667467643444953e-05,-4.4408920984984055e-16,-1.3322676295495217e-15,open_errors,,,,,,
0.8,0.3,128,27.4,8.21741498236851,0.0013266225937296,1.0037111370988032,0.0002004693120279,2.839764587010057e-05,0.0003887557810582,4.9994148044692224e-05,-4.4408920984984055e-16,-1.3322676295495217e-15,open_errors,,,,,,
0.8,0.3,128,27.5,8.247405547997591,0.0013670112812336,1.003824317453695,0.0002072393547457,2.946096592860468e-05,0.0004023821319425,5.24195564296986e-05,-6.661338147747608e-16,-1.3322676295495217e-15,open_errors,,,,,,
0.8,0.3,128,27.6,8.277396113626674,0.0014086295864106,1.003940955665492,0.0002142427552876,3.057825813868141e-05,0.000416478528431,5.4947535300048206e-05,-4.4408920984984055e-16,-1.3322676295495217e-15,open_errors,,,,,,
0.8,0.3,128,27.7,8.307386679255755,0.0014515149439553,1.0040611577576355,0.0002214876035945,3.175204045053208e-05,0.0004310609842982,5.758206725082492e-05,-4.4408920984984055e-16,-1.3322676295495217e-15,open_errors,,,,,,
0.8,0.3,128,27.8,8.337377244884838,0.001495705928181,1.0041850330279247,0.000228982268614,3.2984911830276664e-05,0.000446146054193,6.032727982341149e-05,-4.4408920984984055e-16,-1.3322676295495217e-15,open_errors,,,,,,
0.8,0.3,128,27.9,8.36736781051392,0.0015412422877078,1.0043126941510785,0.0002367354078318,3.427955487679966e-05,0.0004617508518389,6.318745052156282e-05,-6.661338147747608e-16,-1.3322676295495217e-15,open_errors,,,,,,
0.8,0.3,128,28.0,8.397358376143002,0.0015881649812067,1.0044442572846264,0.0002447559771275,3.563873867326128e-05,0.0004778930688509,6.616701199252755e-05,-6.661338147747608e-16,-1.3322676295495217e-15,open_errors,,,,,,
0.8,0.3,128,28.1,8.427348941772085,0.001636516214231,1.0045798421781915,0.0002530532409648,3.70653218717263e-05,0.000494590994188,6.92705573890221e-05,-6.661338147747608e-16,-1.3322676295495217e-15,open_errors,,,,,,
0.8,0.3,128,28.2,8.457339507401166,0.0016863394771683,1.0047195722863158,0.0002616367829254,3.856225600486396e-05,0.0005118635342619,7.250284590461459e-05,-6.661338147747608e-16,-1.3322676295495217e-15,open_errors,,,,,,
0.8,0.3,128,28.3,8.487330073030249,0.0017376795843471,1.0048635748849326,0.0002705165166028,4.013258902148639e-05,0.0005297302337309,7.586880849861974e-05,-4.4408920984984055e-16,-1.3322676295495217e-15,open_errors,,,,,,
0.8,0.3,128,28.4,8.517320638659331,0.0017905827143327,1.0050119811916138,0.0002797026968623,4.177946903837327e-05,0.0005482112969913,7.937355381220413e-05,-4.4408920984984055e-16,-1.3322676295495217e-15,open_errors,,,,,,
0.8,0.3,128,28.5,8.547311204288413,0.0018450964514501,1.0051649264897238,0.000289205931485,4.3506148302699385e-05,0.0005673276104045,8.302237428248122e-05,-4.4408920984984055e-16,-1.3322676295495217e-15,open_errors,,,,,,
0.8,0.3,128,28.6,8.577301769917495,0.0019012698285677,1.005322550256609,0.0002990371932055,4.5315987356851215e-05,0.0005871007652724,8.682075246041133e-05,-4.4408920984984055e-16,-1.3322676295495217e-15,open_errors,,,,,,
0.8,0.3,128,28.7,8.607292335546576,0.0019591533711849,1.005484996295967,0.0003092078321574,4.721245940062196e-05,0.0006075530815942,9.077436753976418e-05,-6.661338147747608e-16,-1.3322676295495217e-15,open_errors,,,,,,
0.8,0.3,128,28.8,8.63728290117566,0.0020187991428587,1.0056524128745397,0.0003197295887417,4.919915484306446e-05,0.0006287076326325,9.488910210518156e-05,-6.661338147747608e-16,-1.3322676295495217e-15,open_errors,,,,,,
0.8,0.3,128,28.9,8.667273466804742,0.0020802607920125,1.00582495286327,0.0003306146069306,5.127978603800065e-05,0.0006505882703105,9.917104910187002e-05,-8.881784196996811e-16,-1.3322676295495217e-15,open_errors,,,,,,
0.8,0.3,128,29.0,8.697264032433823,0.0021435936001685,1.0060027738831003,0.0003418754480224,5.345819219865231e-05,0.0006732196514759,0.000103626519038,-8.881784196996811e-16,-1.3322676295495217e-15,open_errors,,,,,,
0.8,0.3,128,29.1,8.727254598062906,0.0022088545316465,1.0061860384555483,0.0003535251048634,5.57383444865902e-05,0.0006966272650579,0.0001082620474261,-8.881784196996811e-16,-1.3322676295495217e-15,open_errors,,,,,,
0.8,0.3,128,29.2,8.757245163691987,0.0022761022847743,1.0063749141582472,0.0003655770165515,5.812435127075222e-05,0.0007208374601505,0.0001130844024677,-8.881784196996811e-16,-1.3322676295495217e-15,open_errors,,,,,,
0.8,0.3,128,29.3,8.78723572932107,0.002345397344654,1.006569573785608,0.0003780450836386,6.062046355469529e-05,0.000745877475053,0.0001181005929924,-8.881784196996811e-16,-1.3322676295495217e-15,open_errors,,,,,,
0.8,0.3,128,29.4,8.817226294950153,0.002416802037534,1.0067701955148076,0.0003909436838491,6.323108056915361e-05,0.0007717754673024,0.0001233178766576,-8.881784196996811e-16,-1.554312234474442e-15,open_errors,,,,,,
0.8,0.3,128,29.5,8.847216860579234,0.0024903805868327,1.0069769630772691,0.0004042876883315,6.59607555291442e-05,0.0007985605447326,0.0001287437684137,-8.881784196996811e-16,-1.554312234474442e-15,open_errors,,,,,,
0.8,0.3,128,29.6,8.877207426208317,0.0025661991708652,1.007190065935839,0.0004180924784608,6.881420155543052e-05,0.0008262627975952,0.0001343860492467,-8.881784196996811e-16,-1.554312234474442e-15,open_errors,,,,,,
0.8,0.3,128,29.7,8.907197991837398,0.0026443259823249,1.0074096994678654,0.0004323739632128,7.179629776036297e-05,0.0008549133317815,0.0001402527752027,-8.881784196996811e-16,-1.554312234474442e-15,open_errors,,,,,,
0.8,0.3,128,29.8,8.93718855746648,0.0027248312895723,1.007636065154392,0.0004471485971266,7.491209549966862e-05,0.000884544303183,0.0001463522867052,-8.881784196996811e-16,-1.554312234474442e-15,open_errors,,,,,,
0.8,0.3,128,29.9,8.967179123095564,0.0028077874997863,1.0078693707756718,0.0004624333988785,7.81668247911368e-05,0.0009151889532317,0.0001526932181674,-8.881784196996811e-16,-1.554312234474442e-15,open_errors,,,,,,
0.8,0.3,128,30.0,8.997169688724645,0.0028932692240341,1.0081098306132543,0.0004782459704864,8.15659009035526e-05,0.0009468816456618,0.0001592845079168,-8.881784196996811e-16,-1.554312234474442e-15,open_errors,,,,,,
0.8,0.3,128,30.1,9.027160254353728,0.0029813533443179,1.0083576656588602,0.0004946045171669,8.51149311167938e-05,0.0009796579045367,0.0001661354084291,-8.881784196996811e-16,-1.7763568393993622e-15,open_errors,,,,,,
0.8,0.3,128,30.2,9.057150819982809,0.003072119082658,1.008613103830308,0.0005115278678672,8.881972165849138e-05,0.0010135544535839,0.0001732554968889,-8.881784196996811e-16,-1.7763568393993622e-15,open_errors,,,,,,
0.8,0.3,128,30.3,9.087141385611892,0.0031656480722737,1.008876380194741,0.0005290354964967,9.268628481871131e-05,0.0010486092568936,0.0001806546860805,-1.1102230246246014e-15,-1.7763568393993622e-15,open_errors,,,,,,
0.8,0.3,128,30.4,9.117131951240976,0.0032620244309263,1.0091477371994266,0.0005471475438797,9.67208462472171e-05,0.0010848615610135,0.0001883432356168,-1.1102230246246014e-15,-1.7763568393993622e-15,open_errors,,,,,,
0.8,0.3,128,30.5,9.147122516870056,0.0033613348364882,1.0094274249104125,0.0005658848404565,0.0001009298524372,0.0011223519385097,0.000196331763517,-1.1102230246246014e-15,-1.7763568393993622e-15,open_errors,,,,,,
0.8,0.3,128,30.6,9.177113082499138,0.0034636686048056,1.009715701259312,0.0005852689297571,0.0001053199783994,0.0011611223330302,0.0002046312581398,-1.1102230246246014e-15,-1.7763568393993622e-15,open_errors,,,,,,
0.8,0.3,128,30.7,9.20710364812822,0.0035691177699257,1.010012832298555,0.0006053220926762,0.0001098981355301,0.0012012161059359,0.0002132530904794,-1.1102230246246014e-15,-1.7763568393993622e-15,open_errors,,,,,,
0.8,0.3,128,30.8,9.237094213757302,0.0036777771667565,1.0103190924653842,0.0006260673725752,0.000114671479679,0.0012426780845512,0.0002222090268354,-1.1102230246246014e-15,-1.7763568393993622e-15,open_errors,,,,,,
0.8,0.3,128,30.9,9.267084779386384,0.0037897445162354,1.0106347648549523,0.0006475286012417,0.0001196474194182,0.0012855546120937,0.0002315112418602,-1.3322676295495217e-15,-1.7763568393993622e-15,open_errors,,,,,,
0.8,0.3,128,31.0,9.297075345015466,0.0039051205130808,1.010960141502855,0.0006697304257351,0.0001248336245197,0.0013298935993475,0.0002411723319975,-1.1102230246246014e-15,-1.7763568393993622e-15,open_errors,,,,,,
0.8,0.3,128,31.1,9.32706591064455,0.0040240089162041,1.0112955236774543,0.0006926983361509,0.0001302380346426,0.0013757445781382,0.0002512053293153,-1.3322676295495217e-15,-1.7763568393993622e-15,open_errors,,,,,,
0.8,0.3,128,31.2,9.35705647627363,0.0041465166418636,1.0116412221823745,0.000716458694334,0.0001358688682355,0.0014231587566838,0.000261623715744,-1.3322676295495217e-15,-1.7763568393993622e-15,open_errors,,,,,,
0.8,0.3,128,31.3,9.387047041902711,0.004272753859641,1.0119975576695557,0.0007410387635763,0.000141734631658,0.0014721890768821,0.0002724414377259,-1.3322676295495217e-15,-1.7763568393993622e-15,open_errors,,,,,,
0.8,0.3,128,31.4,9.417037607531796,0.0044028340913257,1.012364860963269,0.0007664667393308,0.000147844128523,0.0015228902736133,0.0002836729212847,-1.3322676295495217e-15,-1.9984014443242827e-15,open_errors,,,,,,
0.8,0.3,128,31.5,9.447028173160875,0.0045368743127951,1.012743473395531,0.0007927717809822,0.000154206469266,0.0015753189361302,0.0002953330875247,-1.3322676295495217e-15,-1.9984014443242827e-15,open_errors,,,,,,
0.8,0.3,128,31.6,9.47701873878996,0.0046749950589794,1.0131337471533504,0.0008199840447058,0.0001608310809419,0.0016295335716126,0.0003074373685615,-1.7763568393993622e-15,-2.2204460492492028e-15,open_errors,,,,,,
0.8,0.3,128,31.7,9.50700930441904,0.004817320532004,1.0135360456382698,0.0008481347174594,0.0001677277172539,0.0016855946709701,0.0003200017238983,-1.7763568393993622e-15,-1.9984014443242827e-15,open_errors,,,,,,
0.8,0.3,128,31.8,9.536999870048124,0.0049639787126042,1.0139507438386972,0.0008772560521432,0.0001749064688156,0.0017435647769732,0.000333042657249,-1.7763568393993622e-15,-1.9984014443242827e-15,open_errors,,,,,,
0.8,0.3,128,31.9,9.566990435677209,0.0051151014749098,1.01437822871553,0.0009073814039745,0.0001823777736511,0.0018035085548089,0.0003465772338226,-1.7763568393993622e-15,-2.2204460492492028e-15,open_errors,,,,,,
0.8,0.3,128,32.0,9.596981001306288,0.0052708247047008,1.0148188996015954,0.0009385452681157,0.0001901524279308,0.0018654928651398,0.0003606230980624,-2.2204460492492028e-15,-2.2204460492492028e-15,open_errors,,,,,,
0.8,0.3,128,32.1,9.62697156693537,0.0054312884212368,1.0152731686154697,0.0009707833186068,0.0001982415969495,0.0019295868397791,0.0003751984918654,-2.2204460492492028e-15,-2.2204460492492028e-15,open_errors,,,,,,
0.8,0.3,128,32.2,9.656962132564454,0.0055966369027669,1.0157414610902524,0.0010041324486429,0.0002066568263433,0.0019958619600645,0.0003903222732699,-2.2204460492492028e-15,-2.2204460492492028e-15,open_errors,,,,,,
0.8,0.3,128,32.3,9.686952698193531,0.0057670188158296,1.016224216017898,0.0010386308122509,0.000215410053549,0.0020643921380463,0.0004060139356261,-2.2204460492492028e-15,-2.4424906541741232e-15,open_errors,,,,,,
0.8,0.3,128,32.4,9.716943263822616,0.0059425873484545,1.0167218865097525,0.001074317867415,0.0002245136195052,0.0021352538005942,0.0004222936272567,-2.2204460492492028e-15,-2.2204460492492028e-15,open_errors,,,,,,
0.8,0.3,128,32.5,9.7469338294517,0.0061235003473818,1.017234940273944,0.0011112344207024,0.0002339802805947,0.0022085259765366,0.0004391821716085,-2.6645352590990437e-15,-2.4424906541741232e-15,open_errors,,,,,,
0.8,0.3,128,32.6,9.776924395080782,0.0063099204594191,1.0177638601103371,0.001149422673447,0.0002438232208274,0.0022842903869503,0.0004567010878981,-2.6645352590990437e-15,-2.6645352590990437e-15,open_errors,,,,,,
0.8,0.3,128,32.7,9.806914960709864,0.0065020152770556,1.0183091444237742,0.0011889262695472,0.0002540560642625,0.0023626315387243,0.0004748726122633,-2.6645352590990437e-15,-2.6645352590990437e-15,open_errors,,,,,,
0.8,0.3,128,32.8,9.836905526338944,0.0066999574884611,1.0188713077563658,0.001229790344938,0.0002646928876678,0.0024436368215265,0.000493719719415,-2.886579864023964e-15,-2.6645352590990437e-15,open_errors,,,,,,
0.8,0.3,128,32.9,9.866896091968028,0.0069039250319978,1.0194508813396408,0.0012720615788018,0.0002757482334132,0.002527396608309,0.0005132661448003,-3.108624468948884e-15,-2.886579864023964e-15,open_errors,,,,,,
0.8,0.3,128,33.0,9.89688665759711,0.0071141012553769,1.0200484136673944,0.0013157882465807,0.0002872371225948,0.0026140043594913,0.0005335364072708,-3.3306690738738043e-15,-3.108624468948884e-15,open_errors,,,,,,
0.8,0.3,128,33.1,9.926877223226192,0.007330675079597,1.020664471090105,0.0013610202748603,0.0002991750683856,0.0027035567309692,0.0005545558322685,-3.5527136787987244e-15,-3.108624468948884e-15,open_errors,,,,,,
0.8,0.3,128,33.2,9.956867788855275,0.0075538411678021,1.0212996384318662,0.0014078092981971,0.0003115780896079,0.0027961536861058,0.0005763505755179,-3.5527136787987244e-15,-3.108624468948884e-15,open_errors,,,,,,
0.8,0.3,128,33.3,9.986858354484356,0.0077838000992042,1.021954519630785,0.0014562087179613,0.0003244627245192,0.0028918986118594,0.0005989476472341,-3.5527136787987244e-15,-3.3306690738738043e-15,open_errors,,,,,,
0.8,0.3,128,33.4,10.016848920113436,0.0080207585482158,1.0226297384038847,0.0015062737632754,0.0003378460448073,0.0029908984392248,0.0006223749368389,-3.9968028886485646e-15,-3.3306690738738043e-15,open_errors,,,,,,
0.8,0.3,128,33.5,10.04683948574252,0.0082649294689439,1.0233259389375706,0.0015580615541298,0.0003517456697831,0.0030932637681599,0.0006466612381859,-4.4408920984984055e-15,-3.5527136787987244e-15,open_errors,,,,,,
0.8,0.3,128,33.6,10.076830051371603,0.0085165322852006,1.0240437866047951,0.0016116311667591,0.0003661797807648,0.0031991089971811,0.0006718362752911,-4.4408920984984055e-15,-3.774758283723645e-15,open_errors,,,,,,
0.8,0.3,128,33.7,10.106820617000686,0.0087757930861862,1.0247839687101017,0.0016670437013706,0.0003811671356387,0.0033085524578278,0.00069793072856,-4.884981308348247e-15,-3.774758283723645e-15,open_errors,,,,,,
0.8,0.3,128,33.8,10.136811182629764,0.0090429448280108,1.025547195263791,0.0017243623523169,0.0003967270835868,0.0034217165541907,0.0007249762615083,-5.107025913273167e-15,-3.9968028886485646e-15,open_errors,,,,,,
0.8,0.3,128,33.9,10.166801748258848,0.009318227541217,1.026334199786527,0.001783652480812,0.0004128795799663,0.003538727907725,0.0007530055479662,-5.107025913273167e-15,-3.9968028886485646e-15,open_errors,,,,,,
0.8,0.3,128,34.0,10.196792313887933,0.0096018885444773,1.027145740145757,0.0018449816902929,0.0004296452013244,0.0036597175075655,0.0007820522997547,-5.329070518198087e-15,-4.218847493573485e-15,open_errors,,,,,,
0.8,0.3,128,34.1,10.226782879517014,0.0098941826646372,1.0279825994253935,0.0019084199045358,0.0004470451605311,0.0037848208665819,0.0008121512948206,-5.773159728047928e-15,-4.4408920984984055e-15,open_errors,,,,,,
0.8,0.3,128,34.2,10.256773445146097,0.0101953724632857,1.0288455868302913,0.0019740394486397,0.0004651013220108,0.0039141781834202,0.0008433384058176,-6.217248937897768e-15,-4.4408920984984055e-15,open_errors,,,,,,
0.8,0.3,128,34.300000000000004,10.286764010775178,0.0105057284700325,1.0297355386271312,0.0020419151329969,0.0004838362170477,0.0040479345107873,0.0008756506291107,-6.661338147747609e-15,-4.884981308348247e-15,open_errors,,,,,,
0.8,0.3,128,34.4,10.31675457640426,0.01082552942268,1.030653319123396,0.002112124340377,0.0005032730591438,0.0041862399302523,0.0009091261141859,-6.883382752672529e-15,-4.884981308348247e-15,open_errors,,,,,,
0.8,0.3,128,34.5,10.346745142033342,0.0111550625144804,1.031599821686249,0.002184747116255,0.0005234357593994,0.0043292497338508,0.0009438041934392,-7.327471962522371e-15,-5.329070518198087e-15,open_errors,,,,,,
0.8,0.3,128,34.6,10.376735707662425,0.0114946236486706,1.0325759698031702,0.0022598662625247,0.0005443489418874,0.0044771246127898,0.0009797254123151,-7.549516567447289e-15,-5.551115123123007e-15,open_errors,,,,,,
0.8,0.3,128,34.7,10.406726273291508,0.0118445177004856,1.0335827181863717,0.0023375674347428,0.0005660379589858,0.0046300308535754,0.001016931559762,-8.21565038222205e-15,-5.773159728047928e-15,open_errors,,,,,,
0.8,0.3,128,34.800000000000004,10.436716838920589,0.0122050587868495,1.034621053923068,0.0024179392430602,0.0005885289066343,0.0047881405418904,0.001055465698971,-8.437694987146971e-15,-5.995204332972848e-15,open_errors,,,,,,
0.8,0.3,128,34.9,10.46670740454967,0.0125765705439523,1.0356919976738397,0.0025010733570026,0.000611848639471,0.0049516317745776,0.0010953721983456,-9.103828801921732e-15,-6.217248937897768e-15,open_errors,,,,,,
0.8,0.3,128,35.0,10.496697970178753,0.0129593864129199,1.0367966049214052,0.0025870646142759,0.0006360247858071,0.0051206888800976,0.0011366967626655,-9.769962616696491e-15,-6.217248937897768e-15,open_errors,,,,,,
0.8,0.3,128,35.1,10.526688535807835,0.0133538499337916,1.0379359672723114,0.0026760111337765,0.0006610857623891,0.0052955026478505,0.0011794864643803,-1.0214051826546332e-14,-6.883382752672529e-15,open_errors,,,,,,
0.8,0.3,128,35.2,10.556679101436918,0.0137603150480201,1.039111213814124,0.0027680144330038,0.0006870607888943,0.0054762705667741,0.0012237897749774,-1.1102230246246012e-14,-7.105427357597449e-15,open_errors,,,,,,
0.8,0.3,128,35.300000000000004,10.586669667066,0.0141791464097133,1.0403235125309007,0.0028631795500776,0.0007139799021026,0.0056631970736545,0.0012696565963522,-1.1546319456095855e-14,-7.327471962522371e-15,open_errors,,,,,,
0.8,0.3,128,35.4,10.61666023269508,0.0146107197058407,1.0415740717798805,0.0029616151705799,0.0007418739696777,0.0058564938116079,0.0013171382921049,-1.2212453270870616e-14,-7.771561172372211e-15,open_errors,,,,,,
0.8,0.3,128,35.5,10.646650798324163,0.015055421985628,1.0428641418324642,0.0030634337594529,0.0007707747034897,0.0060563798992184,0.0013662877186751,-1.2878587085645376e-14,-7.99360577729713e-15,open_errors,,,,,,
0.8,0.3,128,35.6,10.676641363953246,0.0155136519993678,1.0441950164827845,0.003168751698197,0.0008007146724008,0.0062630822108463,0.0014171592562224,-1.3766765505345058e-14,-8.437694987146971e-15,open_errors,,,,,,
0.8,0.3,128,35.7,10.70663192958233,0.0159858205468739,1.04556803472733,0.0032776894276339,0.0008317273144321,0.0064768356686506,0.0014698088391407,-1.4654943925044743e-14,-8.881784196996811e-15,open_errors,,,,,,
0.8,0.3,128,35.800000000000004,10.73662249521141,0.0164723508358114,1.0469845825193005,0.0033903715965085,0.0008638469482197,0.0066978835468991,0.001524293986092,-1.5543122344744423e-14,-9.325873406846651e-15,open_errors,,,,,,
0.8,0.3,128,35.9,10.766613060840491,0.0169736788501316,1.0484460946016003,0.0035069272162323,0.0008971087836635,0.0069264777891805,0.0015806738294269,-1.64313007644441e-14,-9.769962616696491e-15,open_errors,,,,,,
0.8,0.3,128,36.0,10.796603626469574,0.0174902537288459,1.0499540564226015,0.0036274898220787,0.0009315489316592,0.0071628793391581,0.0016390091438445,-1.731947918414378e-14,-1.0436096431471252e-14,open_errors,,,,,,
0.8,0.3,128,36.1,10.826594192098655,0.0180225381553681,1.0515100061390652,0.0037521976411732,0.000967204412801,0.0074073584855565,0.0016993623741346,-1.8207657603843464e-14,-1.0880185641321094e-14,open_errors,,,,,,
0.8,0.3,128,36.2,10.85658475772774,0.018571008757658,1.053115536710886,0.0038811937676357,0.0010041131649271,0.0076601952221054,0.0017617976618231,-1.9539925233392983e-14,-1.1546319456095855e-14,open_errors,,,,,,
0.8,0.3,128,36.3,10.88657532335682,0.0191361565193944,1.0547722980925978,0.0040146263452645,0.0010423140493741,0.0079216796232157,0.0018263808705256,-2.0428103653092663e-14,-1.2212453270870616e-14,open_errors,,,,,,
0.8,0.3,128,36.4,10.916565888985902,0.0197184872024039,1.0564819995269,0.0041526487581723,0.0010818468557941,0.0081921122362074,0.0018931796097968,-2.1760371282642188e-14,-1.2878587085645376e-14,open_errors,,,,,,
0.8,0.3,128,36.5,10.946556454614983,0.0203185217805707,1.0582464119457902,0.0042954198298209,0.0011227523053756,0.0084718044909656,0.0019622632572398,-2.3092638912191713e-14,-1.3322676295495216e-14,open_errors,,,,,,
0.8,0.3,128,36.6,10.976547020244068,0.0209367968854446,1.060067370485244,0.0044431040309269,0.0011650720522996,0.0087610791279503,0.0020337029786156,-2.4424906541741232e-14,-1.4210854715194898e-14,open_errors,,,,,,
0.8,0.3,128,36.7,11.00653758587315,0.0215738652637607,1.0619467771197515,0.0045958716967508,0.0012088486832461,0.0090602706455558,0.0021075717456725,-2.5979218776215672e-14,-1.4876988529969657e-14,open_errors,,,,,,
0.8,0.3,128,36.8,11.036528151502232,0.0222302962470778,1.0638866034234442,0.0047538992543179,0.001254125714755,0.0093697257678687,0.0021839443513854,-2.7533531010690115e-14,-1.5543122344744423e-14,open_errors,,,,,,
0.8,0.3,128,36.9,11.066518717131313,0.0229066762337314,1.0658888934649684,0.0049173694601611,0.0013009475882286,0.0096898039339563,0.0022628974222651,-2.9087843245164555e-14,-1.64313007644441e-14,open_errors,,,,,,
0.8,0.3,128,37.0,11.096509282760396,0.0236036091832907,1.0679557668437314,0.0050864716492214,0.001349359662349,0.0100208778098806,0.0023445094273704,-3.1086244689488846e-14,-1.731947918414378e-14,open_errors,,,,,,
0.8,0.3,128,37.1,11.12649984838948,0.0243217171236916,1.0700894218756576,0.0052614019955909,0.0013994082026656,0.0103633338247258,0.0024288606836169,-3.3084646133813124e-14,-1.8207657603843464e-14,open_errors,,,,,,
0.8,0.3,128,37.2,11.15649041401856,0.0250616406712095,1.0722921389371056,0.0054423637858379,0.0014511403680897,0.0107175727320057,0.0025160333569443,-3.50830475781374e-14,-1.9095836023543144e-14,open_errors,,,,,,
0.8,0.3,128,37.3,11.186480979647644,0.0258240395634144,1.0745662839762198,0.0056295677057119,0.0015046041940188,0.0110840101979189,0.0026061114588597,-3.7081449022461693e-14,-2.0206059048167742e-14,open_errors,,,,,,
0.8,0.3,128,37.4,11.216471545276724,0.0266095932052337,1.076914312201572,0.0058232321410911,0.0015598485717864,0.0114630774180229,0.0026991808378391,-3.9301895071710896e-14,-2.1316282072792343e-14,open_errors,,,,,,
0.8,0.3,128,37.5,11.246462110905806,0.027419001228226,1.0793387719586394,0.0060235834941047,0.0016169232241204,0.0118552217640032,0.0027953291650104,-4.1744385725885016e-14,-2.2648549702341872e-14,open_errors,,,,,,
0.8,0.3,128,37.6,11.27645267653489,0.0282529840631442,1.0818423088053903,0.0062308565154409,0.0016758786762644,0.0122609074623428,0.0028946459135062,-4.4186876380059136e-14,-2.3758772726966473e-14,open_errors,,,,,,
0.8,0.3,128,37.7,11.306443242163972,0.0291122835258374,1.084427669799015,0.0064452946539347,0.0017367662223977,0.0126806163068212,0.0029972223308077,-4.7073456244083104e-14,-2.5313084961440916e-14,open_errors,,,,,,
0.8,0.3,128,37.8,11.336433807793052,0.0299976634165077,1.08709770800669,0.0066671504246222,0.0017996378869641,0.0131148484069179,0.0031031514033522,-4.973799150318214e-14,-2.6645352590990435e-14,open_errors,,,,,,
0.8,0.3,128,37.9,11.366424373422134,0.0309099101323034,1.089855387254161,0.0068966857965487,0.0018645463804941,0.0135641229743491,0.0032125278126038,-5.2846615972131034e-14,-2.7977620220539957e-14,open_errors,,,,,,
0.8,0.3,128,38.0,11.396414939051215,0.0318498332931876,1.0927037871269067,0.0071341726017317,0.0019315450494793,0.0140289791501303,0.00332544788173,-5.5955240441079913e-14,-2.9531932455014396e-14,open_errors,,,,,,
0.8,0.3,128,38.1,11.4264055046803,0.0328182663809729,1.0956461082397086,0.0073798929667978,0.0020006878198302,0.0145099768747415,0.0034420095119404,-5.950795411987864e-14,-3.1086244689488846e-14,open_errors,,,,,,
0.8,0.3,128,38.2,11.45639607030938,0.0338160673913642,1.0986856777915752,0.0076341397689489,0.0020720291334185,0.0150076978041708,0.0035623121074783,-6.306066779867736e-14,-3.3084646133813124e-14,open_errors,,,,,,
0.8,0.3,128,38.3,11.486386635938464,0.0348441194987885,1.10182595542422,0.0078972171180592,0.0021456238771792,0.0155227462748208,0.0036864564881535,-6.705747068732593e-14,-3.463895836828756e-14,open_errors,,,,,,
0.8,0.3,128,38.4,11.516377201567543,0.035903331733729,1.1050705394036058,0.0081694408668655,0.0022215273042113,0.0160557503205028,0.0038145447882269,-7.10542735759745e-14,-3.685940441753676e-14,open_errors,,,,,,
0.8,0.3,128,38.5,11.546367767196628,0.0369946396722033,1.1084231731455343,0.0084511391513897,0.0022997949462903,0.0166073627449928,0.0039466803403475,-7.549516567447289e-14,-3.8635761256936136e-14,open_errors,,,,,,
0.8,0.3,128,38.6,11.576358332825713,0.0381190061369464,1.111887752107794,0.0087426529639303,0.0023804825171696,0.0171782622539041,0.004082967543137,-8.038014698282116e-14,-4.1078251911110256e-14,open_errors,,,,,,
0.8,0.3,128,38.7,11.606348898454792,0.0392774219097653,1.115468331073105,0.0090443367611676,0.0024636458060159,0.0177691546499302,0.0042235117108977,-8.52651282911694e-14,-4.3520742565284376e-14,open_errors,,,,,,
0.8,0.3,128,38.8,11.636339464083877,0.0404709064544312,1.1191691318489136,0.009356559110171,0.0025493405602934,0.0183807740958454,0.004368418903801,-9.059419880936749e-14,-4.5963233219458497e-14,open_errors,,,,,,
0.8,0.3,128,38.9,11.666330029712956,0.0417005086493608,1.1229945514120991,0.009679703375349,0.0026376223573748,0.0190138844500051,0.0045177957367639,-9.614531393249049e-14,-4.840572387363262e-14,open_errors,,,,,,
0.8,0.3,128,39.0,11.69632059534204,0.0429673075292113,1.1269491705288237,0.0100141684496712,0.0027285464641267,0.0196692806794875,0.0046717491650873,-1.0214051826546333e-13,-5.15143483425815e-14,open_errors,,,,,,
0.8,0.3,128,39.1,11.726311160971122,0.0442724130343745,1.1310377628821064,0.0103603695338057,0.0028221676836882,0.0203477903564406,0.0048303862447637,-1.0880185641321095e-13,-5.440092820660548e-14,open_errors,,,,,,
0.8,0.3,128,39.2,11.756301726600205,0.0456169667671967,1.1352653047422847,0.0107187389671611,0.0029185401886258,0.0210502752436722,0.0049938138651927,-1.1546319456095857e-13,-5.728750807062944e-14,open_errors,,,,,,
0.8,0.3,128,39.3,11.786292292229286,0.0470021427535796,1.1396369852182917,0.0110897271152022,0.0030177173396265,0.0217776329760345,0.0051621384518595,-1.22568621918556e-13,-6.084022174942816e-14,open_errors,,,,,,
0.8,0.3,128,39.4,11.816282857858369,0.0484291482084234,1.144158217130762,0.0114738033178313,0.003119751488864,0.0225307988447108,0.0053354656363332,-1.301181384860033e-13,-6.439293542822688e-14,open_errors,,,,,,
0.8,0.3,128,39.5,11.84627342348745,0.0498992243031601,1.1488346485512733,0.0118714569040872,0.0032246937671524,0.023310747692134,0.0055138998907312,-1.3833378886822536e-13,-6.816769371195052e-14,open_errors,,,,,,
0.8,0.3,128,39.6,11.876263989116532,0.0514136469333871,1.1536721750556578,0.0122831982789265,0.0033325938539911,0.024118495925934,0.0056975441235599,-1.4721557306522217e-13,-7.21644966005991e-14,open_errors,,,,,,
0.8,0.3,128,39.7,11.906254554745614,0.0529737274843488,1.1586769527432934,0.0127095600884146,0.0034434997295969,0.0249551036610494,0.0058864992336087,-1.5631940186714389e-13,-7.638334409417259e-14,open_errors,,,,,,
0.8,0.3,128,39.8,11.936245120374696,0.0545808135917237,1.1638554120786018,0.0131510984702723,0.0035574574080202,0.0258216769999488,0.0060808636182944,-1.6608936448384037e-13,-8.082423619267098e-14,open_errors,,,,,,
0.8,0.3,128,39.9,11.966235686003778,0.0562362898948469,1.1692142726157346,0.0136083943974116,0.0036745106504609,0.026719370461792,0.0062807326325891,-1.7652546091531161e-13,-8.570921750101922e-14,open_errors,,,,,,
0.8,0.3,128,40.0,11.99622625163286,0.0579415787791462,1.174760558672599,0.0140820551228477,0.0037947006579279,0.0276493895723308,0.0064861979943441,-1.8762769116155765e-13,-9.059419880936749e-14,open_errors,,,,,,
0.8,0.3,128,40.1,12.026216817261943,0.0596981411041673,1.1805016160261013,0.0145727157352057,0.0039180657424304,0.0286129936274132,0.0066973471315113,-1.993960552225784e-13,-9.614531393249049e-14,open_errors,,,,,,
0.8,0.3,128,40.2,12.056207382891024,0.0615074769131269,1.1864451297066885,0.0150810408349632,0.0040446409759645,0.0296114986441298,0.0069142624664131,-2.1205259770329885e-13,-1.0169642905561349e-13,open_errors,,,,,,
0.8,0.3,128,40.3,12.086197948520107,0.0633711261194452,1.1925991429771807,0.0156077263425807,0.004174457816649,0.030646280514916,0.0071370206318414,-2.25597318603719e-13,-1.0769163338858635e-13,open_errors,,,,,,
0.8,0.3,128,40.4,12.116188514149188,0.0652906691651655,1.1989720775883823,0.0161535014507913,0.004307543711498,0.0317187783813371,0.0073656916133771,-2.398081733189139e-13,-1.1413092693140904e-13,open_errors,,,,,,
0.8,0.3,128,40.5,12.146179079778271,0.0672677276455755,1.2055727554123044,0.0167191307345547,0.0044439216754821,0.032830498245824,0.0076003378119003,-2.551292510587334e-13,-1.2079226507915662e-13,open_errors,,,,,,
0.8,0.3,128,40.6,12.176169645407354,0.0693039648936745,1.2124104215629423,0.0173054164335429,0.0045836098467482,0.033983016841332,0.0078410130198186,-2.713385072182526e-13,-1.28119737041679e-13,open_errors,,,,,,
0.8,0.3,128,40.7,12.206160211036435,0.0714010865173981,1.2194947691246791,0.0179132009235264,0.0047266210181399,0.0351779857807485,0.008087761304071,-2.886579864023964e-13,-1.358912982140512e-13,open_errors,,,,,,
0.8,0.3,128,40.8,12.236150776665518,0.0735608408816957,1.2268359656194767,0.0185433693946856,0.0048729621455003,0.0364171360099387,0.00834061578847,-3.0730973321608965e-13,-1.4388490399134834e-13,open_errors,,,,,,
0.8,0.3,128,40.9,12.2661413422946,0.0757850195266448,1.2344446813563643,0.0191968527567017,0.005022633833665,0.0377022825905525,0.0085995973274127,-3.270717030544076e-13,-1.5254464358342022e-13,open_errors,,,,,,
0.8,0.3,128,41.0,12.296131907923682,0.0780754575117862,1.24233211982033,0.0198746307924951,0.0051756298015715,0.0390353298411974,0.0088647130624458,-3.48165940522275e-13,-1.6187051699026692e-13,open_errors,,,,,,
0.8,0.3,128,41.1,12.326122473552765,0.0804340336757413,1.2505100502727948,0.0205777355847023,0.0053319363285529,0.040418276868302,0.0091359548525928,-3.708144902246169e-13,-1.7164047960696337e-13,open_errors,,,,,,
0.8,0.3,128,41.2,12.356113039181846,0.0828626707989357,1.2589908427526084,0.0213072552414366,0.0054915316846634,0.0418532235209711,0.0094132975687343,-3.9479530755650826e-13,-1.816324868285848e-13,open_errors,,,,,,
0.8,0.3,128,41.3,12.386103604810929,0.0853633356558696,1.267787505685028,0.022064337950574,0.0056543855488276,0.0433423768074255,0.0096966972417142,-4.207745263327239e-13,-1.927347170748308e-13,open_errors,,,,,,
0.8,0.3,128,41.4,12.41609417044001,0.0879380389418457,1.276913726326807,0.0228501963947927,0.005820458419757,0.0448880578142267,0.0099860890531821,-4.480860127384891e-13,-2.0450308113585162e-13,open_errors,,,,,,
0.8,0.3,128,41.5,12.446084736069093,0.0905888350573539,1.2863839142984863,0.0236661125628706,0.0059897010259604,0.0464927091734499,0.0102813851575061,-4.773959005885786e-13,-2.1693757901164714e-13,open_errors,,,,,,
0.8,0.3,128,41.6,12.476075301698176,0.093317821731414,1.296213248480559,0.0245134429963699,0.0061620537428443,0.0481589031273418,0.0105824723223995,-5.089262344879173e-13,-2.298161660972925e-13,open_errors,,,,,,
0.8,0.3,128,41.7,12.506065867327257,0.0961271394630601,1.3064177275787472,0.0253936245148208,0.0063374460269114,0.0498893502447942,0.0108892093751915,-5.426770144365052e-13,-2.4380497620756245e-13,open_errors,,,,,,
0.8,0.3,128,41.8,12.53605643295634,0.0990189707577879,1.317014224695519,0.0263081804669129,0.0065157958794721,0.051686908849245,0.0112014244409606,-5.784261958294175e-13,-2.5868196473753213e-13,open_errors,,,,,,
0.8,0.3,128,41.9,12.56604699858542,0.1019955391331555,1.3280205462806578,0.0272587275600404,0.0066970093551796,0.0535545952234383,0.0115189119580243,-6.170619570863534e-13,-2.744471316872015e-13,open_errors,,,,,,
0.8,0.3,128,42.0,12.596037564214503,0.1050591078647832,1.3394554958736893,0.0282469833258815,0.0068809801341606,0.0554955946628688,0.0118414294555787,-6.581402089974637e-13,-2.913225216614954e-13,open_errors,,,,,,
0.8,0.3,128,42.1,12.626028129843586,0.1082119784407162,1.3513389430957834,0.0292747742855629,0.0070675891806519,0.0575132734567806,0.0121686940775755,-7.022160630750603e-13,-3.088640454505641e-13,open_errors,,,,,,
0.8,0.3,128,42.2,12.656018695472667,0.1114564886884353,1.3636918983991668,0.0303440448844348,0.0072567045160068,0.0596111918833722,0.0125003788362844,-7.492895193191434e-13,-3.277378368691824e-13,open_errors,,,,,,
0.8,0.3,128,42.3,12.68600926110175,0.1147950105346875,1.3765365941387322,0.0314568672736102,0.007448181139837,0.0617931183144094,0.0128361085783624,-7.998046669395628e-13,-3.48165940522275e-13,open_errors,,,,,,
0.8,0.3,128,42.4,12.715999826730831,0.1182299473536966,1.3898965725944106,0.0326154520232789,0.0076418611400979,0.0640630445339112,0.0131754556457347,-8.542055951461683e-13,-3.694822225950674e-13,open_errors,,,,,,
0.8,0.3,128,42.5,12.745990392359914,0.1217637308541426,1.403796781644972,0.0338221598614728,0.0078375740413157,0.0664252023860171,0.0135179352131499,-9.123812816364974e-13,-3.921307722974092e-13,open_errors,,,,,,
0.8,0.3,128,42.6,12.775980957988995,0.1253988174494897,1.4182636788753678,0.0350795145415128,0.0080351374501243,0.068884081878689,0.013863000283981,-9.746647933179376e-13,-4.163336342342255e-13,open_errors,,,,,,
0.8,0.3,128,42.7,12.805971523618078,0.1291376840497149,1.4333253449920031,0.0363902169519145,0.0082343580691347,0.0714444508827012,0.0142100363257364,-1.041611241702801e-12,-4.420908084055163e-13,open_errors,,,,,,
0.8,0.3,128,42.8,12.83596208924716,0.1329828232051407,1.449011607524931,0.0377571605941813,0.0084350331642024,0.0741113765795581,0.0145583555268724,-1.1135536936984752e-12,-4.694022948112814e-13,open_errors,,,,,,
0.8,0.3,128,42.9,12.865952654876242,0.136936737524793,1.465354175914849,0.0391834485667958,0.0086369525867774,0.0768902488277493,0.0149071906569438,-1.1906031716074225e-12,-4.98490138056446e-13,open_errors,,,,,,
0.8,0.3,128,43.0,12.895943220505323,0.1410019332823685,1.4823867892180236,0.0406724122079828,0.0088399014726244,0.0797868056343231,0.0152556885129999,-1.2735368315468805e-12,-5.294653604434724e-13,open_errors,,,,,,
0.8,0.3,128,43.1,12.925933786134406,0.1451809131123377,1.500145377816516,0.0422276315656364,0.0090436637612444,0.0828071609383619,0.0156029029365296,-1.3625767181217732e-12,-5.625500065772855e-13,open_errors,,,,,,
0.8,0.3,128,43.2,12.955924351763487,0.1494761676867729,1.518668240697287,0.0438529578803702,0.0092480267072976,0.0859578349349063,0.0159477873873772,-1.4583889651468764e-12,-5.977440764578854e-13,open_errors,,,,,,
0.8,0.3,128,43.3,12.985914917392572,0.1538901662499673,1.5379962400653495,0.0455525382872125,0.0094527865867049,0.0892457871925297,0.0162891870641073,-1.5611956172271144e-12,-6.35047570085272e-13,open_errors,,,,,,
0.8,0.3,128,43.4,13.015905483021651,0.1584253458725693,1.558173015287445,0.0473308429632905,0.0096577558363415,0.0926784528455541,0.016625830564592,-1.6715517858747998e-12,-6.747935543668327e-13,open_errors,,,,,,
0.8,0.3,128,43.5,13.045896048650736,0.1630840992695216,1.5792452184283488,0.0491926949732733,0.0098627719076722,0.0962637821733265,0.0169563210865388,-1.7903456495096322e-12,-7.172040739074926e-13,open_errors,,,,,,
0.8,0.3,128,43.6,13.075886614279815,0.1678687610062649,1.6012627739479717,0.0511433030917477,0.0100677081614471,0.1000102839146731,0.0172791271758495,-1.917910275038999e-12,-7.622791287072513e-13,open_errors,,,,,,
0.8,0.3,128,43.7,13.1058771799089,0.1727815918950523,1.6242791654804147,0.0531882979125689,0.0102724871824299,0.1039270727063547,0.0175925730418543,-2.0549117962776747e-12,-8.103517856734965e-13,open_errors,,,,,,
0.8,0.3,128,43.8,13.135867745537984,0.1778247613574178,1.6483517530245697,0.0553337715901022,0.01047709694922,0.1080239210809915,0.017894828473721,-2.202127369342897e-12,-8.613110225037658e-13,open_errors,,,,,,
0.8,0.3,128,43.9,13.165858311167064,0.1830003274993241,1.673542124349194,0.0575863215968413,0.0106816103527437,0.1123113165136093,0.0181838984131624,-2.3601121057469776e-12,-9.159339953152961e-13,open_errors,,,,,,
0.8,0.3,128,44.0,13.195848876796148,0.1883102146117048,1.6999164849654185,0.0599530989269464,0.0108862086146947,0.1168005240680412,0.0184576122671737,-2.529310094699767e-12,-9.736655925957754e-13,open_errors,,,,,,
0.8,0.3,128,44.1,13.225839442425228,0.1937561877703166,1.727546091660292,0.0624418612267798,0.0110912092087943,0.1215036552665708,0.0187136130839391,-2.7107205369234267e-12,-1.0351719481599784e-12,open_errors,,,,,,
0.8,0.3,128,44.2,13.25583000805431,0.1993398241641988,1.7565077353330547,0.0650610313926897,0.0112970989250202,0.126433743890431,0.0189493467696952,-2.904787521627807e-12,-1.1007861289152922e-12,open_errors,,,,,,
0.8,0.3,128,44.3,13.285820573683392,0.205062480730647,1.7868842797515954,0.0678197622445304,0.0115045727278232,0.1316048295175906,0.0191620516006524,-3.111844115720295e-12,-1.1706191571641796e-12,open_errors,,,,,,
0.8,0.3,128,44.4,13.315811139312476,0.2109252576152857,1.8187652638745684,0.0707280079624022,0.0117145790266972,0.1370320497206887,0.0193487483914259,-3.332556453015666e-12,-1.244560010604178e-12,open_errors,,,,,,
0.8,0.3,128,44.5,13.345801704941556,0.2169289569072144,1.8522475765947255,0.0737966030659236,0.0119283718781477,0.142731741985755,0.0195062318337506,-3.5671465781188444e-12,-1.3231638007475998e-12,open_errors,,,,,,
0.8,0.3,128,44.6,13.375792270570638,0.2230740360196907,1.8874362141874168,0.0770373498224637,0.0121475704423574,0.148721556576073,0.0196310637373404,-3.815281424122442e-12,-1.40665257219937e-12,open_errors,,,,,,
0.8,0.3,128,44.7,13.40578283619972,0.2293605549944593,1.9244451324393557,0.0804631150961773,0.0123742256898838,0.1550205817607894,0.0197195692200269,-4.076738946421536e-12,-1.4952483695644132e-12,open_errors,,,,,,
0.8,0.3,128,44.8,13.435773401828804,0.2357881169003423,1.96339820744104,0.0840879377969689,0.0126108938545796,0.1616494830615764,0.0197678373548825,-4.350519944293963e-12,-1.589062215145192e-12,open_errors,,,,,,
0.8,0.3,128,44.9,13.465763967457884,0.2423558003713088,2.0044303214186963,0.0879271482620061,0.01286071542292,0.1686306584512489,0.0197717284623112,-4.635070105505249e-12,-1.6883161535466314e-12,open_errors,,,,,,
0.8,0.3,128,45.0,13.495754533086968,0.249062083182611,2.047688592841008,0.0919975011073091,0.0131274975167596,0.1759884117761693,0.0197268912518431,-4.9277248947962935e-12,-1.7930101847687314e-12,open_errors,,,,,,
0.8,0.3,128,45.1,13.52574509871605,0.2559047555917312,2.0933337734650497,0.0963173233295271,0.0134157963799834,0.1837491470823178,0.0196287945572316,-5.224487509278449e-12,-1.903144308811492e-12,open_errors,,,,,,
0.8,0.3,128,45.2,13.555735664345132,0.262880821968988,2.1415418391125525,0.1009066797258251,0.0137309953927167,0.1919415870188934,0.0194727807686541,-5.519806833828593e-12,-2.0190515925823e-12,open_errors,,,,,,
0.8,0.3,128,45.3,13.585726229974217,0.2699863890048742,2.192505805951868,0.1057875580419444,0.0140793727696853,0.2005970190926734,0.0192541517365604,-5.805245173459578e-12,-2.140176924568844e-12,open_errors,,,,,,
0.8,0.3,128,45.4,13.615716795603296,0.2772165385004541,2.246437810103695,0.1109840766659306,0.0144681521184565,0.2097495742752268,0.0189683037133153,-6.070033364832545e-12,-2.2661872378637358e-12,open_errors,,,,,,
0.8,0.3,128,45.5,13.64570736123238,0.2845651824148142,2.303571495743065,0.1165227181710179,0.0149055287056579,0.2194365433532653,0.0186109371691473,-6.298295218695364e-12,-2.3969715101645146e-12,open_errors,,,,,,
0.8,0.3,128,45.6,13.67569792686146,0.2920248974491428,2.3641647658572054,0.1224325925917302,0.0154006650194192,0.229698737497003,0.0181783823611677,-6.469380586790015e-12,-2.531308496144091e-12,open_errors,,,,,,
0.8,0.3,128,45.7,13.705688492490545,0.299586735977631,2.428502960847346,0.1287457350118637,0.0159636513708269,0.2405809008485518,0.0176681062223969,-6.554312648173797e-12,-2.668087972777842e-12,open_errors,,,,,,
0.8,0.3,128,45.8,13.735679058119626,0.3072400095753297,2.4969025437547208,0.1354974428752148,0.0166054309563305,0.252132184559817,0.0170795069210417,-6.5141225746823865e-12,-2.8057556278312925e-12,open_errors,,,,,,
0.8,0.3,128,45.9,13.765669623748709,0.3149720407229712,2.5697153877186087,0.1427266594283927,0.0173376937105776,0.2644066937093902,0.0164151695583353,-6.296074772646115e-12,-2.941868970650269e-12,open_errors,,,,,,
0.8,0.3,128,46.0,13.79566018937779,0.3227678774647779,2.6473337822047047,0.1504764109046805,0.0181727486337471,0.2774641209916003,0.0156828641528509,-5.829337013093932e-12,-3.073430399068284e-12,open_errors,,,,,,
0.8,0.3,128,46.1,13.82565075500687,0.3306099648280206,2.7301963007020373,0.1587943065011488,0.019123388921815,0.2913704841130952,0.014898727150085,-5.017208870581036e-12,-3.1958879986843774e-12,open_errors,,,,,,
0.8,0.3,128,46.2,13.855641320635954,0.3384777656462472,2.818794705446624,0.1677331119397554,0.0202027669563138,0.306198987598738,0.0140922568777187,-3.729683228923886e-12,-3.303801676677889e-12,open_errors,,,,,,
0.8,0.3,128,46.3,13.885631886265037,0.3463473220167465,2.9136821062203366,0.1773514094997473,0.0214242962175125,0.3220310343845015,0.0133137953256643,-1.7896795156948577e-12,-3.3896219164813707e-12,open_errors,,,,,,
0.8,0.3,128,46.4,13.915622451894118,0.3541907469113338,3.015482642941888,0.1877143599392381,0.0228015944357169,0.3389574183968022,0.0126444156966419,1.0431655539372757e-12,-3.443245688570739e-12,open_errors,,,,,,
0.8,0.3,128,46.5,13.9456130175232,0.361975633379152,3.1249030289944795,0.1988945847796442,0.0243484776013404,0.3570797365879527,0.0122050192334502,5.0981441290761694e-12,-3.451461338952961e-12,open_errors,,,,,,
0.8,0.3,128,46.6,13.975603583152282,0.3696643662458806,3.2427463785345005,0.2109731911161627,0.026079009202087,0.3765120680041521,0.0121545708125712,1.0825562668509564e-11,-3.3971714330488177e-12,open_errors,,,,,,
0.8,0.3,128,46.7,14.005594148781364,0.3772133181209595,3.369928852454045,0.2240409655673486,0.0280076047171454,0.3973829789042089,0.0126628493380579,1.8846701976817385e-11,-3.257061287341193e-12,open_errors,,,,,,
0.8,0.3,128,46.8,14.035584714410447,0.3845719077451837,3.5074998023991344,0.2381997693307048,0.030149189074943,0.4198379273640716,0.013860474080372,3.0023317165713246e-11,-3.000821813257835e-12,open_errors,,,,,,
0.8,0.3,128,46.9,14.065575280039528,0.3916814940904229,3.656666281358576,0.253564172724082,0.0325194049823016,0.4440421590147486,0.0158046029248554,4.5556003414026194e-11,-2.5882629373073334e-12,open_errors,,,,,,
0.8,0.3,128,47.0,14.095565845668611,0.3984740739768238,3.81882303793795,0.2702633752165854,0.0351348727396502,0.4701842086155096,0.0184917122611197,6.713340994221025e-11,-1.9660939543077066e-12,open_errors,,,,,,
0.8,0.3,128,47.1,14.125556411297692,0.4048707440872192,3.995589440178794,0.288443465906074,0.0380135070731344,0.498480151381783,0.0218964216354916,9.714495874386248e-11,-1.064037746800218e-12,open_errors,,,,,,
0.8,0.3,128,47.2,14.155546976926775,0.4107798798984553,4.188855212017055,0.3082700897074911,0.0411749033616188,0.5291787850085244,0.0260012016910255,1.3900325335207397e-10,2.131628207279235e-13,open_errors,,,,,,
0.8,0.3,128,47.3,14.185537542555858,0.4160949739797208,4.400837450119648,0.329931595992086,0.0446408143864725,0.5625679701316612,0.0308082021584871,1.976281360781662e-10,1.9906298831519105e-12,open_errors,,,,,,
0.8,0.3,128,47.4,14.21552810818494,0.4206920641436609,4.634152174256218,0.3536427584532576,0.0484357497437288,0.5989824158052621,0.0363406394661634,2.8018698472451065e-10,4.438449607844231e-12,open_errors,,,,,,
0.8,0.3,128,47.5,14.245518673814022,0.4244266680482674,4.891904723272709,0.3796491661436006,0.0525877441424854,0.6388132697277411,0.0426407932585771,3.97238908433707e-10,7.786216116297254e-12,open_errors,,,,,,
0.8,0.3,128,47.6,14.275509239443103,0.427130125377994,5.177804738906653,0.4082323929642575,0.0571293592637064,0.6825199621053747,0.0497677508335942,5.645370837467585e-10,1.2344791855405867e-11,open_errors,,,,,,
0.8,0.3,128,47.7,14.305499805072186,0.4286052328171822,5.496313409143659,0.4397160505697378,0.0620990084673972,0.7306448567659803,0.0577957285287445,8.059037881476405e-10,1.8540280422020997e-11,open_errors,,,,,,
0.8,0.3,128,47.8,14.335490370701269,0.428621043427713,5.852833230619769,0.4744728065860327,0.0675427267103289,0.7838313775980675,0.0668129139197476,1.1579051051307835e-09,2.6958657528539496e-11,open_errors,,,,,,
0.8,0.3,128,47.9,14.36548093633035,0.4269066967659961,6.253953971927883,0.5129323854221898,0.0735165522500337,0.8428463843543362,0.0769204932174078,1.6775907329949426e-09,3.8412606428986585e-11,open_errors,,,,,,
0.8,0.3,128,48.0,14.395471501959433,0.4231441615894507,6.707772915939121,0.5555904240500337,0.0800897446742378,0.9086076241174416,0.0882314114563254,2.4555675270919663e-09,5.4037885277553225e-11,open_errors,,,,,,
0.8,0.3,256,0.0,0.0,4.999999999836233e-07,1.000002000001,0.0,0.0,0.0,0.0,0.0,0.0,open_errors,,,,,,
0.8,0.3,256,0.1,0.0299905656290821,5.004612102696646e-07,1.000002000900503,1.974474926751538e-09,2.6364577881582455e-11,9.008053717934827e-12,5.2186661847183065e-12,0.0,-2.2204460492492028e-16,open_errors,,,,,,
0.8,0.3,256,0.2,0.0599811312581643,5.018439524140961e-07,1.0000020035998234,3.950466186506373e-09,5.329554998648151e-11,3.6047745747267286e-11,2.086513185226781e-11,0.0,-4.4408920984984055e-16,open_errors,,,,,,
0.8,0.3,256,0.3,0.0899716968872464,5.04145590470968e-07,1.0000020081013878,5.929491304615118e-09,8.133600290818974e-11,8.116620117007751e-11,4.6910852998566765e-11,0.0,-2.2204460492492028e-16,open_errors,,,,,,
0.8,0.3,256,0.4,0.1199622625163286,5.073618307091374e-07,1.0000020144092467,7.913070201578152e-09,1.1098601176970592e-10,1.444419979523059e-10,8.330921558109969e-11,0.0,-2.2204460492492028e-16,open_errors,,,,,,
0.8,0.3,256,0.5,0.1499528281454107,5.11486864935351e-07,1.000002022529073,9.902726382111921e-09,1.4268919441257648e-10,2.2598533290239271e-10,1.2999745991952282e-10,0.0,-2.2204460492492028e-16,open_errors,,,,,,
0.8,0.3,256,0.6,0.1799433937744929,5.165135610242005e-07,1.000002032468171,1.1899988139042131e-08,1.7682639699244247e-10,3.2593821815542073e-10,1.8689859448290315e-10,-4.4408920984984055e-16,-2.2204460492492028e-16,open_errors,,,,,,
0.8,0.3,256,0.7000000000000001,0.209933959403575,5.224336905813301e-07,1.0000020442354816,1.3906389759154866e-08,2.1371597290856688e-10,4.4447436310602515e-10,2.5392404279259317e-10,-4.4408920984984055e-16,-2.2204460492492028e-16,open_errors,,,,,,
0.8,0.3,256,0.8,0.2399245250326572,5.292381838570586e-07,1.0000020578415882,1.5923472729880473e-08,2.536191794048275e-10,5.817998803439524e-10,3.3097700147337034e-10,-4.4408920984984055e-16,-2.2204460492492028e-16,open_errors,,,,,,
0.8,0.3,256,0.9,0.2699150906617393,5.369174003275144e-07,1.00000207329873,1.795278695324131e-08,2.9674896633037756e-10,7.38153245928891e-10,4.1795523200451347e-10,0.0,-2.2204460492492028e-16,open_errors,,,,,,
0.8,0.3,256,1.0,0.2999056562908215,5.454614046779339e-07,1.0000020906208114,1.999589197094324e-08,3.432802386635569e-10,9.138056429340863e-10,5.147552311660424e-10,-2.2204460492492028e-16,-2.2204460492492028e-16,open_errors,,,,,,
0.8,0.3,256,1.1,0.3298962219199037,5.548602384671444e-07,1.0000021098234133,2.205435819127046e-08,3.933606688054329e-10,1.1090616166233084e-09,6.212749405360949e-10,0.0,-2.2204460492492028e-16,open_errors,,,,,,
0.8,0.3,256,1.2,0.3598867875489858,5.651041792769674e-07,1.0000021309238083,2.4129768123154756e-08,4.47121061507597e-10,1.3242589455532243e-09,7.37417674173425e-10,0.0,-2.2204460492492028e-16,open_errors,,,,,,
0.8,0.3,256,1.3,0.389877353178068,5.761839812541723e-07,1.0000021539409758,2.6223717629466046e-08,5.046847668675203e-10,1.559769435117054e-09,8.630955238579116e-10,0.0,-4.4408920984984055e-16,open_errors,,,,,,
0.8,0.3,256,1.4,0.4198679188071501,5.880910921446808e-07,1.0000021788956217,2.83378171887782e-08,5.661758172876475e-10,1.8159998154639094e-09,9.982312503660886e-10,0.0,-4.4408920984984055e-16,open_errors,,,,,,
0.8,0.3,256,1.5,0.4498584844362322,6.008178438744337e-07,1.0000022058101914,3.047369315090614e-08,6.317259891657838e-10,2.0933914468249644e-09,1.142761579835868e-09,0.0,-4.4408920984984055e-16,open_errors,,,,,,
0.8,0.3,256,1.6,0.4798490500653144,6.143576159909625e-07,1.0000022347088957,3.263298903794653e-08,7.014803874698451e-10,2.3924216945116492e-09,1.2966393321992531e-09,0.0,-4.4408920984984055e-16,open_errors,,,,,,
0.8,0.3,256,1.7,0.5098396156943965,6.287049714315214e-07,1.000002265617728,3.4817366823920175e-08,7.756017632576991e-10,2.7136038268159727e-09,1.4598340092931419e-09,0.0,-4.4408920984984055e-16,open_errors,,,,,,
0.8,0.3,256,1.8,0.5398301813234787,6.438557660877991e-07,1.000002298564492,3.7028508254091966e-08,8.54273676497489e-10,3.0574886317117467e-09,1.6323339606532042e-09,0.0,-4.4408920984984055e-16,open_errors,,,,,,
0.8,0.3,256,1.9,0.5698207469525609,6.598072338066631e-07,1.0000023335788233,3.9268116174368775e-08,9.377025130916243e-10,3.424664126283058e-09,1.814145861158527e-09,0.0,-4.4408920984984055e-16,open_errors,,,,,,
0.8,0.3,256,2.0,0.599811312581643,6.765580495999224e-07,1.0000023706922172,4.1537915874649656e-08,1.0261181967393155e-09,3.8157572225618545e-09,2.005294639182145e-09,0.0,-4.4408920984984055e-16,open_errors,,,,,,
0.8,0.3,256,2.1,0.6298018782107252,6.941083732744246e-07,1.0000024099380578,4.3839656445865964e-08,1.119774394176622e-09,4.231434072433622e-09,2.205823871805256e-09,0.0,-4.4408920984984055e-16,open_errors,,,,,,
0.8,0.3,256,2.2,0.6597924438398074,7.124598765303913e-07,1.0000024513516466,4.617511216650518e-08,1.2189475705064435e-09,4.672401239744181e-09,2.4157932847595502e-09,0.0,-4.4408920984984055e-16,open_errors,,,,,,
0.8,0.3,256,2.3000000000000003,0.6897830094688895,7.316157562987448e-07,1.000002494970236,4.854608390080089e-08,1.3239353912500079e-09,5.139406391043846e-09,2.635278505462026e-09,0.0,-4.4408920984984055e-16,open_errors,,,,,,
0.8,0.3,256,2.4,0.7197735750979716,7.515807367225991e-07,1.000002540833061,5.09544005251132e-08,1.4350547354105006e-09,5.63323953229371e-09,2.8643687138699086e-09,0.0,-4.4408920984984055e-16,open_errors,,,,,,
0.8,0.3,256,2.5,0.7497641407270538,7.723610622843445e-07,1.0000025889813762,5.340192037126365e-08,1.5526394437477702e-09,6.154733683503808e-09,3.103165099614093e-09,0.0,-4.4408920984984055e-16,open_errors,,,,,,
0.8,0.3,256,2.6,0.779754706356136,7.939644842969148e-07,1.00000263945849,5.589053270566045e-08,1.6770376897114435e-09,6.704766662725351e-09,3.351778971310873e-09,0.0,-4.4408920984984055e-16,open_errors,,,,,,
0.8,0.3,256,2.7,0.8097452719852181,8.16400242482589e-07,1.0000026923098082,5.8422159213047957e-08,1.8086093282185662e-09,7.284261748926574e-09,3.6103294567155e-09,0.0,-4.4408920984984055e-16,open_errors,,,,,,
0.8,0.3,256,2.8000000000000003,0.8397358376143003,8.396790431974112e-07,1.00000274758287,6.099875552088026e-08,1.947723657757225e-09,7.894188873747226e-09,3.878941747544018e-09,0.0,-4.4408920984984055e-16,open_errors,,,,,,
0.8,0.3,256,2.9,0.8697264032433824,8.638130359518454e-07,1.0000028053273933,6.362231274766045e-08,2.0947571837492674e-09,8.535566088139496e-09,4.157745834583513e-09,-2.2204460492492028e-16,-4.4408920984984055e-16,open_errors,,,,,,
0.8,0.3,256,3.0,0.8997169688724644,8.888157892483116e-07,1.0000028655953217,6.62948590953041e-08,2.2500915190000828e-09,9.209461073290248e-09,4.446873856812478e-09,0.0,-4.4408920984984055e-16,open_errors,,,,,,
0.8,0.3,256,3.1,0.9297075345015466,9.147022663367452e-07,1.0000029284408651,6.901846143961258e-08,2.4141121745222394e-09,9.916992485505433e-09,4.746460358992261e-09,-2.2204460492492028e-16,-4.4408920984984055e-16,open_errors,,,,,,
0.8,0.3,256,3.2,0.9596981001306288,9.414888020508072e-07,1.000002993920555,7.17952269730346e-08,2.5872072152391523e-09,1.0659330947181883e-08,5.0566396190829735e-09,0.0,-4.4408920984984055e-16,open_errors,,,,,,
0.8,0.3,256,3.3000000000000003,0.989688665759711,9.69193081249815e-07,1.0000030620932894,7.462730489147466e-08,2.769766754983635e-09,1.1437701472338924e-08,5.3775463413118635e-09,-2.2204460492492028e-16,-4.4408920984984055e-16,open_errors,,,,,,
0.8,0.3,256,3.4,1.019679231388793,9.978341189422952e-07,1.0000031330203911,7.751688807970312e-08,2.9621826048991395e-09,1.2253384133480108e-08,5.709314773311511e-09,0.0,-4.4408920984984055e-16,open_errors,,,,,,
0.8,0.3,256,3.5,1.0496697970178752,1.027432243012003e-06,1.00000320676566,8.046621487800212e-08,3.1648482137828413e-09,1.3107716683755061e-08,6.052078679818302e-09,-4.4408920984984055e-16,-4.4408920984984055e-16,open_errors,,,,,,
0.8,0.3,256,3.6,1.0796603626469574,1.0580090791246353e-06,1.0000032833954298,8.34775708503856e-08,3.3781590780433463e-09,1.4002095565040092e-08,6.405971164650455e-09,0.0,-4.4408920984984055e-16,open_errors,,,,,,
0.8,0.3,256,3.7,1.1096509282760396,1.0895875385767568e-06,1.0000033629786305,8.655329060342233e-08,3.602513295968479e-09,1.4937978040338476e-08,6.771126305712699e-09,0.0,-4.4408920984984055e-16,open_errors,,,,,,
0.8,0.3,256,3.8,1.1396414939051218,1.1221918088396624e-06,1.0000034455868476,8.969575965713794e-08,3.838312084661764e-09,1.5916884239330472e-08,7.147678146426872e-09,0.0,-4.4408920984984055e-16,open_errors,,,,,,
0.8,0.3,256,3.9,1.1696320595342038,1.155847346903189e-06,1.0000035312943885,9.290741634046673e-08,4.085960719371529e-09,1.6940399219144552e-08,7.535762861635222e-09,-4.4408920984984055e-16,-4.4408920984984055e-16,open_errors,,,,,,
0.8,0.3,256,4.0,1.199622625163286,1.1905808754311392e-06,1.000003620178347,9.619075373374784e-08,4.345869187232045e-09,1.8010174540551436e-08,7.935518725368266e-09,-4.4408920984984055e-16,-4.4408920984984055e-16,open_errors,,,,,,
0.8,0.3,256,4.1,1.229613190792368,1.2264203818624845e-06,1.0000037123186751,9.954832166178189e-08,4.618452889366815e-09,1.9127930664795253e-08,8.347087223542007e-09,0.0,-4.4408920984984055e-16,open_errors,,,,,,
0.8,0.3,256,4.2,1.2596037564214504,1.2633951202630297e-06,1.0000038077982552,1.0298272875058065e-07,4.9041334715846055e-09,2.029545966878733e-08,8.770614051991667e-09,0.0,-4.4408920984984055e-16,open_errors,,,,,,
0.8,0.3,256,4.3,1.2895943220505324,1.3015356158857458e-06,1.000003906702971,1.0649664449146073e-07,5.203339167744112e-09,2.1514627118583363e-08,9.206249525083824e-09,-4.4408920984984055e-16,-4.4408920984984055e-16,open_errors,,,,,,
0.8,0.3,256,4.4,1.3195848876796148,1.340873672451267e-06,1.0000040091217886,1.1009280138911725e-07,5.516505295365392e-09,2.2787374321753284e-08,9.65414908450674e-09,-2.2204460492492028e-16,-4.4408920984984055e-16,open_errors,,,,,,
0.8,0.3,256,4.5,1.3495754533086968,1.3814423820737594e-06,1.0000041151468348,1.1377399714938253e-07,5.844074525473753e-09,2.4115721258519537e-08,1.0114474246145797e-08,0.0,-4.4408920984984055e-16,open_errors,,,,,,
0.8,0.3,256,4.6000000000000005,1.379566018937779,1.4232761376738015e-06,1.0000042248734806,1.1754309692687705e-07,6.1864970250406766e-09,2.5501769039318172e-08,1.0587392323484644e-08,0.0,-4.4408920984984055e-16,open_errors,,,,,,
0.8,0.3,256,4.7,1.4095565845668612,1.4664106479872334e-06,1.0000043384004258,1.2140303563241453e-07,6.544230502768974e-09,2.6947702619065106e-08,1.1073076716677345e-08,0.0,-4.4408920984984055e-16,open_errors,,,,,,
0.8,0.3,256,4.8,1.4395471501959431,1.510882954951485e-06,1.0000044558297896,1.2535682029040878e-07,6.9177401443976755e-09,2.845579378692194e-08,1.1571707058153391e-08,0.0,-4.4408920984984055e-16,open_errors,,,,,,
0.8,0.3,256,4.9,1.4695377158250251,1.556731453312202e-06,1.0000045772672006,1.2940753244396137e-07,7.3074984531584185e-09,3.0028403730625086e-08,1.2083468544901136e-08,-2.2204460492492028e-16,-4.4408920984984055e-16,open_errors,,,,,,
0.8,0.3,256,5.0,1.4995282814541075,1.603995912796058e-06,1.0000047028218944,1.3355833066723754e-07,7.713985126489186e-09,3.166798642357512e-08,1.2608551927299316e-08,-4.4408920984984055e-16,-4.4408920984984055e-16,open_errors,,,,,,
0.8,0.3,256,5.1000000000000005,1.5295188470831895,1.6527175022835924e-06,1.0000048326068085,1.3781245309020649e-07,8.137686770743394e-09,3.3377091803614615e-08,1.3147152593504413e-08,-2.2204460492492028e-16,-4.4408920984984055e-16,open_errors,,,,,,
0.8,0.3,256,5.2,1.559509412712272,1.7029388163283257e-06,1.0000049667386857,1.4217322002728334e-07,8.579096778235028e-09,3.515836874506049e-08,1.3699470534752237e-08,-4.4408920984984055e-16,-4.4408920984984055e-16,open_errors,,,,,,
0.8,0.3,256,5.3,1.589499978341354,1.7547039036708628e-06,1.000005105338179,1.466440366447717e-07,9.038715309434636e-09,3.7014568714440255e-08,1.4265709368311831e-08,-4.4408920984984055e-16,-4.4408920984984055e-16,open_errors,,,,,,
0.8,0.3,256,5.4,1.619490543970436,1.8080582980278208e-06,1.0000052485299615,1.5122839572427965e-07,9.517048956675526e-09,3.894854906635875e-08,1.4846075751026044e-08,-4.4408920984984055e-16,-6.661338147747608e-16,open_errors,,,,,,
0.8,0.3,256,5.5,1.6494811095995183,1.8630490508635368e-06,1.0000053964428353,1.5592988051651564e-07,1.001461095378412e-08,4.0963277160367206e-08,1.5440778650046083e-08,-4.4408920984984055e-16,-4.4408920984984055e-16,open_errors,,,,,,
0.8,0.3,256,5.6000000000000005,1.6794716752286003,1.91972476621136e-06,1.000005549209851,1.607521676186765e-07,1.0531921207478442e-08,4.306183353858975e-08,1.605002926002191e-08,-4.4408920984984055e-16,-4.4408920984984055e-16,open_errors,,,,,,
0.8,0.3,256,5.7,1.7094622408576825,1.9781356374533225e-06,1.000005706968424,1.6569902995872134e-07,1.1069506448121377e-08,4.524741637920697e-08,1.66740399447295e-08,-4.4408920984984055e-16,-4.4408920984984055e-16,open_errors,,,,,,
0.8,0.3,256,5.8,1.7394528064867647,2.0383334862880477e-06,1.000005869860461,1.707743398835426e-07,1.1627900541401834e-08,4.7523345248168294e-08,1.7313024497311792e-08,-4.4408920984984055e-16,-4.4408920984984055e-16,open_errors,,,,,,
0.8,0.3,256,5.9,1.769443372115847,2.10037180353883e-06,1.0000060380324856,1.759820722997114e-07,1.2207644651194724e-08,4.989306537687134e-08,1.7967197299875648e-08,-4.4408920984984055e-16,-4.4408920984984055e-16,open_errors,,,,,,
0.8,0.3,256,6.0,1.7994339377449289,2.164305791948165e-06,1.0000062116357715,1.813263079112597e-07,1.2809287894177141e-08,5.236015229849177e-08,1.8636773662923038e-08,-4.4408920984984055e-16,-4.4408920984984055e-16,open_errors,,,,,,
0.8,0.3,256,6.1000000000000005,1.8294245033740115,2.2301924110609296e-06,1.0000063908264776,1.8681123655165549e-07,1.343338755493688e-08,5.4928315912591225e-08,1.932196961893496e-08,-4.4408920984984055e-16,-4.4408920984984055e-16,open_errors,,,,,,
0.8,0.3,256,6.2,1.8594150690030933,2.298090423988841e-06,1.0000065757657894,1.9244116060140225e-07,1.4080509705311771e-08,5.7601405477793274e-08,2.002300194581598e-08,-4.4408920984984055e-16,-4.4408920984984055e-16,open_errors,,,,,,
0.8,0.3,256,6.3,1.8894056346321757,2.3680604462869067e-06,1.000006766620062,1.982204985312328e-07,1.4751229588931411e-08,6.038341468543642e-08,2.0740088536669263e-08,-2.2204460492492028e-16,-4.4408920984984055e-16,open_errors,,,,,,
0.8,0.3,256,6.4,1.9193962002612577,2.440164996705409e-06,1.0000069635609727,2.0415378848613875e-07,1.544613220781726e-08,6.327848619427064e-08,2.1473448691655265e-08,-4.4408920984984055e-16,-4.4408920984984055e-16,open_errors,,,,,,
0.8,0.3,256,6.5,1.94938676589034,2.514468550081796e-06,1.0000071667656736,2.102456920241247e-07,1.6165812624903752e-08,6.629091731073745e-08,2.2223303068695332e-08,-4.4408920984984055e-16,-4.4408920984984055e-16,open_errors,,,,,,
0.8,0.3,256,6.6000000000000005,1.979377331519422,2.591037592216707e-06,1.0000073764169506,2.1650099793661682e-07,1.6910876543627392e-08,6.942516503312443e-08,2.2989874362542452e-08,-4.4408920984984055e-16,-4.4408920984984055e-16,open_errors,,,,,,
0.8,0.3,256,6.7,2.009367897148504,2.6699406768865265e-06,1.000007592703389,2.2292462619093945e-07,1.7681940573872236e-08,7.268585198060264e-08,2.377338759080828e-08,-4.4408920984984055e-16,-4.4408920984984055e-16,open_errors,,,,,,
0.8,0.3,256,6.8,2.039358462777586,2.751248484889864e-06,1.0000078158195436,2.2952163198371235e-07,1.8479632623509713e-08,7.60777719391566e-08,2.4574070175122548e-08,-4.4408920984984055e-16,-6.661338147747608e-16,open_errors,,,,,,
0.8,0.3,256,6.9,2.0693490284066685,2.8350338852050484e-06,1.0000080459661107,2.36297209878088e-07,1.930459207554765e-08,7.960589583701925e-08,2.5392152326104683e-08,-4.4408920984984055e-16,-4.4408920984984055e-16,open_errors,,,,,,
0.8,0.3,256,7.0,2.0993395940357504,2.921371998491328e-06,1.0000082833501125,2.4325669812808764e-07,2.0157470028379833e-08,8.327537837427758e-08,2.6227867172060392e-08,-4.4408920984984055e-16,-4.4408920984984055e-16,open_errors,,,,,,
0.8,0.3,256,7.1000000000000005,2.129330159664833,3.0103402625917384e-06,1.0000085281850812,2.50405583067011e-07,2.103892942686169e-08,8.709156403139558e-08,2.708145051896808e-08,-4.4408920984984055e-16,-4.4408920984984055e-16,open_errors,,,,,,
0.8,0.3,256,7.2,2.159320725293915,3.102018500357014e-06,1.00000878069125,2.577495036321298e-07,2.1949645220484626e-08,9.105999369432316e-08,2.7953141583901548e-08,-4.4408920984984055e-16,-4.4408920984984055e-16,open_errors,,,,,,
0.8,0.3,256,7.3,2.189311290922997,3.1964889899055112e-06,1.0000090410957547,2.652942560811435e-07,2.289030434998924e-08,9.518641214738845e-08,2.8843182071799665e-08,-4.4408920984984055e-16,-6.661338147747608e-16,open_errors,,,,,,
0.8,0.3,256,7.4,2.2193018565520792,3.2938365370197062e-06,1.000009309632834,2.730457987495347e-07,2.3861605812018126e-08,9.947677460211633e-08,2.9751816262390718e-08,-6.661338147747608e-16,-6.661338147747608e-16,open_errors,,,,,,
0.8,0.3,256,7.5,2.249292422181161,3.394148550069238e-06,1.0000095865440457,2.810102570080915e-07,2.4864260675150157e-08,1.0393725430018868e-07,3.067929064867256e-08,-4.4408920984984055e-16,-4.4408920984984055e-16,open_errors,,,,,,
0.8,0.3,256,7.6,2.279282987810244,3.4975151173921107e-06,1.0000098720784758,2.891939283824235e-07,2.589899216388728e-08,1.0857425021653745e-07,3.162585395970361e-08,-4.4408920984984055e-16,-6.661338147747608e-16,open_errors,,,,,,
0.8,0.3,256,7.7,2.3092735534393256,3.6040290871642654e-06,1.000010166492971,2.9760328777002005e-07,2.696653562860569e-08,1.1339439487561336e-07,3.259175604531781e-08,-4.4408920984984055e-16,-6.661338147747608e-16,open_errors,,,,,,
0.8,0.3,256,7.8,2.339264119068408,3.713786149879753e-06,1.0000104700523649,3.062449928524087e-07,2.806763860585491e-08,1.1840456276324345e-07,3.3577247857571056e-08,-8.881784196996811e-16,-4.4408920984984055e-16,open_errors,,,,,,
0.8,0.3,256,7.9,2.36925468469749,3.826884923393645e-06,1.0000107830297158,3.15125889637844e-07,2.92030609525254e-08,1.2361187866940465e-07,3.458258064729153e-08,-6.661338147747608e-16,-6.661338147747608e-16,open_errors,,,,,,
0.8,0.3,256,8.0,2.399245250326572,3.943427040849342e-06,1.0000111057065566,3.242530181998492e-07,3.0373574960649865e-08,1.2902372655996265e-07,3.5608006101160045e-08,-8.881784196996811e-16,-6.661338147747608e-16,open_errors,,,,,,
0.8,0.3,256,8.1,2.429235815955654,4.06351724120367e-06,1.0000114383731442,3.3363361855155974e-07,3.1579965567672714e-08,1.346477583538628e-07,3.66537751950016e-08,-8.881784196996811e-16,-6.661338147747608e-16,open_errors,,,,,,
0.8,0.3,256,8.2,2.459226381584736,4.187263462757683e-06,1.000011781328721,3.432751367377514e-07,3.2823030471457994e-08,1.404919040414719e-07,3.77201379958184e-08,-6.661338147747608e-16,-6.661338147747608e-16,open_errors,,,,,,
0.8,0.3,256,8.3,2.489216947213819,4.314776939540735e-06,1.000012134881786,3.53185231055132e-07,3.4103580494027656e-08,1.465643806135643e-07,3.880734345482493e-08,-6.661338147747608e-16,-6.661338147747608e-16,open_errors,,,,,,
0.8,0.3,256,8.4,2.519207512842901,4.44617230076043e-06,1.0000124993503698,3.6337177850215554e-07,3.5422439798898926e-08,1.5287370266097284e-07,3.991563893188567e-08,-6.661338147747608e-16,-6.661338147747608e-16,open_errors,,,,,,
0.8,0.3,256,8.5,2.5491980784719828,4.581567673357453e-06,1.0000128750623256,3.738428814188193e-07,3.678044623268957e-08,1.5942869269817274e-07,4.104526990402568e-08,-6.661338147747608e-16,-6.661338147747608e-16,open_errors,,,,,,
0.8,0.3,256,8.6,2.5791886441010647,4.721084787760296e-06,1.000013262355617,3.846068742902964e-07,3.8178451657974956e-08,1.662384919013828e-07,4.219647991692692e-08,-6.661338147747608e-16,-6.661338147747608e-16,open_errors,,,,,,
0.8,0.3,256,8.700000000000001,2.609179209730147,4.864849086865116e-06,1.0000136615786273,3.956723307909589e-07,3.961732222287605e-08,1.7331257129027217e-07,4.3369510106463717e-08,-6.661338147747608e-16,-4.4408920984984055e-16,open_errors,,,,,,
0.8,0.3,256,8.8,2.6391697753592296,5.012989838496114e-06,1.0000140730904714,4.070480710488103e-07,4.1097938924970985e-08,1.8066074345849345e-07,4.456459963661592e-08,-6.661338147747608e-16,-6.661338147747608e-16,open_errors,,,,,,
0.8,0.3,256,8.9,2.669160340988312,5.165640251268767e-06,1.0000144972613187,4.18743169067381e-07,4.262119764848853e-08,1.882931741987899e-07,4.578198507131172e-08,-6.661338147747608e-16,-6.661338147747608e-16,open_errors,,,,,,
0.8,0.3,256,9.0,2.699150906617393,5.3229375940458364e-06,1.0000149344727267,4.3076696044648236e-07,4.418800973342936e-08,1.9622039527235786e-07,4.702190094227189e-08,-6.661338147747608e-16,-6.661338147747608e-16,open_errors,,,,,,
0.8,0.3,256,9.1,2.7291414722464755,5.485023319084439e-06,1.0000153851179834,4.431290503006343e-07,4.5799302148872594e-08,2.0445331690740992e-07,4.82845789236037e-08,-6.661338147747608e-16,-6.661338147747608e-16,open_errors,,,,,,
0.8,0.3,256,9.2,2.759132037875558,5.652043188935397e-06,1.00001584960246,4.55839321377668e-07,4.7456017809594475e-08,2.130032411388973e-07,4.957024867043269e-08,-6.661338147747608e-16,-8.881784196996811e-16,open_errors,,,,,,
0.8,0.3,256,9.3,2.7891226035046404,5.82414740739097e-06,1.0000163283439794,4.6890794253649286e-07,4.915911574595793e-08,2.218818755168887e-07,5.087913699196936e-08,-8.881784196996811e-16,-6.661338147747608e-16,open_errors,,,,,,
0.8,0.3,256,9.4,2.8191131691337223,6.001490754261988e-06,1.0000168217731895,4.82345377375745e-07,5.0909571362968715e-08,2.311013475540597e-07,5.221146804432616e-08,-8.881784196996811e-16,-6.661338147747608e-16,open_errors,,,,,,
0.8,0.3,256,9.5,2.8491037347628043,6.184232724391054e-06,1.0000173303339517,4.961623931638672e-07,5.2708376607845016e-08,2.406742191083935e-07,5.356746313862689e-08,-6.661338147747608e-16,-6.661338147747608e-16,open_errors,,,,,,
0.8,0.3,256,9.6,2.8790943003918863,6.372537670874813e-06,1.000017854483735,5.103700700253579e-07,5.455654016949382e-08,2.506135016318482e-07,5.4947340990179455e-08,-6.661338147747608e-16,-6.661338147747608e-16,open_errors,,,,,,
0.8,0.3,256,9.7,2.9090848660209687,6.566574952756543e-06,1.0000183946940375,5.24979810432647e-07,5.6455087457244065e-08,2.6093267149297185e-07,5.635131638678663e-08,-6.661338147747608e-16,-6.661338147747608e-16,open_errors,,,,,,
0.8,0.3,256,9.8,2.9390754316500507,6.7665190871777895e-06,1.0000189514508038,5.400033489975454e-07,5.8405060807510316e-08,2.716456871601947e-07,5.777960066663692e-08,-6.661338147747608e-16,-6.661338147747608e-16,open_errors,,,,,,
0.8,0.3,256,9.9,2.969065997279133,6.972549906232582e-06,1.0000195252548607,5.554527625281595e-07,6.04075194700849e-08,2.827670051191077e-07,5.9232400578672355e-08,-8.881784196996811e-16,-6.661338147747608e-16,open_errors,,,,,,
0.8,0.3,256,10.0,2.999056562908215,7.184852718496114e-06,1.000020116622374,5.713404803903986e-07,6.246353981807873e-08,2.943115978373242e-07,6.070991859655511e-08,-8.881784196996811e-16,-6.661338147747608e-16,open_errors,,,,,,
0.8,0.3,256,10.1,3.029047128537297,7.403618475635355e-06,1.0000207260853078,5.876792952245225e-07,6.457421536755967e-08,3.062949713701729e-07,6.22123516944271e-08,-8.881784196996811e-16,-8.881784196996811e-16,open_errors,,,,,,
0.8,0.3,256,10.2,3.0590376941663795,7.629043944002001e-06,1.0000213541919034,6.044823739527687e-07,6.674065680069352e-08,3.187331840374211e-07,6.373989087102498e-08,-8.881784196996811e-16,-6.661338147747608e-16,open_errors,,,,,,
0.8,0.3,256,10.3,3.089028259795461,7.86133188164077e-06,1.0000220015071777,6.217632691973225e-07,6.896399219718426e-08,3.316428659863611e-07,6.52927206947159e-08,-8.881784196996811e-16,-8.881784196996811e-16,open_errors,,,,,,
0.8,0.3,256,10.4,3.119018825424544,8.100691220428302e-06,1.0000226686134253,6.395359309314279e-07,7.124536705551124e-08,3.450412389424256e-07,6.687101833524663e-08,-8.881784196996811e-16,-6.661338147747608e-16,open_errors,,,,,,
0.8,0.3,256,10.5,3.149009391053626,8.347337253928441e-06,1.0000233561107468,6.578147185505064e-07,7.358594450057972e-08,3.589461363367164e-07,6.847495309735688e-08,-8.881784196996811e-16,-6.661338147747608e-16,open_errors,,,,,,
0.8,0.3,256,10.6,3.178999956682708,8.601491831032614e-06,1.0000240646175838,6.766144133805222e-07,7.598690543525249e-08,3.733760251092781e-07,7.01046853642537e-08,-8.881784196996811e-16,-6.661338147747608e-16,open_errors,,,,,,
0.8,0.3,256,10.7,3.2089905223117903,8.863383555402659e-06,1.0000247947712808,6.959502314808136e-07,7.844944874867908e-08,3.8835002798397737e-07,7.176036656392638e-08,-1.1102230246246014e-15,-8.881784196996811e-16,open_errors,,,,,,
0.8,0.3,256,10.8,3.238981087940872,9.133247991025382e-06,1.000025547228656,7.15837836873344e-07,8.09747914775485e-08,4.0388794559345554e-07,7.344213760857455e-08,-8.881784196996811e-16,-6.661338147747608e-16,open_errors,,,,,,
0.8,0.3,256,10.9,3.2689716535699542,9.411327874056198e-06,1.0000263226665909,7.362933551816984e-07,8.356416908513054e-08,4.2001028059684564e-07,7.51501291413666e-08,-8.881784196996811e-16,-8.881784196996811e-16,open_errors,,,,,,
0.8,0.3,256,11.0,3.2989622191990366,9.697873331057502e-06,1.000027121782644,7.573333876979509e-07,8.621883575477742e-08,4.3673826178341513e-07,7.688446049020048e-08,-8.881784196996811e-16,-8.881784196996811e-16,open_errors,,,,,,
0.8,0.3,256,11.1,3.328952784828118,9.993142103944957e-06,1.000027945295671,7.789750258588751e-07,8.89400645152489e-08,4.540938691000699e-07,7.864523869787226e-08,-8.881784196996811e-16,-6.661338147747608e-16,open_errors,,,,,,
0.8,0.3,256,11.2,3.358943350457201,1.0297399781863228e-05,1.000028793946481,8.012358662421211e-07,9.17291475592638e-08,4.720998604835209e-07,8.043255862101593e-08,-8.881784196996811e-16,-8.881784196996811e-16,open_errors,,,,,,
0.8,0.3,256,11.3,3.388933916086283,1.061092003990608e-05,1.0000296684984935,8.241340259440742e-07,9.458739652279632e-08,4.907797977903097e-07,8.224650199193655e-08,-8.881784196996811e-16,-8.881784196996811e-16,open_errors,,,,,,
0.8,0.3,256,11.4,3.418924481715365,1.0933984885370677e-05,1.000030569738432,8.476881585112131e-07,9.75161426573192e-08,5.101580758246607e-07,8.408713701474508e-08,-8.881784196996811e-16,-8.881784196996811e-16,open_errors,,,,,,
0.8,0.3,256,11.5,3.4489150473444474,1.1266884911279358e-05,1.0000314984770304,8.719174702663955e-07,1.005167370853445e-07,5.302599502223852e-07,8.595451760034758e-08,-1.1102230246246014e-15,-6.661338147747608e-16,open_errors,,,,,,
0.8,0.3,256,11.6,3.4789056129735294,1.1609919557759489e-05,1.0000324555497595,8.968417372405157e-07,1.0359055100651817e-07,5.511115676403764e-07,8.784868305440684e-08,-8.881784196996811e-16,-8.881784196996811e-16,open_errors,,,,,,
0.8,0.3,256,11.7,3.508896178602612,1.1963397381445824e-05,1.0000334418175838,9.22481322650806e-07,1.0673897583151929e-07,5.727399969559557e-07,8.97696574982076e-08,-8.881784196996811e-16,-8.881784196996811e-16,open_errors,,,,,,
0.8,0.3,256,11.8,3.538886744231694,1.2327636332899595e-05,1.00003445816773,9.488571948062348e-07,1.0996342330144256e-07,5.951732610455284e-07,9.171744856378781e-08,-8.881784196996811e-16,-8.881784196996811e-16,open_errors,,,,,,
0.8,0.3,256,11.9,3.568877309860776,1.2702964042602611e-05,1.0000355055144925,9.75990945661382e-07,1.1326532574171217e-07,6.184403690332633e-07,9.369204778404232e-08,-8.881784196996811e-16,-6.661338147747608e-16,open_errors,,,,,,
0.8,0.3,256,12.0,3.5988678754898578,1.3089718115625376e-05,1.000036584800048,1.003904809912874e-06,1.166461360226036e-07,6.425713516320638e-07,9.569342897001465e-08,-1.1102230246246014e-15,-8.881784196996811e-16,open_errors,,,,,,
0.8,0.3,256,12.1,3.62885844111894,1.3488246435390356e-05,1.0000376969953135,1.0326216848115803e-06,1.201073276566562e-07,6.675972956382475e-07,9.772154785295599e-08,-8.881784196996811e-16,-8.881784196996811e-16,open_errors,,,,,,
0.8,0.3,256,12.2,3.658849006748023,1.3898907476378667e-05,1.0000388431008087,1.0621651503272368e-06,1.236503949410755e-07,6.93550380584672e-07,9.977634110533507e-08,-1.3322676295495217e-15,-6.661338147747608e-16,open_errors,,,,,,
0.8,0.3,256,12.3,3.6888395723771046,1.4322070626731735e-05,1.0000400241475662,1.092559490261534e-06,1.2727685283407276e-07,7.204639166326404e-07,1.0185772518716005e-07,-1.1102230246246014e-15,-6.661338147747608e-16,open_errors,,,,,,
0.8,0.3,256,12.4,3.7188301380061866,1.4758116520423073e-05,1.0000412411980508,1.1238297138357389e-06,1.3098823714116396e-07,7.48372383903623e-07,1.0396559561442693e-07,-1.1102230246246014e-15,-6.661338147747608e-16,open_errors,,,,,,
0.8,0.3,256,12.5,3.748820703635269,1.5207437379614162e-05,1.000042495347123,1.1560015779377296e-06,1.3478610443717978e-07,7.773114718054323e-07,1.0609982587772641e-07,-1.1102230246246014e-15,-8.881784196996811e-16,open_errors,,,,,,
0.8,0.3,256,12.6,3.778811269264351,1.567043736748422e-05,1.0000437877230202,1.18910161021605e-06,1.386720321004211e-07,8.07318121883524e-07,1.0826026577689437e-07,-8.881784196996811e-16,-8.881784196996811e-16,open_errors,,,,,,
0.8,0.3,256,12.7,3.8088018348934334,1.6147532951742755e-05,1.0000451194883713,1.2231571328063272e-06,1.426476183680101e-07,8.384305707177227e-07,1.1044674087471384e-07,-8.881784196996811e-16,-8.881784196996811e-16,open_errors,,,,,,
0.8,0.3,256,12.8,3.8387924005225154,1.6639153279235846e-05,1.000046491841247,1.2581962867681398e-06,1.467144822805353e-07,8.706883941267619e-07,1.1265905085588801e-07,-1.1102230246246014e-15,-8.881784196996811e-16,open_errors,,,,,,
0.8,0.3,256,12.9,3.868782966151597,1.714574056197223e-05,1.0000479060162328,1.2942480573943391e-06,1.5087426378445908e-07,9.041325539645324e-07,1.1489696811011037e-07,-1.1102230246246014e-15,-8.881784196996811e-16,open_errors,,,,,,
0.8,0.3,256,13.0,3.8987735317806793,1.766775047479722e-05,1.0000493632855456,1.3313423001897102e-06,1.5512862378825518e-07,9.388054452099892e-07,1.1716023670213669e-07,-1.3322676295495217e-15,-8.881784196996811e-16,open_errors,,,,,,
0.8,0.3,256,13.1,3.9287640974097617,1.8205652565385893e-05,1.0000508649601727,1.3695097678271498e-06,1.59479244114253e-07,9.747509455742934e-07,1.1944857082931508e-07,-1.1102230246246014e-15,-8.881784196996811e-16,open_errors,,,,,,
0.8,0.3,256,13.2,3.958754663038844,1.875993067653301e-05,1.000052412391057,1.4087821378756996e-06,1.639278276927632e-07,1.0120144669131244e-06,1.21761653527752e-07,-1.3322676295495217e-15,-8.881784196996811e-16,open_errors,,,,,,
0.8,0.3,256,13.3,3.988745228667926,1.9331083381333903e-05,1.0000540069703103,1.4491920413215922e-06,1.684760985377352e-07,1.050643007533938e-06,1.2409913498166154e-07,-1.3322676295495217e-15,-6.661338147747608e-16,open_errors,,,,,,
0.8,0.3,256,13.4,4.018735794297008,1.991962443170849e-05,1.0000556501324658,1.4907730921878556e-06,1.7312580182297962e-07,1.0906852066572538e-06,1.2646063145300256e-07,-1.3322676295495217e-15,-8.881784196996811e-16,open_errors,,,,,,
0.8,0.3,256,13.5,4.04872635992609,2.05260832204754e-05,1.0000573433557705,1.5335599178942643e-06,1.7787870403119878e-07,1.132191401544764e-06,1.288457237367601e-07,-1.3322676295495217e-15,-8.881784196996811e-16,open_errors,,,,,,
0.8,0.3,256,13.6,4.078716925555172,2.1151005257543876e-05,1.0000590881635152,1.5775881907092316e-06,1.8273659295528842e-07,1.1752136847722809e-06,1.3125395571840984e-07,-1.3322676295495217e-15,-8.881784196996811e-16,open_errors,,,,,,
0.8,0.3,256,13.7,4.108707491184255,2.179495266059772e-05,1.0000608861254052,1.622894660166222e-06,1.8770127776015314e-07,1.2198059656072003e-06,1.3368483253944926e-07,-1.3322676295495217e-15,-8.881784196996811e-16,open_errors,,,,,,
0.8,0.3,256,13.8,4.138698056813337,2.2458504660705068e-05,1.000062738858972,1.6695171864945645e-06,1.9277458905201555e-07,1.2660240315628964e-06,1.3613781986863057e-07,-8.881784196996811e-16,-1.1102230246246014e-15,open_errors,,,,,,
0.8,0.3,256,13.9,4.168688622442419,2.3142258123392465e-05,1.0000646480310331,1.7174947751267602e-06,1.9795837890743722e-07,1.3139256134012883e-06,1.386123419520312e-07,-8.881784196996811e-16,-8.881784196996811e-16,open_errors,,,,,,
0.8,0.3,256,14.0,4.198679188071501,2.3846828085360857e-05,1.0000666153591875,1.7668676122344246e-06,2.032545208952541e-07,1.3635704510881573e-06,1.411077798232249e-07,-1.1102230246246014e-15,-8.881784196996811e-16,open_errors,,,,,,
0.8,0.3,256,14.1,4.228669753700583,2.457284830793796e-05,1.0000686426133665,1.8176771016197277e-06,2.086649100225914e-07,1.41502036397124e-06,1.4362347038003385e-07,-8.881784196996811e-16,-8.881784196996811e-16,open_errors,,,,,,
0.8,0.3,256,14.2,4.258660319329666,2.5320971846938057e-05,1.000070731617421,1.8699659024480869e-06,2.141914627738249e-07,1.4683393204631516e-06,1.4615870418156298e-07,-1.1102230246246014e-15,-8.881784196996811e-16,open_errors,,,,,,
0.8,0.3,256,14.3,4.288650884958748,2.6091871640286324e-05,1.0000728842507705,1.923777968528481e-06,2.1983611692082842e-07,1.5235935133114671e-06,1.4871272406065954e-07,-1.1102230246246014e-15,-8.881784196996811e-16,open_errors,,,,,,
0.8,0.3,256,14.4,4.31864145058783,2.688624111308868e-05,1.000075102450089,1.979158588507928e-06,2.2560083157046203e-07,1.5808514341393486e-06,1.51284723015319e-07,-1.1102230246246014e-15,-8.881784196996811e-16,open_errors,,,,,,
0.8,0.3,256,14.5,4.348632016216912,2.770479480153498e-05,1.0000773882110503,2.036154427625962e-06,2.3148758692359522e-07,1.6401839533583084e-06,1.5387384278682976e-07,-1.1102230246246014e-15,-8.881784196996811e-16,open_errors,,,,,,
0.8,0.3,256,14.6,4.378622581845994,2.854826899561038e-05,1.0000797435901252,2.0948135707240905e-06,2.374983841909104e-07,1.7016644014204357e-06,1.5647917158293725e-07,-1.1102230246246014e-15,-8.881784196996811e-16,open_errors,,,,,,
0.8,0.3,256,14.7,4.4086131474750765,2.941742240131192e-05,1.0000821707064338,2.1551855665193757e-06,2.436352454510496e-07,1.7653686527541182e-06,1.5909974225981865e-07,-1.1102230246246014e-15,-8.881784196996811e-16,open_errors,,,,,,
0.8,0.3,256,14.8,4.438603713104159,3.031303682315928e-05,1.000084671743651,2.2173214734130986e-06,2.49900213410783e-07,1.8313752123492205e-06,1.6173452987723806e-07,-1.1102230246246014e-15,-8.881784196996811e-16,open_errors,,,,,,
0.8,0.3,256,14.9,4.46859427873324,3.123591786739142e-05,1.0000872489519712,2.2812739067545417e-06,2.562953512282166e-07,1.8997653065496328e-06,1.6438244983238905e-07,-1.1102230246246014e-15,-8.881784196996811e-16,open_errors,,,,,,
0.8,0.3,256,15.0,4.498584844362322,3.218689566666659e-05,1.00008990465014,2.3470970875859525e-06,2.628227423344689e-07,1.970622975564734e-06,1.670423555576717e-07,-1.1102230246246014e-15,-8.881784196996811e-16,open_errors,,,,,,
0.8,0.3,256,15.1,4.528575409991404,3.316682562670608e-05,1.000092641227535,2.414846892952283e-06,2.694844901664205e-07,2.0440351695987373e-06,1.697130355799728e-07,-1.1102230246246014e-15,-8.881784196996811e-16,open_errors,,,,,,
0.8,0.3,256,15.2,4.558565975620487,3.417658919576477e-05,1.000095461146323,2.4845809078681937e-06,2.762827179590348e-07,2.120091848507007e-06,1.723932117668563e-07,-1.1102230246246014e-15,-8.881784196996811e-16,open_errors,,,,,,
0.8,0.3,256,15.3,4.588556541249569,3.521709465746127e-05,1.0000983669436732,2.55635847886119e-06,2.832195685443109e-07,2.198886084170172e-06,1.750815360115675e-07,-8.881784196996811e-16,-8.881784196996811e-16,open_errors,,,,,,
0.8,0.3,256,15.4,4.618547106878651,3.628927794780184e-05,1.0001013612340413,2.6302407693270104e-06,2.902972040992222e-07,2.280514166920459e-06,1.7777658840026805e-07,-8.881784196996811e-16,-8.881784196996811e-16,open_errors,,,,,,
0.8,0.3,256,15.5,4.648537672507733,3.739410349708543e-05,1.000104446711527,2.7062908166604112e-06,2.975178059303614e-07,2.3650757151854067e-06,1.8047687373122586e-07,-8.881784196996811e-16,-8.881784196996811e-16,open_errors,,,,,,
0.8,0.3,256,15.6,4.678528238136815,3.853256509737446e-05,1.000107626152298,2.7845735912190592e-06,3.048835742485807e-07,2.4526737895831296e-06,1.8318081906618145e-07,-8.881784196996811e-16,-8.881784196996811e-16,open_errors,,,,,,
0.8,0.3,256,15.7,4.708518803765898,3.970568679640408e-05,1.0001109024170896,2.865156057021404e-06,3.123967279210584e-07,2.543415009296836e-06,1.8588677098315134e-07,-8.881784196996811e-16,-8.881784196996811e-16,open_errors,,,,,,
0.8,0.3,256,15.8,4.73850936939498,4.0914523818689625e-05,1.0001142784537806,2.948107234644501e-06,3.2005950430096417e-07,2.637409673769373e-06,1.8859299272548745e-07,-1.1102230246246014e-15,-8.881784196996811e-16,open_errors,,,,,,
0.8,0.3,256,15.9,4.768499935024062,4.216016351481278e-05,1.0001177573000504,3.0334982660890152e-06,3.2787415890218774e-07,2.734771888616132e-06,1.912976608632093e-07,-8.881784196996811e-16,-8.881784196996811e-16,open_errors,,,,,,
0.8,0.3,256,16.0,4.798490500653144,4.3443726339353305e-05,1.0001213420861128,3.121402481572592e-06,3.358429652468028e-07,2.83561969424288e-06,1.939988622723071e-07,-8.881784196996811e-16,-8.881784196996811e-16,open_errors,,,,,,
0.8,0.3,256,16.1,4.828481066282227,4.476636685885519e-05,1.0001250360375342,3.211895468690084e-06,3.439682145681852e-07,2.940075200715297e-06,1.966945920627961e-07,-8.881784196996811e-16,-1.1102230246246014e-15,open_errors,,,,,,
0.8,0.3,256,16.2,4.858471631911308,4.612927479025425e-05,1.0001288424781432,3.305055143602529e-06,3.52252215560058e-07,3.0482647254927694e-06,1.9938274892896442e-07,-1.1102230246246014e-15,-8.881784196996811e-16,open_errors,,,,,,
0.8,0.3,256,16.3,4.888462197540391,4.753367607113103e-05,1.0001327648330172,3.4009618247841773e-06,3.606972940702267e-07,3.1603189373238923e-06,2.0206113313430385e-07,-8.881784196996811e-16,-8.881784196996811e-16,open_errors,,,,,,
0.8,0.3,256,16.4,4.918452763169472,4.898083396234544e-05,1.0001368066315754,3.4996983088272805e-06,3.693057928462312e-07,3.276373003083006e-06,2.047274428812575e-07,-1.1102230246246014e-15,-1.1102230246246014e-15,open_errors,,,,,,
0.8,0.3,256,16.5,4.948443328798555,5.047205018443545e-05,1.0001409715107523,3.601349949029364e-06,3.780800711835758e-07,3.396566742133664e-06,2.073792706617997e-07,-1.1102230246246014e-15,-1.1102230246246014e-15,open_errors,,,,,,
0.8,0.3,256,16.6,4.978433894427638,5.200866608844708e-05,1.0001452632182768,3.706004736253869e-06,3.870225045758605e-07,3.5210447834087025e-06,2.100141004160419e-07,-1.1102230246246014e-15,-1.1102230246246014e-15,open_errors,,,,,,
0.8,0.3,256,16.7,5.008424460056719,5.359206386252056e-05,1.000149685616047,3.813753382594416e-06,3.9613548435806875e-07,3.649956729244223e-06,2.126293034268456e-07,-1.1102230246246014e-15,-1.1102230246246014e-15,open_errors,,,,,,
0.8,0.3,256,16.8,5.038415025685802,5.522366777512296e-05,1.00015424268361,3.924689407577993e-06,4.0542141732690897e-07,3.7834573236819815e-06,2.152221352743594e-07,-1.1102230246246014e-15,-1.1102230246246014e-15,open_errors,,,,,,
0.8,0.3,256,16.9,5.068405591314883,5.690494545629388e-05,1.0001589385217455,4.038909227419248e-06,4.148827253037025e-07,3.921706628367085e-06,2.1778973160439909e-07,-1.1102230246246014e-15,-8.881784196996811e-16,open_errors,,,,,,
0.8,0.3,256,17.0,5.0983961569439655,5.8637409217595744e-05,1.000163777356167,4.156512246801169e-06,4.2452184471667046e-07,4.064870201485094e-06,2.2032910474815307e-07,-1.1102230246246014e-15,-8.881784196996811e-16,open_errors,,,,,,
0.8,0.3,256,17.1,5.128386722573048,6.042261741257436e-05,1.0001687635413177,4.277600953919779e-06,4.343412261470201e-07,4.213119284882646e-06,2.228371393875228e-07,-1.1102230246246014e-15,-1.1102230246246014e-15,open_errors,,,,,,
0.8,0.3,256,17.2,5.1583772882021295,6.22621758385094e-05,1.0001739015643063,4.402281018633222e-06,4.443433338532128e-07,4.366630997315969e-06,2.2531058851324226e-07,-1.1102230246246014e-15,-8.881784196996811e-16,open_errors,,,,,,
0.8,0.3,256,17.3,5.188367853831212,6.41577391807236e-05,1.000179196048944,4.53066139349304e-06,4.545306453232219e-07,4.525588532919122e-06,2.277460697067805e-07,-1.1102230246246014e-15,-1.1102230246246014e-15,open_errors,,,,,,
0.8,0.3,256,17.400000000000002,5.218358419460294,6.611101250106169e-05,1.000184651759911,4.662854418406892e-06,4.649056507833261e-07,4.690181367545531e-06,2.301400606839163e-07,-8.881784196996811e-16,-1.1102230246246014e-15,open_errors,,,,,,
0.8,0.3,256,17.5,5.248348985089376,6.812375277156581e-05,1.000190273607052,4.798975928455018e-06,4.754708526658165e-07,4.860605471690944e-06,2.3248889417923307e-07,-1.3322676295495217e-15,-8.881784196996811e-16,open_errors,,,,,,
0.8,0.3,256,17.6,5.278339550718459,7.019777045488214e-05,1.0001960666498035,4.939145365394897e-06,4.862287652162553e-07,5.037063530375409e-06,2.3478875427422954e-07,-1.3322676295495217e-15,-8.881784196996811e-16,open_errors,,,,,,
0.8,0.3,256,17.7,5.30833011634754,7.233493113279011e-05,1.000202036101751,5.083485892624468e-06,4.971819139103316e-07,5.21976517021192e-06,2.3703567162039147e-07,-1.1102230246246014e-15,-1.1102230246246014e-15,open_errors,,,,,,
0.8,0.3,256,17.8,5.338320681976623,7.453715718423325e-05,1.000208187335329,5.232124513973787e-06,5.083328351025757e-07,5.408927194927078e-06,2.392255183667405e-07,-1.1102230246246014e-15,-1.1102230246246014e-15,open_errors,,,,,,
0.8,0.3,256,17.900000000000002,5.368311247605705,7.68064295145413e-05,1.0002145258866644,5.385192196372251e-06,5.196840754915364e-07,5.604773828093902e-06,2.413540039733171e-07,-1.1102230246246014e-15,-1.1102230246246014e-15,open_errors,,,,,,
0.8,0.3,256,18.0,5.398301813234787,7.914478933730111e-05,1.000221057460569,5.542823996500401e-06,5.312381916836466e-07,5.807536963664609e-06,2.4341666966432294e-07,-1.1102230246246014e-15,-1.1102230246246014e-15,open_errors,,,,,,
0.8,0.3,256,18.1,5.42829237886387,8.155434001034277e-05,1.000227787935678,5.705159191524011e-06,5.429977497909424e-07,6.017456426207791e-06,2.4540888394790864e-07,-8.881784196996811e-16,-1.1102230246246014e-15,open_errors,,,,,,
0.8,0.3,256,18.2,5.458282944492951,8.4037248927765e-05,1.0002347233697555,5.872341414128403e-06,5.54965325011072e-07,6.234780238283152e-06,2.47325837476352e-07,-8.881784196996811e-16,-1.1102230246246014e-15,open_errors,,,,,,
0.8,0.3,256,18.3,5.488273510122034,8.659574946950636e-05,1.0002418700051563,6.044518791979583e-06,5.671435012355175e-07,6.4597648981069895e-06,2.4916253813415004e-07,-1.3322676295495217e-15,-1.1102230246246014e-15,open_errors,,,,,,
0.8,0.3,256,18.4,5.518264075751116,8.92321430102469e-05,1.000249234274451,6.221844091649746e-06,5.795348706962235e-07,6.692675665647297e-06,2.50913805766678e-07,-1.1102230246246014e-15,-1.1102230246246014e-15,open_errors,,,,,,
0.8,0.3,256,18.5,5.548254641380198,9.194880098950218e-05,1.000256822806229,6.404474867306554e-06,5.921420336032662e-07,6.9337868584935e-06,2.525742677657416e-07,-1.1102230246246014e-15,-1.1102230246246014e-15,open_errors,,,,,,
0.8,0.3,256,18.6,5.578245207009281,9.474816704477745e-05,1.0002646424310817,6.592573614298669e-06,6.049675978150185e-07,7.183382158038129e-06,2.541383530469537e-07,-1.1102230246246014e-15,-1.1102230246246014e-15,open_errors,,,,,,
0.8,0.3,256,18.7,5.608235772638362,9.763275920955424e-05,1.0002727001877538,6.786307927600446e-06,6.180141785070325e-07,7.441754925407794e-06,2.556002879065528e-07,-1.1102230246246014e-15,-1.1102230246246014e-15,open_errors,,,,,,
0.8,0.3,256,18.8,5.638226338267445,0.0001006051721782,1.0002810033295022,6.985850665593798e-06,6.312843979469768e-07,7.70920852809431e-06,2.569540902084687e-07,-8.881784196996811e-16,-1.3322676295495217e-15,open_errors,,,,,,
0.8,0.3,256,18.9,5.668216903896527,0.0001036680796403,1.0002895593306336,7.1913801191222775e-06,6.447808851695194e-07,7.986056677584033e-06,2.581935654601351e-07,-8.881784196996811e-16,-1.1102230246246014e-15,open_errors,,,,,,
0.8,0.3,256,19.0,5.698207469525609,0.000106824236685,1.0002983758932489,7.403080186074917e-06,6.585062757416781e-07,8.272623778542018e-06,2.593123007698288e-07,-1.1102230246246014e-15,-1.1102230246246014e-15,open_errors,,,,,,
0.8,0.3,256,19.1,5.728198035154691,0.0001100764822796,1.000307460954194,7.621140551687539e-06,6.724632115897123e-07,8.569245288902317e-06,2.603036609266008e-07,-8.881784196996811e-16,-8.881784196996811e-16,open_errors,,,,,,
0.8,0.3,256,19.2,5.758188600783773,0.0001134277418234,1.0003168226922217,7.845756874729588e-06,6.866543408183489e-07,8.876268092667526e-06,2.611607834317175e-07,-8.881784196996811e-16,-8.881784196996811e-16,open_errors,,,,,,
0.8,0.3,256,19.3,5.788179166412856,0.0001168810297785,1.0003264695353715,8.077130979874954e-06,7.010823175464865e-07,9.194050885075906e-06,2.618765743038556e-07,-8.881784196996811e-16,-1.1102230246246014e-15,open_errors,,,,,,
0.8,0.3,256,19.4,5.818169732041937,0.0001204394523818,1.0003364101685774,8.315471056176757e-06,7.157498018613117e-07,9.522964570583074e-06,2.624437037509052e-07,-8.881784196996811e-16,-1.3322676295495217e-15,open_errors,,,,,,
0.8,0.3,256,19.5,5.848160297671019,0.000124106210439,1.0003466535415062,8.560991862256101e-06,7.306594597021874e-07,9.863392673662133e-06,2.6285460191536745e-07,-8.881784196996811e-16,-1.1102230246246014e-15,open_errors,,,,,,
0.8,0.3,256,19.6,5.878150863300101,0.0001278846022036,1.0003572088766393,8.813914937957183e-06,7.45813963005231e-07,1.0215731763979496e-05,2.631014561574239e-07,-8.881784196996811e-16,-8.881784196996811e-16,open_errors,,,,,,
0.8,0.3,256,19.7,5.908141428929183,0.0001317780263436,1.0003680856775945,9.07446882332295e-06,7.61215989675194e-07,1.058039189579006e-05,2.631762075437143e-07,-8.881784196996811e-16,-1.1102230246246014e-15,open_errors,,,,,,
0.8,0.3,256,19.8,5.938131994558266,0.0001357899849987,1.000379293737713,9.34288928427646e-06,7.768682238483479e-07,1.0957797060993754e-05,2.6307054868842255e-07,-8.881784196996811e-16,-1.1102230246246014e-15,open_errors,,,,,,
0.8,0.3,256,19.9,5.968122560187348,0.0001399240869308,1.0003908431488993,9.61941954610629e-06,7.927733561076494e-07,1.1348385658967191e-05,2.6277592235576417e-07,-6.661338147747608e-16,-1.1102230246246014e-15,open_errors,,,,,,
0.8,0.3,256,20.0,5.99811312581643,0.0001441840507694,1.000402744310735,9.904310534315176e-06,8.089340838577773e-07,1.1752610980049816e-05,2.6228352030533224e-07,-8.881784196996811e-16,-1.1102230246246014e-15,open_errors,,,,,,
0.8,0.3,256,20.1,6.028103691445512,0.000148573708357,1.0004150079398777,1.0197821123605683e-05,8.25353111811678e-07,1.217094170725542e-05,2.615842845645637e-07,-6.661338147747608e-16,-1.3322676295495217e-15,open_errors,,,,,,
0.8,0.3,256,20.2,6.058094257074594,0.0001530970081958,1.000427645079734,1.050021839485884e-05,8.420331525660955e-07,1.2603862433092094e-05,2.606689090019197e-07,-6.661338147747608e-16,-1.1102230246246014e-15,open_errors,,,,,,
0.8,0.3,256,20.3,6.088084822703677,0.0001577580189991,1.0004406671104469,1.0811777900503846e-05,8.589769273740763e-07,1.3051874194013705e-05,2.5952784402129685e-07,-6.661338147747608e-16,-1.3322676295495217e-15,open_errors,,,,,,
0.8,0.3,256,20.4,6.118075388332759,0.0001625609333516,1.0004540857591702,1.1132783938939129e-05,8.761871669813472e-07,1.351549502338852e-05,2.58151302048105e-07,-6.661338147747608e-16,-1.1102230246246014e-15,open_errors,,,,,,
0.8,0.3,256,20.5,6.148065953961841,0.0001675100714799,1.0004679131106726,1.14635298375586e-05,8.936666126695786e-07,1.3995260522161956e-05,2.565292673131424e-07,-6.661338147747608e-16,-1.1102230246246014e-15,open_errors,,,,,,
0.8,0.3,256,20.6,6.178056519590923,0.0001726098851393,1.000482161618259,1.1804318245231387e-05,9.114180174916716e-07,1.4491724448414446e-05,2.54651508102848e-07,-6.661338147747608e-16,-1.1102230246246014e-15,open_errors,,,,,,
0.8,0.3,256,20.7,6.208047085220005,0.0001778649616176,1.000496844115029,1.2155461434480731e-05,9.294441476410376e-07,1.5005459327287292e-05,2.525075947875864e-07,-6.661338147747608e-16,-1.3322676295495217e-15,open_errors,,,,,,
0.8,0.3,256,20.8,6.238037650849088,0.0001832800278616,1.0005119738254773,1.2517281613460884e-05,9.47747784011658e-07,1.5537057080482438e-05,2.500869215373818e-07,-6.661338147747608e-16,-1.3322676295495217e-15,open_errors,,,,,,
0.8,0.3,256,20.9,6.26802821647817,0.000188859954729,1.0005275643774545,1.2890111248312876e-05,9.663317240076846e-07,1.608712967708127e-05,2.473787372951172e-07,-6.661338147747608e-16,-1.1102230246246014e-15,open_errors,,,,,,
0.8,0.3,256,21.0,6.298018782107252,0.0001946097613695,1.0005436298144956,1.327429339591713e-05,9.851987835480742e-07,1.6656309806004307e-05,2.4437218409314577e-07,-4.4408920984984055e-16,-1.1102230246246014e-15,open_errors,,,,,,
0.8,0.3,256,21.1,6.328009347736334,0.0002005346197398,1.0005601846085166,1.3670182047763264e-05,1.0043517992880664e-06,1.7245251570713722e-05,2.410563474998584e-07,-4.4408920984984055e-16,-1.3322676295495217e-15,open_errors,,,,,,
0.8,0.3,256,21.2,6.357999913365416,0.0002066398592555,1.000577243672914,1.407814248523729e-05,1.0237936311051728e-06,1.7854631207056118e-05,2.374203215047252e-07,-4.4408920984984055e-16,-1.3322676295495217e-15,open_errors,,,,,,
0.8,0.3,256,21.3,6.387990478994499,0.0002129309715853,1.0005948223760572,1.4498551646088072e-05,1.043527164854707e-06,1.848514782484384e-05,2.3345329289498618e-07,-4.4408920984984055e-16,-1.3322676295495217e-15,open_errors,,,,,,
0.8,0.3,256,21.4,6.4179810446235805,0.0002194136155901,1.0006129365551977,1.4931798503672744e-05,1.0635553153871257e-06,1.913752417471882e-05,2.2914464949472995e-07,-4.4408920984984055e-16,-1.1102230246246014e-15,open_errors,,,,,,
0.8,0.3,256,21.5,6.447971610252663,0.0002260936224137,1.0006316025308055,1.5378284458089432e-05,1.0838810298831212e-06,1.9812507439737635e-05,2.2448412225005075e-07,-4.4408920984984055e-16,-1.3322676295495217e-15,open_errors,,,,,,
0.8,0.3,256,21.6,6.4779621758817445,0.0002329770007276,1.0006508371213458,1.5838423740471053e-05,1.1045072914861794e-06,2.05108700530446e-05,2.1946196991948238e-07,-4.4408920984984055e-16,-1.3322676295495217e-15,open_errors,,,,,,
0.8,0.3,256,21.7,6.5079527415108265,0.0002400699421359,1.0006706576585116,1.6312643830507424e-05,1.1254371233076844e-06,2.1233410544165807e-05,2.140692216179721e-07,-4.4408920984984055e-16,-1.3322676295495217e-15,open_errors,,,,,,
0.8,0.3,256,21.8,6.5379433071399085,0.0002473788267446,1.0006910820029198,1.680138588776034e-05,1.1466735927732503e-06,2.198095441176828e-05,2.082980002454357e-07,-6.661338147747608e-16,-1.1102230246246014e-15,open_errors,,,,,,
0.8,0.3,256,21.9,6.567933872768991,0.0002549102289002,1.00071212856029,1.7305105197112327e-05,1.168219816344557e-06,2.275435502619914e-05,2.0214195185684595e-07,-4.4408920984984055e-16,-1.3322676295495217e-15,open_errors,,,,,,
0.8,0.3,256,22.0,6.597924438398073,0.0002626709231039,1.0007338162981303,1.782427162892601e-05,1.190078964722721e-06,2.355449456178893e-05,1.9559682866113999e-07,-4.4408920984984055e-16,-1.3322676295495217e-15,open_errors,,,,,,
0.8,0.3,256,22.1,6.627915004027155,0.0002706678901045,1.0007561647629213,1.835937011447644e-05,1.2122542684082508e-06,2.4382284960303524e-05,1.8866128189013592e-07,-4.4408920984984055e-16,-1.1102230246246014e-15,open_errors,,,,,,
0.8,0.3,256,22.2,6.657905569656237,0.0002789083231782,1.00077919409784,1.8910901136812502e-05,1.234749023809798e-06,2.523866892647701e-05,1.8133796022679145e-07,-6.661338147747608e-16,-1.3322676295495217e-15,open_errors,,,,,,
0.8,0.3,256,22.3,6.687896135285319,0.0002873996345983,1.000802925061023,1.947938123793791e-05,1.2575665998255913e-06,2.612462095558887e-05,1.7363504371317064e-07,-6.661338147747608e-16,-1.3322676295495217e-15,open_errors,,,,,,
0.8,0.3,256,22.4,6.717886700914402,0.0002961494623031,1.0008273790443984,2.0065343542751235e-05,1.280710444988502e-06,2.704114839615591e-05,1.655684203951129e-07,-2.2204460492492028e-16,-1.3322676295495217e-15,open_errors,,,,,,
0.8,0.3,256,22.5,6.747877266543484,0.0003051656767655,1.000852578093088,2.0669338300185444e-05,1.304184095158685e-06,2.7989292547975336e-05,1.571648132765395e-07,-4.4408920984984055e-16,-1.1102230246246014e-15,open_errors,,,,,,
0.8,0.3,256,22.6,6.777867832172566,0.0003144563880731,1.000878544925417,2.129193344222608e-05,1.3279911818109058e-06,2.8970129795730057e-05,1.484663291659031e-07,-4.4408920984984055e-16,-1.1102230246246014e-15,open_errors,,,,,,
0.8,0.3,256,22.7,6.807858397801648,0.0003240299532225,1.0009053029535315,2.193371516121776e-05,1.3521354410510846e-06,2.998477278016834e-05,1.3953714646430046e-07,-4.4408920984984055e-16,-1.3322676295495217e-15,open_errors,,,,,,
0.8,0.3,256,22.8,6.83784896343073,0.0003338949836371,1.0009328763046608,2.2595288506526357e-05,1.376620723213867e-06,3.10343716092109e-05,1.3047340144934484e-07,-4.4408920984984055e-16,-1.1102230246246014e-15,open_errors,,,,,,
0.8,0.3,256,22.9,6.867839529059813,0.000344060352912,1.000961289843025,2.3277278000590356e-05,1.4014510032338225e-06,3.212011510815542e-05,1.2141774451127997e-07,-4.4408920984984055e-16,-1.1102230246246014e-15,open_errors,,,,,,
0.8,0.3,256,23.0,6.897830094688895,0.0003545352047967,1.0009905691924268,2.398032827529209e-05,1.4266303917751135e-06,3.324323211116426e-05,1.1258029046056343e-07,-4.4408920984984055e-16,-1.3322676295495217e-15,open_errors,,,,,,
0.8,0.3,256,23.1,6.927820660317977,0.0003653289614191,1.0010207407595364,2.470510472968699e-05,1.4521631471552555e-06,3.440499279664042e-05,1.0426694062774453e-07,-4.4408920984984055e-16,-1.1102230246246014e-15,open_errors,,,,,,
0.8,0.3,256,23.2,6.957811225947059,0.0003764513317609,1.001051831757898,2.545229420885973e-05,1.4780536880942278e-06,3.5606710065175675e-05,9.691211770663013e-08,-4.4408920984984055e-16,-1.3322676295495217e-15,open_errors,,,,,,
0.8,0.3,256,23.3,6.987801791576141,0.0003879123203906,1.001083870232672,2.622260570581611e-05,1.5043066073568426e-06,3.6849740965121487e-05,9.110158743735157e-08,-6.661338147747608e-16,-1.3322676295495217e-15,open_errors,,,,,,
0.8,0.3,256,23.4,7.017792357205224,0.0003997222364624,1.0011168850861496,2.701677108602604e-05,1.5309266863051212e-06,3.813548816322488e-05,8.755012242573467e-08,-4.4408920984984055e-16,-1.3322676295495217e-15,open_errors,,,,,,
0.8,0.3,256,23.5,7.047782922834306,0.0004118917029896,1.001150906104049,2.783554583615266e-05,1.5579189104335351e-06,3.946540146530945e-05,8.698619773509047e-08,-2.2204460492492028e-16,-1.3322676295495217e-15,open_errors,,,,,,
0.8,0.3,256,23.6,7.077773488463388,0.0004244316663988,1.00118596398263,2.86797098373494e-05,1.5852884859041034e-06,4.084097938669628e-05,8.99451072166927e-08,-4.4408920984984055e-16,-1.3322676295495217e-15,open_errors,,,,,,
0.8,0.3,256,23.7,7.10776405409247,0.0004373534063772,1.001222090356643,2.955006816431894e-05,1.6130408571232648e-06,4.226377077488105e-05,9.6591609261406e-08,-4.4408920984984055e-16,-1.1102230246246014e-15,open_errors,,,,,,
0.8,0.3,256,23.8,7.137754619721552,0.0004506685460178,1.0012593178281484,3.0447451910499844e-05,1.6411817254412687e-06,4.373537648543246e-05,1.0672154792756089e-07,-4.4408920984984055e-16,-1.3322676295495217e-15,open_errors,,,,,,
0.8,0.3,256,23.9,7.167745185350634,0.000464389062274,1.001297679996226,3.137271904057642e-05,1.669717068961917e-06,4.5257451113679015e-05,1.1992498198169016e-07,-4.4408920984984055e-16,-1.1102230246246014e-15,open_errors,,,,,,
0.8,0.3,256,24.0,7.197735750979716,0.0004785272967331,1.001337211487601,3.2326755271281675e-05,1.6986531635895237e-06,4.683170478292341e-05,1.3576167519729222e-07,-4.4408920984984055e-16,-1.3322676295495217e-15,open_errors,,,,,,
0.8,0.3,256,24.1,7.227726316608798,0.000493095966717,1.001377947988225,3.3310474981139935e-05,1.7279966052864262e-06,4.845990499322823e-05,1.5385788112834073e-07,-4.4408920984984055e-16,-1.3322676295495217e-15,open_errors,,,,,,
0.8,0.3,256,24.2,7.25771688223788,0.0005081081767213,1.0014199262758363,3.43248221502247e-05,1.757754333634644e-06,5.01438785288489e-05,1.7393174765883896e-07,-4.4408920984984055e-16,-1.3322676295495217e-15,open_errors,,,,,,
0.8,0.3,256,24.3,7.287707447866962,0.0005235774302021,1.0014631842535295,3.5370771331209565e-05,1.7879336567240723e-06,5.188551343137053e-05,1.9578426200326457e-07,-2.2204460492492028e-16,-1.3322676295495217e-15,open_errors,,,,,,
0.8,0.3,256,24.4,7.317698013496045,0.0005395176417223,1.0015077609843628,3.644932865213633e-05,1.8185422774510067e-06,5.368676103566992e-05,2.192808882618613e-07,-2.2204460492492028e-16,-1.1102230246246014e-15,open_errors,,,,,,
0.8,0.3,256,24.5,7.347688579125126,0.0005559431494673,1.0015536967270509,3.756153285274829e-05,1.849588321233526e-06,5.5549638074944e-05,2.443343623913282e-07,-4.4408920984984055e-16,-1.3322676295495217e-15,open_errors,,,,,,
0.8,0.3,256,24.6,7.377679144754209,0.0005728687281416,1.001601032972758,3.870845635460522e-05,1.881080365232772e-06,5.747622885322971e-05,2.708913599763348e-07,-4.4408920984984055e-16,-1.3322676295495217e-15,open_errors,,,,,,
0.8,0.3,256,24.7,7.407669710383291,0.0005903096022585,1.0016498124830415,3.989120636684861e-05,1.913027469064536e-06,5.946868749172389e-05,2.989228880568088e-07,-4.4408920984984055e-16,-1.3322676295495217e-15,open_errors,,,,,,
0.8,0.3,256,24.8,7.437660276012373,0.0006082814598336,1.0017000793289748,4.111092602847406e-05,1.9454392071478946e-06,6.152924024703784e-05,3.284175587314101e-07,-4.4408920984984055e-16,-1.3322676295495217e-15,open_errors,,,,,,
0.8,0.3,256,24.9,7.467650841641456,0.0006268004664955,1.0017518789314868,4.236879558829347e-05,1.9783257026129364e-06,6.366018790771148e-05,3.593769138761409e-07,-4.4408920984984055e-16,-1.3322676295495217e-15,open_errors,,,,,,
0.8,0.3,256,25.0,7.497641407270537,0.0006458832800269,1.001805258102964,4.3666033623960975e-05,2.0116976628837463e-06,6.586390826876927e-05,3.918121681901324e-07,-4.4408920984984055e-16,-1.3322676295495217e-15,open_errors,,,,,,
0.8,0.3,256,25.1,7.52763197289962,0.0006655470653466,1.0018602650901447,4.500389830129448e-05,2.045566416976618e-06,6.814285868802414e-05,4.2574192193211093e-07,-4.4408920984984055e-16,-1.3322676295495217e-15,open_errors,,,,,,
0.8,0.3,256,25.2,7.557622538528702,0.0006858095099492,1.0019169496183546,4.638368867497354e-05,2.079943954478908e-06,7.049957872637343e-05,4.6119053645996213e-07,-4.4408920984984055e-16,-1.3322676295495217e-15,open_errors,,,,,,
0.8,0.3,256,25.3,7.587613104157784,0.000706688839814,1.0019753629371282,4.780674603273071e-05,2.1148429662972174e-06,7.293669287566283e-05,4.98186967385043e-07,-4.4408920984984055e-16,-1.3322676295495217e-15,open_errors,,,,,,
0.8,0.3,256,25.4,7.617603669786867,0.0007282038357982,1.0020355578672488,4.927445528355544e-05,2.150276887149021e-06,7.545691337548159e-05,5.367639148911849e-07,-4.4408920984984055e-16,-1.3322676295495217e-15,open_errors,,,,,,
0.8,0.3,256,25.5,7.647594235415948,0.0007503738505293,1.0020975888492651,5.078824639185751e-05,2.18625993985684e-06,7.806304312396644e-05,5.769571977114016e-07,-4.4408920984984055e-16,-1.3322676295495217e-15,open_errors,,,,,,
0.8,0.3,256,25.6,7.677584801045031,0.0007732188258118,1.0021615119935334,5.234959585923002e-05,2.222807181397737e-06,8.075797868258559e-05,6.188052851820686e-07,-4.4408920984984055e-16,-1.3322676295495217e-15,open_errors,,,,,,
0.8,0.3,256,25.7,7.707575366674113,0.0007967593105634,1.002227385131807,5.396002825513498e-05,2.2599345507861507e-06,8.35447133823613e-05,6.623489433037315e-07,-2.2204460492492028e-16,-1.3322676295495217e-15,open_errors,,,,,,
0.8,0.3,256,25.8,7.737565932303195,0.0008210164792978,1.0022952678704695,5.562111779804429e-05,2.297658918649715e-06,8.642634052911425e-05,7.076309627631307e-07,-4.4408920984984055e-16,-1.3322676295495217e-15,open_errors,,,,,,
0.8,0.3,256,25.9,7.767556497932277,0.0008460121511691,1.0023652216454244,5.7334489989062295e-05,2.335998138642139e-06,8.940605671719772e-05,7.546959475766035e-07,-4.4408920984984055e-16,-1.3322676295495217e-15,open_errors,,,,,,
0.8,0.3,256,26.0,7.797547063561359,0.0008717688095969,1.0024373097787118,5.910182329944158e-05,2.3749711004990315e-06,9.248716525003006e-05,8.035901473954957e-07,-4.4408920984984055e-16,-1.3322676295495217e-15,open_errors,,,,,,
0.8,0.3,256,26.1,7.8275376291904415,0.0008983096224885,1.002511597536906,6.092485091398228e-05,2.4145977848755574e-06,9.56730796744478e-05,8.543613222787346e-07,-4.4408920984984055e-16,-1.3322676295495217e-15,open_errors,,,,,,
0.8,0.3,256,26.2,7.8575281948195235,0.0009256584630759,1.0025881521913549,6.280536253203391e-05,2.454899319702018e-06,9.89673274299214e-05,9.07058632028702e-07,-4.4408920984984055e-16,-1.3322676295495217e-15,open_errors,,,,,,
0.8,0.3,256,26.3,7.887518760448605,0.0009538399313883,1.002667043080312,6.474520622807501e-05,2.495898038246426e-06,0.0001023735536189,9.617325427544164e-07,-4.4408920984984055e-16,-1.3322676295495217e-15,open_errors,,,,,,
0.8,0.3,256,26.4,7.917509326077688,0.0009828793763771,1.002748341673034,6.674629037395067e-05,2.5376175386340016e-06,0.0001058955249009,1.0184347469367046e-06,-4.4408920984984055e-16,-1.3322676295495217e-15,open_errors,,,,,,
0.8,0.3,256,26.5,7.947499891706769,0.0010128029187149,1.0028321216358984,6.881058562433973e-05,2.5800827447759785e-06,0.0001095371335131,1.077218091961183e-06,-4.4408920984984055e-16,-1.3322676295495217e-15,open_errors,,,,,,
0.8,0.3,256,26.6,7.977490457335852,0.001043637474288,1.0029184589006124,7.094012696833372e-05,2.6233199686380644e-06,0.000113302401425,1.1381365153892618e-06,-4.4408920984984055e-16,-1.3322676295495217e-15,open_errors,,,,,,
0.8,0.3,256,26.7,8.007481022964933,0.0010754107784047,1.0030074317345792,7.313701584858496e-05,2.6673569738325514e-06,0.0001171954846279,1.201244985017232e-06,-4.4408920984984055e-16,-1.3322676295495217e-15,open_errors,,,,,,
0.8,0.3,256,26.8,8.037471588594016,0.0011081514107391,1.003099120813497,7.540342235057094e-05,2.712223040202017e-06,0.0001212206775654,1.2665994394658038e-06,-4.4408920984984055e-16,-1.3322676295495217e-15,open_errors,,,,,,
0.8,0.3,256,26.9,8.067462154223099,0.0011418888210354,1.0031936092962594,7.77415874643681e-05,2.757949029508647e-06,0.0001253824177106,1.3342567322870737e-06,-4.4408920984984055e-16,-1.554312234474442e-15,open_errors,,,,,,
0.8,0.3,256,27.0,8.09745271985218,0.001176653355594,1.003290982902227,8.015382542131522e-05,2.8045674518987837e-06,0.0001296852902914,1.4042745727831952e-06,-4.4408920984984055e-16,-1.3322676295495217e-15,open_errors,,,,,,
0.8,0.3,256,27.1,8.127443285481263,0.001212476284563,1.0033913299909696,8.264252610761773e-05,2.8521125331997022e-06,0.0001341340331721,1.4767114676124791e-06,-4.4408920984984055e-16,-1.3322676295495217e-15,open_errors,,,,,,
0.8,0.3,256,27.2,8.157433851110344,0.0012493898300615,1.0034947416445352,8.521015755826437e-05,2.9006202826615568e-06,0.0001387335418951,1.5516266585674966e-06,-4.4408920984984055e-16,-1.3322676295495217e-15,open_errors,,,,,,
0.8,0.3,256,27.3,8.187424416739427,0.0012874271951577,1.003601311752346,8.7859268533044e-05,2.950128561192363e-06,0.0001434888748865,1.6290800579249527e-06,-4.4408920984984055e-16,-1.3322676295495217e-15,open_errors,,,,,,
0.8,0.3,256,27.4,8.21741498236851,0.0013266225937296,1.0037111370988032,9.05924911781271e-05,3.00067714984242e-06,0.000148405258835,1.709132179257456e-06,-4.4408920984984055e-16,-1.3322676295495217e-15,open_errors,,,,,,
0.8,0.3,256,27.5,8.247405547997591,0.0013670112812336,1.003824317453695,9.341254377539803e-05,3.0523078183053496e-06,0.0001534880942432,1.7918440635231394e-06,-6.661338147747608e-16,-1.554312234474442e-15,open_errors,,,,,,
0.8,0.3,256,27.6,8.277396113626674,0.0014086295864106,1.003940955665492,9.632223358296814e-05,3.1050643934941696e-06,0.0001587429611646,1.8772772005251624e-06,-4.4408920984984055e-16,-1.3322676295495217e-15,open_errors,,,,,,
0.8,0.3,256,27.7,8.307386679255755,0.0014515149439553,1.0040611577576355,9.93244597694831e-05,3.158992827743164e-06,0.0001641756251256,1.9654934425243547e-06,-4.4408920984984055e-16,-1.3322676295495217e-15,open_errors,,,,,,
0.8,0.3,256,27.8,8.337377244884838,0.001495705928181,1.0041850330279247,0.0001024222164456,3.214141266795281e-06,0.000169792043243,2.0565549124723927e-06,-4.4408920984984055e-16,-1.554312234474442e-15,open_errors,,,,,,
0.8,0.3,256,27.9,8.36736781051392,0.0015412422877078,1.0043126941510785,0.0001056185957961,3.2705601172402517e-06,0.0001755983705412,2.150523904826293e-06,-6.661338147747608e-16,-1.554312234474442e-15,open_errors,,,,,,
0.8,0.3,256,28.0,8.397358376143002,0.0015881649812067,1.0044442572846264,0.0001089167913146,3.3283021133274984e-06,0.0001816009664754,2.247462776446687e-06,-6.661338147747608e-16,-1.554312234474442e-15,open_errors,,,,,,
0.8,0.3,256,28.1,8.427348941772085,0.001636516214231,1.0045798421781915,0.0001123201011467,3.3874223832753183e-06,0.0001878064016699,2.347433830728233e-06,-6.661338147747608e-16,-1.7763568393993622e-15,open_errors,,,,,,
0.8,0.3,256,28.2,8.457339507401166,0.0016863394771683,1.0047195722863158,0.0001158319315426,3.4479785147977624e-06,0.0001942214648751,2.450499190369511e-06,-6.661338147747608e-16,-1.554312234474442e-15,open_errors,,,,,,
0.8,0.3,256,28.3,8.487330073030249,0.0017376795843471,1.0048635748849326,0.0001194558004248,3.510030620019556e-06,0.0002008531701529,2.5567206611876948e-06,-4.4408920984984055e-16,-1.7763568393993622e-15,open_errors,,,,,,
0.8,0.3,256,28.4,8.517320638659331,0.0017905827143327,1.0050119811916138,0.0001231953410729,3.573641399779237e-06,0.0002077087642964,2.666159583016442e-06,-4.4408920984984055e-16,-1.7763568393993622e-15,open_errors,,,,,,
0.8,0.3,256,28.5,8.547311204288413,0.0018450964514501,1.0051649264897238,0.0001270543059315,3.638876207517144e-06,0.0002147957344928,2.778876670157365e-06,-4.4408920984984055e-16,-1.7763568393993622e-15,open_errors,,,,,,
0.8,0.3,256,28.6,8.577301769917495,0.0019012698285677,1.005322550256609,0.0001310365705429,3.705803112968407e-06,0.000222121816236,2.8949318378055154e-06,-4.4408920984984055e-16,-1.7763568393993622e-15,open_errors,,,,,,
0.8,0.3,256,28.7,8.607292335546576,0.0019591533711849,1.005484996295967,0.0001351461376112,3.774492965856084e-06,0.000229695001498,3.0143840151274844e-06,-6.661338147747608e-16,-1.7763568393993622e-15,open_errors,,,,,,
0.8,0.3,256,28.8,8.63728290117566,0.0020187991428587,1.0056524128745397,0.0001393871411998,3.845019460275644e-06,0.000237523547167,3.1372909435749235e-06,-6.661338147747608e-16,-1.7763568393993622e-15,open_errors,,,,,,
0.8,0.3,256,28.9,8.667273466804742,0.0020802607920125,1.00582495286327,0.0001437638510683,3.917459199924344e-06,0.0002456159837611,3.263708958926646e-06,-8.881784196996811e-16,-1.7763568393993622e-15,open_errors,,,,,,
0.8,0.3,256,29.0,8.697264032433823,0.0021435936001685,1.0060027738831003,0.0001482806771531,3.9918917651576095e-06,0.0002539811244266,3.393692756625729e-06,-8.881784196996811e-16,-1.7763568393993622e-15,open_errors,,,,,,
0.8,0.3,256,29.1,8.727254598062906,0.0022088545316465,1.0061860384555483,0.000152942174196,4.068399782596294e-06,0.0002626280742291,3.5272951387636278e-06,-8.881784196996811e-16,-1.7763568393993622e-15,open_errors,,,,,,
0.8,0.3,256,29.2,8.757245163691987,0.0022761022847743,1.0063749141582472,0.0001577530465262,4.147068998255885e-06,0.0002715662397489,3.664566742231172e-06,-8.881784196996811e-16,-1.7763568393993622e-15,open_errors,,,,,,
0.8,0.3,256,29.3,8.78723572932107,0.002345397344654,1.006569573785608,0.0001627181530003,4.227988355364998e-06,0.0002808053389885,3.805555745833109e-06,-8.881784196996811e-16,-1.7763568393993622e-15,open_errors,,,,,,
0.8,0.3,256,29.4,8.817226294950153,0.002416802037534,1.0067701955148076,0.0001678425121064,4.311250078437048e-06,0.000290355411604,3.950307555679999e-06,-8.881784196996811e-16,-1.7763568393993622e-15,open_errors,,,,,,
0.8,0.3,256,29.5,8.847216860579234,0.0024903805868327,1.0069769630772691,0.0001731313072364,4.3969497648026415e-06,0.0003002268294692,4.098864466521645e-06,-8.881784196996811e-16,-1.7763568393993622e-15,open_errors,,,,,,
0.8,0.3,256,29.6,8.877207426208317,0.0025661991708652,1.007190065935839,0.0001785898921337,4.485186486005731e-06,0.000310430307584,4.251265299108632e-06,-8.881784196996811e-16,-1.7763568393993622e-15,open_errors,,,,,,
0.8,0.3,256,29.7,8.907197991837398,0.0026443259823249,1.0074096994678654,0.0001842237965205,4.5760629007896505e-06,0.0003209769153393,4.407545009821782e-06,-8.881784196996811e-16,-1.9984014443242827e-15,open_errors,,,,,,
0.8,0.3,256,29.8,8.93718855746648,0.0027248312895723,1.007636065154392,0.0001900387319121,4.669685382294985e-06,0.0003318780881487,4.567734273130804e-06,-8.881784196996811e-16,-1.7763568393993622e-15,open_errors,,,,,,
0.8,0.3,256,29.9,8.967179123095564,0.0028077874997863,1.0078693707756718,0.0001960405976231,4.766164162198613e-06,0.0003431456394577,4.731859032314629e-06,-8.881784196996811e-16,-1.9984014443242827e-15,open_errors,,,,,,
0.8,0.3,256,30.0,8.997169688724645,0.0028932692240341,1.0081098306132543,0.0002022354869733,4.865613495023273e-06,0.0003547917731457,4.899940019935106e-06,-8.881784196996811e-16,-1.9984014443242827e-15,open_errors,,,,,,
0.8,0.3,256,30.1,9.027160254353728,0.0029813533443179,1.0083576656588602,0.0002086296936981,4.968151845797752e-06,0.0003668290963314,5.071992242211758e-06,-8.881784196996811e-16,-2.2204460492492028e-15,open_errors,,,,,,
0.8,0.3,256,30.2,9.057150819982809,0.003072119082658,1.008613103830308,0.0002152297185727,5.073902105518936e-06,0.0003792706325939,5.248024428403518e-06,-8.881784196996811e-16,-1.9984014443242827e-15,open_errors,,,,,,
0.8,0.3,256,30.3,9.087141385611892,0.0031656480722737,1.008876380194741,0.0002220422762541,5.182991838337585e-06,0.0003921298356267,5.42803844092352e-06,-1.1102230246246014e-15,-2.2204460492492028e-15,open_errors,,,,,,
0.8,0.3,256,30.4,9.117131951240976,0.0032620244309263,1.0091477371994266,0.0002290743023513,5.295553565559701e-06,0.0004054206033332,5.612028644028008e-06,-1.1102230246246014e-15,-2.2204460492492028e-15,open_errors,,,,,,
0.8,0.3,256,30.5,9.147122516870056,0.0033613348364882,1.0094274249104125,0.0002363329607286,5.4117250919277e-06,0.000419157292383,5.799981229458724e-06,-1.1102230246246014e-15,-2.2204460492492028e-15,open_errors,,,,,,
0.8,0.3,256,30.6,9.177113082499138,0.0034636686048056,1.009715701259312,0.000243825651052,5.5316498798905805e-06,0.0004333547332403,5.991873494711966e-06,-1.1102230246246014e-15,-2.2204460492492028e-15,open_errors,,,,,,
0.8,0.3,256,30.7,9.20710364812822,0.0035691177699257,1.010012832298555,0.0002515600165851,5.655477479018435e-06,0.0004480282456829,6.187673072704806e-06,-1.1102230246246014e-15,-2.2204460492492028e-15,open_errors,,,,,,
0.8,0.3,256,30.8,9.237094213757302,0.0036777771667565,1.0103190924653842,0.0002595439522436,5.783364017215507e-06,0.0004631936548238,6.387337108539627e-06,-1.1102230246246014e-15,-2.2204460492492028e-15,open_errors,,,,,,
0.8,0.3,256,30.9,9.267084779386384,0.0037897445162354,1.0106347648549523,0.0002677856129169,5.915472762200592e-06,0.0004788673076558,6.590811380644007e-06,-1.3322676295495217e-15,-2.4424906541741232e-15,open_errors,,,,,,
0.8,0.3,256,31.0,9.297075345015466,0.0039051205130808,1.010960141502855,0.0002762934220664,6.0519747619760615e-06,0.0004950660901338,6.798029363005162e-06,-1.1102230246246014e-15,-2.2204460492492028e-15,open_errors,,,,,,
0.8,0.3,256,31.1,9.32706591064455,0.0040240089162041,1.0112955236774543,0.0002850760806077,6.193049573745079e-06,0.0005118074448111,7.008911224089799e-06,-1.3322676295495217e-15,-2.4424906541741232e-15,open_errors,,,,,,
0.8,0.3,256,31.2,9.35705647627363,0.0041465166418636,1.0116412221823745,0.000294142576089,6.338886092080591e-06,0.0005291093890515,7.223362760544031e-06,-1.3322676295495217e-15,-2.4424906541741232e-15,open_errors,,,,,,
0.8,0.3,256,31.3,9.387047041902711,0.004272753859641,1.0119975576695557,0.0003035021921733,6.489683487633599e-06,0.0005469905338318,7.441274258651336e-06,-1.3322676295495217e-15,-2.4424906541741232e-15,open_errors,,,,,,
0.8,0.3,256,31.4,9.417037607531796,0.0044028340913257,1.012364860963269,0.000313164518436,6.645652268996557e-06,0.0005654701031559,7.662519282567598e-06,-1.3322676295495217e-15,-2.6645352590990437e-15,open_errors,,,,,,
0.8,0.3,256,31.5,9.447028173160875,0.0045368743127951,1.012743473395531,0.0003231394604873,6.807015481333746e-06,0.0005845679541017,7.886953383150177e-06,-1.3322676295495217e-15,-2.6645352590990437e-15,open_errors,,,,,,
0.8,0.3,256,31.6,9.47701873878996,0.0046749950589794,1.0131337471533504,0.0003334372504317,6.974010056301165e-06,0.0006043045975178,8.114412722385789e-06,-1.7763568393993622e-15,-2.6645352590990437e-15,open_errors,,,,,,
0.8,0.3,256,31.7,9.50700930441904,0.004817320532004,1.0135360456382698,0.000344068457675,7.1468883293783404e-06,0.0006247012193947,8.34471261047001e-06,-1.7763568393993622e-15,-2.886579864023964e-15,open_errors,,,,,,
0.8,0.3,256,31.8,9.536999870048124,0.0049639787126042,1.0139507438386972,0.0003550440000901,7.325919741219808e-06,0.0006457797029303,8.577645947982766e-06,-1.7763568393993622e-15,-2.886579864023964e-15,open_errors,,,,,,
0.8,0.3,256,31.9,9.566990435677209,0.0051151014749098,1.01437822871553,0.000366375155555,7.511392742069571e-06,0.0006675626513137,8.812981571103633e-06,-1.7763568393993622e-15,-2.886579864023964e-15,open_errors,,,,,,
0.8,0.3,256,32.0,9.596981001306288,0.0052708247047008,1.0148188996015954,0.0003780735738746,7.703616917377018e-06,0.0006900734112493,9.0504624903609e-06,-2.2204460492492028e-15,-3.108624468948884e-15,open_errors,,,,,,
0.8,0.3,256,32.1,9.62697156693537,0.0054312884212368,1.0152731686154697,0.0003901512890998,7.902925356863599e-06,0.000713336097248,9.289804021734352e-06,-2.2204460492492028e-15,-3.108624468948884e-15,open_errors,,,,,,
0.8,0.3,256,32.2,9.656962132564454,0.0055966369027669,1.0157414610902524,0.0004026207322562,8.109677287233709e-06,0.0007373756167074,9.530691800606686e-06,-2.2204460492492028e-15,-3.108624468948884e-15,open_errors,,,,,,
0.8,0.3,256,32.3,9.686952698193531,0.0057670188158296,1.016224216017898,0.0004154947444984,8.324260992277208e-06,0.0007622176958087,9.772779674600338e-06,-2.2204460492492028e-15,-3.3306690738738043e-15,open_errors,,,,,,
0.8,0.3,256,32.4,9.716943263822616,0.0059425873484545,1.0167218865097525,0.0004287865907024,8.547097043492945e-06,0.0007878889062581,1.0015687469011403e-05,-2.2204460492492028e-15,-3.3306690738738043e-15,open_errors,,,,,,
0.8,0.3,256,32.5,9.7469338294517,0.0061235003473818,1.017234940273944,0.000442509973512,8.778641865918488e-06,0.0008144166928984,1.025899861836386e-05,-2.6645352590990437e-15,-3.5527136787987244e-15,open_errors,,,,,,
0.8,0.3,256,32.6,9.776924395080782,0.0063099204594191,1.0177638601103371,0.0004566790478546,9.019391663425944e-06,0.0008418294022209,1.0502257658368793e-05,-2.6645352590990437e-15,-3.5527136787987244e-15,open_errors,,,,,,
0.8,0.3,256,32.7,9.806914960709864,0.0065020152770556,1.0183091444237742,0.0004713084359422,9.269886728776229e-06,0.0008701563118075,1.0744967572282596e-05,-2.6645352590990437e-15,-3.774758283723645e-15,open_errors,,,,,,
0.8,0.3,256,32.8,9.836905526338944,0.0066999574884611,1.0188713077563658,0.0004864132427745,9.53071616286926e-06,0.0008994276607317,1.0986586985195126e-05,-2.886579864023964e-15,-3.774758283723645e-15,open_errors,,,,,,
0.8,0.3,256,32.9,9.866896091968028,0.0069039250319978,1.0194508813396408,0.0005020090721613,9.802523027306468e-06,0.0009296746809547,1.1226527203445917e-05,-3.108624468948884e-15,-3.9968028886485646e-15,open_errors,,,,,,
0.8,0.3,256,33.0,9.89688665759711,0.0071141012553769,1.0200484136673944,0.0005181120432823,1.0086009952796582e-05,0.0009609296297452,1.1464149090482324e-05,-3.3306690738738043e-15,-3.9968028886485646e-15,open_errors,,,,,,
0.8,0.3,256,33.1,9.926877223226192,0.007330675079597,1.020664471090105,0.0005347388078026,1.0381945224574504e-05,0.0009932258231597,1.1698759780332411e-05,-3.5527136787987244e-15,-4.218847493573485e-15,open_errors,,,,,,
0.8,0.3,256,33.2,9.956867788855275,0.0075538411678021,1.0212996384318662,0.0005519065675632,1.0691169363144357e-05,0.0010265976706192,1.1929609220654754e-05,-3.5527136787987244e-15,-4.4408920984984055e-15,open_errors,,,,,,
0.8,0.3,256,33.3,9.986858354484356,0.0077838000992042,1.021954519630785,0.0005696330928668,1.1014602216109874e-05,0.0010610807106169,1.2155886549817968e-05,-3.5527136787987244e-15,-4.4408920984984055e-15,open_errors,,,,,,
0.8,0.3,256,33.4,10.016848920113436,0.0080207585482158,1.0226297384038847,0.0005879367413799,1.1353250572254854e-05,0.0010967116475975,1.2376716305147138e-05,-3.9968028886485646e-15,-4.6629367034233256e-15,open_errors,,,,,,
0.8,0.3,256,33.5,10.04683948574252,0.0082649294689439,1.0233259389375706,0.000606836477672,1.1708216305596095e-05,0.0011335283900472,1.2591154469957111e-05,-4.4408920984984055e-15,-4.6629367034233256e-15,open_errors,,,,,,
0.8,0.3,256,33.6,10.076830051371603,0.0085165322852006,1.0240437866047951,0.0006263518934157,1.2080705050996262e-05,0.0011715700898346,1.2798184366088126e-05,-4.4408920984984055e-15,-5.107025913273167e-15,open_errors,,,,,,
0.8,0.3,256,33.7,10.106820617000686,0.0087757930861862,1.0247839687101017,0.0006465032282693,1.247203540795854e-05,0.0012108771828465,1.2996712406276377e-05,-4.884981308348247e-15,-5.107025913273167e-15,open_errors,,,,,,
0.8,0.3,256,33.8,10.136811182629764,0.0090429448280108,1.025547195263791,0.0006673113914683,1.2883648663183327e-05,0.0012514914309636,1.3185563728473944e-05,-5.107025913273167e-15,-5.329070518198087e-15,open_errors,,,,,,
0.8,0.3,256,33.9,10.166801748258848,0.009318227541217,1.026334199786527,0.0006887979841496,1.331711901633063e-05,0.00129345596542,1.336347774253702e-05,-5.107025913273167e-15,-5.329070518198087e-15,open_errors,,,,,,
0.8,0.3,256,34.0,10.196792313887933,0.0096018885444773,1.027145740145757,0.0007109853224355,1.3774164287253127e-05,0.0013368153315978,1.3529103632184123e-05,-5.329070518198087e-15,-5.773159728047928e-15,open_errors,,,,,,
0.8,0.3,256,34.1,10.226782879517014,0.0098941826646372,1.0279825994253935,0.0007338964613041,1.4256657078453168e-05,0.0013816155353041,1.368099587466878e-05,-5.773159728047928e-15,-5.995204332972848e-15,open_errors,,,,,,
0.8,0.3,256,34.2,10.256773445146097,0.0101953724632857,1.0288455868302913,0.0007575552192765,1.4766636361177146e-05,0.001427904090585,1.3817609860901183e-05,-6.217248937897768e-15,-6.439293542822688e-15,open_errors,,,,,,
0.8,0.3,256,34.300000000000004,10.286764010775178,0.0105057284700325,1.0297355386271312,0.0007819862039484,1.5306319451451534e-05,0.0014757300691293,1.3937297731332908e-05,-6.661338147747609e-15,-6.661338147747609e-15,open_errors,,,,,,
0.8,0.3,256,34.4,10.31675457640426,0.01082552942268,1.030653319123396,0.0008072148383994,1.5878114340693997e-05,0.001525144151319,1.4038304584727464e-05,-6.883382752672529e-15,-6.883382752672529e-15,open_errors,,,,,,
0.8,0.3,256,34.5,10.346745142033342,0.0111550625144804,1.031599821686249,0.0008332673885108,1.6484632347389654e-05,0.0015761986789864,1.4118765275332012e-05,-7.327471962522371e-15,-7.105427357597449e-15,open_errors,,,,,,
0.8,0.3,256,34.6,10.376735707662425,0.0114946236486706,1.0325759698031702,0.0008601709912269,1.712870106022751e-05,0.0016289477099387,1.417670209266367e-05,-7.549516567447289e-15,-7.549516567447289e-15,open_errors,,,,,,
0.8,0.3,256,34.7,10.406726273291508,0.0118445177004856,1.0335827181863717,0.0008879536837952,1.7813377549681633e-05,0.0016834470743155,1.421002373032268e-05,-8.21565038222205e-15,-7.771561172372211e-15,open_errors,,,,,,
0.8,0.3,256,34.800000000000004,10.436716838920589,0.0122050587868495,1.034621053923068,0.0009166444340221,1.854196183629816e-05,0.0017397544328459,1.4216526107033266e-05,-8.437694987146971e-15,-8.21565038222205e-15,open_errors,,,,,,
0.8,0.3,256,34.9,10.46670740454967,0.0125765705439523,1.0356919976738397,0.0009462731715844,1.931801061616244e-05,0.001797929337076,1.4193895822295338e-05,-9.103828801921732e-15,-8.65973959207189e-15,open_errors,,,,,,
0.8,0.3,256,35.0,10.496697970178753,0.0129593864129199,1.0367966049214052,0.000976870820435,2.014535126145509e-05,0.0018580332916403,1.4139717355020491e-05,-9.769962616696491e-15,-8.881784196996811e-15,open_errors,,,,,,
0.8,0.3,256,35.1,10.526688535807835,0.0133538499337916,1.0379359672723114,0.001008469332348,2.102809613171112e-05,0.0019201298186568,1.4051485572967245e-05,-1.0214051826546332e-14,-9.325873406846651e-15,open_errors,,,,,,
0.8,0.3,256,35.2,10.556679101436918,0.0137603150480201,1.039111213814124,0.0010411017216468,2.1970657252698943e-05,0.0019842845243222,1.39266258139594e-05,-1.1102230246246012e-14,-9.769962616696491e-15,open_errors,,,,,,
0.8,0.3,256,35.300000000000004,10.586669667066,0.0141791464097133,1.0403235125309007,0.0010748021011618,2.297776144061564e-05,0.0020505651677976,1.3762524830182607e-05,-1.1546319456095855e-14,-1.0436096431471252e-14,open_errors,,,,,,
0.8,0.3,256,35.4,10.61666023269508,0.0146107197058407,1.0415740717798805,0.0011096057194688,2.405446597123423e-05,0.0021190417324715,1.3556577455233763e-05,-1.2212453270870616e-14,-1.0880185641321094e-14,open_errors,,,,,,
0.8,0.3,256,35.5,10.646650798324163,0.015055421985628,1.0428641418324642,0.0011455489994584,2.520617491375434e-05,0.0021897864996939,1.3306256277872495e-05,-1.2878587085645376e-14,-1.1324274851170934e-14,open_errors,,,,,,
0.8,0.3,256,35.6,10.676641363953246,0.0155136519993678,1.0441950164827845,0.001182669578292,2.6438656267678408e-05,0.0022628741250822,1.3009215411659092e-05,-1.3766765505345058e-14,-1.1990408665945695e-14,open_errors,,,,,,
0.8,0.3,256,35.7,10.70663192958233,0.0159858205468739,1.04556803472733,0.0012210063488023,2.775806005693337e-05,0.0023383817175034,1.26634455178054e-05,-1.4654943925044743e-14,-1.2434497875795535e-14,open_errors,,,,,,
0.8,0.3,256,35.800000000000004,10.73662249521141,0.0164723508358114,1.0469845825193005,0.0012605995023986,2.9170937547866128e-05,0.0024163889208401,1.2267507057972197e-05,-1.5543122344744423e-14,-1.3322676295495216e-14,open_errors,,,,,,
0.8,0.3,256,35.9,10.766613060840491,0.0169736788501316,1.0484460946016003,0.0013014905735419,3.068426176646337e-05,0.0024969779986605,1.1820884834173088e-05,-1.64313007644441e-14,-1.3766765505345058e-14,open_errors,,,,,,
0.8,0.3,256,36.0,10.796603626469574,0.0174902537288459,1.0499540564226015,0.0013437224858567,3.230544949527142e-05,0.002580233921912,1.1324533366526637e-05,-1.731947918414378e-14,-1.4654943925044743e-14,open_errors,,,,,,
0.8,0.3,256,36.1,10.826594192098655,0.0180225381553681,1.0515100061390652,0.0013873395999524,3.4042384931993205e-05,0.00266624445977,1.0781726036427052e-05,-1.8207657603843464e-14,-1.5543122344744423e-14,open_errors,,,,,,
0.8,0.3,256,36.2,10.85658475772774,0.018571008757658,1.053115536710886,0.0014323877630291,3.590344519009101e-05,0.0027551002737801,1.0199389720059262e-05,-1.9539925233392983e-14,-1.64313007644441e-14,open_errors,,,,,,
0.8,0.3,256,36.3,10.88657532335682,0.0191361565193944,1.0547722980925978,0.0014789143603502,3.789752781793748e-05,0.0028468950154374,9.590205894711357e-06,-2.0428103653092663e-14,-1.731947918414378e-14,open_errors,,,,,,
0.8,0.3,256,36.4,10.916565888985902,0.0197184872024039,1.0564819995269,0.0015269683686653,4.003408050728913e-05,0.002941725427361,8.975864488852956e-06,-2.1760371282642188e-14,-1.7985612998918543e-14,open_errors,,,,,,
0.8,0.3,256,36.5,10.946556454614983,0.0203185217805707,1.0582464119457902,0.0015766004116757,4.2323133155830486e-05,0.0030396914482252,8.391824470757914e-06,-2.3092638912191713e-14,-1.9095836023543144e-14,open_errors,,,,,,
0.8,0.3,256,36.6,10.976547020244068,0.0209367968854446,1.060067370485244,0.0016278628176383,4.477533244201695e-05,0.0031408963216247,7.893272449027049e-06,-2.4424906541741232e-14,-2.0206059048167742e-14,open_errors,,,,,,
0.8,0.3,256,36.7,11.00653758587315,0.0215738652637607,1.0619467771197515,0.0016808096792114,4.740197906549539e-05,0.0032454467090592,7.559580338619223e-06,-2.5979218776215672e-14,-2.1316282072792343e-14,open_errors,,,,,,
0.8,0.3,256,36.8,11.036528151502232,0.0222302962470778,1.0638866034234442,0.0017354969156511,5.021506780223287e-05,0.0033534528072372,7.489892295337455e-06,-2.7533531010690115e-14,-2.2204460492492027e-14,open_errors,,,,,,
0.8,0.3,256,36.9,11.066518717131313,0.0229066762337314,1.0658888934649684,0.0017919823374761,5.3227330521931775e-05,0.0034650284699086,7.781131915573363e-06,-2.9087843245164555e-14,-2.3536728122041552e-14,open_errors,,,,,,
0.8,0.3,256,37.0,11.096509282760396,0.0236036091832907,1.0679557668437314,0.0018503257137247,5.6452282315649e-05,0.0035802913344565,8.494903508597124e-06,-3.1086244689488846e-14,-2.486899575159107e-14,open_errors,,,,,,
0.8,0.3,256,37.1,11.12649984838948,0.0243217171236916,1.0700894218756576,0.0019105888419386,5.99042708847856e-05,0.0036993629534872,9.641431158614945e-06,-3.3084646133813124e-14,-2.6201263381140596e-14,open_errors,,,,,,
0.8,0.3,256,37.2,11.15649041401856,0.0250616406712095,1.0722921389371056,0.0019728356210155,6.359852934819409e-05,0.0038223689316804,1.1194751711851331e-05,-3.50830475781374e-14,-2.7977620220539957e-14,open_errors,,,,,,
0.8,0.3,256,37.3,11.186480979647644,0.0258240395634144,1.0745662839762198,0.0020371321270837,6.755123263244536e-05,0.0039494390681748,1.3118933586958316e-05,-3.7081449022461693e-14,-2.9309887850089485e-14,open_errors,,,,,,
0.8,0.3,256,37.4,11.216471545276724,0.0266095932052337,1.076914312201572,0.0021035466925634,7.177955762076149e-05,0.0040807075047932,1.5384466384219046e-05,-3.9301895071710896e-14,-3.1086244689488846e-14,open_errors,,,,,,
0.8,0.3,256,37.5,11.246462110905806,0.027419001228226,1.0793387719586394,0.0021721499885901,7.6301747249263e-05,0.0042163128804196,1.7973068620378662e-05,-4.1744385725885016e-14,-3.28626015288882e-14,open_errors,,,,,,
0.8,0.3,256,37.6,11.27645267653489,0.0282529840631442,1.0818423088053903,0.0022430151109906,8.113717875371235e-05,0.0043563984918822,2.087687104329948e-05,-4.4186876380059136e-14,-3.463895836828756e-14,open_errors,,,,,,
0.8,0.3,256,37.7,11.306443242163972,0.0291122835258374,1.084427669799015,0.0023162176700149,8.630643628701496e-05,0.0045011124617064,2.4096187261694437e-05,-4.7073456244083104e-14,-3.6637359812611845e-14,open_errors,,,,,,
0.8,0.3,256,37.8,11.336433807793052,0.0299976634165077,1.08709770800669,0.0023918358840443,9.183138814580172e-05,0.0046506079131403,2.763748220760559e-05,-4.973799150318214e-14,-3.8635761256936136e-14,open_errors,,,,,,
0.8,0.3,256,37.9,11.366424373422134,0.0309099101323034,1.089855387254161,0.0024699506775119,9.773526886448069e-05,0.0048050431528872,3.151188462775742e-05,-5.2846615972131034e-14,-4.085620730618533e-14,open_errors,,,,,,
0.8,0.3,256,38.0,11.396414939051215,0.0318498332931876,1.0927037871269067,0.002550645783293,0.0001040427664562,0.0049645818620053,3.573418647416424e-05,-5.5955240441079913e-14,-4.329869796035945e-14,open_errors,,,,,,
0.8,0.3,256,38.1,11.4264055046803,0.0328182663809729,1.0956461082397086,0.0026340078498397,0.0001107801151031,0.0051293932954828,4.032219819617064e-05,-5.950795411987864e-14,-4.5741188614533585e-14,open_errors,,,,,,
0.8,0.3,256,38.2,11.45639607030938,0.0338160673913642,1.0986856777915752,0.0027201265533617,0.000117975193621,0.0052996524910305,4.529634739478527e-05,-6.306066779867736e-14,-4.840572387363262e-14,open_errors,,,,,,
0.8,0.3,256,38.3,11.486386635938464,0.0348441194987885,1.10182595542422,0.0028090947153744,0.0001256576300501,0.0054755404876828,5.067944087410423e-05,-6.705747068732593e-14,-5.15143483425815e-14,open_errors,,,,,,
0.8,0.3,256,38.4,11.516377201567543,0.035903331733729,1.1050705394036058,0.0029010084259684,0.0001338589127489,0.0056572445548458,5.6496536904974746e-05,-7.10542735759745e-14,-5.417888360168055e-14,open_errors,,,,,,
0.8,0.3,256,38.5,11.546367767196628,0.0369946396722033,1.1084231731455343,0.0029959671731797,0.000142612508396,0.0058449584324856,6.277489319798453e-05,-7.549516567447289e-14,-5.773159728047927e-14,open_errors,,,,,,
0.8,0.3,256,38.6,11.576358332825713,0.0381190061369464,1.111887752107794,0.0030940739788762,0.0001519539873337,0.0060388825832104,6.954396832577482e-05,-8.038014698282116e-14,-6.106226635435309e-14,open_errors,,,,,,
0.8,0.3,256,38.7,11.606348898454792,0.0392774219097653,1.115468331073105,0.0031954355416092,0.0001619211567198,0.0062392244570624,7.68354622433023e-05,-8.52651282911694e-14,-6.46149800331518e-14,open_errors,,,,,,
0.8,0.3,256,38.8,11.636339464083877,0.0404709064544312,1.1191691318489136,0.0033001623869216,0.0001725542019833,0.0064461987699107,8.468338662222978e-05,-9.059419880936749e-14,-6.838973831687545e-14,open_errors,,,,,,
0.8,0.3,256,38.9,11.666330029712956,0.0417005086493608,1.1229945514120991,0.0034083690256456,0.0001838958371177,0.0066600277964112,9.312415900423203e-05,-9.614531393249049e-14,-7.238654120552402e-14,open_errors,,,,,,
0.8,0.3,256,39.0,11.69632059534204,0.0429673075292113,1.1269491705288237,0.0035201741207721,0.0001959914643802,0.0068809416785882,0.0001021967169306,-1.0214051826546333e-13,-7.682743330402241e-14,open_errors,,,,,,
0.8,0.3,256,39.1,11.726311160971122,0.0442724130343745,1.1310377628821064,0.0036357006635279,0.0002088893440038,0.0071091787511891,0.0001119426496409,-1.0880185641321095e-13,-8.149037000744576e-14,open_errors,,,,,,
0.8,0.3,256,39.2,11.756301726600205,0.0456169667671967,1.1352653047422847,0.0037550761593526,0.000222640774573,0.0073449858850591,0.0001224063459105,-1.1546319456095857e-13,-8.6375351315794e-14,open_errors,,,,,,
0.8,0.3,256,39.3,11.786292292229286,0.0470021427535796,1.1396369852182917,0.0038784328245366,0.0002373002847554,0.0075886188499111,0.0001336351572774,-1.22568621918556e-13,-9.148237722906717e-14,open_errors,,,,,,
0.8,0.3,256,39.4,11.816282857858369,0.0484291482084234,1.144158217130762,0.0040059077943476,0.0002529258371315,0.0078403426979817,0.000145679576396,-1.301181384860033e-13,-9.703349235219016e-14,open_errors,,,,,,
0.8,0.3,256,39.5,11.84627342348745,0.0498992243031601,1.1488346485512733,0.0041376433435568,0.000269579044913,0.0081004321702058,0.0001585934306145,-1.3833378886822536e-13,-1.0280665208023809e-13,open_errors,,,,,,
0.8,0.3,256,39.6,11.876263989116532,0.0514136469333871,1.1536721750556578,0.0042737871203603,0.000287325402398,0.0083691721267001,0.0001724340911595,-1.4721557306522217e-13,-1.0902390101813587e-13,open_errors,,,,,,
0.8,0.3,256,39.7,11.906254554745614,0.0529737274843488,1.1586769527432934,0.0044144923947893,0.0003062345300659,0.0086468580035104,0.0001872626985255,-1.5631940186714389e-13,-1.1568523916588345e-13,open_errors,,,,,,
0.8,0.3,256,39.8,11.936245120374696,0.0545808135917237,1.1638554120786018,0.0045599183228106,0.0003263804352811,0.0089337962977632,0.0002031444048686,-1.6608936448384037e-13,-1.22568621918556e-13,open_errors,,,,,,
0.8,0.3,256,39.9,11.966235686003778,0.0562362898948469,1.1692142726157346,0.0047102302274352,0.00034784178964,0.0092303050835765,0.0002201486343663,-1.7652546091531161e-13,-1.301181384860033e-13,open_errors,,,,,,
0.8,0.3,256,40.0,11.99622625163286,0.0579415787791462,1.174760558672599,0.0048655998982883,0.0003707022240701,0.0095367145613012,0.0002383493626689,-1.8762769116155765e-13,-1.381117442633004e-13,open_errors,,,,,,
0.8,0.3,256,40.1,12.026216817261943,0.0596981411041673,1.1805016160261013,0.0050262059112376,0.0003950506428686,0.0098533676429234,0.0002578254167198,-1.993960552225784e-13,-1.4654943925044738e-13,open_errors,,,,,,
0.8,0.3,256,40.2,12.056207382891024,0.0615074769131269,1.1864451297066885,0.0051922339698401,0.0004209815579515,0.0101806205767341,0.0002786607963767,-2.1205259770329885e-13,-1.5543122344744422e-13,open_errors,,,,,,
0.8,0.3,256,40.3,12.086197948520107,0.0633711261194452,1.1925991429771807,0.0053638772705499,0.0004485954446771,0.0105188436146799,0.0003009450194259,-2.25597318603719e-13,-1.652011860641407e-13,open_errors,,,,,,
0.8,0.3,256,40.4,12.116188514149188,0.0652906691651655,1.1989720775883823,0.005541336893829,0.0004779991207074,0.0108684217261498,0.0003247734917494,-2.398081733189139e-13,-1.751931932857621e-13,open_errors,,,,,,
0.8,0.3,256,40.5,12.146179079778271,0.0672677276455755,1.2055727554123044,0.0057248222235293,0.0005093061494782,0.0112297553623307,0.0003502479045832,-2.551292510587334e-13,-1.8585133432215828e-13,open_errors,,,,,,
0.8,0.3,256,40.6,12.176169645407354,0.0693039648936745,1.2124104215629423,0.0059145513971622,0.0005426372699643,0.0116032612756797,0.0003774766609998,-2.713385072182526e-13,-1.9739765377825413e-13,open_errors,,,,,,
0.8,0.3,256,40.7,12.206160211036435,0.0714010865173981,1.2194947691246791,0.006110751789953,0.0005781208545543,0.0119893733995324,0.0004065753339539,-2.886579864023964e-13,-2.0961010704912477e-13,open_errors,,,,,,
0.8,0.3,256,40.8,12.236150776665518,0.0735608408816957,1.2268359656194767,0.0063136605358878,0.0006158933969864,0.0123885437933727,0.0004376671584631,-3.0730973321608965e-13,-2.224886941347701e-13,open_errors,,,,,,
0.8,0.3,256,40.9,12.2661413422946,0.0757850195266448,1.2344446813563643,0.00652352508931,0.0006561000324471,0.0128012436598712,0.0004708835607478,-3.270717030544076e-13,-2.362554596401152e-13,open_errors,,,,,,
0.8,0.3,256,41.0,12.296131907923682,0.0780754575117862,1.24233211982033,0.0067406038310128,0.0006988950920961,0.0132279644404258,0.0005063647274275,-3.48165940522275e-13,-2.509104035651599e-13,open_errors,,,,,,
0.8,0.3,256,41.1,12.326122473552765,0.0804340336757413,1.2505100502727948,0.0069651667232111,0.0007444426944609,0.0136692189966587,0.0005442602181834,-3.708144902246169e-13,-2.664535259099044e-13,open_errors,,,,,,
0.8,0.3,256,41.2,12.356113039181846,0.0828626707989357,1.2589908427526084,0.0071974960182651,0.000792917376338,0.0141255428861009,0.0005847296256311,-3.9479530755650826e-13,-2.8310687127927335e-13,open_errors,,,,,,
0.8,0.3,256,41.3,12.386103604810929,0.0853633356558696,1.267787505685028,0.0074378870265788,0.0008445047660491,0.0145974957411832,0.0006279432865277,-4.207745263327239e-13,-3.0064839506834204e-13,open_errors,,,,,,
0.8,0.3,256,41.4,12.41609417044001,0.0879380389418457,1.276913726326807,0.0076866489497126,0.000899402302136,0.0150856627616293,0.0006740830488515,-4.480860127384891e-13,-3.197442310918852e-13,open_errors,,,,,,
0.8,0.3,256,41.5,12.446084736069093,0.0905888350573539,1.2863839142984863,0.0079441057854433,0.0009578200008323,0.0155906563314453,0.0007233430997628,-4.773959005885786e-13,-3.39728245535128e-13,open_errors,,,,,,
0.8,0.3,256,41.6,12.476075301698176,0.093317821731414,1.296213248480559,0.0082105973122874,0.0010199812759297,0.0161131177729223,0.0007759308599649,-5.089262344879173e-13,-3.610445276079204e-13,open_errors,,,,,,
0.8,0.3,256,41.7,12.506065867327257,0.0961271394630601,1.3064177275787472,0.0084864801618818,0.001086123814967,0.0166537192514431,0.0008320679505649,-5.426770144365052e-13,-3.8369307731026235e-13,open_errors,,,,,,
0.8,0.3,256,41.8,12.53605643295634,0.0990189707577879,1.317014224695519,0.008772128988612,0.0011565005160109,0.0172131658464141,0.0008919912391783,-5.784261958294175e-13,-4.0811798385200353e-13,open_errors,,,,,,
0.8,0.3,256,41.9,12.56604699858542,0.1019955391331555,1.3280205462806578,0.0090679377469985,0.0012313804896714,0.0177921978053717,0.000955953972734,-6.170619570863534e-13,-4.340972026282192e-13,open_errors,,,,,,
0.8,0.3,256,42.0,12.596037564214503,0.1050591078647832,1.3394554958736893,0.0093743210886192,0.0013110501314122,0.0183915930002454,0.0010242270052424,-6.581402089974637e-13,-4.614086890339843e-13,open_errors,,,,,,
0.8,0.3,256,42.1,12.626028129843586,0.1082119784407162,1.3513389430957834,0.009691715891784,0.0013958142696772,0.0190121696069252,0.0010971001296868,-7.022160630750603e-13,-4.909406214889989e-13,open_errors,,,,,,
0.8,0.3,256,42.2,12.656018695472667,0.1114564886884353,1.3636918983991668,0.0100205829388033,0.0014859973958631,0.0196547890317439,0.0011748835241992,-7.492895193191434e-13,-5.222489107834125e-13,open_errors,,,,,,
0.8,0.3,256,42.3,12.68600926110175,0.1147950105346875,1.3765365941387322,0.0103614087575381,0.0015819449827389,0.0203203591112228,0.0012579093238094,-7.998046669395628e-13,-5.55666623824613e-13,open_errors,,,,,,
0.8,0.3,256,42.4,12.715999826730831,0.1182299473536966,1.3898965725944106,0.0107147076460167,0.001684024898545,0.0210098376145579,0.0013465333303167,-8.542055951461683e-13,-5.913047829150627e-13,open_errors,,,,,,
0.8,0.3,256,42.5,12.745990392359914,0.1217637308541426,1.403796781644972,0.0110810239012868,0.0017926289247118,0.0217242360818302,0.0014411368742463,-9.123812816364974e-13,-6.292744103572241e-13,open_errors,,,,,,
0.8,0.3,256,42.6,12.775980957988995,0.1253988174494897,1.4182636788753678,0.011460934276389,0.0019081743859261,0.0224646240349046,0.0015421288444443,-9.746647933179376e-13,-6.701306176634095e-13,open_errors,,,,,,
0.8,0.3,256,42.7,12.805971523618078,0.1291376840497149,1.4333253449920031,0.0118550506924292,0.002031105902164,0.0232321336024975,0.0016499479026484,-1.041611241702801e-12,-7.13429315623769e-13,open_errors,,,,,,
0.8,0.3,256,42.8,12.83596208924716,0.1329828232051407,1.449011607524931,0.0122640232362643,0.002161897273298,0.0240279646060046,0.0017650649023755,-1.1135536936984752e-12,-7.596145934481522e-13,open_errors,,,,,,
0.8,0.3,256,42.9,12.865952654876242,0.136936737524793,1.465354175914849,0.0126885434783487,0.0023010535080101,0.0248533901585087,0.0018879855337344,-1.1906031716074225e-12,-8.091305403464096e-13,open_errors,,,,,,
0.8,0.3,256,43.0,12.895943220505323,0.1410019332823685,1.4823867892180236,0.0131293481499123,0.0024491130100041,0.0257097628360137,0.0020192532183045,-1.2735368315468805e-12,-8.617551117136155e-13,open_errors,,,,,,
0.8,0.3,256,43.1,12.925933786134406,0.1451809131123377,1.500145377816516,0.0135872232239301,0.002606649935937,0.0265985214875107,0.0021594522810944,-1.3625767181217732e-12,-9.181544413645454e-13,open_errors,,,,,,
0.8,0.3,256,43.2,12.955924351763487,0.1494761676867729,1.518668240697287,0.0140630084504145,0.0027742767411101,0.0275211987591285,0.0023092114298286,-1.4583889651468764e-12,-9.785505739041237e-13,open_errors,,,,,,
0.8,0.3,256,43.3,12.985914917392572,0.1538901662499673,1.5379962400653495,0.014557602403537,0.0029526469307948,0.028479429417511,0.0024692075754545,-1.5611956172271144e-12,-1.0428324870298881e-12,open_errors,,,,,,
0.8,0.3,256,43.4,13.015905483021651,0.1584253458725693,1.558173015287445,0.0150719681061031,0.0031424580371617,0.0294749595689157,0.0026401700318861,-1.6715517858747998e-12,-1.1114442699516885e-12,open_errors,,,,,,
0.8,0.3,256,43.5,13.045896048650736,0.1630840992695216,1.5792452184283488,0.0156071393061389,0.0033444548441699,0.0305096568835657,0.002822885137664,-1.7903456495096322e-12,-1.1850520564842996e-12,open_errors,,,,,,
0.8,0.3,256,43.6,13.075886614279815,0.1678687610062649,1.6012627739479717,0.0161642274910044,0.0035594328855025,0.0315855219498117,0.0030182013474775,-1.917910275038999e-12,-1.2635448243252588e-12,open_errors,,,,,,
0.8,0.3,256,43.7,13.1058771799089,0.1727815918950523,1.6242791654804147,0.016744429736739,0.0037882422437707,0.0327047008999858,0.003227034847475,-2.0549117962776747e-12,-1.3472556403819538e-12,open_errors,,,,,,
0.8,0.3,256,43.8,13.135867745537984,0.1778247613574178,1.6483517530245697,0.0173490375045758,0.0040317916828107,0.0338694994698747,0.0034503757550448,-2.202127369342897e-12,-1.436850638469159e-12,open_errors,,,,,,
0.8,0.3,256,43.9,13.165858311167064,0.1830003274993241,1.673542124349194,0.0179794465130273,0.0042910531490527,0.0350823986769658,0.0036892949714368,-2.3601121057469776e-12,-1.5323298185868749e-12,open_errors,,,,,,
0.8,0.3,256,44.0,13.195848876796148,0.1883102146117048,1.6999164849654185,0.0186371678330495,0.004567066682748,0.0363460723295997,0.0039449517643058,-2.529310094699767e-12,-1.6341372699449508e-12,open_errors,,,,,,
0.8,0.3,256,44.1,13.225839442425228,0.1937561877703166,1.727546091660292,0.0193238403759829,0.00486094578541,0.0376634066105753,0.0042186021671671,-2.7107205369234267e-12,-1.7427170817532368e-12,open_errors,,,,,,
0.8,0.3,256,44.2,13.25583000805431,0.1993398241641988,1.7565077353330547,0.0200412449697801,0.0051738832963024,0.0390375220154217,0.0045116082940305,-2.904787521627807e-12,-1.8585133432215827e-12,open_errors,,,,,,
0.8,0.3,256,44.3,13.285820573683392,0.205062480730647,1.7868842797515954,0.020791320249119,0.0055071578383631,0.0404717979684446,0.0048254486803133,-3.111844115720295e-12,-1.9817480989549133e-12,open_errors,,,,,,
0.8,0.3,256,44.4,13.315811139312476,0.2109252576152857,1.8187652638745684,0.0215761806201109,0.0058621409027891,0.0419699004899785,0.0051617297757761,-3.332556453015666e-12,-2.112421348953229e-12,open_errors,,,,,,
0.8,0.3,256,44.5,13.345801704941556,0.2169289569072144,1.8522475765947255,0.0223981366013863,0.0062403046518706,0.0435358133474653,0.00552219873193,-3.5671465781188444e-12,-2.2511992270313047e-12,open_errors,,,,,,
0.8,0.3,256,44.6,13.375792270570638,0.2230740360196907,1.8874362141874168,0.0232597178914524,0.0066432305318649,0.045173873192782,0.0059087576454651,-3.815281424122442e-12,-2.398081733189139e-12,open_errors,,,,,,
0.8,0.3,256,44.7,13.40578283619972,0.2293605549944593,1.9244451324393557,0.024163699568709,0.0070726188020975,0.046888809270799,0.0063234794410965,-4.076738946421536e-12,-2.553179889729196e-12,open_errors,,,,,,
0.8,0.3,256,44.8,13.435773401828804,0.2357881169003423,1.96339820744104,0.0251131318969663,0.0075302991035374,0.0486857883820892,0.0067686256022556,-4.350519944293963e-12,-2.7163826743490122e-12,open_errors,,,,,,
0.8,0.3,256,44.9,13.465763967457884,0.2423558003713088,2.0044303214186963,0.0261113742876765,0.0080182422103584,0.0505704658992117,0.0072466659867796,-4.635070105505249e-12,-2.8872459978387378e-12,open_errors,,,,,,
0.8,0.3,256,45.0,13.495754533086968,0.249062083182611,2.047688592841008,0.0271621340627262,0.0085385731321621,0.0525490437750529,0.007760300997733,-4.9277248947962935e-12,-3.0651037263835998e-12,open_errors,,,,,,
0.8,0.3,256,45.1,13.52574509871605,0.2559047555917312,2.0933337734650497,0.02826951077141,0.0090935857634521,0.0546283366481958,0.0083124864174573,-5.224487509278449e-12,-3.249511770773746e-12,open_errors,,,,,,
0.8,0.3,256,45.2,13.555735664345132,0.262880821968988,2.1415418391125525,0.0294380469456739,0.00968575931166,0.056815847350272,0.0089064612566579,-5.519806833828593e-12,-3.4381386626574654e-12,open_errors,,,,,,
0.8,0.3,256,45.3,13.585726229974217,0.2699863890048742,2.192505805951868,0.0306727863332103,0.0103177767768532,0.0591198533613125,0.009545779020797,-5.805245173459578e-12,-3.629430089800285e-12,open_errors,,,,,,
0.8,0.3,256,45.4,13.615716795603296,0.2772165385004541,2.246437810103695,0.0319793408339334,0.010992545806853,0.0615495060506952,0.01023434285435,-6.070033364832545e-12,-3.820055383128328e-12,open_errors,,,,,,
0.8,0.3,256,45.5,13.64570736123238,0.2845651824148142,2.303571495743065,0.033363967588459,0.0117132223129117,0.0641149448952626,0.0109764450909585,-6.298295218695364e-12,-4.0056846728455615e-12,open_errors,,,,,,
0.8,0.3,256,45.6,13.67569792686146,0.2920248974491428,2.3641647658572054,0.0348336579358905,0.0124832373059727,0.0668274292975193,0.0117768118157283,-6.469380586790015e-12,-4.180433776921474e-12,open_errors,,,,,,
0.8,0.3,256,45.7,13.705688492490545,0.299586735977631,2.428502960847346,0.0363962402830316,0.0133063275051476,0.0696994911544458,0.0126406531367328,-6.554312648173797e-12,-4.336531134183693e-12,open_errors,,,,,,
0.8,0.3,256,45.8,13.735679058119626,0.3072400095753297,2.4969025437547208,0.0380604993214907,0.0141865703826155,0.0727451119754259,0.013573719968402,-6.5141225746823865e-12,-4.46320758129336e-12,open_errors,,,,,,
0.8,0.3,256,45.9,13.765669623748709,0.3149720407229712,2.5697153877186087,0.0398363145100069,0.0151284244480343,0.0759799291467931,0.0145823682525027,-6.296074772646115e-12,-4.546141241232818e-12,open_errors,,,,,,
0.8,0.3,256,46.0,13.79566018937779,0.3227678774647779,2.6473337822047047,0.0417348213284376,0.016136775747654,0.0794214769298423,0.0156736316859669,-5.829337013093932e-12,-4.5665693448859094e-12,open_errors,,,,,,
0.8,0.3,256,46.1,13.82565075500687,0.3306099648280206,2.7301963007020373,0.0437685995350931,0.0172169917675033,0.0830894690094241,0.0168553041925793,-5.017208870581036e-12,-4.498956762686272e-12,open_errors,,,,,,
0.8,0.3,256,46.2,13.855641320635954,0.3384777656462472,2.818794705446624,0.0459518935565255,0.0183749841977841,0.0870061309467382,0.0181360335719066,-3.729683228923886e-12,-4.30977475929024e-12,open_errors,,,,,,
0.8,0.3,256,46.3,13.885631886265037,0.3463473220167465,2.9136821062203366,0.0483008712552204,0.0196172823518891,0.0911965928173559,0.0195254279890425,-1.7896795156948577e-12,-3.954392369107905e-12,open_errors,,,,,,
0.8,0.3,256,46.4,13.915622451894118,0.3541907469113338,3.015482642941888,0.0508339287168875,0.0209511194577876,0.0956893547440021,0.0210341772390068,1.0431655539372757e-12,-3.373079593414464e-12,open_errors,,,,,,
0.8,0.3,256,46.5,13.9456130175232,0.361975633379152,3.1249030289944795,0.0535720504551487,0.0223845345775269,0.1005168411070797,0.0226741910373282,5.0981441290761694e-12,-2.4862334413443324e-12,open_errors,,,,,,
0.8,0.3,256,46.6,13.975603583152282,0.3696643662458806,3.2427463785345005,0.0565392366526306,0.0239264935960875,0.105716063122556,0.0244587569622002,1.0825562668509564e-11,-1.188049658650786e-12,open_errors,,,,,,
0.8,0.3,256,46.7,14.005594148781364,0.3772133181209595,3.369928852454045,0.0597630118830793,0.0255870335985993,0.1113294144636517,0.0264027211138231,1.8846701976817385e-11,6.643574579353616e-13,open_errors,,,,,,
0.8,0.3,256,46.8,14.035584714410447,0.3845719077451837,3.5074998023991344,0.0632750333741697,0.0273774360846319,0.1174056309938389,0.0285226950748753,3.0023317165713246e-11,3.262723424766779e-12,open_errors,,,,,,
0.8,0.3,256,46.9,14.065575280039528,0.3916814940904229,3.656666281358576,0.0671118215220364,0.0293104359296454,0.1240009538990654,0.0308372933655255,4.5556003414026194e-11,6.866507362698234e-12,open_errors,,,,,,
0.8,0.3,256,47.0,14.095565845668611,0.3984740739768238,3.81882303793795,0.0713156413866596,0.0314004749038129,0.1311805461122931,0.0333674063004768,6.713340994221025e-11,1.1828094059745578e-11,open_errors,,,,,,
0.8,0.3,256,47.1,14.125556411297692,0.4048707440872192,3.995589440178794,0.0759355717256222,0.0336640110414991,0.13902022563399,0.036136513985846,9.714495874386248e-11,1.8629542353200808e-11,open_errors,,,,,,
0.8,0.3,256,47.2,14.155546976926775,0.4107798798984553,4.188855212017055,0.0810288083586653,0.0361198984154133,0.1476085970901582,0.0391710481446128,1.3900325335207397e-10,2.7932989254950045e-11,open_errors,,,,,,
0.8,0.3,256,47.3,14.185537542555858,0.4160949739797208,4.400837450119648,0.086662262098218,0.0387898561709224,0.1570496857861135,0.0425008095160939,1.976281360781662e-10,4.0655923072543045e-11,open_errors,,,,,,
0.8,0.3,256,47.4,14.21552810818494,0.4206920641436609,4.634152174256218,0.0929145292052291,0.0416990513729746,0.1674662079838122,0.0461594496770363,2.8018698472451065e-10,5.8076876641137516e-11,open_errors,,,,,,
0.8,0.3,256,47.5,14.245518673814022,0.4244266680482674,4.891904723272709,0.0998783357623266,0.0448768277859962,0.179003648652497,0.0501850271162975,3.97238908433707e-10,8.199574352825485e-11,open_errors,,,,,,
0.8,0.3,256,47.6,14.275509239443103,0.427130125377994,5.177804738906653,0.107663588365403,0.0483576227745714,0.1918353648247966,0.054620647871426,5.645370837467585e-10,1.1496603669053163e-10,open_errors,,,,,,
0.8,0.3,256,47.7,14.305499805072186,0.4286052328171822,5.496313409143659,0.1164012044930312,0.0521821278883666,0.2061689892414824,0.0595152001149392,8.059037881476405e-10,1.6064927166317979e-10,open_errors,,,,,,
0.8,0.3,256,47.8,14.335490370701269,0.428621043427713,5.852833230619769,0.1262479496644614,0.0563987663634822,0.222254472618111,0.0649241877779191,1.1579051051307835e-09,2.2435098223627542e-10,open_errors,,,,,,
0.8,0.3,256,47.9,14.36548093633035,0.4269066967659961,6.253953971927883,0.137392578039832,0.0610655837947692,0.2403941640179986,0.0709106562316252,1.6775907329949426e-09,3.138538318124369e-10,open_errors,,,,,,
0.8,0.3,256,48.0,14.395471501959433,0.4231441615894507,6.707772915939121,0.1500636605850839,0.0662526773915007,0.2609553620335748,0.0775461735553697,2.4555675270919663e-09,4.4072168137154915e-10,open_errors,,,,,,
0.8,0.3,512,0.0,0.0,4.999999999836233e-07,1.000002000001,0.0,0.0,0.0,0.0,0.0,0.0,open_errors,,,,,,
0.8,0.3,512,0.1,0.0299905656290821,5.004612102696646e-07,1.000002000900503,1.1302839318524287e-09,4.060121526213086e-12,3.5363069081238346e-12,1.3489452599729696e-12,0.0,0.0,open_errors,,,,,,
0.8,0.3,512,0.2,0.0599811312581643,5.018439524140961e-07,1.0000020035998234,2.261480223904925e-09,8.399320261794784e-12,1.4151610130419564e-11,5.392949985318776e-12,0.0,-2.2204460492492028e-16,open_errors,,,,,,
0.8,0.3,512,0.3,0.0899716968872464,5.04145590470968e-07,1.0000020081013878,3.3945019747073712e-09,1.3265746617515047e-11,3.1864876972964853e-11,1.2123088700731234e-11,0.0,-2.2204460492492028e-16,open_errors,,,,,,
0.8,0.3,512,0.4,0.1199622625163286,5.073618307091374e-07,1.0000020144092467,4.5302637628425055e-09,1.8857876716534816e-11,5.670800411148722e-11,2.152461532908443e-11,0.0,-2.2204460492492028e-16,open_errors,,,,,,
0.8,0.3,512,0.5,0.1499528281454107,5.11486864935351e-07,1.000002022529073,5.669682387073587e-09,2.532141323549364e-11,8.872549690551535e-11,3.3577740025616746e-11,0.0,-2.2204460492492028e-16,open_errors,,,,,,
0.8,0.3,512,0.6,0.1799433937744929,5.165135610242005e-07,1.000002032468171,6.813677613083847e-09,3.2756566761691787e-11,1.2797507877199469e-10,4.825806071652556e-11,-4.4408920984984055e-16,-2.2204460492492028e-16,open_errors,,,,,,
0.8,0.3,512,0.7000000000000001,0.209933959403575,5.224336905813301e-07,1.0000020442354816,7.963172909071182e-09,4.1229214351713146e-11,1.7452692474065276e-10,6.553751404566334e-11,-4.4408920984984055e-16,-2.2204460492492028e-16,open_errors,,,,,,
0.8,0.3,512,0.8,0.2399245250326572,5.292381838570586e-07,1.0000020578415882,9.119096205226962e-09,5.0781311627885175e-11,2.284645769948412e-10,8.538490689677448e-11,-4.4408920984984055e-16,-4.4408920984984055e-16,open_errors,,,,,,
0.8,0.3,512,0.9,0.2699150906617393,5.369174003275144e-07,1.00000207329873,1.0282380640090481e-08,6.143963023695672e-11,2.8988448545336736e-10,1.0776726269404367e-10,0.0,-2.2204460492492028e-16,open_errors,,,,,,
0.8,0.3,512,1.0,0.2999056562908215,5.454614046779339e-07,1.0000020906208114,1.1453965319354754e-08,7.32218535155752e-11,3.5889650339261045e-10,1.3265057678189751e-10,-2.2204460492492028e-16,-4.4408920984984055e-16,open_errors,,,,,,
0.8,0.3,512,1.1,0.3298962219199037,5.548602384671444e-07,1.0000021098234133,1.2634796076188221e-08,8.614128180611993e-11,4.3562405913930325e-10,1.600009585218897e-10,0.0,-2.2204460492492028e-16,open_errors,,,,,,
0.8,0.3,512,1.2,0.3598867875489858,5.651041792769674e-07,1.0000021309238083,1.3825826233092394e-08,1.0021007289109664e-10,5.2020377414583e-10,1.89785624826458e-10,0.0,-4.4408920984984055e-16,open_errors,,,,,,
0.8,0.3,512,1.3,0.389877353178068,5.761839812541723e-07,1.0000021539409758,1.50280173841654e-08,1.1544169478452491e-10,6.127861256280908e-10,2.2197373296691054e-10,0.0,-4.4408920984984055e-16,open_errors,,,,,,
0.8,0.3,512,1.4,0.4198679188071501,5.880910921446808e-07,1.0000021788956217,1.624234017241219e-08,1.3185260389805968e-10,7.135360243313407e-10,2.5653715523463926e-10,0.0,-4.4408920984984055e-16,open_errors,,,,,,
0.8,0.3,512,1.5,0.4498584844362322,6.008178438744337e-07,1.0000022058101914,1.7469775070807294e-08,1.4946376331616035e-10,8.226319254239656e-10,2.934513860807767e-10,0.0,-4.4408920984984055e-16,open_errors,,,,,,
0.8,0.3,512,1.6,0.4798490500653144,6.143576159909625e-07,1.0000022347088957,1.8711313182499325e-08,1.6830147255028738e-10,9.402671075243194e-10,3.326960733743313e-10,0.0,-2.2204460492492028e-16,open_errors,,,,,,
0.8,0.3,512,1.7,0.5098396156943965,6.287049714315214e-07,1.000002265617728,1.9967957045326083e-08,1.883980566334e-10,1.066649367431603e-09,3.742552667608687e-10,0.0,-4.4408920984984055e-16,open_errors,,,,,,
0.8,0.3,512,1.8,0.5398301813234787,6.438557660877991e-07,1.000002298564492,2.124072144620645e-08,2.0979225914553687e-10,1.202001761418886e-09,4.181178834076584e-10,0.0,-2.2204460492492028e-16,open_errors,,,,,,
0.8,0.3,512,1.9,0.5698207469525609,6.598072338066631e-07,1.0000023335788233,2.253063423496378e-08,2.3252952292448158e-10,1.3465622571080962e-09,4.6427796774070037e-10,0.0,-4.4408920984984055e-16,open_errors,,,,,,
0.8,0.3,512,2.0,0.599811312581643,6.765580495999224e-07,1.0000023706922172,2.3838737174840986e-08,2.5666164842432607e-10,1.5005845466908102e-09,5.127342360911277e-10,0.0,-4.4408920984984055e-16,open_errors,,,,,,
0.8,0.3,512,2.1,0.6298018782107252,6.941083732744246e-07,1.0000024099380578,2.5166086772948348e-08,2.8224683571792623e-10,1.6643382811144975e-09,5.634903276173499e-10,0.0,-4.4408920984984055e-16,open_errors,,,,,,
0.8,0.3,512,2.2,0.6597924438398074,7.124598765303913e-07,1.0000024513516466,2.6513755147012368e-08,3.093491305512925e-10,1.8381094104252834e-09,6.165542373927572e-10,0.0,-4.4408920984984055e-16,open_errors,,,,,,
0.8,0.3,512,2.3000000000000003,0.6897830094688895,7.316157562987448e-07,1.000002494970236,2.7882830893541916e-08,3.3803792624766326e-10,2.022200570386481e-09,6.719380080260912e-10,0.0,-4.4408920984984055e-16,open_errors,,,,,,
0.8,0.3,512,2.4,0.7197735750979716,7.515807367225991e-07,1.000002540833061,2.927441996986444e-08,3.683873269256427e-10,2.216931434895619e-09,7.296571440347038e-10,0.0,-2.2204460492492028e-16,open_errors,,,,,,
0.8,0.3,512,2.5,0.7497641407270538,7.723610622843445e-07,1.0000025889813762,3.0689646595552364e-08,4.0047558749380337e-10,2.4226391924353282e-09,7.897300853906877e-10,0.0,-4.4408920984984055e-16,open_errors,,,,,,
0.8,0.3,512,2.6,0.779754706356136,7.939644842969148e-07,1.00000263945849,3.2129654162432834e-08,4.3438443373040924e-10,2.6396788827420435e-09,8.521782816344859e-10,0.0,-4.4408920984984055e-16,open_errors,,,,,,
0.8,0.3,512,2.7,0.8097452719852181,8.16400242482589e-07,1.0000026923098082,3.3595606177079264e-08,4.701982231721253e-10,2.868424374308386e-09,9.170244335425461e-10,0.0,-4.4408920984984055e-16,open_errors,,,,,,
0.8,0.3,512,2.8000000000000003,0.8397358376143003,8.396790431974112e-07,1.00000274758287,3.5088687181308064e-08,5.08003537599864e-10,3.109268011531929e-09,9.84292723504485e-10,0.0,-4.4408920984984055e-16,open_errors,,,,,,
0.8,0.3,512,2.9,0.8697264032433824,8.638130359518454e-07,1.0000028053273933,3.661010373083308e-08,5.478886618051613e-10,3.362621613870987e-09,1.0540084583480704e-09,-2.2204460492492028e-16,-4.4408920984984055e-16,open_errors,,,,,,
0.8,0.3,512,3.0,0.8997169688724644,8.888157892483116e-07,1.0000028655953217,3.8161085385046365e-08,5.899429245045887e-10,3.6289172690293916e-09,1.1261968232094608e-09,0.0,-4.4408920984984055e-16,open_errors,,,,,,
0.8,0.3,512,3.1,0.9297075345015466,9.147022663367452e-07,1.0000029284408651,3.974288569520503e-08,6.342565819861323e-10,3.908607631830404e-09,1.2008835431367635e-09,-2.2204460492492028e-16,-4.4408920984984055e-16,open_errors,,,,,,
0.8,0.3,512,3.2,0.9596981001306288,9.414888020508072e-07,1.000002993920555,4.135678321758275e-08,6.809204564755191e-10,4.2021662476484564e-09,1.2780938515128847e-09,0.0,-4.4408920984984055e-16,open_errors,,,,,,
0.8,0.3,512,3.3000000000000003,0.989688665759711,9.69193081249815e-07,1.0000030620932894,4.300408257397103e-08,7.300258081039261e-10,4.510088668877044e-09,1.3578523781562774e-09,-2.2204460492492028e-16,-4.4408920984984055e-16,open_errors,,,,,,
0.8,0.3,512,3.4,1.019679231388793,9.978341189422952e-07,1.0000031330203911,4.4686115492587485e-08,7.816643269061597e-10,4.832892801927923e-09,1.440183447193756e-09,0.0,-4.4408920984984055e-16,open_errors,,,,,,
0.8,0.3,512,3.5,1.0496697970178752,1.027432243012003e-06,1.00000320676566,4.6404241910773775e-08,8.35928142306451e-10,5.1711198566815255e-09,1.5251109462065388e-09,-4.4408920984984055e-16,-4.4408920984984055e-16,open_errors,,,,,,
0.8,0.3,512,3.6,1.0796603626469574,1.0580090791246353e-06,1.0000032833954298,4.8159851068375224e-08,8.92909799570371e-10,5.525334696850281e-09,1.6126575328083343e-09,0.0,-4.4408920984984055e-16,open_errors,,,,,,
0.8,0.3,512,3.7,1.1096509282760396,1.0895875385767568e-06,1.0000033629786305,4.9954362646631796e-08,9.52702631009081e-10,5.896126741779404e-09,1.7028465668409584e-09,0.0,-4.4408920984984055e-16,open_errors,,,,,,
0.8,0.3,512,3.8,1.1396414939051218,1.1221918088396624e-06,1.0000034455868476,5.178922792679255e-08,1.0154007165405439e-09,6.284110881593073e-09,1.7957003911794303e-09,0.0,-4.4408920984984055e-16,open_errors,,,,,,
0.8,0.3,512,3.9,1.1696320595342038,1.155847346903189e-06,1.0000035312943885,5.366593097225397e-08,1.08109908799147e-09,6.689928381036628e-09,1.891241621523081e-09,-4.4408920984984055e-16,-4.4408920984984055e-16,open_errors,,,,,,
0.8,0.3,512,4.0,1.199622625163286,1.1905808754311392e-06,1.000003620178347,5.5585989828935697e-08,1.1498940752016955e-09,7.114247156906595e-09,1.9894933232557207e-09,-4.4408920984984055e-16,-4.4408920984984055e-16,open_errors,,,,,,
0.8,0.3,512,4.1,1.229613190792368,1.2264203818624845e-06,1.0000037123186751,5.7550957771667674e-08,1.2218832793563295e-09,7.557763156870478e-09,2.090478862488917e-09,0.0,-4.4408920984984055e-16,open_errors,,,,,,
0.8,0.3,512,4.2,1.2596037564214504,1.2633951202630297e-06,1.0000038077982552,5.9562424580589744e-08,1.2971657859147936e-09,8.021201158664343e-09,2.194222516027176e-09,0.0,-6.661338147747608e-16,open_errors,,,,,,
0.8,0.3,512,4.3,1.2895943220505324,1.3015356158857458e-06,1.000003906702971,6.162201781817217e-08,1.3758422901482942e-09,8.505315717158046e-09,2.3007494363581412e-09,-4.4408920984984055e-16,-4.4408920984984055e-16,open_errors,,,,,,
0.8,0.3,512,4.4,1.3195848876796148,1.340873672451267e-06,1.0000040091217886,6.37314041723063e-08,1.4580151374783636e-09,9.010892005476898e-09,2.410085889438332e-09,-2.2204460492492028e-16,-4.4408920984984055e-16,open_errors,,,,,,
0.8,0.3,512,4.5,1.3495754533086968,1.3814423820737594e-06,1.0000041151468348,6.589229081416891e-08,1.5437883738426755e-09,9.538747111412033e-09,2.5222595903216653e-09,0.0,-4.4408920984984055e-16,open_errors,,,,,,
0.8,0.3,512,4.6000000000000005,1.379566018937779,1.4232761376738015e-06,1.0000042248734806,6.8106426783586e-08,1.6332677320736216e-09,1.0089730566336948e-08,2.637299354680221e-09,0.0,-4.4408920984984055e-16,open_errors,,,,,,
0.8,0.3,512,4.7,1.4095565845668612,1.4664106479872334e-06,1.0000043384004258,7.037560443647236e-08,1.7265606287943501e-09,1.0664726184072593e-08,2.755235683318283e-09,0.0,-4.4408920984984055e-16,open_errors,,,,,,
0.8,0.3,512,4.8,1.4395471501959431,1.510882954951485e-06,1.0000044558297896,7.270166089671746e-08,1.8237760564345675e-09,1.126465280420376e-08,2.876100207308144e-09,0.0,-6.661338147747608e-16,open_errors,,,,,,
0.8,0.3,512,4.9,1.4695377158250251,1.556731453312202e-06,1.0000045772672006,7.508647955269481e-08,1.925024637235789e-09,1.1890465222047356e-08,2.9999260066734636e-09,-2.2204460492492028e-16,-6.661338147747608e-16,open_errors,,,,,,
0.8,0.3,512,5.0,1.4995282814541075,1.603995912796058e-06,1.0000047028218944,7.753199161595246e-08,2.0304183744182724e-09,1.2543155986177524e-08,3.126747269733844e-09,-4.4408920984984055e-16,-6.661338147747608e-16,open_errors,,,,,,
0.8,0.3,512,5.1000000000000005,1.5295188470831895,1.6527175022835924e-06,1.0000048326068085,8.004017768318308e-08,2.140070694068868e-09,1.3223756312062793e-08,3.2565991326754133e-09,-2.2204460492492028e-16,-6.661338147747608e-16,open_errors,,,,,,
0.8,0.3,512,5.2,1.559509412712272,1.7029388163283257e-06,1.0000049667386857,8.261306937110792e-08,2.254096352057736e-09,1.3933337544411956e-08,3.389518062430565e-09,-4.4408920984984055e-16,-6.661338147747608e-16,open_errors,,,,,,
0.8,0.3,512,5.3,1.589499978341354,1.7547039036708628e-06,1.000005105338179,8.525275096521034e-08,2.372611372102673e-09,1.467301235297052e-08,3.525540756693821e-09,-4.4408920984984055e-16,-4.4408920984984055e-16,open_errors,,,,,,
0.8,0.3,512,5.4,1.619490543970436,1.8080582980278208e-06,1.0000052485299615,8.796136113305314e-08,2.4957330082453047e-09,1.544393637969149e-08,3.6647049737220203e-09,-4.4408920984984055e-16,-6.661338147747608e-16,open_errors,,,,,,
0.8,0.3,512,5.5,1.6494811095995183,1.8630490508635368e-06,1.0000053964428353,9.074109468657833e-08,2.623579660686779e-09,1.6247309714913968e-08,3.807048339282437e-09,-4.4408920984984055e-16,-6.661338147747608e-16,open_errors,,,,,,
0.8,0.3,512,5.6000000000000005,1.6794716752286003,1.91972476621136e-06,1.000005549209851,9.359420436206506e-08,2.7562709870736717e-09,1.7084378066227234e-08,3.9526091184116055e-09,-4.4408920984984055e-16,-6.661338147747608e-16,open_errors,,,,,,
0.8,0.3,512,5.7,1.7094622408576825,1.9781356374533225e-06,1.000005706968424,9.652300268024829e-08,2.8939279264913644e-09,1.7956435103376472e-08,4.101425529345333e-09,-4.4408920984984055e-16,-6.661338147747608e-16,open_errors,,,,,,
0.8,0.3,512,5.8,1.7394528064867647,2.0383334862880477e-06,1.000005869860461,9.952986382942208e-08,3.036672704940133e-09,1.886482313801845e-08,4.2535360339103335e-09,-4.4408920984984055e-16,-6.661338147747608e-16,open_errors,,,,,,
0.8,0.3,512,5.9,1.769443372115847,2.10037180353883e-06,1.0000060380324856,1.0261722563004233e-07,3.184628920672634e-09,1.981093557193219e-08,4.408978889391963e-09,-4.4408920984984055e-16,-6.661338147747608e-16,open_errors,,,,,,
0.8,0.3,512,6.0,1.7994339377449289,2.164305791948165e-06,1.0000062116357715,1.0578759152173229e-07,3.3379216232018033e-09,2.0796218530597426e-08,4.567792329769949e-09,-4.4408920984984055e-16,-6.661338147747608e-16,open_errors,,,,,,
0.8,0.3,512,6.1000000000000005,1.8294245033740115,2.2301924110609296e-06,1.0000063908264776,1.0904353262002329e-07,3.4966775221519183e-09,2.1822172396959344e-08,4.730014598900283e-09,-4.4408920984984055e-16,-6.661338147747608e-16,open_errors,,,,,,
0.8,0.3,512,6.2,1.8594150690030933,2.298090423988841e-06,1.0000065757657894,1.123876898342119e-07,3.6610250103150504e-09,2.2890353957802343e-08,4.895683911748831e-09,-4.4408920984984055e-16,-8.881784196996811e-16,open_errors,,,,,,
0.8,0.3,512,6.3,1.8894056346321757,2.3680604462869067e-06,1.000006766620062,1.158227760312729e-07,3.8310943011834895e-09,2.4002378449249838e-08,5.064838576659096e-09,-2.2204460492492028e-16,-6.661338147747608e-16,open_errors,,,,,,
0.8,0.3,512,6.4,1.9193962002612577,2.440164996705409e-06,1.0000069635609727,1.1935157825817384e-07,4.007017620394209e-09,2.515992123588754e-08,5.237517301795048e-09,-4.4408920984984055e-16,-8.881784196996811e-16,open_errors,,,,,,
0.8,0.3,512,6.5,1.94938676589034,2.514468550081796e-06,1.0000071667656736,1.2297696004745792e-07,4.188929153587356e-09,2.6364720583356284e-08,5.413758558854071e-09,-4.4408920984984055e-16,-6.661338147747608e-16,open_errors,,,,,,
0.8,0.3,512,6.6000000000000005,1.979377331519422,2.591037592216707e-06,1.0000073764169506,1.267018637597943e-07,4.376965383273281e-09,2.7618578926214658e-08,5.5936017624500525e-09,-4.4408920984984055e-16,-6.661338147747608e-16,open_errors,,,,,,
0.8,0.3,512,6.7,2.009367897148504,2.6699406768865265e-06,1.000007592703389,1.3052931300938906e-07,4.5712649569873e-09,2.8923366110440773e-08,5.777086472795856e-09,-4.4408920984984055e-16,-6.661338147747608e-16,open_errors,,,,,,
0.8,0.3,512,6.8,2.039358462777586,2.751248484889864e-06,1.0000078158195436,1.3446241515196872e-07,4.771968904601996e-09,3.028102088918198e-08,5.964252983026289e-09,-4.4408920984984055e-16,-8.881784196996811e-16,open_errors,,,,,,
0.8,0.3,512,6.9,2.0693490284066685,2.8350338852050484e-06,1.0000080459661107,1.3850436383671116e-07,4.979220637923837e-09,3.1693553934957984e-08,6.155142306267642e-09,-4.4408920984984055e-16,-8.881784196996811e-16,open_errors,,,,,,
0.8,0.3,512,7.0,2.0993395940357504,2.921371998491328e-06,1.0000082833501125,1.426584416448725e-07,5.193166000560389e-09,3.3163050156795606e-08,6.349796039548899e-09,-4.4408920984984055e-16,-6.661338147747608e-16,open_errors,,,,,,
0.8,0.3,512,7.1000000000000005,2.129330159664833,3.0103402625917384e-06,1.0000085281850812,1.4692802278787278e-07,5.4139532962826194e-09,3.469167137529604e-08,6.5482566521460374e-09,-4.4408920984984055e-16,-8.881784196996811e-16,open_errors,,,,,,
0.8,0.3,512,7.2,2.159320725293915,3.102018500357014e-06,1.00000878069125,1.5131657588181852e-07,5.641733340168296e-09,3.628165875089833e-08,6.750567577945615e-09,-4.4408920984984055e-16,-6.661338147747608e-16,open_errors,,,,,,
0.8,0.3,512,7.3,2.189311290922997,3.1964889899055112e-06,1.0000090410957547,1.5582766682121532e-07,5.876659380027534e-09,3.7935335743176206e-08,6.956772738588807e-09,-4.4408920984984055e-16,-6.661338147747608e-16,open_errors,,,,,,
0.8,0.3,512,7.4,2.2193018565520792,3.2938365370197062e-06,1.000009309632834,1.604649617165775e-07,6.1188871984041855e-09,3.965511148389214e-08,7.166917096364546e-09,-6.661338147747608e-16,-8.881784196996811e-16,open_errors,,,,,,
0.8,0.3,512,7.5,2.249292422181161,3.394148550069238e-06,1.0000095865440457,1.6523222990530838e-07,6.368575029904191e-09,4.144348293614961e-08,7.381045951522822e-09,-4.4408920984984055e-16,-8.881784196996811e-16,open_errors,,,,,,
0.8,0.3,512,7.6,2.279282987810244,3.4975151173921107e-06,1.0000098720784758,1.7013334706901169e-07,6.625883640247826e-09,4.330303838280978e-08,7.599205664661685e-09,-4.4408920984984055e-16,-8.881784196996811e-16,open_errors,,,,,,
0.8,0.3,512,7.7,2.3092735534393256,3.6040290871642654e-06,1.000010166492971,1.7517229844635653e-07,6.890976280788042e-09,4.5236460828173577e-08,7.821442848017613e-09,-4.4408920984984055e-16,-8.881784196996811e-16,open_errors,,,,,,
0.8,0.3,512,7.8,2.339264119068408,3.713786149879753e-06,1.0000104700523649,1.8035318211329807e-07,7.164018660123942e-09,4.724653114424399e-08,8.047804485843213e-09,-8.881784196996811e-16,-8.881784196996811e-16,open_errors,,,,,,
0.8,0.3,512,7.9,2.36925468469749,3.826884923393645e-06,1.0000107830297158,1.856802123525629e-07,7.445179051122153e-09,4.933613124655152e-08,8.278337806896514e-09,-6.661338147747608e-16,-8.881784196996811e-16,open_errors,,,,,,
0.8,0.3,512,8.0,2.399245250326572,3.943427040849342e-06,1.0000111057065566,1.9115772317318557e-07,7.734628309040105e-09,5.1508248183432754e-08,8.513090516625328e-09,-8.881784196996811e-16,-8.881784196996811e-16,open_errors,,,,,,
0.8,0.3,512,8.1,2.429235815955654,4.06351724120367e-06,1.0000114383731442,1.9679017186855498e-07,8.032539895945499e-09,5.376597737735028e-08,8.752110228565278e-09,-8.881784196996811e-16,-8.881784196996811e-16,open_errors,,,,,,
0.8,0.3,512,8.2,2.459226381584736,4.187263462757683e-06,1.000011781328721,2.0258214270673368e-07,8.339089886972403e-09,5.611252657002242e-08,8.995444436907545e-09,-6.661338147747608e-16,-8.881784196996811e-16,open_errors,,,,,,
0.8,0.3,512,8.3,2.489216947213819,4.314776939540735e-06,1.000012134881786,2.0853835073104379e-07,8.654457169850968e-09,5.85512199480625e-08,9.243140773472456e-09,-6.661338147747608e-16,-8.881784196996811e-16,open_errors,,,,,,
0.8,0.3,512,8.4,2.519207512842901,4.44617230076043e-06,1.0000124993503698,2.1466364565616247e-07,8.978823438567981e-09,6.108550185681844e-08,9.495246653100946e-09,-6.661338147747608e-16,-8.881784196996811e-16,open_errors,,,,,,
0.8,0.3,512,8.5,2.5491980784719828,4.581567673357453e-06,1.0000128750623256,2.209630158857471e-07,9.312373321802252e-09,6.371894129433139e-08,9.751809543725569e-09,-6.661338147747608e-16,-8.881784196996811e-16,open_errors,,,,,,
0.8,0.3,512,8.6,2.5791886441010647,4.721084787760296e-06,1.000013262355617,2.274415926572565e-07,9.655294429915952e-09,6.645523626363934e-08,1.0012876447616257e-08,-6.661338147747608e-16,-8.881784196996811e-16,open_errors,,,,,,
0.8,0.3,512,8.700000000000001,2.609179209730147,4.864849086865116e-06,1.0000136615786273,2.341046542788015e-07,1.0007777486930988e-08,6.92982182275772e-08,1.027849432793054e-08,-6.661338147747608e-16,-8.881784196996811e-16,open_errors,,,,,,
0.8,0.3,512,8.8,2.6391697753592296,5.012989838496114e-06,1.0000140730904714,2.409576305155471e-07,1.0370016473691684e-08,7.22518567392096e-08,1.0548710011273846e-08,-6.661338147747608e-16,-8.881784196996811e-16,open_errors,,,,,,
0.8,0.3,512,8.9,2.669160340988312,5.165640251268767e-06,1.0000144972613187,2.480061071013756e-07,1.0742208618687631e-08,7.532026449099978e-08,1.0823570124223488e-08,-6.661338147747608e-16,-8.881784196996811e-16,open_errors,,,,,,
0.8,0.3,512,9.0,2.699150906617393,5.3229375940458364e-06,1.0000149344727267,2.55255830354487e-07,1.1124554630852529e-08,7.85077021226811e-08,1.1103121425008736e-08,-6.661338147747608e-16,-8.881784196996811e-16,open_errors,,,,,,
0.8,0.3,512,9.1,2.7291414722464755,5.485023319084439e-06,1.0000153851179834,2.627127119583564e-07,1.1517258694200072e-08,8.181858315775002e-08,1.1387410387078196e-08,-6.661338147747608e-16,-8.881784196996811e-16,open_errors,,,,,,
0.8,0.3,512,9.2,2.759132037875558,5.652043188935397e-06,1.00001584960246,2.70382833863385e-07,1.1920528579389242e-08,8.525747990412647e-08,1.1676483739382089e-08,-6.661338147747608e-16,-8.881784196996811e-16,open_errors,,,,,,
0.8,0.3,512,9.3,2.7891226035046404,5.82414740739097e-06,1.0000163283439794,2.782724533790689e-07,1.2334575707126806e-08,8.882912882134758e-08,1.1970388138251029e-08,-8.881784196996811e-16,-8.881784196996811e-16,open_errors,,,,,,
0.8,0.3,512,9.4,2.8191131691337223,6.001490754261988e-06,1.0000168217731895,2.863880083300181e-07,1.2759615210153276e-08,9.253843602896025e-08,1.2269170127911162e-08,-8.881784196996811e-16,-8.881784196996811e-16,open_errors,,,,,,
0.8,0.3,512,9.5,2.8491037347628043,6.184232724391054e-06,1.0000173303339517,2.9473612243570625e-07,1.3195866017576905e-08,9.639048358870567e-08,1.2572876486865512e-08,-6.661338147747608e-16,-8.881784196996811e-16,open_errors,,,,,,
0.8,0.3,512,9.6,2.8790943003918863,6.372537670874813e-06,1.000017854483735,3.033236108021429e-07,1.3643550939475896e-08,1.0039053520060199e-07,1.2881554363957604e-08,-6.661338147747608e-16,-8.881784196996811e-16,open_errors,,,,,,
0.8,0.3,512,9.7,2.9090848660209687,6.566574952756543e-06,1.0000183946940375,3.121574856093828e-07,1.4102896600838413e-08,1.045440427624994e-07,1.3195250440988186e-08,-6.661338147747608e-16,-8.881784196996811e-16,open_errors,,,,,,
0.8,0.3,512,9.8,2.9390754316500507,6.7665190871777895e-06,1.0000189514508038,3.212449619604808e-07,1.4574133589655651e-08,1.088566533945933e-07,1.3514011823220746e-08,-6.661338147747608e-16,-8.881784196996811e-16,open_errors,,,,,,
0.8,0.3,512,9.9,2.969065997279133,6.972549906232582e-06,1.0000195252548607,3.3059346388636335e-07,1.505749644545991e-08,1.1333421528341141e-07,1.3837885340929722e-08,-8.881784196996811e-16,-8.881784196996811e-16,open_errors,,,,,,
0.8,0.3,512,10.0,2.999056562908215,7.184852718496114e-06,1.000020116622374,3.402106305116305e-07,1.555322371545131e-08,1.1798278568517761e-07,1.4166917756586771e-08,-8.881784196996811e-16,-8.881784196996811e-16,open_errors,,,,,,
0.8,0.3,512,10.1,3.029047128537297,7.403618475635355e-06,1.0000207260853078,3.501043224643581e-07,1.606155800200803e-08,1.2280863763123646e-07,1.4501155745717345e-08,-8.881784196996811e-16,-8.881784196996811e-16,open_errors,,,,,,
0.8,0.3,512,10.2,3.0590376941663795,7.629043944002001e-06,1.0000213541919034,3.602826283822758e-07,1.65827460272614e-08,1.2781826721020478e-07,1.4840645541088486e-08,-8.881784196996811e-16,-8.881784196996811e-16,open_errors,,,,,,
0.8,0.3,512,10.3,3.089028259795461,7.86133188164077e-06,1.0000220015071777,3.70753871738385e-07,1.7117038623445848e-08,1.330184022410033e-07,1.518543294214867e-08,-8.881784196996811e-16,-8.881784196996811e-16,open_errors,,,,,,
0.8,0.3,512,10.4,3.119018825424544,8.100691220428302e-06,1.0000226686134253,3.815266177295169e-07,1.766469088371834e-08,1.3841600966311408e-07,1.5535563457755776e-08,-8.881784196996811e-16,-8.881784196996811e-16,open_errors,,,,,,
0.8,0.3,512,10.5,3.149009391053626,8.347337253928441e-06,1.0000233561107468,3.92609680442374e-07,1.8225962174992165e-08,1.4401830370425522e-07,1.5891081723176457e-08,-8.881784196996811e-16,-8.881784196996811e-16,open_errors,,,,,,
0.8,0.3,512,10.6,3.178999956682708,8.601491831032614e-06,1.0000240646175838,4.040121302424097e-07,1.880111623459064e-08,1.4983275493134218e-07,1.625203163146671e-08,-8.881784196996811e-16,-8.881784196996811e-16,open_errors,,,,,,
0.8,0.3,512,10.7,3.2089905223117903,8.863383555402659e-06,1.0000247947712808,4.1574330135762244e-07,1.939042130461401e-08,1.558670990247455e-07,1.6618456623494517e-08,-1.1102230246246014e-15,-8.881784196996811e-16,open_errors,,,,,,
0.8,0.3,512,10.8,3.238981087940872,9.133247991025382e-06,1.000025547228656,4.278127996681924e-07,1.999415008099086e-08,1.6212934604979854e-07,1.6990398477662912e-08,-8.881784196996811e-16,-1.1102230246246014e-15,open_errors,,,,,,
0.8,0.3,512,10.9,3.2689716535699542,9.411327874056198e-06,1.0000263226665909,4.402305107721496e-07,2.06125800250968e-08,1.686277896796204e-07,1.7367898725449194e-08,-8.881784196996811e-16,-1.1102230246246014e-15,open_errors,,,,,,
0.8,0.3,512,11.0,3.2989622191990366,9.697873331057502e-06,1.000027121782644,4.5300660823093923e-07,2.1245993335734623e-08,1.753710173565958e-07,1.7750997500327132e-08,-8.881784196996811e-16,-8.881784196996811e-16,open_errors,,,,,,
0.8,0.3,512,11.1,3.328952784828118,9.993142103944957e-06,1.000027945295671,4.661515621178571e-07,2.1894677096285297e-08,1.823679201912794e-07,1.8139733627961312e-08,-8.881784196996811e-16,-8.881784196996811e-16,open_errors,,,,,,
0.8,0.3,512,11.2,3.358943350457201,1.0297399781863228e-05,1.000028793946481,4.796761478120155e-07,2.2558923385764906e-08,1.8962770403098417e-07,1.853414498297164e-08,-8.881784196996811e-16,-8.881784196996811e-16,open_errors,,,,,,
0.8,0.3,512,11.3,3.388933916086283,1.061092003990608e-05,1.0000296684984935,4.935914549897078e-07,2.3239029416625705e-08,1.9715989957239078e-07,1.8934268045636096e-08,-8.881784196996811e-16,-1.1102230246246014e-15,open_errors,,,,,,
0.8,0.3,512,11.4,3.418924481715365,1.0933984885370677e-05,1.000030569738432,5.079088969857975e-07,2.3935297633244294e-08,2.049743744573893e-07,1.934013810731393e-08,-8.881784196996811e-16,-8.881784196996811e-16,open_errors,,,,,,
0.8,0.3,512,11.5,3.4489150473444474,1.1266884911279358e-05,1.0000314984770304,5.226402203286364e-07,2.46480358396364e-08,2.1308134431703785e-07,1.975178912888066e-08,-1.1102230246246014e-15,-8.881784196996811e-16,open_errors,,,,,,
0.8,0.3,512,11.6,3.4789056129735294,1.1609919557759489e-05,1.0000324555497595,5.37797514611877e-07,2.5377557320649873e-08,2.21491385051355e-07,2.0169253682089068e-08,-8.881784196996811e-16,-8.881784196996811e-16,open_errors,,,,,,
0.8,0.3,512,11.7,3.508896178602612,1.1963397381445824e-05,1.0000334418175838,5.533932226933569e-07,2.6124180937239168e-08,2.302154450562521e-07,2.059256329368585e-08,-8.881784196996811e-16,-1.1102230246246014e-15,open_errors,,,,,,
0.8,0.3,512,11.8,3.538886744231694,1.2327636332899595e-05,1.00003445816773,5.69440151126457e-07,2.6888231210487796e-08,2.392648589753261e-07,2.1021747643889165e-08,-8.881784196996811e-16,-1.1102230246246014e-15,open_errors,,,,,,
0.8,0.3,512,11.9,3.568877309860776,1.2702964042602611e-05,1.0000355055144925,5.859514809152647e-07,2.7670038477691643e-08,2.486513594513513e-07,2.145683527015087e-08,-8.881784196996811e-16,-1.1102230246246014e-15,open_errors,,,,,,
0.8,0.3,512,12.0,3.5988678754898578,1.3089718115625376e-05,1.000036584800048,6.029407786483287e-07,2.84699389455898e-08,2.583870924692813e-07,2.189785301478642e-08,-1.1102230246246014e-15,-1.1102230246246014e-15,open_errors,,,,,,
0.8,0.3,512,12.1,3.62885844111894,1.3488246435390356e-05,1.0000376969953135,6.204220079325534e-07,2.928827475823269e-08,2.684846309850472e-07,2.2344826216805256e-08,-8.881784196996811e-16,-8.881784196996811e-16,open_errors,,,,,,
0.8,0.3,512,12.2,3.658849006748023,1.3898907476378667e-05,1.0000388431008087,6.384095410883437e-07,3.0125394198582626e-08,2.7895698923079105e-07,2.2797778550846187e-08,-1.3322676295495217e-15,-1.1102230246246014e-15,open_errors,,,,,,
0.8,0.3,512,12.3,3.6888395723771046,1.4322070626731735e-05,1.0000400241475662,6.5691817134168e-07,3.098165166894596e-08,2.898176387714067e-07,2.3256731958095803e-08,-1.1102230246246014e-15,-1.1102230246246014e-15,open_errors,,,,,,
0.8,0.3,512,12.4,3.7188301380061866,1.4758116520423073e-05,1.0000412411980508,6.759631252673439e-07,3.1857407831884874e-08,3.0108052350406135e-07,2.3721706320388943e-08,-1.1102230246246014e-15,-1.3322676295495217e-15,open_errors,,,,,,
0.8,0.3,512,12.5,3.748820703635269,1.5207437379614162e-05,1.000042495347123,6.95560075627276e-07,3.2753029708961715e-08,3.127600765897068e-07,2.4192719788084288e-08,-1.1102230246246014e-15,-1.1102230246246014e-15,open_errors,,,,,,
0.8,0.3,512,12.6,3.778811269264351,1.567043736748422e-05,1.0000437877230202,7.157251546286325e-07,3.3668890740440455e-08,3.248712366996458e-07,2.466978787223648e-08,-8.881784196996811e-16,-1.1102230246246014e-15,open_errors,,,,,,
0.8,0.3,512,12.7,3.8088018348934334,1.6147532951742755e-05,1.0000451194883713,7.364749675512396e-07,3.460537100046883e-08,3.374294660534633e-07,2.5152924368604313e-08,-8.881784196996811e-16,-1.1102230246246014e-15,open_errors,,,,,,
0.8,0.3,512,12.8,3.8387924005225154,1.6639153279235846e-05,1.000046491841247,7.578266067583163e-07,3.556285713496672e-08,3.504507678940432e-07,2.5642140083455748e-08,-1.1102230246246014e-15,-1.1102230246246014e-15,open_errors,,,,,,
0.8,0.3,512,12.9,3.868782966151597,1.714574056197223e-05,1.0000479060162328,7.79797666193492e-07,3.654174263452613e-08,3.639517054992296e-07,2.6137443280955885e-08,-1.1102230246246014e-15,-8.881784196996811e-16,open_errors,,,,,,
0.8,0.3,512,13.0,3.8987735317806793,1.766775047479722e-05,1.0000493632855456,8.024062561995809e-07,3.754242790223575e-08,3.779494211421661e-07,2.6638839357926536e-08,-1.3322676295495217e-15,-1.1102230246246014e-15,open_errors,,,,,,
0.8,0.3,512,13.1,3.9287640974097617,1.8205652565385893e-05,1.0000508649601727,8.256710189412458e-07,3.856532035984565e-08,3.92461656206891e-07,2.7146330844819392e-08,-1.1102230246246014e-15,-1.3322676295495217e-15,open_errors,,,,,,
0.8,0.3,512,13.2,3.958754663038844,1.875993067653301e-05,1.000052412391057,8.496111441222659e-07,3.9610834673443725e-08,4.075067715407389e-07,2.7659917127482016e-08,-1.3322676295495217e-15,-1.1102230246246014e-15,open_errors,,,,,,
0.8,0.3,512,13.3,3.988745228667926,1.9331083381333903e-05,1.0000540069703103,8.742463852905937e-07,4.0679392824567895e-08,4.231037690500058e-07,2.8179593987704792e-08,-1.3322676295495217e-15,-1.1102230246246014e-15,open_errors,,,,,,
0.8,0.3,512,13.4,4.018735794297008,1.991962443170849e-05,1.0000556501324658,8.995970765754214e-07,4.177142427927562e-08,4.392723134067871e-07,2.8705353733517557e-08,-1.3322676295495217e-15,-1.3322676295495217e-15,open_errors,,,,,,
0.8,0.3,512,13.5,4.04872635992609,2.05260832204754e-05,1.0000573433557705,9.256841499456448e-07,4.28873662334582e-08,4.560327551082994e-07,2.9237185375077877e-08,-1.3322676295495217e-15,-1.1102230246246014e-15,open_errors,,,,,,
0.8,0.3,512,13.6,4.078716925555172,2.1151005257543876e-05,1.0000590881635152,9.525291529849596e-07,4.402766367062264e-08,4.734061534767629e-07,2.9775073785375054e-08,-1.3322676295495217e-15,-1.3322676295495217e-15,open_errors,,,,,,
0.8,0.3,512,13.7,4.108707491184255,2.179495266059772e-05,1.0000608861254052,9.801542671797349e-07,4.519276958483388e-08,4.914143018393309e-07,3.031899965669873e-08,-1.3322676295495217e-15,-1.3322676295495217e-15,open_errors,,,,,,
0.8,0.3,512,13.8,4.138698056813337,2.2458504660705068e-05,1.000062738858972,1.0085823267971686e-06,4.6383145175578186e-08,5.100797517022753e-07,3.0868939855583275e-08,-8.881784196996811e-16,-1.3322676295495217e-15,open_errors,,,,,,
0.8,0.3,512,13.9,4.168688622442419,2.3142258123392465e-05,1.0000646480310331,1.03783683829175e-06,4.7599259992325774e-08,5.294258393836577e-07,3.1424866981455675e-08,-8.881784196996811e-16,-1.3322676295495217e-15,open_errors,,,,,,
0.8,0.3,512,14.0,4.198679188071501,2.3846828085360857e-05,1.0000666153591875,1.0679420002703982e-06,4.8841592163079495e-08,5.494767123722971e-07,3.1986749166728076e-08,-1.1102230246246014e-15,-1.3322676295495217e-15,open_errors,,,,,,
0.8,0.3,512,14.1,4.228669753700583,2.457284830793796e-05,1.0000686426133665,1.0989227241832874e-06,5.0110628474417924e-08,5.702573579013113e-07,3.2554549842232495e-08,-8.881784196996811e-16,-1.1102230246246014e-15,open_errors,,,,,,
0.8,0.3,512,14.2,4.258660319329666,2.5320971846938057e-05,1.000070731617421,1.130804655461852e-06,5.1406864684179363e-08,5.917936305605664e-07,3.312822801123346e-08,-1.1102230246246014e-15,-1.3322676295495217e-15,open_errors,,,,,,
0.8,0.3,512,14.3,4.288650884958748,2.6091871640286324e-05,1.0000728842507705,1.1636141954748402e-06,5.273080556237567e-08,6.14112283595808e-07,3.3707737464607245e-08,-1.1102230246246014e-15,-1.3322676295495217e-15,open_errors,,,,,,
0.8,0.3,512,14.4,4.31864145058783,2.688624111308868e-05,1.000075102450089,1.1973785239113095e-06,5.408296519138982e-08,6.372409975578745e-07,3.429302699851579e-08,-1.1102230246246014e-15,-1.1102230246246014e-15,open_errors,,,,,,
0.8,0.3,512,14.5,4.348632016216912,2.770479480153498e-05,1.0000773882110503,1.2321256220934222e-06,5.5463867062783326e-08,6.612084135515554e-07,3.4884040215485886e-08,-1.1102230246246014e-15,-1.3322676295495217e-15,open_errors,,,,,,
0.8,0.3,512,14.6,4.378622581845994,2.854826899561038e-05,1.0000797435901252,1.2678842968306928e-06,5.687404428491249e-08,6.860441657562086e-07,3.5480715186647155e-08,-1.1102230246246014e-15,-1.1102230246246014e-15,open_errors,,,,,,
0.8,0.3,512,14.7,4.4086131474750765,2.941742240131192e-05,1.0000821707064338,1.3046842050127112e-06,5.8314039808970553e-08,7.117789148025212e-07,3.6082984516532994e-08,-1.1102230246246014e-15,-1.3322676295495217e-15,open_errors,,,,,,
0.8,0.3,512,14.8,4.438603713104159,3.031303682315928e-05,1.000084671743651,1.3425558790070933e-06,5.97844065259992e-08,7.384443832763128e-07,3.66907745831825e-08,-1.1102230246246014e-15,-1.3322676295495217e-15,open_errors,,,,,,
0.8,0.3,512,14.9,4.46859427873324,3.123591786739142e-05,1.0000872489519712,1.3815307527254746e-06,6.128570754648692e-08,7.660733918961596e-07,3.7304005503866455e-08,-1.1102230246246014e-15,-1.3322676295495217e-15,open_errors,,,,,,
0.8,0.3,512,15.0,4.498584844362322,3.218689566666659e-05,1.00008990465014,1.421641188606737e-06,6.281851636584018e-08,7.946998970459023e-07,3.7922591539164284e-08,-1.1102230246246014e-15,-1.3322676295495217e-15,open_errors,,,,,,
0.8,0.3,512,15.1,4.528575409991404,3.316682562670608e-05,1.000092641227535,1.4629205052435956e-06,6.438341705223397e-08,8.243590289758182e-07,3.854643949589392e-08,-1.1102230246246014e-15,-1.3322676295495217e-15,open_errors,,,,,,
0.8,0.3,512,15.2,4.558565975620487,3.417658919576477e-05,1.000095461146323,1.5054030060208782e-06,6.598100449332166e-08,8.550871326284226e-07,3.917544958498159e-08,-1.1102230246246014e-15,-1.3322676295495217e-15,open_errors,,,,,,
0.8,0.3,512,15.3,4.588556541249569,3.521709465746127e-05,1.0000983669436732,1.5491240084669078e-06,6.761188461296561e-08,8.869218083655164e-07,3.9809514635056726e-08,-8.881784196996811e-16,-1.3322676295495217e-15,open_errors,,,,,,
0.8,0.3,512,15.4,4.618547106878651,3.628927794780184e-05,1.0001013612340413,1.5941198745828207e-06,6.927667461203455e-08,9.199019550064248e-07,4.04485198936665e-08,-8.881784196996811e-16,-1.3322676295495217e-15,open_errors,,,,,,
0.8,0.3,512,15.5,4.648537672507733,3.739410349708543e-05,1.000104446711527,1.64042804210425e-06,7.097600319007022e-08,9.540678139223064e-07,4.1092342468175986e-08,-8.881784196996811e-16,-1.3322676295495217e-15,open_errors,,,,,,
0.8,0.3,512,15.6,4.678528238136815,3.853256509737446e-05,1.000107626152298,1.6880870565984775e-06,7.271051083887977e-08,9.894610151544325e-07,4.1740851210900376e-08,-8.881784196996811e-16,-1.3322676295495217e-15,open_errors,,,,,,
0.8,0.3,512,15.7,4.708518803765898,3.970568679640408e-05,1.0001109024170896,1.737136604643044e-06,7.448085007512174e-08,1.026124624088207e-06,4.2393906455875546e-08,-8.881784196996811e-16,-1.3322676295495217e-15,open_errors,,,,,,
0.8,0.3,512,15.8,4.73850936939498,4.0914523818689625e-05,1.0001142784537806,1.7876175479290084e-06,7.628768577884258e-08,1.064103190107778e-06,4.305135970153082e-08,-1.1102230246246014e-15,-1.3322676295495217e-15,open_errors,,,,,,
0.8,0.3,512,15.9,4.768499935024062,4.216016351481278e-05,1.0001177573000504,1.8395719584929567e-06,7.813169540950858e-08,1.1034427981444233e-06,4.3713052873529824e-08,-8.881784196996811e-16,-1.3322676295495217e-15,open_errors,,,,,,
0.8,0.3,512,16.0,4.798490500653144,4.3443726339353305e-05,1.0001213420861128,1.8930431548825376e-06,8.001356936825545e-08,1.14419111969694e-06,4.43788183698267e-08,-8.881784196996811e-16,-1.3322676295495217e-15,open_errors,,,,,,
0.8,0.3,512,16.1,4.828481066282227,4.476636685885519e-05,1.0001250360375342,1.948075739551864e-06,8.193401127909574e-08,1.1863974672550425e-06,4.504847893271682e-08,-8.881784196996811e-16,-1.3322676295495217e-15,open_errors,,,,,,
0.8,0.3,512,16.2,4.858471631911308,4.612927479025425e-05,1.0001288424781432,2.004715637256006e-06,8.389373832470845e-08,1.2301128500868784e-06,4.572184644812712e-08,-1.1102230246246014e-15,-1.3322676295495217e-15,open_errors,,,,,,
0.8,0.3,512,16.3,4.888462197540391,4.753367607113103e-05,1.0001327648330172,2.0630101347496654e-06,8.589348157188509e-08,1.2753900315363362e-06,4.639872266926096e-08,-8.881784196996811e-16,-1.3322676295495217e-15,open_errors,,,,,,
0.8,0.3,512,16.4,4.918452763169472,4.898083396234544e-05,1.0001368066315754,2.123007921575905e-06,8.793398633116865e-08,1.322283588769808e-06,4.7078898376457297e-08,-1.1102230246246014e-15,-1.3322676295495217e-15,open_errors,,,,,,
0.8,0.3,512,16.5,4.948443328798555,5.047205018443545e-05,1.0001409715107523,2.184759132150527e-06,9.001601246515585e-08,1.370849974314653e-06,4.776215246290544e-08,-1.1102230246246014e-15,-1.3322676295495217e-15,open_errors,,,,,,
0.8,0.3,512,16.6,4.978433894427638,5.200866608844708e-05,1.0001452632182768,2.2483153891009718e-06,9.214033478916082e-08,1.421147579488562e-06,4.8448252961702136e-08,-1.1102230246246014e-15,-1.3322676295495217e-15,open_errors,,,,,,
0.8,0.3,512,16.7,5.008424460056719,5.359206386252056e-05,1.000149685616047,2.3137298479326184e-06,9.43077433809686e-08,1.4732368004773677e-06,4.9136954998384934e-08,-1.1102230246246014e-15,-1.3322676295495217e-15,open_errors,,,,,,
0.8,0.3,512,16.8,5.038415025685802,5.522366777512296e-05,1.00015424268361,2.381057243030042e-06,9.65190440189421e-08,1.527180105883082e-06,4.982800188227293e-08,-1.1102230246246014e-15,-1.3322676295495217e-15,open_errors,,,,,,
0.8,0.3,512,16.9,5.068405591314883,5.690494545629388e-05,1.0001589385217455,2.450353935138915e-06,9.877505849956708e-08,1.583042107192679e-06,5.052112375838214e-08,-1.1102230246246014e-15,-1.3322676295495217e-15,open_errors,,,,,,
0.8,0.3,512,17.0,5.0983961569439655,5.8637409217595744e-05,1.000163777356167,2.5216779600919565e-06,1.0107662508909217e-07,1.6408896311818133e-06,5.121603762108675e-08,-1.1102230246246014e-15,-1.3322676295495217e-15,open_errors,,,,,,
0.8,0.3,512,17.1,5.128386722573048,6.042261741257436e-05,1.0001687635413177,2.5950890792511146e-06,1.0342459889613703e-07,1.7007917949230065e-06,5.191244676105307e-08,-1.1102230246246014e-15,-1.3322676295495217e-15,open_errors,,,,,,
0.8,0.3,512,17.2,5.1583772882021295,6.22621758385094e-05,1.0001739015643063,2.670648831368489e-06,1.058198522932064e-07,1.7628200835492536e-06,5.2610040279126194e-08,-1.1102230246246014e-15,-1.554312234474442e-15,open_errors,,,,,,
0.8,0.3,512,17.3,5.188367853831212,6.41577391807236e-05,1.000179196048944,2.748420585984461e-06,1.082632753746109e-07,1.8270484301068968e-06,5.3308492617044465e-08,-1.1102230246246014e-15,-1.554312234474442e-15,open_errors,,,,,,
0.8,0.3,512,17.400000000000002,5.218358419460294,6.611101250106169e-05,1.000184651759911,2.8284695985472465e-06,1.1075577639844509e-07,1.8935532982635149e-06,5.400746377248709e-08,-8.881784196996811e-16,-1.554312234474442e-15,open_errors,,,,,,
0.8,0.3,512,17.5,5.248348985089376,6.812375277156581e-05,1.000190273607052,2.910863067138054e-06,1.13298282212791e-07,1.962413768248022e-06,5.470659730444855e-08,-1.3322676295495217e-15,-1.554312234474442e-15,open_errors,,,,,,
0.8,0.3,512,17.6,5.278339550718459,7.019777045488214e-05,1.0001960666498035,2.995670190974207e-06,1.1589173880663092e-07,2.033711625196761e-06,5.540552103456824e-08,-1.3322676295495217e-15,-1.554312234474442e-15,open_errors,,,,,,
0.8,0.3,512,17.7,5.30833011634754,7.233493113279011e-05,1.000202036101751,3.082962230682597e-06,1.1853711175424421e-07,2.1075314501203216e-06,5.6103846332944254e-08,-1.1102230246246014e-15,-1.3322676295495217e-15,open_errors,,,,,,
0.8,0.3,512,17.8,5.338320681976623,7.453715718423325e-05,1.000208187335329,3.172812570319205e-06,1.2123538681965693e-07,2.1839607147482725e-06,5.680116721876338e-08,-1.1102230246246014e-15,-1.554312234474442e-15,open_errors,,,,,,
0.8,0.3,512,17.900000000000002,5.368311247605705,7.68064295145413e-05,1.0002145258866644,3.265296781432785e-06,1.2398757046040022e-07,2.2630898791862687e-06,5.749706025028292e-08,-1.1102230246246014e-15,-1.3322676295495217e-15,open_errors,,,,,,
0.8,0.3,512,18.0,5.398301813234787,7.914478933730111e-05,1.000221057460569,3.3604926890159466e-06,1.2679469040797154e-07,2.345012492541285e-06,5.8191083531164724e-08,-1.1102230246246014e-15,-1.554312234474442e-15,open_errors,,,,,,
0.8,0.3,512,18.1,5.42829237886387,8.155434001034277e-05,1.000227787935678,3.4584804393965142e-06,1.2965779628924392e-07,2.4298252972699377e-06,5.888277653691812e-08,-8.881784196996811e-16,-1.554312234474442e-15,open_errors,,,,,,
0.8,0.3,512,18.2,5.458282944492951,8.4037248927765e-05,1.0002347233697555,3.559342570306838e-06,1.3257796029201945e-07,2.517628336970956e-06,5.9571659346031276e-08,-8.881784196996811e-16,-1.3322676295495217e-15,open_errors,,,,,,
0.8,0.3,512,18.3,5.488273510122034,8.659574946950636e-05,1.0002418700051563,3.663164083058613e-06,1.3555627772498037e-07,2.608525067689862e-06,6.025723181907096e-08,-1.3322676295495217e-15,-1.3322676295495217e-15,open_errors,,,,,,
0.8,0.3,512,18.4,5.518264075751116,8.92321430102469e-05,1.000249234274451,3.770032516890677e-06,1.3859386783598676e-07,2.7026224728749774e-06,6.093897370686725e-08,-1.1102230246246014e-15,-1.3322676295495217e-15,open_errors,,,,,,
0.8,0.3,512,18.5,5.548254641380198,9.194880098950218e-05,1.000256822806229,3.880038025597526e-06,1.4169187441755997e-07,2.800031182177734e-06,6.16163437029902e-08,-1.1102230246246014e-15,-1.7763568393993622e-15,open_errors,,,,,,
0.8,0.3,512,18.6,5.578245207009281,9.474816704477745e-05,1.0002646424310817,3.993273456585123e-06,1.448514666461025e-07,2.900865594815245e-06,6.22887786273492e-08,-1.1102230246246014e-15,-1.554312234474442e-15,open_errors,,,,,,
0.8,0.3,512,18.7,5.608235772638362,9.763275920955424e-05,1.0002727001877538,4.109834432190583e-06,1.4807383976207613e-07,3.0052440059010867e-06,6.295569334575584e-08,-1.1102230246246014e-15,-1.3322676295495217e-15,open_errors,,,,,,
0.8,0.3,512,18.8,5.638226338267445,0.0001006051721782,1.0002810033295022,4.229819433602207e-06,1.513602159952508e-07,3.113288737969964e-06,6.361647974860353e-08,-8.881784196996811e-16,-1.554312234474442e-15,open_errors,,,,,,
0.8,0.3,512,18.9,5.668216903896527,0.0001036680796403,1.0002895593306336,4.3533298873473004e-06,1.5471184530677793e-07,3.225126276420908e-06,6.427050672975532e-08,-8.881784196996811e-16,-1.554312234474442e-15,open_errors,,,,,,
0.8,0.3,512,19.0,5.698207469525609,0.000106824236685,1.0002983758932489,4.480470254368194e-06,1.581300062838365e-07,3.340887409930559e-06,6.491711889691195e-08,-1.1102230246246014e-15,-1.554312234474442e-15,open_errors,,,,,,
0.8,0.3,512,19.1,5.728198035154691,0.0001100764822796,1.000307460954194,4.611348121890821e-06,1.616160070915977e-07,3.4607073748782982e-06,6.555563673727903e-08,-8.881784196996811e-16,-1.7763568393993622e-15,open_errors,,,,,,
0.8,0.3,512,19.2,5.758188600783773,0.0001134277418234,1.0003168226922217,4.746074297993438e-06,1.651711863938731e-07,3.5847260049478905e-06,6.618535558578171e-08,-8.881784196996811e-16,-1.7763568393993622e-15,open_errors,,,,,,
0.8,0.3,512,19.3,5.788179166412856,0.0001168810297785,1.0003264695353715,4.884762909273858e-06,1.6879691431300817e-07,3.7130878859082345e-06,6.680554524323279e-08,-8.881784196996811e-16,-1.554312234474442e-15,open_errors,,,,,,
0.8,0.3,512,19.4,5.818169732041937,0.0001204394523818,1.0003364101685774,5.027531501264396e-06,1.724945934953155e-07,3.845942515279129e-06,6.741544966904291e-08,-8.881784196996811e-16,-1.554312234474442e-15,open_errors,,,,,,
0.8,0.3,512,19.5,5.848160297671019,0.000124106210439,1.0003466535415062,5.174501142161073e-06,1.7626566014215697e-07,3.983444467223727e-06,6.8014285564747e-08,-8.881784196996811e-16,-1.554312234474442e-15,open_errors,,,,,,
0.8,0.3,512,19.6,5.878150863300101,0.0001278846022036,1.0003572088766393,5.32579652954262e-06,1.8011158517322517e-07,4.125753563317946e-06,6.860124300498365e-08,-8.881784196996811e-16,-1.554312234474442e-15,open_errors,,,,,,
0.8,0.3,512,19.7,5.908141428929183,0.0001317780263436,1.0003680856775945,5.48154610053303e-06,1.8403387532196253e-07,4.273035048752053e-06,6.917548381966698e-08,-8.881784196996811e-16,-1.554312234474442e-15,open_errors,,,,,,
0.8,0.3,512,19.8,5.938131994558266,0.0001357899849987,1.000379293737713,5.641882145196736e-06,1.880340744192309e-07,4.42545977430942e-06,6.97361417973215e-08,-8.881784196996811e-16,-1.7763568393993622e-15,open_errors,,,,,,
0.8,0.3,512,19.9,5.968122560187348,0.0001399240869308,1.0003908431488993,5.806940923513794e-06,1.9211376462911558e-07,4.583204384563091e-06,7.02823220312116e-08,-6.661338147747608e-16,-1.554312234474442e-15,open_errors,,,,,,
0.8,0.3,512,20.0,5.99811312581643,0.0001441840507694,1.000402744310735,5.976862785903143e-06,1.9627456779362659e-07,4.74645151231378e-06,7.081310017761023e-08,-8.881784196996811e-16,-1.7763568393993622e-15,open_errors,,,,,,
0.8,0.3,512,20.1,6.028103691445512,0.000148573708357,1.0004150079398777,6.151792297492476e-06,2.0051814684474746e-07,4.915389979572645e-06,7.132752199227322e-08,-6.661338147747608e-16,-1.7763568393993622e-15,open_errors,,,,,,
0.8,0.3,512,20.2,6.058094257074594,0.0001530970081958,1.000427645079734,6.331878366204574e-06,2.048462072076013e-07,5.090215005145584e-06,7.182460312869497e-08,-6.661338147747608e-16,-1.554312234474442e-15,open_errors,,,,,,
0.8,0.3,512,20.3,6.088084822703677,0.0001577580189991,1.0004406671104469,6.517274374621664e-06,2.0926049842516937e-07,5.271128418623915e-06,7.230332872483552e-08,-6.661338147747608e-16,-1.7763568393993622e-15,open_errors,,,,,,
0.8,0.3,512,20.4,6.118075388332759,0.0001625609333516,1.0004540857591702,6.708138316249934e-06,2.137628157148982e-07,5.458338882707881e-06,7.276265278028696e-08,-6.661338147747608e-16,-1.7763568393993622e-15,open_errors,,,,,,
0.8,0.3,512,20.5,6.148065953961841,0.0001675100714799,1.0004679131106726,6.9046329356895615e-06,2.1835500164614786e-07,5.652062121930939e-06,7.320149816248163e-08,-6.661338147747608e-16,-1.7763568393993622e-15,open_errors,,,,,,
0.8,0.3,512,20.6,6.178056519590923,0.0001726098851393,1.000482161618259,7.106925873129214e-06,2.23038947948445e-07,5.852521158804944e-06,7.361875593836285e-08,-6.661338147747608e-16,-1.7763568393993622e-15,open_errors,,,,,,
0.8,0.3,512,20.7,6.208047085220005,0.0001778649616176,1.000496844115029,7.315189813474692e-06,2.2781659734267758e-07,6.059946558769949e-06,7.401328598746163e-08,-6.661338147747608e-16,-1.7763568393993622e-15,open_errors,,,,,,
0.8,0.3,512,20.8,6.238037650849088,0.0001832800278616,1.0005119738254773,7.5296026399523156e-06,2.3268994550192694e-07,6.274576682620198e-06,7.438391586683084e-08,-6.661338147747608e-16,-1.7763568393993622e-15,open_errors,,,,,,
0.8,0.3,512,20.9,6.26802821647817,0.000188859954729,1.0005275643774545,7.750347592453983e-06,2.3766104309194879e-07,6.496657947365692e-06,7.47294418944777e-08,-6.661338147747608e-16,-1.7763568393993622e-15,open_errors,,,,,,
0.8,0.3,512,21.0,6.298018782107252,0.0001946097613695,1.0005436298144956,7.977613430739214e-06,2.427319979293744e-07,6.726445095924688e-06,7.50486285935469e-08,-4.4408920984984055e-16,-1.554312234474442e-15,open_errors,,,,,,
0.8,0.3,512,21.1,6.328009347736334,0.0002005346197398,1.0005601846085166,8.211594602775108e-06,2.479049772142859e-07,6.964201475715519e-06,7.53402090974932e-08,-4.4408920984984055e-16,-1.7763568393993622e-15,open_errors,,,,,,
0.8,0.3,512,21.2,6.357999913365416,0.0002066398592555,1.000577243672914,8.452491418184507e-06,2.531822098635752e-07,7.210199326204021e-06,7.56028857275849e-08,-4.4408920984984055e-16,-1.7763568393993622e-15,open_errors,,,,,,
0.8,0.3,512,21.3,6.387990478994499,0.0002129309715853,1.0005948223760572,8.700510226990745e-06,2.585659890537544e-07,7.464720076550402e-06,7.583533077772664e-08,-4.4408920984984055e-16,-1.7763568393993622e-15,open_errors,,,,,,
0.8,0.3,512,21.4,6.4179810446235805,0.0002194136155901,1.0006129365551977,8.955863604101837e-06,2.640586747170165e-07,7.728054652851341e-06,7.603618638688335e-08,-4.4408920984984055e-16,-1.7763568393993622e-15,open_errors,,,,,,
0.8,0.3,512,21.5,6.447971610252663,0.0002260936224137,1.0006316025308055,9.218770539234685e-06,2.6966269634954337e-07,8.000503795302984e-06,7.620406664099278e-08,-4.4408920984984055e-16,-1.7763568393993622e-15,open_errors,,,,,,
0.8,0.3,512,21.6,6.4779621758817445,0.0002329770007276,1.0006508371213458,9.48945663288742e-06,2.753805557863338e-07,8.282378386144442e-06,7.633755814012388e-08,-4.4408920984984055e-16,-1.7763568393993622e-15,open_errors,,,,,,
0.8,0.3,512,21.7,6.5079527415108265,0.0002400699421359,1.0006706576585116,9.768154298281145e-06,2.812148302422912e-07,8.57399978883822e-06,7.643522156463407e-08,-4.4408920984984055e-16,-1.7763568393993622e-15,open_errors,,,,,,
0.8,0.3,512,21.8,6.5379433071399085,0.0002473788267446,1.0006910820029198,1.0055102969580836e-05,2.871681754267916e-07,8.875700197726493e-06,7.64955939078969e-08,-6.661338147747608e-16,-1.7763568393993622e-15,open_errors,,,,,,
0.8,0.3,512,21.9,6.567933872768991,0.0002549102289002,1.00071212856029,1.0350549316554868e-05,2.932433288303568e-07,9.187822999771718e-06,7.651718984924261e-08,-4.4408920984984055e-16,-1.7763568393993622e-15,open_errors,,,,,,
0.8,0.3,512,22.0,6.597924438398073,0.0002626709231039,1.0007338162981303,1.065474746584782e-05,2.994431132209737e-07,9.510723148068774e-06,7.64985055052705e-08,-4.4408920984984055e-16,-1.7763568393993622e-15,open_errors,,,,,,
0.8,0.3,512,22.1,6.627915004027155,0.0002706678901045,1.0007561647629213,1.0967959229220536e-05,3.057704402167993e-07,9.844767548240533e-06,7.643802046747639e-08,-4.4408920984984055e-16,-1.7763568393993622e-15,open_errors,,,,,,
0.8,0.3,512,22.2,6.657905569656237,0.0002789083231782,1.00077919409784,1.1290454338630718e-05,3.1222831415818505e-07,1.0190335456794725e-05,7.633420240883255e-08,-6.661338147747608e-16,-1.7763568393993622e-15,open_errors,,,,,,
0.8,0.3,512,22.3,6.687896135285319,0.0002873996345983,1.000802925061023,1.1622510688803235e-05,3.1881983609027866e-07,1.0547818893300364e-05,7.61855105638962e-08,-6.661338147747608e-16,-1.7763568393993622e-15,open_errors,,,,,,
0.8,0.3,512,22.4,6.717886700914402,0.0002961494623031,1.0008273790443984,1.1964414587233909e-05,3.255482080046343e-07,1.0917623065605715e-05,7.599040136463337e-08,-2.2204460492492028e-16,-1.7763568393993622e-15,open_errors,,,,,,
0.8,0.3,512,22.5,6.747877266543484,0.0003051656767655,1.000852578093088,1.23164610119936e-05,3.324167372498728e-07,1.1300166810401807e-05,7.574733435264589e-08,-4.4408920984984055e-16,-1.7763568393993622e-15,open_errors,,,,,,
0.8,0.3,512,22.6,6.777867832172566,0.0003144563880731,1.000878544925417,1.2678953877419936e-05,3.3942884122281026e-07,1.16958830469496e-05,7.545477892863397e-08,-4.4408920984984055e-16,-1.7763568393993622e-15,open_errors,,,,,,
0.8,0.3,512,22.7,6.807858397801648,0.0003240299532225,1.0009053029535315,1.3052206308150129e-05,3.465880522566118e-07,1.2105219246178187e-05,7.511122276486842e-08,-4.4408920984984055e-16,-1.7763568393993622e-15,open_errors,,,,,,
0.8,0.3,512,22.8,6.83784896343073,0.0003338949836371,1.0009328763046608,1.343654092163127e-05,3.5389802279746785e-07,1.2528637915739978e-05,7.471518175006902e-08,-4.4408920984984055e-16,-1.7763568393993622e-15,open_errors,,,,,,
0.8,0.3,512,22.9,6.867839529059813,0.000344060352912,1.000961289843025,1.383229011936064e-05,3.613625308494049e-07,1.2966617101213533e-05,7.426521042254002e-08,-4.4408920984984055e-16,-1.7763568393993622e-15,open_errors,,,,,,
0.8,0.3,512,23.0,6.897830094688895,0.0003545352047967,1.0009905691924268,1.4239796387209204e-05,3.6898548570219693e-07,1.3419650902779683e-05,7.375991651333986e-08,-4.4408920984984055e-16,-1.7763568393993622e-15,open_errors,,,,,,
0.8,0.3,512,23.1,6.927820660317977,0.0003653289614191,1.0010207407595364,1.4659412605114391e-05,3.767709339371606e-07,1.3888250010467112e-05,7.319797564042616e-08,-4.4408920984984055e-16,-1.7763568393993622e-15,open_errors,,,,,,
0.8,0.3,512,23.2,6.957811225947059,0.0003764513317609,1.001051831757898,1.5091502366202751e-05,3.847230657802358e-07,1.4372942255527586e-05,7.257815041227741e-08,-4.4408920984984055e-16,-1.7763568393993622e-15,open_errors,,,,,,
0.8,0.3,512,23.3,6.987801791576141,0.0003879123203906,1.001083870232672,1.5536440306183137e-05,3.928462217786876e-07,1.4874273182073154e-05,7.18993121411722e-08,-6.661338147747608e-16,-1.7763568393993622e-15,open_errors,,,,,,
0.8,0.3,512,23.4,7.017792357205224,0.0003997222364624,1.0011168850861496,1.599461244260194e-05,4.011448998264012e-07,1.5392806635218338e-05,7.11604662869444e-08,-4.4408920984984055e-16,-1.7763568393993622e-15,open_errors,,,,,,
0.8,0.3,512,23.5,7.047782922834306,0.0004118917029896,1.001150906104049,1.646641652487733e-05,4.09623762558748e-07,1.5929125370532887e-05,7.036078384912075e-08,-2.2204460492492028e-16,-1.9984014443242827e-15,open_errors,,,,,,
0.8,0.3,512,23.6,7.077773488463388,0.0004244316663988,1.00118596398263,1.6952262395130864e-05,4.1828764516731537e-07,1.6483831682471228e-05,6.949963775525878e-08,-4.4408920984984055e-16,-1.9984014443242827e-15,open_errors,,,,,,
0.8,0.3,512,23.7,7.10776405409247,0.0004373534063772,1.001222090356643,1.7452572360272487e-05,4.271415635658202e-07,1.7057548054177507e-05,6.857664588348496e-08,-4.4408920984984055e-16,-1.9984014443242827e-15,open_errors,,,,,,
0.8,0.3,512,23.8,7.137754619721552,0.0004506685460178,1.0012593178281484,1.7967781575793755e-05,4.3619072306715046e-07,1.7650917829020677e-05,6.759172367043514e-08,-4.4408920984984055e-16,-1.7763568393993622e-15,open_errors,,,,,,
0.8,0.3,512,23.9,7.167745185350634,0.000464389062274,1.001297679996226,1.84983384411961e-05,4.454405274475072e-07,1.8264605903271105e-05,6.654514644696187e-08,-4.4408920984984055e-16,-1.9984014443242827e-15,open_errors,,,,,,
0.8,0.3,512,24.0,7.197735750979716,0.0004785272967331,1.001337211487601,1.9044705008095932e-05,4.548965885675009e-07,1.889929944231123e-05,6.543762460827407e-08,-4.4408920984984055e-16,-1.7763568393993622e-15,open_errors,,,,,,
0.8,0.3,512,24.1,7.227726316608798,0.000493095966717,1.001377947988225,1.9607357400787134e-05,4.645647364365349e-07,1.955570862079976e-05,6.427039410366064e-08,-4.4408920984984055e-16,-1.7763568393993622e-15,open_errors,,,,,,
0.8,0.3,512,24.2,7.25771688223788,0.0005081081767213,1.0014199262758363,2.0186786250003305e-05,4.744510298690643e-07,2.023456738606657e-05,6.304532580656786e-08,-4.4408920984984055e-16,-1.9984014443242827e-15,open_errors,,,,,,
0.8,0.3,512,24.3,7.287707447866962,0.0005235774302021,1.0014631842535295,2.0783497140261894e-05,4.845617677022552e-07,2.0936634248603992e-05,6.176505743514624e-08,-2.2204460492492028e-16,-1.7763568393993622e-15,open_errors,,,,,,
0.8,0.3,512,24.4,7.317698013496045,0.0005395176417223,1.0015077609843628,2.139801107105078e-05,4.949035006012966e-07,2.1662693096390465e-05,6.043315405147308e-08,-2.2204460492492028e-16,-1.9984014443242827e-15,open_errors,,,,,,
0.8,0.3,512,24.5,7.347688579125126,0.0005559431494673,1.0015536967270509,2.203086493252649e-05,5.054830435395302e-07,2.2413554038481045e-05,5.905430075562796e-08,-4.4408920984984055e-16,-1.9984014443242827e-15,open_errors,,,,,,
0.8,0.3,512,24.6,7.377679144754209,0.0005728687281416,1.001601032972758,2.2682611995885288e-05,5.163074889071429e-07,2.3190054273673185e-05,5.763453600845844e-08,-4.4408920984984055e-16,-1.9984014443242827e-15,open_errors,,,,,,
0.8,0.3,512,24.7,7.407669710383291,0.0005903096022585,1.0016498124830415,2.3353822419147176e-05,5.273842204080699e-07,2.399305899039309e-05,5.618153210842465e-08,-4.4408920984984055e-16,-1.9984014443242827e-15,open_errors,,,,,,
0.8,0.3,512,24.8,7.437660276012373,0.0006082814598336,1.0017000793289748,2.4045083768812597e-05,5.387209276648193e-07,2.482346229469642e-05,5.470492824584523e-08,-4.4408920984984055e-16,-1.9984014443242827e-15,open_errors,,,,,,
0.8,0.3,512,24.9,7.467650841641456,0.0006268004664955,1.0017518789314868,2.475700155759581e-05,5.503256216461982e-07,2.568218816916411e-05,5.321672195543233e-08,-4.4408920984984055e-16,-1.9984014443242827e-15,open_errors,,,,,,
0.8,0.3,512,25.0,7.497641407270537,0.0006458832800269,1.001805258102964,2.5490199799188084e-05,5.622066509576772e-07,2.657019146404477e-05,5.17317205354862e-08,-4.4408920984984055e-16,-1.9984014443242827e-15,open_errors,,,,,,
0.8,0.3,512,25.1,7.52763197289962,0.0006655470653466,1.0018602650901447,2.6245321580216676e-05,5.74372719031781e-07,2.748845892005974e-05,5.026804347792226e-08,-4.4408920984984055e-16,-1.9984014443242827e-15,open_errors,,,,,,
0.8,0.3,512,25.2,7.557622538528702,0.0006858095099492,1.0019169496183546,2.70230296500642e-05,5.868329022897481e-07,2.8438010225657775e-05,4.8847654841890105e-08,-4.4408920984984055e-16,-1.9984014443242827e-15,open_errors,,,,,,
0.8,0.3,512,25.3,7.587613104157784,0.000706688839814,1.0019753629371282,2.7824007029248e-05,5.995966692828488e-07,2.9419899108611423e-05,4.749687842118541e-08,-4.4408920984984055e-16,-1.9984014443242827e-15,open_errors,,,,,,
0.8,0.3,512,25.4,7.617603669786867,0.0007282038357982,1.0020355578672488,2.8648957636782343e-05,6.126739009650243e-07,3.0435214464219976e-05,4.624681532762159e-08,-4.4408920984984055e-16,-1.9984014443242827e-15,open_errors,,,,,,
0.8,0.3,512,25.5,7.647594235415948,0.0007503738505293,1.0020975888492651,2.9498606937045623e-05,6.260749120871815e-07,3.148508151984506e-05,4.51335358271464e-08,-4.4408920984984055e-16,-2.2204460492492028e-15,open_errors,,,,,,
0.8,0.3,512,25.6,7.677584801045031,0.0007732188258118,1.0021615119935334,3.0373702607033472e-05,6.398104737991781e-07,3.2570663037694527e-05,4.4197869984712565e-08,-4.4408920984984055e-16,-2.2204460492492028e-15,open_errors,,,,,,
0.8,0.3,512,25.7,7.707575366674113,0.0007967593105634,1.002227385131807,3.12750152245632e-05,6.538918375458111e-07,3.369316055958952e-05,4.348459169573379e-08,-2.2204460492492028e-16,-1.9984014443242827e-15,open_errors,,,,,,
0.8,0.3,512,25.8,7.737565932303195,0.0008210164792978,1.0022952678704695,3.220333897774054e-05,6.683307603333373e-07,3.485381568828548e-05,4.3040812531476746e-08,-4.4408920984984055e-16,-1.9984014443242827e-15,open_errors,,,,,,
0.8,0.3,512,25.9,7.767556497932277,0.0008460121511691,1.0023652216454244,3.315949239699674e-05,6.831395314652223e-07,3.605391141556355e-05,4.291352044271482e-08,-4.4408920984984055e-16,-2.2204460492492028e-15,open_errors,,,,,,
0.8,0.3,512,26.0,7.797547063561359,0.0008717688095969,1.0024373097787118,3.414431910974206e-05,6.983310007763473e-07,3.72947734908747e-05,4.3146429714157746e-08,-4.4408920984984055e-16,-1.9984014443242827e-15,open_errors,,,,,,
0.8,0.3,512,26.1,7.8275376291904415,0.0008983096224885,1.002511597536906,3.5158688618899415e-05,7.139186085545897e-07,3.857777183649247e-05,4.377660293402163e-08,-4.4408920984984055e-16,-2.2204460492492028e-15,open_errors,,,,,,
0.8,0.3,512,26.2,7.8575281948195235,0.0009256584630759,1.0025881521913549,3.62034971056886e-05,7.299164171863347e-07,3.990432200867587e-05,4.4831537836258326e-08,-4.4408920984984055e-16,-1.9984014443242827e-15,open_errors,,,,,,
0.8,0.3,512,26.3,7.887518760448605,0.0009538399313883,1.002667043080312,3.72796682577157e-05,7.463391446517541e-07,4.127588670727196e-05,4.63274053319976e-08,-4.4408920984984055e-16,-1.9984014443242827e-15,open_errors,,,,,,
0.8,0.3,512,26.4,7.917509326077688,0.0009828793763771,1.002748341673034,3.838815412296211e-05,7.632022000081386e-07,4.26939773350237e-05,4.8268837445089435e-08,-4.4408920984984055e-16,-2.2204460492492028e-15,open_errors,,,,,,
0.8,0.3,512,26.5,7.947499891706769,0.0010128029187149,1.0028321216358984,3.952993599043378e-05,7.80521720978781e-07,4.416015560721543e-05,5.0650192259906966e-08,-4.4408920984984055e-16,-2.2204460492492028e-15,open_errors,,,,,,
0.8,0.3,512,26.6,7.977490457335852,0.001043637474288,1.0029184589006124,4.070602529872013e-05,7.983146137514061e-07,4.5676035215838446e-05,5.3457822581408045e-08,-4.4408920984984055e-16,-2.2204460492492028e-15,open_errors,,,,,,
0.8,0.3,512,26.7,8.007481022964933,0.0010754107784047,1.0030074317345792,4.1917464572832574e-05,8.165985952142554e-07,4.724328354702823e-05,5.667271244741104e-08,-4.4408920984984055e-16,-2.2204460492492028e-15,open_errors,,,,,,
0.8,0.3,512,26.8,8.037471588594016,0.0011081514107391,1.003099120813497,4.3165328390504775e-05,8.35392237707361e-07,4.886362345587741e-05,6.027293461111214e-08,-4.4408920984984055e-16,-2.2204460492492028e-15,open_errors,,,,,,
0.8,0.3,512,26.9,8.067462154223099,0.0011418888210354,1.0031936092962594,4.445072437892109e-05,8.54715016477083e-07,5.05388350994194e-05,6.423560775115883e-08,-4.4408920984984055e-16,-2.2204460492492028e-15,open_errors,,,,,,
0.8,0.3,512,27.0,8.09745271985218,0.001176653355594,1.003290982902227,4.5774794242693294e-05,8.74587360045447e-07,5.22707578292275e-05,6.853825387409433e-08,-4.4408920984984055e-16,-2.2204460492492028e-15,open_errors,,,,,,
0.8,0.3,512,27.1,8.127443285481263,0.001212476284563,1.0033913299909696,4.7138714824035984e-05,8.950307036920952e-07,5.406129214761527e-05,7.315960980650058e-08,-4.4408920984984055e-16,-2.2204460492492028e-15,open_errors,,,,,,
0.8,0.3,512,27.2,8.157433851110344,0.0012493898300615,1.0034947416445352,4.854369919643637e-05,9.160675462047852e-07,5.591240172646942e-05,7.808001176227141e-08,-4.4408920984984055e-16,-2.2204460492492028e-15,open_errors,,,,,,
0.8,0.3,512,27.3,8.187424416739427,0.0012874271951577,1.003601311752346,4.9990997792513775e-05,9.377215101757609e-07,5.782611549375797e-05,8.328148441937093e-08,-4.4408920984984055e-16,-2.2204460492492028e-15,open_errors,,,,,,
0.8,0.3,512,27.4,8.21741498236851,0.0013266225937296,1.0037111370988032,5.148189956754251e-05,9.600174060667652e-07,5.980452978841646e-05,8.874764403440395e-08,-4.4408920984984055e-16,-2.2204460492492028e-15,open_errors,,,,,,
0.8,0.3,512,27.5,8.247405547997591,0.0013670112812336,1.003824317453695,5.30177331993272e-05,9.829813002748746e-07,6.184981058494438e-05,9.446349759120372e-08,-6.661338147747608e-16,-2.4424906541741232e-15,open_errors,,,,,,
0.8,0.3,512,27.6,8.277396113626674,0.0014086295864106,1.003940955665492,5.459986832604771e-05,1.0066405875588566e-06,6.39641957929969e-05,1.0041519390291998e-07,-4.4408920984984055e-16,-2.2204460492492028e-15,open_errors,,,,,,
0.8,0.3,512,27.7,8.307386679255755,0.0014515149439553,1.0040611577576355,5.622971682273639e-05,1.031024068021615e-06,6.614999763050707e-05,1.0658975761044157e-07,-4.4408920984984055e-16,-2.2204460492492028e-15,open_errors,,,,,,
0.8,0.3,512,27.8,8.337377244884838,0.001495705928181,1.0041850330279247,5.790873411830255e-05,1.0561620290336483e-06,6.840960507661148e-05,1.1297482900047167e-07,-4.4408920984984055e-16,-2.2204460492492028e-15,open_errors,,,,,,
0.8,0.3,512,27.9,8.36736781051392,0.0015412422877078,1.0043126941510785,5.963842055371509e-05,1.0820863324225978e-06,7.074548640402983e-05,1.1955841713438606e-07,-6.661338147747608e-16,-2.2204460492492028e-15,open_errors,,,,,,
0.8,0.3,512,28.0,8.397358376143002,0.0015881649812067,1.0044442572846264,6.14203227830002e-05,1.108830507289415e-06,7.316019179466825e-05,1.2632867014112518e-07,-6.661338147747608e-16,-2.4424906541741232e-15,open_errors,,,,,,
0.8,0.3,512,28.1,8.427348941772085,0.001636516214231,1.0045798421781915,6.325603521848766e-05,1.1364298488498878e-06,7.565635604244746e-05,1.332736642505037e-07,-6.661338147747608e-16,-2.2204460492492028e-15,open_errors,,,,,,
0.8,0.3,512,28.2,8.457339507401166,0.0016863394771683,1.0047195722863158,6.514720152133309e-05,1.1649215237395213e-06,7.823670134300636e-05,1.4038120896559252e-07,-6.661338147747608e-16,-2.2204460492492028e-15,open_errors,,,,,,
0.8,0.3,512,28.3,8.487330073030249,0.0017376795843471,1.0048635748849326,6.709551613923409e-05,1.1943446822005234e-06,8.090404017682015e-05,1.47638667352861e-07,-4.4408920984984055e-16,-2.4424906541741232e-15,open_errors,,,,,,
0.8,0.3,512,28.4,8.517320638659331,0.0017905827143327,1.0050119811916138,6.910272589238528e-05,1.224740577641044e-06,8.366127828578653e-05,1.5503278741063276e-07,-4.4408920984984055e-16,-2.2204460492492028e-15,open_errors,,,,,,
0.8,0.3,512,28.5,8.547311204288413,0.0018450964514501,1.0051649264897238,7.117063160959818e-05,1.256152694141432e-06,8.651141774867136e-05,1.62549544607605e-07,-4.4408920984984055e-16,-2.2204460492492028e-15,open_errors,,,,,,
0.8,0.3,512,28.6,8.577301769917495,0.0019012698285677,1.005322550256609,7.330108981574534e-05,1.2886268823480951e-06,8.945756015674305e-05,1.7017399113841095e-07,-4.4408920984984055e-16,-2.4424906541741232e-15,open_errors,,,,,,
0.8,0.3,512,28.7,8.607292335546576,0.0019591533711849,1.005484996295967,7.549601447264431e-05,1.322211504440674e-06,9.250290989404789e-05,1.778901108678495e-07,-6.661338147747608e-16,-2.4424906541741232e-15,open_errors,,,,,,
0.8,0.3,512,28.8,8.63728290117566,0.0020187991428587,1.0056524128745397,7.775737877473305e-05,1.3569575888004258e-06,9.5650777526222e-05,1.856806792461375e-07,-6.661338147747608e-16,-2.4424906541741232e-15,open_errors,,,,,,
0.8,0.3,512,28.9,8.667273466804742,0.0020802607920125,1.00582495286327,8.008721700131394e-05,1.3929189949886377e-06,9.890458329935012e-05,1.9352712597553186e-07,-8.881784196996811e-16,-2.4424906541741232e-15,open_errors,,,,,,
0.8,0.3,512,29.0,8.697264032433823,0.0021435936001685,1.0060027738831003,8.248762642727591e-05,1.430152589807753e-06,0.0001022678607548,2.0140939945182002e-07,-8.881784196996811e-16,-2.6645352590990437e-15,open_errors,,,,,,
0.8,0.3,512,29.1,8.727254598062906,0.0022088545316465,1.0061860384555483,8.496076929413138e-05,1.4687184352088636e-06,0.0001057442604628,2.093058337239209e-07,-8.881784196996811e-16,-2.6645352590990437e-15,open_errors,,,,,,
0.8,0.3,512,29.2,8.757245163691987,0.0022761022847743,1.0063749141582472,8.750887484316517e-05,1.5086799888266416e-06,0.0001093375538783,2.1719301639231129e-07,-8.881784196996811e-16,-2.6645352590990437e-15,open_errors,,,,,,
0.8,0.3,512,29.3,8.78723572932107,0.002345397344654,1.006569573785608,9.013424141279882e-05,1.550104318092105e-06,0.0001130516373238,2.250456588474657e-07,-8.881784196996811e-16,-2.6645352590990437e-15,open_errors,,,,,,
0.8,0.3,512,29.4,8.817226294950153,0.002416802037534,1.0067701955148076,9.283923860224718e-05,1.593062328744616e-06,0.0001168905361041,2.328364687003748e-07,-8.881784196996811e-16,-2.6645352590990437e-15,open_errors,,,,,,
0.8,0.3,512,29.5,8.847216860579234,0.0024903805868327,1.0069769630772691,9.562630950325324e-05,1.637629008800496e-06,0.0001208584087545,2.4053602585774266e-07,-8.881784196996811e-16,-2.6645352590990437e-15,open_errors,,,,,,
0.8,0.3,512,29.6,8.877207426208317,0.0025661991708652,1.007190065935839,9.849797300250512e-05,1.6838836890168014e-06,0.0001249595514301,2.4811266474120104e-07,-8.881784196996811e-16,-2.6645352590990437e-15,open_errors,,,,,,
0.8,0.3,512,29.7,8.907197991837398,0.0026443259823249,1.0074096994678654,0.0001014568261566,1.731910320930525e-06,0.0001291984024396,2.555323639000855e-07,-8.881784196996811e-16,-2.6645352590990437e-15,open_errors,,,,,,
0.8,0.3,512,29.8,8.93718855746648,0.0027248312895723,1.007636065154392,0.0001045055466424,1.781797773661358e-06,0.0001335795469271,2.627586484173826e-07,-8.881784196996811e-16,-2.6645352590990437e-15,open_errors,,,,,,
0.8,0.3,512,29.9,8.967179123095564,0.0028077874997863,1.0078693707756718,0.0001076468952841,1.833640150752368e-06,0.0001381077217101,2.697525080465227e-07,-8.881784196996811e-16,-2.6645352590990437e-15,open_errors,,,,,,
0.8,0.3,512,30.0,8.997169688724645,0.0028932692240341,1.0081098306132543,0.0001108837186611,1.8875371283425036e-06,0.0001427878202736,2.7647234018870894e-07,-8.881784196996811e-16,-2.6645352590990437e-15,open_errors,,,,,,
0.8,0.3,512,30.1,9.027160254353728,0.0029813533443179,1.0083576656588602,0.0001142189517971,1.943594316034654e-06,0.0001476248979325,2.828739240230215e-07,-8.881784196996811e-16,-2.6645352590990437e-15,open_errors,,,,,,
0.8,0.3,512,30.2,9.057150819982809,0.003072119082658,1.008613103830308,0.0001176556209356,2.001923642022226e-06,0.0001526241771601,2.889104397430978e-07,-8.881784196996811e-16,-2.6645352590990437e-15,open_errors,,,,,,
0.8,0.3,512,30.3,9.087141385611892,0.0031656480722737,1.008876380194741,0.000121196846402,2.0626437639691315e-06,0.0001577910530964,2.945325476417404e-07,-1.1102230246246014e-15,-2.886579864023964e-15,open_errors,,,,,,
0.8,0.3,512,30.4,9.117131951240976,0.0032620244309263,1.0091477371994266,0.0001248458455567,2.125880507256048e-06,0.0001631310992334,2.996885487690822e-07,-1.1102230246246014e-15,-2.886579864023964e-15,open_errors,,,,,,
0.8,0.3,512,30.5,9.147122516870056,0.0033613348364882,1.0094274249104125,0.0001286059358415,2.1917673324635024e-06,0.0001686500732922,3.043246554195581e-07,-1.1102230246246014e-15,-2.886579864023964e-15,open_errors,,,,,,
0.8,0.3,512,30.6,9.177113082499138,0.0034636686048056,1.009715701259312,0.0001324805379227,2.260445833737243e-06,0.0001743539232905,3.0838541079509e-07,-1.1102230246246014e-15,-2.886579864023964e-15,open_errors,,,,,,
0.8,0.3,512,30.7,9.20710364812822,0.0035691177699257,1.010012832298555,0.0001364731789329,2.332066270140736e-06,0.0001802487938128,3.118143096971437e-07,-1.1102230246246014e-15,-3.108624468948884e-15,open_errors,,,,,,
0.8,0.3,512,30.8,9.237094213757302,0.0036777771667565,1.0103190924653842,0.0001405874958162,2.406788131898486e-06,0.0001863410324858,3.145546934523884e-07,-1.1102230246246014e-15,-3.108624468948884e-15,open_errors,,,,,,
0.8,0.3,512,30.9,9.267084779386384,0.0037897445162354,1.0106347648549523,0.0001448272387785,2.4847807437555475e-06,0.0001926371966691,3.1655101613954745e-07,-1.3322676295495217e-15,-3.108624468948884e-15,open_errors,,,,,,
0.8,0.3,512,31.0,9.297075345015466,0.0039051205130808,1.010960141502855,0.0001491962748479,2.5662239076714245e-06,0.0001991440603662,3.177506207639782e-07,-1.1102230246246014e-15,-3.108624468948884e-15,open_errors,,,,,,
0.8,0.3,512,31.1,9.32706591064455,0.0040240089162041,1.0112955236774543,0.000153698591547,2.651308587196786e-06,0.0002058686213641,3.181062131567081e-07,-1.3322676295495217e-15,-3.108624468948884e-15,open_errors,,,,,,
0.8,0.3,512,31.2,9.35705647627363,0.0041465166418636,1.0116412221823745,0.0001583383006822,2.740237636102199e-06,0.0002128181086096,3.175792994508561e-07,-1.3322676295495217e-15,-3.108624468948884e-15,open_errors,,,,,,
0.8,0.3,512,31.3,9.387047041902711,0.004272753859641,1.0119975576695557,0.0001631196422524,2.833226573827496e-06,0.0002199999898299,3.161449519462314e-07,-1.3322676295495217e-15,-3.3306690738738043e-15,open_errors,,,,,,
0.8,0.3,512,31.4,9.417037607531796,0.0044028340913257,1.012364860963269,0.0001680469884817,2.9305044105555747e-06,0.0002274219794036,3.137984110175267e-07,-1.3322676295495217e-15,-3.3306690738738043e-15,open_errors,,,,,,
0.8,0.3,512,31.5,9.447028173160875,0.0045368743127951,1.012743473395531,0.0001731248479803,3.032314524841532e-06,0.0002350920464963,3.105642159721941e-07,-1.3322676295495217e-15,-3.5527136787987244e-15,open_errors,,,,,,
0.8,0.3,512,31.6,9.47701873878996,0.0046749950589794,1.0131337471533504,0.0001783578700368,3.138915596839313e-06,0.0002430184234631,3.06508777219768e-07,-1.7763568393993622e-15,-3.5527136787987244e-15,open_errors,,,,,,
0.8,0.3,512,31.7,9.50700930441904,0.004817320532004,1.0135360456382698,0.0001837508490468,3.25058260042841e-06,0.000251209614532,3.0175753921006855e-07,-1.7763568393993622e-15,-3.5527136787987244e-15,open_errors,,,,,,
0.8,0.3,512,31.8,9.536999870048124,0.0049639787126042,1.0139507438386972,0.0001893087290821,3.3676078576152155e-06,0.0002596744047742,2.9651800118441375e-07,-1.7763568393993622e-15,-3.774758283723645e-15,open_errors,,,,,,
0.8,0.3,512,31.9,9.566990435677209,0.0051151014749098,1.01437822871553,0.0001950366086039,3.490302158867705e-06,0.000268421869375,2.911096113974593e-07,-1.7763568393993622e-15,-3.774758283723645e-15,open_errors,,,,,,
0.8,0.3,512,32.0,9.596981001306288,0.0052708247047008,1.0148188996015954,0.0002009397453268,3.618995953217479e-06,0.0002774613832106,2.8600032655816015e-07,-2.2204460492492028e-15,-3.774758283723645e-15,open_errors,,,,,,
0.8,0.3,512,32.1,9.62697156693537,0.0054312884212368,1.0152731686154697,0.0002070235612365,3.754040612168757e-06,0.0002868026307481,2.818464572318609e-07,-2.2204460492492028e-15,-3.9968028886485646e-15,open_errors,,,,,,
0.8,0.3,512,32.2,9.656962132564454,0.0055966369027669,1.0157414610902524,0.0002132936477668,3.895809771647797e-06,0.0002964556162719,2.795261271656681e-07,-2.2204460492492028e-15,-3.9968028886485646e-15,open_errors,,,,,,
0.8,0.3,512,32.3,9.686952698193531,0.0057670188158296,1.016224216017898,0.0002197557711404,4.044700756667872e-06,0.0003064306744541,2.8014748109307785e-07,-2.2204460492492028e-15,-4.218847493573485e-15,open_errors,,,,,,
0.8,0.3,512,32.4,9.716943263822616,0.0059425873484545,1.0167218865097525,0.0002264158778807,4.201136093416893e-06,0.0003167384812783,2.85005684258155e-07,-2.2204460492492028e-15,-4.218847493573485e-15,open_errors,,,,,,
0.8,0.3,512,32.5,9.7469338294517,0.0061235003473818,1.017234940273944,0.0002332801004975,4.365565113949331e-06,0.0003273900653293,2.954703217278724e-07,-2.6645352590990437e-15,-4.4408920984984055e-15,open_errors,,,,,,
0.8,0.3,512,32.6,9.776924395080782,0.0063099204594191,1.0177638601103371,0.0002403547633539,4.538465658898415e-06,0.0003383968194613,3.128186263107799e-07,-2.6645352590990437e-15,-4.4408920984984055e-15,open_errors,,,,,,
0.8,0.3,512,32.7,9.806914960709864,0.0065020152770556,1.0183091444237742,0.0002476463887196,4.720345884000567e-06,0.0003497705128584,3.3807617216855215e-07,-2.6645352590990437e-15,-4.4408920984984055e-15,open_errors,,,,,,
0.8,0.3,512,32.8,9.836905526338944,0.0066999574884611,1.0188713077563658,0.0002551617030165,4.911746176618702e-06,0.0003615233035017,3.719392282896812e-07,-2.886579864023964e-15,-4.6629367034233256e-15,open_errors,,,,,,
0.8,0.3,512,32.9,9.866896091968028,0.0069039250319978,1.0194508813396408,0.0002629076432637,5.113241188773164e-06,0.0003736677510556,4.1480608190732043e-07,-3.108624468948884e-15,-4.884981308348247e-15,open_errors,,,,,,
0.8,0.3,512,33.0,9.89688665759711,0.0071141012553769,1.0200484136673944,0.0002708913637267,5.325441993731792e-06,0.0003862168301899,4.66880336539481e-07,-3.3306690738738043e-15,-4.884981308348247e-15,open_errors,,,,,,
0.8,0.3,512,33.1,9.926877223226192,0.007330675079597,1.020664471090105,0.0002791202427794,5.548998373563774e-06,0.0003991839443533,5.282860103723605e-07,-3.5527136787987244e-15,-5.329070518198087e-15,open_errors,,,,,,
0.8,0.3,512,33.2,9.956867788855275,0.0075538411678021,1.0212996384318662,0.0002876018899835,5.784601245590853e-06,0.0004125829400141,5.99155385641212e-07,-3.5527136787987244e-15,-5.329070518198087e-15,open_errors,,,,,,
0.8,0.3,512,33.3,9.986858354484356,0.0077838000992042,1.021954519630785,0.0002963441533947,6.032985236271271e-06,0.000426428121383,6.796808161951408e-07,-3.5527136787987244e-15,-5.329070518198087e-15,open_errors,,,,,,
0.8,0.3,512,33.4,10.016848920113436,0.0080207585482158,1.0226297384038847,0.0003053551271014,6.294931411481374e-06,0.0004407342656401,7.701384848951897e-07,-3.9968028886485646e-15,-5.773159728047928e-15,open_errors,,,,,,
0.8,0.3,512,33.5,10.04683948574252,0.0082649294689439,1.0233259389375706,0.000314643159004,6.571270172878866e-06,0.0004555166386801,8.708954194768802e-07,-4.4408920984984055e-15,-5.995204332972848e-15,open_errors,,,,,,
0.8,0.3,512,33.6,10.076830051371603,0.0085165322852006,1.0240437866047951,0.0003242168588426,6.862884330596974e-06,0.0004707910113973,9.82408441228958e-07,-4.4408920984984055e-15,-6.217248937897768e-15,open_errors,,,,,,
0.8,0.3,512,33.7,10.106820617000686,0.0087757930861862,1.0247839687101017,0.0003340851064817,7.170712363280495e-06,0.0004865736765292,1.105220223084498e-06,-4.884981308348247e-15,-6.217248937897768e-15,open_errors,,,,,,
0.8,0.3,512,33.8,10.136811182629764,0.0090429448280108,1.025547195263791,0.0003442570604592,7.495751877124689e-06,0.0005028814660805,1.2399550824329225e-06,-5.107025913273167e-15,-6.661338147747609e-15,open_errors,,,,,,
0.8,0.3,512,33.9,10.166801748258848,0.009318227541217,1.026334199786527,0.0003547421668095,7.839063276311305e-06,0.0005197317693478,1.3873156373301272e-06,-5.107025913273167e-15,-6.661338147747609e-15,open_errors,,,,,,
0.8,0.3,512,34.0,10.196792313887933,0.0096018885444773,1.027145740145757,0.0003655501681695,8.201773658285485e-06,0.0005371425515707,1.5480806887439142e-06,-5.329070518198087e-15,-7.105427357597449e-15,open_errors,,,,,,
0.8,0.3,512,34.1,10.226782879517014,0.0098941826646372,1.0279825994253935,0.0003766911131756,8.585080947859037e-06,0.0005551323732275,1.7231043483511769e-06,-5.773159728047928e-15,-7.327471962522371e-15,open_errors,,,,,,
0.8,0.3,512,34.2,10.256773445146097,0.0101953724632857,1.0288455868302913,0.0003881753661635,8.990258285296383e-06,0.0005737204100084,1.9133162976998835e-06,-6.217248937897768e-15,-7.549516567447289e-15,open_errors,,,,,,
0.8,0.3,512,34.300000000000004,10.286764010775178,0.0105057284700325,1.0297355386271312,0.0004000136171793,9.418658684400164e-06,0.0005929264734844,2.119723033360827e-06,-6.661338147747609e-15,-7.99360577729713e-15,open_errors,,,,,,
0.8,0.3,512,34.4,10.31675457640426,0.01082552942268,1.030653319123396,0.0004122168923121,9.871719977645788e-06,0.0006127710325036,2.3434099618126683e-06,-6.883382752672529e-15,-8.437694987146971e-15,open_errors,,,,,,
0.8,0.3,512,34.5,10.346745142033342,0.0111550625144804,1.031599821686249,0.0004247965643609,1.0350970066595432e-05,0.0006332752353444,2.585544230858313e-06,-7.327471962522371e-15,-8.65973959207189e-15,open_errors,,,,,,
0.8,0.3,512,34.6,10.376735707662425,0.0114946236486706,1.0325759698031702,0.0004377643638435,1.085803249677378e-05,0.0006544609326506,2.847378210558797e-06,-7.549516567447289e-15,-8.881784196996811e-15,open_errors,,,,,,
0.8,0.3,512,34.7,10.406726273291508,0.0118445177004856,1.0335827181863717,0.0004511323903635,1.1394632377724075e-05,0.000676350701186,3.130253561352371e-06,-8.21565038222205e-15,-9.547918011771572e-15,open_errors,,,,,,
0.8,0.3,512,34.800000000000004,10.436716838920589,0.0122050587868495,1.034621053923068,0.0004649131243432,1.1962602669882424e-05,0.0006989678684372,3.4356058431211675e-06,-8.437694987146971e-15,-9.769962616696491e-15,open_errors,,,,,,
0.8,0.3,512,34.9,10.46670740454967,0.0125765705439523,1.0356919976738397,0.0004791194391379,1.256389086165556e-05,0.0007223365381023,3.764969640217647e-06,-9.103828801921732e-15,-1.0214051826546332e-14,open_errors,,,,,,
0.8,0.3,512,35.0,10.496697970178753,0.0129593864129199,1.0367966049214052,0.000493764613543,1.3200566061153963e-05,0.0007464816164991,4.1199841842524765e-06,-9.769962616696491e-15,-1.0880185641321094e-14,open_errors,,,,,,
0.8,0.3,512,35.1,10.526688535807835,0.0133538499337916,1.0379359672723114,0.0005088623447088,1.3874826528987984e-05,0.0007714288399354,4.502399470658246e-06,-1.0214051826546332e-14,-1.1324274851170934e-14,open_errors,,,,,,
0.8,0.3,512,35.2,10.556679101436918,0.0137603150480201,1.039111213814124,0.0005244267614758,1.4589007679729467e-05,0.0007972048030783,4.914082872312071e-06,-1.1102230246246012e-14,-1.1768364061020774e-14,open_errors,,,,,,
0.8,0.3,512,35.300000000000004,10.586669667066,0.0141791464097133,1.0403235125309007,0.0005404724381466,1.5345590581754646e-05,0.0008238369883674,5.3570262582690285e-06,-1.1546319456095855e-14,-1.2434497875795535e-14,open_errors,,,,,,
0.8,0.3,512,35.4,10.61666023269508,0.0146107197058407,1.0415740717798805,0.0005570144087083,1.614721098675989e-05,0.0008513537965175,5.833353633294468e-06,-1.2212453270870616e-14,-1.2878587085645376e-14,open_errors,,,,,,
0.8,0.3,512,35.5,10.646650798324163,0.015055421985628,1.0428641418324642,0.0005740681815232,1.6996668922297105e-05,0.0008797845781569,6.345329318661357e-06,-1.2878587085645376e-14,-1.3766765505345058e-14,open_errors,,,,,,
0.8,0.3,512,35.6,10.676641363953246,0.0155136519993678,1.0441950164827845,0.0005916497545028,1.789693888274245e-05,0.0009091596666534,6.895366696531831e-06,-1.3766765505345058e-14,-1.4210854715194898e-14,open_errors,,,,,,
0.8,0.3,512,35.7,10.70663192958233,0.0159858205468739,1.04556803472733,0.0006097756307841,1.8851180656263545e-05,0.0009395104121817,7.486037546479816e-06,-1.4654943925044743e-14,-1.5099033134894578e-14,open_errors,,,,,,
0.8,0.3,512,35.800000000000004,10.73662249521141,0.0164723508358114,1.0469845825193005,0.0006284628349257,1.9862750827761412e-05,0.0009708692170865,8.120082005069875e-06,-1.5543122344744423e-14,-1.598721155459426e-14,open_errors,,,,,,
0.8,0.3,512,35.9,10.766613060840491,0.0169736788501316,1.0484460946016003,0.0006477289296429,2.0935215000158876e-05,0.0010032695726056,8.800419183862247e-06,-1.64313007644441e-14,-1.64313007644441e-14,open_errors,,,,,,
0.8,0.3,512,36.0,10.796603626469574,0.0174902537288459,1.0499540564226015,0.0006675920331025,2.207236077914368e-05,0.0010367460970122,9.530158481824473e-06,-1.731947918414378e-14,-1.75415237890687e-14,open_errors,,,,,,
0.8,0.3,512,36.1,10.826594192098655,0.0180225381553681,1.0515100061390652,0.0006880708367982,2.3278211569148268e-05,0.0010713345752477,1.0312611635315172e-05,-1.8207657603843464e-14,-1.842970220876838e-14,open_errors,,,,,,
0.8,0.3,512,36.2,10.85658475772774,0.018571008757658,1.053115536710886,0.0007091846240278,2.455704123153899e-05,0.0011070720001149,1.115130554938616e-05,-1.9539925233392983e-14,-1.9317880628468065e-14,open_errors,,,,,,
0.8,0.3,512,36.3,10.88657532335682,0.0191361565193944,1.0547722980925978,0.0007309532889976,2.5913389658967077e-05,0.0011439966151094,1.2049995957310333e-05,-2.0428103653092663e-14,-2.0428103653092663e-14,open_errors,,,,,,
0.8,0.3,512,36.4,10.916565888985902,0.0197184872024039,1.0564819995269,0.0007533973565765,2.7352079323359687e-05,0.00118214795897,1.3012681962322076e-05,-2.1760371282642188e-14,-2.1538326677717267e-14,open_errors,,,,,,
0.8,0.3,512,36.5,10.946556454614983,0.0203185217805707,1.0582464119457902,0.0007765380027269,2.8878232858564987e-05,0.0012215669120353,1.4043621514923177e-05,-2.3092638912191713e-14,-2.2648549702341872e-14,open_errors,,,,,,
0.8,0.3,512,36.6,10.976547020244068,0.0209367968854446,1.060067370485244,0.0008003970756396,3.04972917425434e-05,0.0012622957444996,1.5147347885002966e-05,-2.4424906541741232e-14,-2.398081733189139e-14,open_errors,,,,,,
0.8,0.3,512,36.7,11.00653758587315,0.0215738652637607,1.0619467771197515,0.000824997117601,3.2215036148090966e-05,0.0013043781666673,1.6328687194758353e-05,-2.5979218776215672e-14,-2.5091040356515992e-14,open_errors,,,,,,
0.8,0.3,512,36.8,11.036528151502232,0.0222302962470778,1.0638866034234442,0.0008503613876239,3.403760603543347e-05,0.0013478593813103,1.7592777076415276e-05,-2.7533531010690115e-14,-2.6645352590990435e-14,open_errors,,,,,,
0.8,0.3,512,36.9,11.066518717131313,0.0229066762337314,1.0658888934649684,0.0008765138848738,3.597152356461179e-05,0.0013927861382427,1.8945086531414266e-05,-2.9087843245164555e-14,-2.7977620220539957e-14,open_errors,,,,,,
0.8,0.3,512,37.0,11.096509282760396,0.0236036091832907,1.0679557668437314,0.0009034793729256,3.8023716910663353e-05,0.0014392067912358,2.0391437065516288e-05,-3.1086244689488846e-14,-2.9531932455014396e-14,open_errors,,,,,,
0.8,0.3,512,37.1,11.12649984838948,0.0243217171236916,1.0700894218756576,0.0009312834048863,4.020154556974932e-05,0.0014871713573991,2.193802518510625e-05,-3.3084646133813124e-14,-3.1086244689488846e-14,open_errors,,,,,,
0.8,0.3,512,37.2,11.15649041401856,0.0250616406712095,1.0722921389371056,0.0009599523494242,4.251282725009284e-05,0.0015367315791711,2.359144634230696e-05,-3.50830475781374e-14,-3.28626015288882e-14,open_errors,,,,,,
0.8,0.3,512,37.3,11.186480979647644,0.0258240395634144,1.0745662839762198,0.0009895134177441,4.496586644748409e-05,0.0015879409890659,2.5358720425025676e-05,-3.7081449022461693e-14,-3.463895836828756e-14,open_errors,,,,,,
0.8,0.3,512,37.4,11.216471545276724,0.0266095932052337,1.076914312201572,0.001019994691555,4.756948481161729e-05,0.0016408549773407,2.7247318891521013e-05,-3.9301895071710896e-14,-3.685940441753676e-14,open_errors,,,,,,
0.8,0.3,512,37.5,11.246462110905806,0.027419001228226,1.0793387719586394,0.0010514251520754,5.0333053416242974e-05,0.0016955308627514,2.92651936614055e-05,-4.1744385725885016e-14,-3.8635761256936136e-14,open_errors,,,,,,
0.8,0.3,512,37.6,11.27645267653489,0.0282529840631442,1.0818423088053903,0.0010838347101287,5.326652705341887e-05,0.0017520279665881,3.142080787575668e-05,-4.4186876380059136e-14,-4.1078251911110256e-14,open_errors,,,,,,
0.8,0.3,512,37.7,11.306443242163972,0.0291122835258374,1.084427669799015,0.0011172542373832,5.638048067995249e-05,0.0018104076901878,3.372316865470923e-05,-4.7073456244083104e-14,-4.329869796035945e-14,open_errors,,,,,,
0.8,0.3,512,37.8,11.336433807793052,0.0299976634165077,1.08709770800669,0.0011517155987934,5.968614815227601e-05,0.00187073359614,3.618186198239516e-05,-4.973799150318214e-14,-4.5741188614533585e-14,open_errors,,,,,,
0.8,0.3,512,37.9,11.366424373422134,0.0309099101323034,1.089855387254161,0.0011872516863079,6.319546339495317e-05,0.0019330714934215,3.880708986475617e-05,-5.2846615972131034e-14,-4.862776847855755e-14,open_errors,,,,,,
0.8,0.3,512,38.0,11.396414939051215,0.0318498332931876,1.0927037871269067,0.0012238964539106,6.692110415733982e-05,0.0019974895267088,4.160970991199512e-05,-5.5955240441079913e-14,-5.15143483425815e-14,open_errors,,,,,,
0.8,0.3,512,38.1,11.4264055046803,0.0328182663809729,1.0956461082397086,0.0012616849540696,7.087653852316938e-05,0.0020640582701427,4.460127751126155e-05,-5.950795411987864e-14,-5.440092820660548e-14,open_errors,,,,,,
0.8,0.3,512,38.2,11.45639607030938,0.0338160673913642,1.0986856777915752,0.001300653375672,7.507607434830278e-05,0.0021328508258375,4.779409076250944e-05,-6.306066779867736e-14,-5.750955267555437e-14,open_errors,,,,,,
0.8,0.3,512,38.3,11.486386635938464,0.0348441194987885,1.10182595542422,0.001340839083532,7.953491181369347e-05,0.0022039429274558,5.1201238372698174e-05,-6.705747068732593e-14,-6.084022174942816e-14,open_errors,,,,,,
0.8,0.3,512,38.4,11.516377201567543,0.035903331733729,1.1050705394036058,0.0013822806595664,8.426919929268139e-05,0.0022774130491912,5.4836650703364605e-05,-7.10542735759745e-14,-6.439293542822688e-14,open_errors,,,,,,
0.8,0.3,512,38.5,11.546367767196628,0.0369946396722033,1.1084231731455343,0.0014250179457369,8.929609274503083e-05,0.002353342520535,5.871515419722272e-05,-7.549516567447289e-14,-6.838973831687545e-14,open_errors,,,,,,
0.8,0.3,512,38.6,11.576358332825713,0.0381190061369464,1.111887752107794,0.0014690920888741,9.463381886398394e-05,0.0024318156472319,6.285252941277466e-05,-8.038014698282116e-14,-7.238654120552402e-14,open_errors,,,,,,
0.8,0.3,512,38.7,11.606348898454792,0.0392774219097653,1.115468331073105,0.0015145455875,0.000100301742218,0.002512919838864,6.72655729224042e-05,-8.52651282911694e-14,-7.682743330402241e-14,open_errors,,,,,,
0.8,0.3,512,38.8,11.636339464083877,0.0404709064544312,1.1191691318489136,0.0015614223407853,0.0001063204366448,0.0025967457435444,7.197216334315002e-05,-9.059419880936749e-14,-8.126832540252083e-14,open_errors,,,,,,
0.8,0.3,512,38.9,11.666330029712956,0.0417005086493608,1.1229945514120991,0.0016097676997843,0.000112711761172,0.0026833873902362,7.699133179437294e-05,-9.614531393249049e-14,-8.615330671086908e-14,open_errors,,,,,,
0.8,0.3,512,39.0,11.69632059534204,0.0429673075292113,1.1269491705288237,0.0016596285211071,0.0001194989407586,0.0027729423392652,8.23433370951248e-05,-1.0214051826546333e-13,-9.148237722906717e-14,open_errors,,,,,,
0.8,0.3,512,39.1,11.726311160971122,0.0442724130343745,1.1310377628821064,0.0017110532232042,0.0001267066521696,0.002865511841643,8.80497460421609e-05,-1.0880185641321095e-13,-9.681144774726525e-14,open_errors,,,,,,
0.8,0.3,512,39.2,11.756301726600205,0.0456169667671967,1.1352653047422847,0.0017640918454559,0.0001343611153197,0.0029612010078657,9.413351913428778e-05,-1.1546319456095857e-13,-1.0280665208023809e-13,open_errors,,,,,,
0.8,0.3,512,39.3,11.786292292229286,0.0470021427535796,1.1396369852182917,0.001818796110278,0.000142490190441,0.003060118986925,0.0001006191021393,-1.22568621918556e-13,-1.0880185641321095e-13,open_errors,,,,,,
0.8,0.3,512,39.4,11.816282857858369,0.0484291482084234,1.144158217130762,0.0018752194884779,0.0001511234814597,0.0031623791563244,0.00010753252393,-1.301181384860033e-13,-1.1546319456095857e-13,open_errors,,,,,,
0.8,0.3,512,39.5,11.84627342348745,0.0498992243031601,1.1488346485512733,0.0019334172681211,0.0001602924459874,0.0032680993239705,0.0001149015010514,-1.3833378886822536e-13,-1.22568621918556e-13,open_errors,,,,,,
0.8,0.3,512,39.6,11.876263989116532,0.0514136469333871,1.1536721750556578,0.0019934466271917,0.0001700305123661,0.0033774019428903,0.0001227555495213,-1.4721557306522217e-13,-1.301181384860033e-13,open_errors,,,,,,
0.8,0.3,512,39.7,11.906254554745614,0.0529737274843488,1.1586769527432934,0.002055366710368,0.0001803732042317,0.0034904143398104,0.0001311261044027,-1.5631940186714389e-13,-1.381117442633004e-13,open_errors,,,,,,
0.8,0.3,512,39.8,11.936245120374696,0.0545808135917237,1.1638554120786018,0.002119238710262,0.0001913582730988,0.0036072689587306,0.0001400466477386,-1.6608936448384037e-13,-1.4654943925044738e-13,open_errors,,,,,,
0.8,0.3,512,39.9,11.966235686003778,0.0562362898948469,1.1692142726157346,0.0021851259535179,0.0002030258395011,0.0037281036207367,0.0001495528454836,-1.7652546091531161e-13,-1.5543122344744422e-13,open_errors,,,,,,
0.8,0.3,512,40.0,11.99622625163286,0.0579415787791462,1.174760558672599,0.0022530939922043,0.0002154185432613,0.0038530618014052,0.000159682694125,-1.8762769116155765e-13,-1.652011860641407e-13,open_errors,,,,,,
0.8,0.3,512,40.1,12.026216817261943,0.0596981411041673,1.1805016160261013,0.0023232107009862,0.0002285817035068,0.0039822929272905,0.0001704766777454,-1.993960552225784e-13,-1.751931932857621e-13,open_errors,,,,,,
0.8,0.3,512,40.2,12.056207382891024,0.0615074769131269,1.1864451297066885,0.0023955463806216,0.0002425634890903,0.0041159526931234,0.000181977936343,-2.1205259770329885e-13,-1.8607337892708321e-13,open_errors,,,,,,
0.8,0.3,512,40.3,12.086197948520107,0.0633711261194452,1.1925991429771807,0.0024701738683886,0.0002574151001253,0.004254203401508,0.0001942324463009,-2.25597318603719e-13,-1.9761969838317906e-13,open_errors,,,,,,
0.8,0.3,512,40.4,12.116188514149188,0.0652906691651655,1.1989720775883823,0.0025471686561227,0.0002731909613943,0.0043972143270798,0.0002072892139728,-2.398081733189139e-13,-2.1005419625897458e-13,open_errors,,,,,,
0.8,0.3,512,40.5,12.146179079778271,0.0672677276455755,1.2055727554123044,0.0026266090166268,0.0002899489284514,0.0045451621072787,0.0002212004834443,-2.551292510587334e-13,-2.2293278334462e-13,open_errors,,,,,,
0.8,0.3,512,40.6,12.176169645407354,0.0693039648936745,1.2124104215629423,0.0027085761393073,0.0003077505072937,0.0046982311621016,0.0002360219596231,-2.713385072182526e-13,-2.369215934548899e-13,open_errors,,,,,,
0.8,0.3,512,40.7,12.206160211036435,0.0714010865173981,1.2194947691246791,0.0027931542759978,0.000326661088551,0.0048566141454407,0.0002518130479191,-2.886579864023964e-13,-2.517985819848596e-13,open_errors,,,,,,
0.8,0.3,512,40.8,12.236150776665518,0.0735608408816957,1.2268359656194767,0.0028804308980507,0.0003467501972107,0.0050205124308679,0.0002686371118915,-3.0730973321608965e-13,-2.67341704329604e-13,open_errors,,,,,,
0.8,0.3,512,40.9,12.2661413422946,0.0757850195266448,1.2344446813563643,0.0029704968659126,0.0003680917589749,0.0051901366350201,0.0002865617503755,-3.270717030544076e-13,-2.84217094303898e-13,open_errors,,,,,,
0.8,0.3,512,41.0,12.296131907923682,0.0780754575117862,1.24233211982033,0.0030634466125569,0.000390764384435,0.0053657071820551,0.0003056590957389,-3.48165940522275e-13,-3.019806626978916e-13,open_errors,,,,,,
0.8,0.3,512,41.1,12.326122473552765,0.0804340336757413,1.2505100502727948,0.003159378342322,0.0004148516723403,0.0055474549130143,0.000326006135084,-3.708144902246169e-13,-3.210764987214347e-13,open_errors,,,,,,
0.8,0.3,512,41.2,12.356113039181846,0.0828626707989357,1.2589908427526084,0.0032583942469073,0.0004404425333421,0.0057356217443121,0.0003476850563847,-3.9479530755650826e-13,-3.415046023745274e-13,open_errors,,,,,,
0.8,0.3,512,41.3,12.386103604810929,0.0853633356558696,1.267787505685028,0.0033606007405074,0.0004676315357053,0.0059304613800215,0.0003707836217461,-4.207745263327239e-13,-3.630429290522447e-13,open_errors,,,,,,
0.8,0.3,512,41.4,12.41609417044001,0.0879380389418457,1.276913726326807,0.0034661087163315,0.0004965192746045,0.0061322400831151,0.0003953955701913,-4.480860127384891e-13,-3.8613556796443643e-13,open_errors,,,,,,
0.8,0.3,512,41.5,12.446084736069093,0.0905888350573539,1.2863839142984863,0.0035750338270537,0.0005272127667559,0.0063412375113598,0.0004216210526258,-4.773959005885786e-13,-4.1078251911110254e-13,open_errors,,,,,,
0.8,0.3,512,41.6,12.476075301698176,0.093317821731414,1.296213248480559,0.003687496792086,0.0005598258722833,0.0065577476241867,0.0004495671018949,-5.089262344879173e-13,-4.369837824922431e-13,open_errors,,,,,,
0.8,0.3,512,41.7,12.506065867327257,0.0961271394630601,1.3064177275787472,0.0038036237349626,0.0005944797458833,0.0067820796675254,0.0004793481411523,-5.426770144365052e-13,-4.651834473177079e-13,open_errors,,,,,,
0.8,0.3,512,41.8,12.53605643295634,0.0990189707577879,1.317014224695519,0.0039235465545755,0.0006313033195311,0.0070145592443634,0.0005110865340961,-5.784261958294175e-13,-4.951594689825722e-13,open_errors,,,,,,
0.8,0.3,512,41.9,12.56604699858542,0.1019955391331555,1.3280205462806578,0.0040474033345254,0.0006704338191699,0.0072555294796407,0.0005449131809944,-6.170619570863534e-13,-5.26911847486836e-13,open_errors,,,,,,
0.8,0.3,512,42.0,12.596037564214503,0.1050591078647832,1.3394554958736893,0.0041753387954478,0.0007120173180444,0.0075053522890457,0.0005809681648424,-6.581402089974637e-13,-5.611067166452735e-13,open_errors,,,,,,
0.8,0.3,512,42.1,12.626028129843586,0.1082119784407162,1.3513389430957834,0.0043075047958652,0.0007562093295842,0.0077644097623486,0.0006194014524631,-7.022160630750603e-13,-5.975220318529606e-13,open_errors,,,,,,
0.8,0.3,512,42.2,12.656018695472667,0.1114564886884353,1.3636918983991668,0.0044440608879104,0.000803175443012,0.0080331056731223,0.0006603736558711,-7.492895193191434e-13,-6.366018823197464e-13,open_errors,,,,,,
0.8,0.3,512,42.3,12.68600926110175,0.1147950105346875,1.3765365941387322,0.004585174935176,0.0008530920051511,0.0083118671280452,0.000704056859812,-7.998046669395628e-13,-6.781242234407065e-13,open_errors,,,,,,
0.8,0.3,512,42.4,12.715999826730831,0.1182299473536966,1.3898965725944106,0.0047310238010053,0.0009061468522434,0.0086011463705172,0.000750635522033,-8.542055951461683e-13,-7.225331444256906e-13,open_errors,,,,,,
0.8,0.3,512,42.5,12.745990392359914,0.1217637308541426,1.403796781644972,0.0048817941167525,0.0009625400959582,0.0089014227550426,0.0008003074535709,-9.123812816364974e-13,-7.700506898796237e-13,open_errors,,,,,,
0.8,0.3,512,42.6,12.775980957988995,0.1253988174494897,1.4182636788753678,0.0050376831409478,0.0010224849681936,0.0092132049107788,0.0008532848871617,-9.746647933179376e-13,-8.210099267098927e-13,open_errors,,,,,,
0.8,0.3,512,42.7,12.805971523618078,0.1291376840497149,1.4333253449920031,0.0051988997219306,0.0010862087297358,0.0095370331148597,0.0009097956427889,-1.041611241702801e-12,-8.755218772189606e-13,open_errors,,,,,,
0.8,0.3,512,42.8,12.83596208924716,0.1329828232051407,1.449011607524931,0.0053656653783926,0.001153953648368,0.0098734818985996,0.0009700844004198,-1.1135536936984752e-12,-9.335865414068272e-13,open_errors,,,,,,
0.8,0.3,512,42.9,12.865952654876242,0.136936737524793,1.465354175914849,0.0055382155144539,0.0012259780526101,0.0102231629125268,0.0010344140911321,-1.1906031716074225e-12,-9.958700530882674e-13,open_errors,,,,,,
0.8,0.3,512,43.0,12.895943220505323,0.1410019332823685,1.4823867892180236,0.0057168007884179,0.0013025574679339,0.0105867280794228,0.0011030674191354,-1.2735368315468805e-12,-1.0624834345657437e-12,open_errors,,,,,,
0.8,0.3,512,43.1,12.925933786134406,0.1451809131123377,1.500145377816516,0.0059016886572811,0.0013839858430535,0.0109648730682284,0.0011763485286521,-1.3625767181217732e-12,-1.1338707750491053e-12,open_errors,,,,,,
0.8,0.3,512,43.2,12.955924351763487,0.1494761676867729,1.518668240697287,0.0060931651224685,0.0014705768747349,0.0113583411258784,0.0012545848312747,-1.4583889651468764e-12,-1.2103651414457404e-12,open_errors,,,,,,
0.8,0.3,512,43.3,12.985914917392572,0.1538901662499673,1.5379962400653495,0.0062915367062109,0.0015626654405424,0.011767927308939,0.0013381290112689,-1.5611956172271144e-12,-1.2920775560581114e-12,open_errors,,,,,,
0.8,0.3,512,43.4,13.015905483021651,0.1584253458725693,1.558173015287445,0.0064971326925639,0.0016606091500299,0.0121944831624344,0.0014273612283908,-1.6715517858747998e-12,-1.3797851750034549e-12,open_errors,,,,,,
0.8,0.3,512,43.5,13.045896048650736,0.1630840992695216,1.5792452184283488,0.0067103076723912,0.0017647900261433,0.0126389218995801,0.0015226915401554,-1.7903456495096322e-12,-1.4733769759793085e-12,open_errors,,,,,,
0.8,0.3,512,43.6,13.075886614279815,0.1678687610062649,1.6012627739479717,0.0069314444378324,0.0018756163300299,0.0131022241434364,0.0016245625681632,-1.917910275038999e-12,-1.5737411374053724e-12,open_errors,,,,,,
0.8,0.3,512,43.7,13.1058771799089,0.1727815918950523,1.6242791654804147,0.007160957278974,0.0019935245440919,0.0135854442998954,0.0017334524361266,-2.0549117962776747e-12,-1.680988681584109e-12,open_errors,,,,,,
0.8,0.3,512,43.8,13.135867745537984,0.1778247613574178,1.6483517530245697,0.0073992957438338,0.0021189815300082,0.0140897176411534,0.0018498780106583,-2.202127369342897e-12,-1.7961188092376802e-12,open_errors,,,,,,
0.8,0.3,512,43.9,13.165858311167064,0.1830003274993241,1.673542124349194,0.0076469489325233,0.0022524868806202,0.0146162681900808,0.0019743984797751,-2.3601121057469776e-12,-1.918909475761161e-12,open_errors,,,,,,
0.8,0.3,512,44.0,13.195848876796148,0.1883102146117048,1.6999164849654185,0.0079044504078197,0.0023945754870897,0.0151664175090038,0.0021076193084778,-2.529310094699767e-12,-2.050137837271789e-12,open_errors,,,,,,
0.8,0.3,512,44.1,13.225839442425228,0.1937561877703166,1.727546091660292,0.0081723838176157,0.0025458203456419,0.0157415945116602,0.0022501966157758,-2.7107205369234267e-12,-2.1902479829794135e-12,open_errors,,,,,,
0.8,0.3,512,44.2,13.25583000805431,0.1993398241641988,1.7565077353330547,0.0084513893401314,0.0027068356315883,0.0163433464349046,0.0024028420232248,-2.904787521627807e-12,-2.339684002093885e-12,open_errors,,,,,,
0.8,0.3,512,44.3,13.285820573683392,0.205062480730647,1.7868842797515954,0.0087421710807338,0.0028782800722586,0.0169733511275867,0.0025663280315278,-3.111844115720295e-12,-2.498445894615203e-12,open_errors,,,,,,
0.8,0.3,512,44.4,13.315811139312476,0.2109252576152857,1.8187652638745684,0.0090455055701369,0.0030608606550698,0.0176334308385054,0.0027414939891425,-3.332556453015666e-12,-2.667310816660605e-12,open_errors,,,,,,
0.8,0.3,512,44.5,13.345801704941556,0.2169289569072144,1.8522475765947255,0.0093622515381365,0.003255336712354,0.0183255677141593,0.0029292527252778,-3.5671465781188444e-12,-2.846389790532553e-12,open_errors,,,,,,
0.8,0.3,512,44.6,13.375792270570638,0.2230740360196907,1.8874362141874168,0.0096933611654523,0.0034625244309028,0.0190519212510334,0.0031305979292997,-3.815281424122442e-12,-3.0353497493236597e-12,open_errors,,,,,,
0.8,0.3,512,44.7,13.40578283619972,0.2293605549944593,1.9244451324393557,0.0100398930493651,0.0036833018416612,0.0198148479874494,0.0033466123696017,-4.076738946421536e-12,-3.234634782243776e-12,open_errors,,,,,,
0.8,0.3,512,44.8,13.435773401828804,0.2357881169003423,1.96339820744104,0.0104030271574516,0.0039186143538525,0.0206169237678599,0.0035784770576326,-4.350519944293963e-12,-3.4431346662682758e-12,open_errors,,,,,,
0.8,0.3,512,44.9,13.465763967457884,0.2423558003713088,2.0044303214186963,0.0107840820887518,0.0041694809083127,0.0214609689694771,0.0038274814772855,-4.635070105505249e-12,-3.660183267582386e-12,open_errors,,,,,,
0.8,0.3,512,45.0,13.495754533086968,0.249062083182611,2.047688592841008,0.0111845350142656,0.0044370008373237,0.0223500771492798,0.0040950350165158,-4.9277248947962935e-12,-3.884004229346706e-12,open_errors,,,,,,
0.8,0.3,512,45.1,13.52574509871605,0.2559047555917312,2.0933337734650497,0.0116060447300725,0.0047223615331849,0.0232876476511802,0.0043826797572475,-5.224487509278449e-12,-4.112821194721836e-12,open_errors,,,,,,
0.8,0.3,512,45.2,13.555735664345132,0.262880821968988,2.1415418391125525,0.0120504783282036,0.0050268470456995,0.0242774228114974,0.0046921048017422,-5.519806833828593e-12,-4.3431924723314394e-12,open_errors,,,,,,
0.8,0.3,512,45.3,13.585726229974217,0.2699863890048742,2.192505805951868,0.0125199420745785,0.0053518477503413,0.0253235305196859,0.0050251623391452,-5.805245173459578e-12,-4.570455125472097e-12,open_errors,,,,,,
0.8,0.3,512,45.4,13.615716795603296,0.2772165385004541,2.246437810103695,0.0130168171822629,0.0056988712549647,0.0264305330352546,0.0053838856854659,-6.070033364832545e-12,-4.788058838298518e-12,open_errors,,,,,,
0.8,0.3,512,45.5,13.64570736123238,0.2845651824148142,2.303571495743065,0.0135438012849577,0.0060695547445657,0.0276034831370094,0.0057705095644707,-6.298295218695364e-12,-4.98756591582356e-12,open_errors,,,,,,
0.8,0.3,512,45.6,13.67569792686146,0.2920248974491428,2.3641647658572054,0.0141039565537967,0.0064656790021517,0.0288479888946943,0.0061874929367034,-6.469380586790015e-12,-5.156985949381274e-12,open_errors,,,,,,
0.8,0.3,512,45.7,13.705688492490545,0.299586735977631,2.428502960847346,0.014700765565045,0.006889184390895,0.0301702886154428,0.0066375447300395,-6.554312648173797e-12,-5.280442749719529e-12,open_errors,,,,,,
0.8,0.3,512,45.8,13.735679058119626,0.3072400095753297,2.4969025437547208,0.015338196223452,0.0073421891406065,0.031577337840386,0.0071236528790234,-6.5141225746823865e-12,-5.336397990160609e-12,open_errors,,,,,,
0.8,0.3,512,45.9,13.765669623748709,0.3149720407229712,2.5697153877186087,0.0160207772841193,0.0078270103528865,0.0330769106659658,0.0076491171430688,-6.296074772646115e-12,-5.295985872064274e-12,open_errors,,,,,,
0.8,0.3,512,46.0,13.79566018937779,0.3227678774647779,2.6473337822047047,0.0167536863057366,0.0083461882276273,0.0346777181600462,0.0082175862471361,-5.829337013093932e-12,-5.120681656476049e-12,open_errors,,,,,,
0.8,0.3,512,46.1,13.82565075500687,0.3306099648280206,2.7301963007020373,0.0175428522245367,0.0089025141233813,0.036389547260705,0.0088330999746832,-5.017208870581036e-12,-4.759082017355816e-12,open_errors,,,,,,
0.8,0.3,512,46.2,13.855641320635954,0.3384777656462472,2.818794705446624,0.0183950751808589,0.0094990632013309,0.0382234243191169,0.0095001369439666,-3.729683228923886e-12,-4.1421310825719245e-12,open_errors,,,,,,
0.8,0.3,512,46.3,13.885631886265037,0.3463473220167465,2.9136821062203366,0.0193181667849401,0.0101392325748508,0.0401918084207186,0.0102236689180333,-1.7896795156948577e-12,-3.177458296475609e-12,open_errors,,,,,,
0.8,0.3,512,46.4,13.915622451894118,0.3541907469113338,3.015482642941888,0.0203211147105442,0.0108267861038893,0.0423088208475096,0.0110092226395471,1.0431655539372757e-12,-1.7404966357039877e-12,open_errors,,,,,,
0.8,0.3,512,46.5,13.9456130175232,0.361975633379152,3.1249030289944795,0.0214142764012213,0.0115659072487389,0.044590518602933,0.0118629503482105,5.0981441290761694e-12,3.359534872514044e-13,open_errors,,,,,,
0.8,0.3,512,46.6,13.975603583152282,0.3696643662458806,3.2427463785345005,0.0226096078271097,0.0123612617484864,0.047055221906069,0.0127917103362334,1.0825562668509564e-11,3.278266547111523e-12,open_errors,,,,,,
0.8,0.3,512,46.7,14.005594148781364,0.3772133181209595,3.369928852454045,0.0239209347240949,0.0132180723384804,0.049723908100706,0.0138031591323685,1.8846701976817385e-11,7.394085343999844e-12,open_errors,,,,,,
0.8,0.3,512,46.8,14.035584714410447,0.3845719077451837,3.5074998023991344,0.0253642756936969,0.0141422082990862,0.0526206876830473,0.0149058571852334,3.0023317165713246e-11,1.3102852136619546e-11,open_errors,,,,,,
0.8,0.3,512,46.9,14.065575280039528,0.3916814940904229,3.656666281358576,0.0269582290907881,0.0151402933757697,0.0557733823456719,0.016109390251044,4.5556003414026194e-11,2.0980106540936017e-11,open_errors,,,,,,
0.8,0.3,512,47.0,14.095565845668611,0.3984740739768238,3.81882303793795,0.0287244389771696,0.0162198365832164,0.059214230344769,0.017424509090164,6.713340994221025e-11,3.1820768242580476e-11,open_errors,,,,,,
0.8,0.3,512,47.1,14.125556411297692,0.4048707440872192,3.995589440178794,0.0306881598407159,0.0173893916781264,0.0629807514801133,0.0188632905524861,9.714495874386248e-11,4.672906506184455e-11,open_errors,,,,,,
0.8,0.3,512,47.2,14.155546976926775,0.4107798798984553,4.188855212017055,0.0328789456340001,0.0186587527572364,0.0671168129784931,0.0204393236942391,1.3900325335207397e-10,6.725109358282045e-11,open_errors,,,,,,
0.8,0.3,512,47.3,14.185537542555858,0.4160949739797208,4.400837450119648,0.0353314964620933,0.0200391956456446,0.0716739491235014,0.0221679252235486,1.976281360781662e-10,9.557110658415463e-11,open_errors,,,,,,
0.8,0.3,512,47.4,14.21552810818494,0.4206920641436609,4.634152174256218,0.0380867066088154,0.0215437776709042,0.0767130021604114,0.0240663893077821,2.8018698472451065e-10,1.3480105920386984e-10,open_errors,,,,,,
0.8,0.3,512,47.5,14.245518673814022,0.4244266680482674,4.891904723272709,0.041192971428983,0.0231877123206623,0.0823061703409998,0.0261542775398708,3.97238908433707e-10,1.894182588556722e-10,open_errors,,,,,,
0.8,0.3,512,47.6,14.275509239443103,0.427130125377994,5.177804738906653,0.0447078291497973,0.024988840489946,0.0885395711125095,0.0284537555035702,5.645370837467585e-10,2.6593838242647853e-10,open_errors,,,,,,
0.8,0.3,512,47.7,14.305499805072186,0.4286052328171822,5.496313409143659,0.0487000383900644,0.0269682269752435,0.0955164524939567,0.0309899825268663,8.059037881476405e-10,3.7395442298286016e-10,open_errors,,,,,,
0.8,0.3,512,47.8,14.335490370701269,0.428621043427713,5.852833230619769,0.0532522251978628,0.0291509201130954,0.1033612101236709,0.0337915599964915,1.1579051051307835e-09,5.277771553122283e-10,open_errors,,,,,,
0.8,0.3,512,47.9,14.36548093633035,0.4269066967659961,6.253953971927883,0.0584642768933657,0.0315669246151779,0.1122243818965565,0.0368910390380523,1.6775907329949426e-09,7.490621456437002e-10,open_errors,,,,,,
0.8,0.3,512,48.0,14.395471501959433,0.4231441615894507,6.707772915939121,0.0644577160509393,0.0342524532784254,0.1222887742888789,0.0403254759963257,2.4555675270919663e-09,1.0710961007015711e-09,open_errors,,,,,,
0.8,0.3,1024,0.0,0.0,4.999999999836233e-07,1.000002000001,0.0,0.0,0.0,0.0,0.0,0.0,open_errors,,,,,,
0.8,0.3,1024,0.1,0.0299905656290821,5.004612102696646e-07,1.000002000900503,6.489254198743743e-10,6.328632948566069e-13,1.5771656442294525e-12,3.624163754904077e-13,0.0,0.0,open_errors,,,,,,
0.8,0.3,1024,0.2,0.0599811312581643,5.018439524140961e-07,1.0000020035998234,1.2983877217480722e-09,1.4011110006811078e-12,6.311599782532552e-12,1.448918565999243e-12,0.0,-2.2204460492492028e-16,open_errors,,,,,,
0.8,0.3,1024,0.3,0.0899716968872464,5.04145590470968e-07,1.0000020081013878,1.948924232895724e-09,2.401614159058527e-12,1.4211620869277155e-11,3.2568746560514065e-12,0.0,-2.2204460492492028e-16,open_errors,,,,,,
0.8,0.3,1024,0.4,0.1199622625163286,5.073618307091374e-07,1.0000020144092467,2.601073172126729e-09,3.688301731984413e-12,2.529152050195571e-11,5.781822909041712e-12,0.0,-2.2204460492492028e-16,open_errors,,,,,,
0.8,0.3,1024,0.5,0.1499528281454107,5.11486864935351e-07,1.000002022529073,3.2553740941615154e-09,5.287272844842285e-12,3.957116290374173e-11,9.017963086430896e-12,0.0,0.0,open_errors,,,,,,
0.8,0.3,1024,0.6,0.1799433937744929,5.165135610242005e-07,1.000002032468171,3.912368338619364e-09,7.210084616898017e-12,5.7076244990777216e-11,1.2958041526251968e-11,-4.4408920984984055e-16,0.0,open_errors,,,,,,
0.8,0.3,1024,0.7000000000000001,0.209933959403575,5.224336905813301e-07,1.0000020442354816,4.572599475961588e-09,9.461365531400232e-12,7.783813913320586e-11,1.7593672394635854e-11,-4.4408920984984055e-16,-2.2204460492492028e-16,open_errors,,,,,,
0.8,0.3,1024,0.8,0.2399245250326572,5.292381838570586e-07,1.0000020578415882,5.236613760832282e-09,1.2042473236355703e-11,1.0189402637225124e-10,2.2915514536070702e-11,-4.4408920984984055e-16,-2.2204460492492028e-16,open_errors,,,,,,
0.8,0.3,1024,0.9,0.2699150906617393,5.369174003275144e-07,1.00000207329873,5.904960583505121e-09,1.495346660503792e-11,1.2928698990341848e-10,2.891374731051354e-11,0.0,-2.2204460492492028e-16,open_errors,,,,,,
0.8,0.3,1024,1.0,0.2999056562908215,5.454614046779339e-07,1.0000020906208114,6.5781929249317255e-09,1.8194012500182316e-11,1.600660116728516e-10,3.557816684253833e-11,-2.2204460492492028e-16,-2.2204460492492028e-16,open_errors,,,,,,
0.8,0.3,1024,1.1,0.3298962219199037,5.548602384671444e-07,1.0000021098234133,7.256867817067772e-09,2.1764061209397363e-11,1.9428615373960768e-10,4.289842432485316e-11,0.0,-2.2204460492492028e-16,open_errors,,,,,,
0.8,0.3,1024,1.2,0.3598867875489858,5.651041792769674e-07,1.0000021309238083,7.941546801702858e-09,2.5664335897495356e-11,2.3200824776286937e-10,5.0864717243124326e-11,0.0,-4.4408920984984055e-16,open_errors,,,,,,
0.8,0.3,1024,1.3,0.389877353178068,5.761839812541723e-07,1.0000021539409758,8.632796400639846e-09,2.989659284454168e-11,2.7329938936794e-10,5.946760231713832e-11,0.0,-2.2204460492492028e-16,open_errors,,,,,,
0.8,0.3,1024,1.4,0.4198679188071501,5.880910921446808e-07,1.0000021788956217,9.331188583948204e-09,3.446379784533712e-11,3.1823317309897023e-10,6.869831208222588e-11,0.0,-2.2204460492492028e-16,open_errors,,,,,,
0.8,0.3,1024,1.5,0.4498584844362322,6.008178438744337e-07,1.0000022058101914,1.0037301239548341e-08,3.9370521975653257e-11,3.668891919488386e-10,7.854919625485611e-11,0.0,-2.2204460492492028e-16,open_errors,,,,,,
0.8,0.3,1024,1.6,0.4798490500653144,6.143576159909625e-07,1.0000022347088957,1.0751718657422806e-08,4.4622881373971676e-11,4.1935350523874304e-10,8.90136267724952e-11,0.0,-2.2204460492492028e-16,open_errors,,,,,,
0.8,0.3,1024,1.7,0.5098396156943965,6.287049714315214e-07,1.000002265617728,1.147503201350619e-08,5.02288336353435e-11,4.757189325743755e-10,1.0008635547888123e-10,0.0,-2.2204460492492028e-16,open_errors,,,,,,
0.8,0.3,1024,1.8,0.5398301813234787,6.438557660877991e-07,1.000002298564492,1.2207839859314668e-08,5.6198022340274755e-11,5.360849468723018e-10,1.1176335954412263e-10,0.0,-2.2204460492492028e-16,open_errors,,,,,,
0.8,0.3,1024,1.9,0.5698207469525609,6.598072338066631e-07,1.0000023335788233,1.2950748614253732e-08,6.254204355048513e-11,6.005574808138024e-10,1.240422282255963e-10,0.0,-2.2204460492492028e-16,open_errors,,,,,,
0.8,0.3,1024,2.0,0.599811312581643,6.765580495999224e-07,1.0000023706922172,1.3704373079367809e-08,6.927401700689514e-11,6.69249685770545e-10,1.3692162596120882e-10,0.0,-4.4408920984984055e-16,open_errors,,,,,,
0.8,0.3,1024,2.1,0.6298018782107252,6.941083732744246e-07,1.0000024099380578,1.4469336937608596e-08,7.640890674663487e-11,7.422819206525235e-10,1.504017737710933e-10,0.0,0.0,open_errors,,,,,,
0.8,0.3,1024,2.2,0.6597924438398074,7.124598765303913e-07,1.0000024513516466,1.5246273271680657e-08,8.39631310017311e-11,8.197815676140437e-10,1.644840425797533e-10,0.0,-4.4408920984984055e-16,open_errors,,,,,,
0.8,0.3,1024,2.3000000000000003,0.6897830094688895,7.316157562987448e-07,1.000002494970236,1.60358250971048e-08,9.195450467983456e-11,9.018835130606143e-10,1.7917088270324628e-10,0.0,-4.4408920984984055e-16,open_errors,,,,,,
0.8,0.3,1024,2.4,0.7197735750979716,7.515807367225991e-07,1.000002540833061,1.6838645886285376e-08,1.0040210444245106e-10,9.8873041251057e-10,1.9446581560845883e-10,0.0,-4.4408920984984055e-16,open_errors,,,,,,
0.8,0.3,1024,2.5,0.7497641407270538,7.723610622843445e-07,1.0000025889813762,1.7655400116536997e-08,1.0932599445727401e-10,1.0804724301599595e-09,2.1037304305284518e-10,0.0,-2.2204460492492028e-16,open_errors,,,,,,
0.8,0.3,1024,2.6,0.779754706356136,7.939644842969148e-07,1.00000263945849,1.8486763821104907e-08,1.1874723517774634e-10,1.1772679199275095e-09,2.268977312704275e-10,0.0,-4.4408920984984055e-16,open_errors,,,,,,
0.8,0.3,1024,2.7,0.8097452719852181,8.16400242482589e-07,1.0000026923098082,1.933342515155564e-08,1.2868743104567068e-10,1.2792836111541263e-09,2.4404520864177193e-10,0.0,-2.2204460492492028e-16,open_errors,,,,,,
0.8,0.3,1024,2.8000000000000003,0.8397358376143003,8.396790431974112e-07,1.00000274758287,2.0196084940239243e-08,1.3916882395707774e-10,1.3866943272041835e-09,2.6182125186199847e-10,0.0,-4.4408920984984055e-16,open_errors,,,,,,
0.8,0.3,1024,2.9,0.8697264032433824,8.638130359518454e-07,1.0000028053273933,2.107545729020629e-08,1.5021410184681922e-10,1.4996835734518304e-09,2.802321265800792e-10,-2.2204460492492028e-16,-4.4408920984984055e-16,open_errors,,,,,,
0.8,0.3,1024,3.0,0.8997169688724644,8.888157892483116e-07,1.0000028655953217,2.197227017193974e-08,1.6184615608677602e-10,1.6184440148748931e-09,2.992834503975144e-10,0.0,-4.4408920984984055e-16,open_errors,,,,,,
0.8,0.3,1024,3.1,0.9297075345015466,9.147022663367452e-07,1.0000029284408651,2.288726601971349e-08,1.7408819263443115e-10,1.7431774885323462e-09,3.1898183078299325e-10,-2.2204460492492028e-16,-4.4408920984984055e-16,open_errors,,,,,,
0.8,0.3,1024,3.2,0.9596981001306288,9.414888020508072e-07,1.000002993920555,2.3821202344721025e-08,1.8696350553278878e-10,1.8740949406711328e-09,3.393327914325105e-10,0.0,-4.4408920984984055e-16,open_errors,,,,,,
0.8,0.3,1024,3.3000000000000003,0.989688665759711,9.69193081249815e-07,1.0000030620932894,2.4774852378705934e-08,2.0049554875030117e-10,2.011417395576504e-09,3.6034231547550094e-10,-2.2204460492492028e-16,-4.4408920984984055e-16,open_errors,,,,,,
0.8,0.3,1024,3.4,1.019679231388793,9.978341189422952e-07,1.0000031330203911,2.5749005700030997e-08,2.14707895244635e-10,2.155375485689872e-09,3.820160120960016e-10,0.0,-4.4408920984984055e-16,open_errors,,,,,,
0.8,0.3,1024,3.5,1.0496697970178752,1.027432243012003e-06,1.00000320676566,2.6744468904675112e-08,2.2962423946486576e-10,2.306210645932005e-09,4.0435914713889577e-10,-4.4408920984984055e-16,-2.2204460492492028e-16,open_errors,,,,,,
0.8,0.3,1024,3.6,1.0796603626469574,1.0580090791246353e-06,1.0000032833954298,2.776206625999071e-08,2.4526837832719507e-10,2.464174446302649e-09,4.273767623253841e-10,0.0,-4.4408920984984055e-16,open_errors,,,,,,
0.8,0.3,1024,3.7,1.1096509282760396,1.0895875385767568e-06,1.0000033629786305,2.8802640403365217e-08,2.616643960591021e-10,2.629529560679783e-09,4.5107442330321686e-10,0.0,-4.4408920984984055e-16,open_errors,,,,,,
0.8,0.3,1024,3.8,1.1396414939051218,1.1221918088396624e-06,1.0000034455868476,2.986705303990783e-08,2.7883655780457267e-10,2.8025500770766092e-09,4.754566266907362e-10,0.0,-4.4408920984984055e-16,open_errors,,,,,,
0.8,0.3,1024,3.9,1.1696320595342038,1.155847346903189e-06,1.0000035312943885,3.0956185652980054e-08,2.968093452017614e-10,2.983521824422616e-09,5.005284596495653e-10,-4.4408920984984055e-16,-4.4408920984984055e-16,open_errors,,,,,,
0.8,0.3,1024,4.0,1.199622625163286,1.1905808754311392e-06,1.000003620178347,3.2070940238680475e-08,3.1560769873447596e-10,3.172742393550775e-09,5.262949305464814e-10,-4.4408920984984055e-16,-4.4408920984984055e-16,open_errors,,,,,,
0.8,0.3,1024,4.1,1.229613190792368,1.2264203818624845e-06,1.0000037123186751,3.321224005598706e-08,3.352568495527336e-10,3.3705219103364103e-09,5.52761061961734e-10,0.0,-2.2204460492492028e-16,open_errors,,,,,,
0.8,0.3,1024,4.2,1.2596037564214504,1.2633951202630297e-06,1.0000038077982552,3.4381030398168296e-08,3.557824901212583e-10,3.5771832282839894e-09,5.799323103626322e-10,0.0,-4.4408920984984055e-16,open_errors,,,,,,
0.8,0.3,1024,4.3,1.2895943220505324,1.3015356158857458e-06,1.000003906702971,3.5578279374632285e-08,3.7721068855282524e-10,3.793062783908288e-09,6.07814121109455e-10,-4.4408920984984055e-16,-4.4408920984984055e-16,open_errors,,,,,,
0.8,0.3,1024,4.4,1.3195848876796148,1.340873672451267e-06,1.0000040091217886,3.680497871651028e-08,3.995679695383269e-10,4.018510323829326e-09,6.36412206142044e-10,-2.2204460492492028e-16,-4.4408920984984055e-16,open_errors,,,,,,
0.8,0.3,1024,4.5,1.3495754533086968,1.3814423820737594e-06,1.0000041151468348,3.8062144602408006e-08,4.2288134319725357e-10,4.2538899338880595e-09,6.657329055753416e-10,0.0,-4.4408920984984055e-16,open_errors,,,,,,
0.8,0.3,1024,4.6000000000000005,1.379566018937779,1.4232761376738015e-06,1.0000042248734806,3.9350818497553335e-08,4.471782367047352e-10,4.4995801376391745e-09,6.957825878860003e-10,0.0,-4.4408920984984055e-16,open_errors,,,,,,
0.8,0.3,1024,4.7,1.4095565845668612,1.4664106479872334e-06,1.0000043384004258,4.067206803272113e-08,4.724865511518834e-10,4.755974652184242e-09,7.265683340328879e-10,0.0,-4.4408920984984055e-16,open_errors,,,,,,
0.8,0.3,1024,4.8,1.4395471501959431,1.510882954951485e-06,1.0000044558297896,4.202698788655138e-08,4.988345439074382e-10,5.023482929447933e-09,7.580973074940512e-10,0.0,-4.4408920984984055e-16,open_errors,,,,,,
0.8,0.3,1024,4.9,1.4695377158250251,1.556731453312202e-06,1.0000045772672006,4.3416700686862234e-08,5.262509493852212e-10,5.302530414657026e-09,7.903771606165912e-10,-2.2204460492492028e-16,-2.2204460492492028e-16,open_errors,,,,,,
0.8,0.3,1024,5.0,1.4995282814541075,1.603995912796058e-06,1.0000047028218944,4.4842357959334326e-08,5.547648194438501e-10,5.593559146335133e-09,8.234157944449484e-10,-4.4408920984984055e-16,-2.2204460492492028e-16,open_errors,,,,,,
0.8,0.3,1024,5.1000000000000005,1.5295188470831895,1.6527175022835924e-06,1.0000048326068085,4.630514107734008e-08,5.844055671938001e-10,5.897028711727622e-09,8.572213602829275e-10,-2.2204460492492028e-16,-4.4408920984984055e-16,open_errors,,,,,,
0.8,0.3,1024,5.2,1.559509412712272,1.7029388163283257e-06,1.0000049667386857,4.780626225317507e-08,6.152029031385702e-10,6.213416336995811e-09,8.918023999151213e-10,-4.4408920984984055e-16,-4.4408920984984055e-16,open_errors,,,,,,
0.8,0.3,1024,5.3,1.589499978341354,1.7547039036708628e-06,1.000005105338179,4.9346965531556774e-08,6.471869540495585e-10,6.543217711610762e-09,9.271676358069333e-10,-4.4408920984984055e-16,-2.2204460492492028e-16,open_errors,,,,,,
0.8,0.3,1024,5.4,1.619490543970436,1.8080582980278208e-06,1.0000052485299615,5.0928527838829854e-08,6.803880260054567e-10,6.886947664145025e-09,9.633257474503263e-10,-4.4408920984984055e-16,-4.4408920984984055e-16,open_errors,,,,,,
0.8,0.3,1024,5.5,1.6494811095995183,1.8630490508635368e-06,1.0000053964428353,5.2552260047839524e-08,7.148367244439055e-10,7.245140814219054e-09,1.0002854700239998e-09,-4.4408920984984055e-16,-4.4408920984984055e-16,open_errors,,,,,,
0.8,0.3,1024,5.6000000000000005,1.6794716752286003,1.91972476621136e-06,1.000005549209851,5.421950806402624e-08,7.505640216309457e-10,7.618352178983374e-09,1.0380560178240942e-09,-4.4408920984984055e-16,-4.4408920984984055e-16,open_errors,,,,,,
0.8,0.3,1024,5.7,1.7094622408576825,1.9781356374533225e-06,1.000005706968424,5.5931653937778736e-08,7.87601133572351e-10,8.00715790907441e-09,1.076646092482573e-09,-4.4408920984984055e-16,-2.2204460492492028e-16,open_errors,,,,,,
0.8,0.3,1024,5.8,1.7394528064867647,2.0383334862880477e-06,1.000005869860461,5.769011703354158e-08,8.2597964835327e-10,8.412155939302831e-09,1.1160648093869236e-09,-4.4408920984984055e-16,-4.4408920984984055e-16,open_errors,,,,,,
0.8,0.3,1024,5.9,1.769443372115847,2.10037180353883e-06,1.0000060380324856,5.9496355203395616e-08,8.657314143163e-10,8.833967077170316e-09,1.1563210156931952e-09,-4.4408920984984055e-16,-2.2204460492492028e-16,open_errors,,,,,,
0.8,0.3,1024,6.0,1.7994339377449289,2.164305791948165e-06,1.0000062116357715,6.135186599801827e-08,9.068886976207585e-10,9.273235366042181e-09,1.1974236207950843e-09,-4.4408920984984055e-16,-4.4408920984984055e-16,open_errors,,,,,,
0.8,0.3,1024,6.1000000000000005,1.8294245033740115,2.2301924110609296e-06,1.0000063908264776,6.325818792303254e-08,9.494841519682922e-10,9.730629190479142e-09,1.2393815048103563e-09,-4.4408920984984055e-16,-4.4408920984984055e-16,open_errors,,,,,,
0.8,0.3,1024,6.2,1.8594150690030933,2.298090423988841e-06,1.0000065757657894,6.521690171514357e-08,9.935508794289866e-10,1.0206841931224564e-08,1.2822035215336199e-09,-4.4408920984984055e-16,-4.4408920984984055e-16,open_errors,,,,,,
0.8,0.3,1024,6.3,1.8894056346321757,2.3680604462869067e-06,1.000006766620062,6.722963166596213e-08,1.03912241477776e-09,1.070259307956662e-08,1.3258985313628121e-09,-2.2204460492492028e-16,-4.4408920984984055e-16,open_errors,,,,,,
0.8,0.3,1024,6.4,1.9193962002612577,2.440164996705409e-06,1.0000069635609727,6.929804696819882e-08,1.0862328128120842e-09,1.1218628856972847e-08,1.3704755500747883e-09,-4.4408920984984055e-16,-4.4408920984984055e-16,open_errors,,,,,,
0.8,0.3,1024,6.5,1.94938676589034,2.514468550081796e-06,1.0000071667656736,7.14238631123214e-08,1.1349166138798936e-09,1.1755723564982482e-08,1.4159434238327018e-09,-4.4408920984984055e-16,-4.4408920984984055e-16,open_errors,,,,,,
0.8,0.3,1024,6.6000000000000005,1.979377331519422,2.591037592216707e-06,1.0000073764169506,7.360884331634308e-08,1.18520896784672e-09,1.2314679869900102e-08,1.4623113083797583e-09,-4.4408920984984055e-16,-4.4408920984984055e-16,open_errors,,,,,,
0.8,0.3,1024,6.7,2.009367897148504,2.6699406768865265e-06,1.000007592703389,7.585480000059381e-08,1.237145564443679e-09,1.2896330762990505e-08,1.509588461237893e-09,-4.4408920984984055e-16,-4.4408920984984055e-16,open_errors,,,,,,
0.8,0.3,1024,6.8,2.039358462777586,2.751248484889864e-06,1.0000078158195436,7.816359629366402e-08,1.2907627291207715e-09,1.3501539616206225e-08,1.557784340985056e-09,-4.4408920984984055e-16,-4.4408920984984055e-16,open_errors,,,,,,
0.8,0.3,1024,6.9,2.0693490284066685,2.8350338852050484e-06,1.0000080459661107,8.053714758228739e-08,1.3460973771258783e-09,1.4131201927454888e-08,1.606908497570391e-09,-4.4408920984984055e-16,-4.4408920984984055e-16,open_errors,,,,,,
0.8,0.3,1024,7.0,2.0993395940357504,2.921371998491328e-06,1.0000082833501125,8.297742312788617e-08,1.4031870382331691e-09,1.4786246397006562e-08,1.656970720248364e-09,-4.4408920984984055e-16,-4.4408920984984055e-16,open_errors,,,,,,
0.8,0.3,1024,7.1000000000000005,2.129330159664833,3.0103402625917384e-06,1.0000085281850812,8.548644769410129e-08,1.462069909377806e-09,1.5467635829827994e-08,1.7079810401351983e-09,-4.4408920984984055e-16,-4.4408920984984055e-16,open_errors,,,,,,
0.8,0.3,1024,7.2,2.159320725293915,3.102018500357014e-06,1.00000878069125,8.806630323233238e-08,1.5227848239990088e-09,1.6176368122678062e-08,1.7599498987751563e-09,-4.4408920984984055e-16,-4.4408920984984055e-16,open_errors,,,,,,
0.8,0.3,1024,7.3,2.189311290922997,3.1964889899055112e-06,1.0000090410957547,9.071913064550303e-08,1.5853712324201615e-09,1.6913478350416886e-08,1.8128877286302883e-09,-4.4408920984984055e-16,-2.2204460492492028e-16,open_errors,,,,,,
0.8,0.3,1024,7.4,2.2193018565520792,3.2938365370197062e-06,1.000009309632834,9.344713154831245e-08,1.6498692342196901e-09,1.7680039321248292e-08,1.866805291406037e-09,-6.661338147747608e-16,-4.4408920984984055e-16,open_errors,,,,,,
0.8,0.3,1024,7.5,2.249292422181161,3.394148550069238e-06,1.0000095865440457,9.625257011708835e-08,1.716319566421164e-09,1.8477163078164365e-08,1.9217134405307902e-09,-4.4408920984984055e-16,-4.4408920984984055e-16,open_errors,,,,,,
0.8,0.3,1024,7.6,2.279282987810244,3.4975151173921107e-06,1.0000098720784758,9.913777498049193e-08,1.7847636474110031e-09,1.930600225049636e-08,1.977623570103293e-09,-4.4408920984984055e-16,-4.4408920984984055e-16,open_errors,,,,,,
0.8,0.3,1024,7.7,2.3092735534393256,3.6040290871642654e-06,1.000010166492971,1.0210514116874861e-07,1.8552434966797475e-09,2.016775173713924e-08,2.03454689842225e-09,-4.4408920984984055e-16,-4.4408920984984055e-16,open_errors,,,,,,
0.8,0.3,1024,7.8,2.339264119068408,3.713786149879753e-06,1.0000104700523649,1.0515713210998705e-07,1.927801768457438e-09,2.1063649987720663e-08,2.092494910188643e-09,-8.881784196996811e-16,-4.4408920984984055e-16,open_errors,,,,,,
0.8,0.3,1024,7.9,2.36925468469749,3.826884923393645e-06,1.0000107830297158,1.0829628168170575e-07,2.0024817942223755e-09,2.1994980316249498e-08,2.15147904685648e-09,-6.661338147747608e-16,-4.4408920984984055e-16,open_errors,,,,,,
0.8,0.3,1024,8.0,2.399245250326572,3.943427040849342e-06,1.0000111057065566,1.1152519634018994e-07,2.07932756467048e-09,2.2963073098062942e-08,2.211511076551941e-09,-8.881784196996811e-16,-4.4408920984984055e-16,open_errors,,,,,,
0.8,0.3,1024,8.1,2.429235815955654,4.06351724120367e-06,1.0000114383731442,1.1484655729881721e-07,2.1583837875722827e-09,2.39693065885653e-08,2.2726027652002447e-09,-8.881784196996811e-16,-4.4408920984984055e-16,open_errors,,,,,,
0.8,0.3,1024,8.2,2.459226381584736,4.187263462757683e-06,1.000011781328721,1.1826312276392868e-07,2.239695780599948e-09,2.5015109511753386e-08,2.3347657271204528e-09,-6.661338147747608e-16,-4.4408920984984055e-16,open_errors,,,,,,
0.8,0.3,1024,8.3,2.489216947213819,4.314776939540735e-06,1.000012134881786,1.2177773024065854e-07,2.323309646842191e-09,2.6101962060322764e-08,2.3980117744285102e-09,-6.661338147747608e-16,-4.4408920984984055e-16,open_errors,,,,,,
0.8,0.3,1024,8.4,2.519207512842901,4.44617230076043e-06,1.0000124993503698,1.253932989067158e-07,2.4092722369461314e-09,2.7231398005164752e-08,2.462352605680157e-09,-6.661338147747608e-16,-4.4408920984984055e-16,open_errors,,,,,,
0.8,0.3,1024,8.5,2.5491980784719828,4.581567673357453e-06,1.0000128750623256,1.2911283205686246e-07,2.49763115186139e-09,2.8405006695038136e-08,2.527800238089385e-09,-6.661338147747608e-16,-2.2204460492492028e-16,open_errors,,,,,,
0.8,0.3,1024,8.6,2.5791886441010647,4.721084787760296e-06,1.000013262355617,1.3293941961534784e-07,2.588434784600801e-09,2.9624434909297747e-08,2.59436620333509e-09,-6.661338147747608e-16,-4.4408920984984055e-16,open_errors,,,,,,
0.8,0.3,1024,8.700000000000001,2.609179209730147,4.864849086865116e-06,1.0000136615786273,1.368762407170787e-07,2.6817323326487844e-09,3.089138870289037e-08,2.6620622687651726e-09,-6.661338147747608e-16,-4.4408920984984055e-16,open_errors,,,,,,
0.8,0.3,1024,8.8,2.6391697753592296,5.012989838496114e-06,1.0000140730904714,1.4092656637210453e-07,2.777573939155514e-09,3.2207635800821694e-08,2.7309002698676274e-09,-6.661338147747608e-16,-2.2204460492492028e-16,open_errors,,,,,,
0.8,0.3,1024,8.9,2.669160340988312,5.165640251268767e-06,1.0000144972613187,1.450937622085325e-07,2.8760105410776486e-09,3.35750074615773e-08,2.8008919429680243e-09,-6.661338147747608e-16,-4.4408920984984055e-16,open_errors,,,,,,
0.8,0.3,1024,9.0,2.699150906617393,5.3229375940458364e-06,1.0000149344727267,1.4938129127537494e-07,2.977094046775141e-09,3.4995400998763294e-08,2.872049187759518e-09,-6.661338147747608e-16,-4.4408920984984055e-16,open_errors,,,,,,
0.8,0.3,1024,9.1,2.7291414722464755,5.485023319084439e-06,1.0000153851179834,1.5379271695352038e-07,3.0808773027813367e-09,3.64707816741072e-08,2.944383821080315e-09,-6.661338147747608e-16,-4.4408920984984055e-16,open_errors,,,,,,
0.8,0.3,1024,9.2,2.759132037875558,5.652043188935397e-06,1.00001584960246,1.5833170592337797e-07,3.1874141319035956e-09,3.8003185459494214e-08,3.0179079108994915e-09,-6.661338147747608e-16,-4.4408920984984055e-16,open_errors,,,,,,
0.8,0.3,1024,9.3,2.7891226035046404,5.82414740739097e-06,1.0000163283439794,1.6300203126817272e-07,3.296759342255126e-09,3.9594721278629614e-08,3.0926335097256e-09,-8.881784196996811e-16,-4.4408920984984055e-16,open_errors,,,,,,
0.8,0.3,1024,9.4,2.8191131691337223,6.001490754261988e-06,1.0000168217731895,1.678075756138049e-07,3.408968720126579e-09,4.124757390058872e-08,3.168572610042158e-09,-8.881784196996811e-16,-4.4408920984984055e-16,open_errors,,,,,,
0.8,0.3,1024,9.5,2.8491037347628043,6.184232724391054e-06,1.0000173303339517,1.7275233437767466e-07,3.5240991090012942e-09,4.2964006210459314e-08,3.245737335451889e-09,-6.661338147747608e-16,-4.4408920984984055e-16,open_errors,,,,,,
0.8,0.3,1024,9.6,2.8790943003918863,6.372537670874813e-06,1.000017854483735,1.778404191167046e-07,3.6422084637258843e-09,4.474636192929279e-08,3.3241404489579694e-09,-6.661338147747608e-16,-4.4408920984984055e-16,open_errors,,,,,,
0.8,0.3,1024,9.7,2.9090848660209687,6.566574952756543e-06,1.0000183946940375,1.8307606098508145e-07,3.763355707240498e-09,4.6597068605108716e-08,3.403794114966637e-09,-6.661338147747608e-16,-4.4408920984984055e-16,open_errors,,,,,,
0.8,0.3,1024,9.8,2.9390754316500507,6.7665190871777895e-06,1.0000189514508038,1.88463614276046e-07,3.887600909347922e-09,4.851864073196365e-08,3.484710924724104e-09,-6.661338147747608e-16,-2.2204460492492028e-16,open_errors,,,,,,
0.8,0.3,1024,9.9,2.969065997279133,6.972549906232582e-06,1.0000195252548607,1.9400756007851365e-07,4.015005201334181e-09,5.051368226833565e-08,3.5669035677674326e-09,-8.881784196996811e-16,-4.4408920984984055e-16,open_errors,,,,,,
0.8,0.3,1024,10.0,2.999056562908215,7.184852718496114e-06,1.000020116622374,1.997125100184661e-07,4.145630833462917e-09,5.258489030524989e-08,3.6503847838073702e-09,-8.881784196996811e-16,-4.4408920984984055e-16,open_errors,,,,,,
0.8,0.3,1024,10.1,3.029047128537297,7.403618475635355e-06,1.0000207260853078,2.0558321014386377e-07,4.279541188297504e-09,5.47350579199212e-08,3.7351673047017116e-09,-8.881784196996811e-16,-4.4408920984984055e-16,open_errors,,,,,,
0.8,0.3,1024,10.2,3.0590376941663795,7.629043944002001e-06,1.0000213541919034,2.116245448848643e-07,4.416800786863072e-09,5.6967077407961916e-08,3.821263939567433e-09,-8.881784196996811e-16,-4.4408920984984055e-16,open_errors,,,,,,
0.8,0.3,1024,10.3,3.089028259795461,7.86133188164077e-06,1.0000220015071777,2.178415411971644e-07,4.5574752995181086e-09,5.928394443487242e-08,3.908687514712348e-09,-8.881784196996811e-16,-4.4408920984984055e-16,open_errors,,,,,,
0.8,0.3,1024,10.4,3.119018825424544,8.100691220428302e-06,1.0000226686134253,2.242393727334153e-07,4.7016315844494385e-09,6.168876119899248e-08,3.997450836906361e-09,-8.881784196996811e-16,-4.4408920984984055e-16,open_errors,,,,,,
0.8,0.3,1024,10.5,3.149009391053626,8.347337253928441e-06,1.0000233561107468,2.3082336418990145e-07,4.8493377100044205e-09,6.418473953097013e-08,4.087566601356826e-09,-8.881784196996811e-16,-4.4408920984984055e-16,open_errors,,,,,,
0.8,0.3,1024,10.6,3.178999956682708,8.601491831032614e-06,1.0000240646175838,2.375989958097035e-07,5.0006629918553875e-09,6.677520576251801e-08,4.179047464118691e-09,-8.881784196996811e-16,-4.4408920984984055e-16,open_errors,,,,,,
0.8,0.3,1024,10.7,3.2089905223117903,8.863383555402659e-06,1.0000247947712808,2.445719079558529e-07,5.155678004168592e-09,6.94636041081983e-08,4.271906088001487e-09,-1.1102230246246014e-15,-2.2204460492492028e-16,open_errors,,,,,,
0.8,0.3,1024,10.8,3.238981087940872,9.133247991025382e-06,1.000025547228656,2.517479058647428e-07,5.314454587293997e-09,7.225350088668349e-08,4.366154739325871e-09,-8.881784196996811e-16,-4.4408920984984055e-16,open_errors,,,,,,
0.8,0.3,1024,10.9,3.2689716535699542,9.411327874056198e-06,1.0000263226665909,2.5913296450955895e-07,5.477065948072797e-09,7.514858884933156e-08,4.461805943172216e-09,-8.881784196996811e-16,-2.2204460492492028e-16,open_errors,,,,,,
0.8,0.3,1024,11.0,3.2989622191990366,9.697873331057502e-06,1.000027121782644,2.667332336267881e-07,5.6435866711716254e-09,7.815269134685389e-08,4.558871974926317e-09,-8.881784196996811e-16,-4.4408920984984055e-16,open_errors,,,,,,
0.8,0.3,1024,11.1,3.328952784828118,9.993142103944957e-06,1.000027945295671,2.745550428796561e-07,5.814092717675727e-09,8.126976691371659e-08,4.657364639442569e-09,-8.881784196996811e-16,-4.4408920984984055e-16,open_errors,,,,,,
0.8,0.3,1024,11.2,3.358943350457201,1.0297399781863228e-05,1.000028793946481,2.826049071980215e-07,5.988661496145936e-09,8.450391439788415e-08,4.7572959534942955e-09,-8.881784196996811e-16,-4.4408920984984055e-16,open_errors,,,,,,
0.8,0.3,1024,11.3,3.388933916086283,1.061092003990608e-05,1.0000296684984935,2.9088953222352054e-07,6.167371922495005e-09,8.78593769665478e-08,4.858677657150565e-09,-8.881784196996811e-16,-4.4408920984984055e-16,open_errors,,,,,,
0.8,0.3,1024,11.4,3.418924481715365,1.0933984885370677e-05,1.000030569738432,2.994158199846136e-07,6.350304399091472e-09,9.134054801865857e-08,4.961521229523372e-09,-8.881784196996811e-16,-4.4408920984984055e-16,open_errors,,,,,,
0.8,0.3,1024,11.5,3.4489150473444474,1.1266884911279358e-05,1.0000314984770304,3.081908746636362e-07,6.537540906317154e-09,9.495197574704697e-08,5.0658380218159665e-09,-1.1102230246246014e-15,-4.4408920984984055e-16,open_errors,,,,,,
0.8,0.3,1024,11.6,3.4789056129735294,1.1609919557759489e-05,1.0000324555497595,3.172220085896172e-07,6.729165061472579e-09,9.86983686601069e-08,5.171639319741894e-09,-8.881784196996811e-16,-4.4408920984984055e-16,open_errors,,,,,,
0.8,0.3,1024,11.7,3.508896178602612,1.1963397381445824e-05,1.0000334418175838,3.26516748413279e-07,6.925262087248963e-09,1.0258460115561412e-07,5.278936283284686e-09,-8.881784196996811e-16,-4.4408920984984055e-16,open_errors,,,,,,
0.8,0.3,1024,11.8,3.538886744231694,1.2327636332899595e-05,1.00003445816773,3.360828414064066e-07,7.12591886080773e-09,1.0661571975998446e-07,5.387739608477475e-09,-8.881784196996811e-16,-4.4408920984984055e-16,open_errors,,,,,,
0.8,0.3,1024,11.9,3.568877309860776,1.2702964042602611e-05,1.0000355055144925,3.459282619937352e-07,7.331224020623122e-09,1.1079694774549165e-07,5.498060190117683e-09,-8.881784196996811e-16,-4.4408920984984055e-16,open_errors,,,,,,
0.8,0.3,1024,12.0,3.5988678754898578,1.3089718115625376e-05,1.000036584800048,3.560612184715585e-07,7.541267931874927e-09,1.15133692769531e-07,5.609908461174855e-09,-1.1102230246246014e-15,-4.4408920984984055e-16,open_errors,,,,,,
0.8,0.3,1024,12.1,3.62885844111894,1.3488246435390356e-05,1.0000376969953135,3.664901599388943e-07,7.756142713379202e-09,1.196315524375038e-07,5.723294790576246e-09,-8.881784196996811e-16,-4.4408920984984055e-16,open_errors,,,,,,
0.8,0.3,1024,12.2,3.658849006748023,1.3898907476378667e-05,1.0000388431008087,3.772237833612602e-07,7.975942345232687e-09,1.242963206432126e-07,5.838229333131735e-09,-1.3322676295495217e-15,-4.4408920984984055e-16,open_errors,,,,,,
0.8,0.3,1024,12.3,3.6888395723771046,1.4322070626731735e-05,1.0000400241475662,3.882710409480121e-07,8.200762630384222e-09,1.291339949871947e-07,5.954721973910492e-09,-1.1102230246246014e-15,-4.4408920984984055e-16,open_errors,,,,,,
0.8,0.3,1024,12.4,3.7188301380061866,1.4758116520423073e-05,1.0000412411980508,3.99641147684008e-07,8.430701282669423e-09,1.3415078346922134e-07,6.072782423221321e-09,-1.1102230246246014e-15,-4.4408920984984055e-16,open_errors,,,,,,
0.8,0.3,1024,12.5,3.748820703635269,1.5207437379614162e-05,1.000042495347123,4.113435890721937e-07,8.665857926798642e-09,1.3935311149906008e-07,6.192420150353728e-09,-1.1102230246246014e-15,-4.4408920984984055e-16,open_errors,,,,,,
0.8,0.3,1024,12.6,3.778811269264351,1.567043736748422e-05,1.0000437877230202,4.233881291584068e-07,8.906334133492607e-09,1.447476297914132e-07,6.313644128069693e-09,-8.881784196996811e-16,-4.4408920984984055e-16,open_errors,,,,,,
0.8,0.3,1024,12.7,3.8088018348934334,1.6147532951742755e-05,1.0000451194883713,4.3578481875342973e-07,9.15223354649577e-09,1.50341222157148e-07,6.43646332665623e-09,-8.881784196996811e-16,-4.4408920984984055e-16,open_errors,,,,,,
0.8,0.3,1024,12.8,3.8387924005225154,1.6639153279235846e-05,1.000046491841247,4.4854400390583094e-07,9.403661765232964e-09,1.5614101294494266e-07,6.560886025547361e-09,-1.1102230246246014e-15,-4.4408920984984055e-16,open_errors,,,,,,
0.8,0.3,1024,12.9,3.868782966151597,1.714574056197223e-05,1.0000479060162328,4.616763346446594e-07,9.66072652084792e-09,1.6215437612471438e-07,6.686920132563872e-09,-1.1102230246246014e-15,-4.4408920984984055e-16,open_errors,,,,,,
0.8,0.3,1024,13.0,3.8987735317806793,1.766775047479722e-05,1.0000493632855456,4.7519277393365685e-07,9.923537695537976e-09,1.6838894327782426e-07,6.814573235342829e-09,-1.3322676295495217e-15,-4.4408920984984055e-16,open_errors,,,,,,
0.8,0.3,1024,13.1,3.9287640974097617,1.8205652565385893e-05,1.0000508649601727,4.891046069637219e-07,1.0192207340161718e-08,1.7485261250809886e-07,6.943852449851093e-09,-1.1102230246246014e-15,-4.4408920984984055e-16,open_errors,,,,,,
0.8,0.3,1024,13.2,3.958754663038844,1.875993067653301e-05,1.000052412391057,5.034234506551645e-07,1.0466849783737489e-08,1.815535578903304e-07,7.074764429140181e-09,-1.3322676295495217e-15,-4.4408920984984055e-16,open_errors,,,,,,
0.8,0.3,1024,13.3,3.988745228667926,1.9331083381333903e-05,1.0000540069703103,5.181612634638215e-07,1.0747581618064214e-08,1.885002388405714e-07,7.207314991924268e-09,-1.3322676295495217e-15,-4.4408920984984055e-16,open_errors,,,,,,
0.8,0.3,1024,13.4,4.018735794297008,1.991962443170849e-05,1.0000556501324658,5.333303554898176e-07,1.103452181154274e-08,1.957014094228129e-07,7.341509662478483e-09,-1.3322676295495217e-15,-4.4408920984984055e-16,open_errors,,,,,,
0.8,0.3,1024,13.5,4.04872635992609,2.05260832204754e-05,1.0000573433557705,5.489433988793036e-07,1.132779177699254e-08,2.031661295888303e-07,7.477353436851852e-09,-1.3322676295495217e-15,-4.4408920984984055e-16,open_errors,,,,,,
0.8,0.3,1024,13.6,4.078716925555172,2.1151005257543876e-05,1.0000590881635152,5.650134385215855e-07,1.16275153838225e-08,2.109037742591464e-07,7.614850376185847e-09,-1.3322676295495217e-15,-4.4408920984984055e-16,open_errors,,,,,,
0.8,0.3,1024,13.7,4.108707491184255,2.179495266059772e-05,1.0000608861254052,5.815539030759468e-07,1.1933819049431504e-08,2.189240454129509e-07,7.75400398243456e-09,-1.3322676295495217e-15,-4.4408920984984055e-16,open_errors,,,,,,
0.8,0.3,1024,13.8,4.138698056813337,2.2458504660705068e-05,1.000062738858972,5.985786163255169e-07,1.2246831827551528e-08,2.2723698237072647e-07,7.894817180492582e-09,-8.881784196996811e-16,-4.4408920984984055e-16,open_errors,,,,,,
0.8,0.3,1024,13.9,4.168688622442419,2.3142258123392465e-05,1.0000646480310331,6.161018088799725e-07,1.2566685431976169e-08,2.3585297384227497e-07,8.037292040789583e-09,-8.881784196996811e-16,-4.4408920984984055e-16,open_errors,,,,,,
0.8,0.3,1024,14.0,4.198679188071501,2.3846828085360857e-05,1.0000666153591875,6.341381301604479e-07,1.2893514376811769e-08,2.447827695079514e-07,8.18143016813494e-09,-1.1102230246246014e-15,-4.4408920984984055e-16,open_errors,,,,,,
0.8,0.3,1024,14.1,4.228669753700583,2.457284830793796e-05,1.0000686426133665,6.527026608655135e-07,1.3227455930059071e-08,2.5403749295995845e-07,8.327232007005753e-09,-8.881784196996811e-16,-4.4408920984984055e-16,open_errors,,,,,,
0.8,0.3,1024,14.2,4.258660319329666,2.5320971846938057e-05,1.000070731617421,6.718109256622803e-07,1.3568650323697102e-08,2.6362865377262774e-07,8.474697681442034e-09,-1.1102230246246014e-15,-4.4408920984984055e-16,open_errors,,,,,,
0.8,0.3,1024,14.3,4.288650884958748,2.6091871640286324e-05,1.0000728842507705,6.914789063988448e-07,1.3917240681031965e-08,2.735681616501664e-07,8.623826146067307e-09,-1.1102230246246014e-15,-4.4408920984984055e-16,open_errors,,,,,,
0.8,0.3,1024,14.4,4.31864145058783,2.688624111308868e-05,1.000075102450089,7.117230555432123e-07,1.4273373231476512e-08,2.838683389086734e-07,8.774615651205104e-09,-1.1102230246246014e-15,-4.4408920984984055e-16,open_errors,,,,,,
0.8,0.3,1024,14.5,4.348632016216912,2.770479480153498e-05,1.0000773882110503,7.325603101843008e-07,1.4637197265050353e-08,2.945419353812944e-07,8.927063499606126e-09,-1.1102230246246014e-15,-4.4408920984984055e-16,open_errors,,,,,,
0.8,0.3,1024,14.6,4.378622581845994,2.854826899561038e-05,1.0000797435901252,7.540081063720563e-07,1.500886526048996e-08,3.056021432093268e-07,9.081166241131092e-09,-1.1102230246246014e-15,-4.4408920984984055e-16,open_errors,,,,,,
0.8,0.3,1024,14.7,4.4086131474750765,2.941742240131192e-05,1.0000821707064338,7.760843938509975e-07,1.538853298346629e-08,3.170626111775988e-07,9.236919509492241e-09,-1.1102230246246014e-15,-4.4408920984984055e-16,open_errors,,,,,,
0.8,0.3,1024,14.8,4.438603713104159,3.031303682315928e-05,1.000084671743651,7.988076512928672e-07,1.5776359497257743e-08,3.289374608115131e-07,9.394317775863581e-09,-1.1102230246246014e-15,-4.4408920984984055e-16,open_errors,,,,,,
0.8,0.3,1024,14.9,4.46859427873324,3.123591786739142e-05,1.0000872489519712,8.22196901961662e-07,1.6172507307140725e-08,3.412413024323941e-07,9.553354449144934e-09,-1.1102230246246014e-15,-4.4408920984984055e-16,open_errors,,,,,,
0.8,0.3,1024,15.0,4.498584844362322,3.218689566666659e-05,1.00008990465014,8.462717298446418e-07,1.6577142422963982e-08,3.53989251819136e-07,9.71402226723356e-09,-1.1102230246246014e-15,-4.4408920984984055e-16,open_errors,,,,,,
0.8,0.3,1024,15.1,4.528575409991404,3.316682562670608e-05,1.000092641227535,8.710522962466109e-07,1.6990434433309423e-08,3.671969472995145e-07,9.876312233023792e-09,-1.1102230246246014e-15,-4.4408920984984055e-16,open_errors,,,,,,
0.8,0.3,1024,15.2,4.558565975620487,3.417658919576477e-05,1.000095461146323,8.965593569117386e-07,1.7412556600713545e-08,3.808805679619293e-07,1.004021467999972e-08,-1.1102230246246014e-15,-4.4408920984984055e-16,open_errors,,,,,,
0.8,0.3,1024,15.3,4.588556541249569,3.521709465746127e-05,1.0000983669436732,9.228142795938708e-07,1.7843685969812073e-08,3.950568513402301e-07,1.0205718326265858e-08,-8.881784196996811e-16,-4.4408920984984055e-16,open_errors,,,,,,
0.8,0.3,1024,15.4,4.618547106878651,3.628927794780184e-05,1.0001013612340413,9.498390622334986e-07,1.8284003454987706e-08,4.0974311320314e-07,1.0372810973633789e-08,-8.881784196996811e-16,-4.4408920984984055e-16,open_errors,,,,,,
0.8,0.3,1024,15.5,4.648537672507733,3.739410349708543e-05,1.000104446711527,9.776563516358434e-07,1.8733693940333787e-08,4.249572667807578e-07,1.0541478703467492e-08,-8.881784196996811e-16,-4.4408920984984055e-16,open_errors,,,,,,
0.8,0.3,1024,15.6,4.678528238136815,3.853256509737446e-05,1.000107626152298,1.0062894626649752e-06,1.9192946405213522e-08,4.40717843561695e-07,1.071170630586632e-08,-8.881784196996811e-16,-4.4408920984984055e-16,open_errors,,,,,,
0.8,0.3,1024,15.7,4.708518803765898,3.970568679640408e-05,1.0001109024170896,1.0357623980735177e-06,1.9661954008925682e-08,4.570440137417188e-07,1.0883477055221205e-08,-8.881784196996811e-16,-6.661338147747608e-16,open_errors,,,,,,
0.8,0.3,1024,15.8,4.73850936939498,4.0914523818689625e-05,1.0001142784537806,1.066099868870351e-06,2.014091424842285e-08,4.739556080029261e-07,1.1056772946173334e-08,-1.1102230246246014e-15,-6.661338147747608e-16,open_errors,,,,,,
0.8,0.3,1024,15.9,4.768499935024062,4.216016351481278e-05,1.0001177573000504,1.0973273153588175e-06,2.063002902153041e-08,4.9147314063412e-07,1.123157400495654e-08,-8.881784196996811e-16,-6.661338147747608e-16,open_errors,,,,,,
0.8,0.3,1024,16.0,4.798490500653144,4.3443726339353305e-05,1.0001213420861128,1.1294709287233074e-06,2.1129504819174833e-08,5.09617831990417e-07,1.140785860702772e-08,-8.881784196996811e-16,-4.4408920984984055e-16,open_errors,,,,,,
0.8,0.3,1024,16.1,4.828481066282227,4.476636685885519e-05,1.0001250360375342,1.1625576733297406e-06,2.163955280055632e-08,5.284116328421455e-07,1.1585603911047046e-08,-8.881784196996811e-16,-4.4408920984984055e-16,open_errors,,,,,,
0.8,0.3,1024,16.2,4.858471631911308,4.612927479025425e-05,1.0001288424781432,1.1966153096301532e-06,2.2160388980880762e-08,5.478772492003344e-07,1.1764784692367506e-08,-1.1102230246246014e-15,-4.4408920984984055e-16,open_errors,,,,,,
0.8,0.3,1024,16.3,4.888462197540391,4.753367607113103e-05,1.0001327648330172,1.2316724178012324e-06,2.2692234323791497e-08,5.680381678337781e-07,1.1945374294192536e-08,-8.881784196996811e-16,-4.4408920984984055e-16,open_errors,,,,,,
0.8,0.3,1024,16.4,4.918452763169472,4.898083396234544e-05,1.0001368066315754,1.2677584220522212e-06,2.323531491247121e-08,5.889186826626169e-07,1.2127344162076e-08,-1.1102230246246014e-15,-6.661338147747608e-16,open_errors,,,,,,
0.8,0.3,1024,16.5,4.948443328798555,5.047205018443545e-05,1.0001409715107523,1.3049036156825447e-06,2.37898621092874e-08,6.105439223936743e-07,1.2310663570905661e-08,-1.1102230246246014e-15,-4.4408920984984055e-16,open_errors,,,,,,
0.8,0.3,1024,16.6,4.978433894427638,5.200866608844708e-05,1.0001452632182768,1.343139186869621e-06,2.4356112680155263e-08,6.329398787288071e-07,1.2495300196579458e-08,-1.1102230246246014e-15,-6.661338147747608e-16,open_errors,,,,,,
0.8,0.3,1024,16.7,5.008424460056719,5.359206386252056e-05,1.000149685616047,1.382497245238321e-06,2.4934308958129133e-08,6.56133435760291e-07,1.2681219202730492e-08,-1.1102230246246014e-15,-4.4408920984984055e-16,open_errors,,,,,,
0.8,0.3,1024,16.8,5.038415025685802,5.522366777512296e-05,1.00015424268361,1.423010849180188e-06,2.5524699053853503e-08,6.801523996360984e-07,1.2868384262470984e-08,-1.1102230246246014e-15,-4.4408920984984055e-16,open_errors,,,,,,
0.8,0.3,1024,16.9,5.068405591314883,5.690494545629388e-05,1.0001589385217455,1.4647140341009915e-06,2.6127536939262426e-08,7.050255306981536e-07,1.305675643094955e-08,-1.1102230246246014e-15,-6.661338147747608e-16,open_errors,,,,,,
0.8,0.3,1024,17.0,5.0983961569439655,5.8637409217595744e-05,1.000163777356167,1.5076418413417552e-06,2.6743082703786024e-08,7.307825749345625e-07,1.3246294753655588e-08,-1.1102230246246014e-15,-4.4408920984984055e-16,open_errors,,,,,,
0.8,0.3,1024,17.1,5.128386722573048,6.042261741257436e-05,1.0001687635413177,1.5518303481037017e-06,2.7371602695910786e-08,7.574542977939838e-07,1.3436955999915812e-08,-1.1102230246246014e-15,-4.4408920984984055e-16,open_errors,,,,,,
0.8,0.3,1024,17.2,5.1583772882021295,6.22621758385094e-05,1.0001739015643063,1.5973166982460897e-06,2.8013369703869483e-08,7.850725187897525e-07,1.3628694481605231e-08,-1.1102230246246014e-15,-4.4408920984984055e-16,open_errors,,,,,,
0.8,0.3,1024,17.3,5.188367853831212,6.41577391807236e-05,1.000179196048944,1.6441391339065584e-06,2.86686631783722e-08,8.136701469396603e-07,1.3821462265827182e-08,-1.1102230246246014e-15,-4.4408920984984055e-16,open_errors,,,,,,
0.8,0.3,1024,17.400000000000002,5.218358419460294,6.611101250106169e-05,1.000184651759911,1.692337028187314e-06,2.9337769435927075e-08,8.432812172616701e-07,1.4015209235342305e-08,-8.881784196996811e-16,-4.4408920984984055e-16,open_errors,,,,,,
0.8,0.3,1024,17.5,5.248348985089376,6.812375277156581e-05,1.000190273607052,1.741950918747489e-06,3.0020981820724447e-08,8.739409298166731e-07,1.4209882089695037e-08,-1.3322676295495217e-15,-4.4408920984984055e-16,open_errors,,,,,,
0.8,0.3,1024,17.6,5.278339550718459,7.019777045488214e-05,1.0001960666498035,1.7930225424207298e-06,3.07186010013185e-08,9.056856882320068e-07,1.440542543605295e-08,-1.3322676295495217e-15,-6.661338147747608e-16,open_errors,,,,,,
0.8,0.3,1024,17.7,5.30833011634754,7.233493113279011e-05,1.000202036101751,1.8455948708747212e-06,3.1430935106223074e-08,9.3855314049021e-07,1.4601781014634155e-08,-1.1102230246246014e-15,-4.4408920984984055e-16,open_errors,,,,,,
0.8,0.3,1024,17.8,5.338320681976623,7.453715718423325e-05,1.000208187335329,1.8997121472908232e-06,3.21583000687125e-08,9.725822211979304e-07,1.4798887848682887e-08,-1.1102230246246014e-15,-6.661338147747608e-16,open_errors,,,,,,
0.8,0.3,1024,17.900000000000002,5.368311247605705,7.68064295145413e-05,1.0002145258866644,1.955419924211271e-06,3.2901019831908976e-08,1.0078131951370315e-06,1.499668227920384e-08,-1.1102230246246014e-15,-6.661338147747608e-16,open_errors,,,,,,
0.8,0.3,1024,18.0,5.398301813234787,7.914478933730111e-05,1.000221057460569,2.012765102480152e-06,3.3659426566088795e-08,1.0442877016225951e-06,1.519509763253734e-08,-1.1102230246246014e-15,-4.4408920984984055e-16,open_errors,,,,,,
0.8,0.3,1024,18.1,5.42829237886387,8.155434001034277e-05,1.000227787935678,2.0717959713204128e-06,3.4433861026717386e-08,1.08204880139081e-06,1.539406425578448e-08,-8.881784196996811e-16,-4.4408920984984055e-16,open_errors,,,,,,
0.8,0.3,1024,18.2,5.458282944492951,8.4037248927765e-05,1.0002347233697555,2.1325622496678176e-06,3.522467280047267e-08,1.121141024365442e-06,1.5593509763861528e-08,-8.881784196996811e-16,-6.661338147747608e-16,open_errors,,,,,,
0.8,0.3,1024,18.3,5.488273510122034,8.659574946950636e-05,1.0002418700051563,2.195115128709525e-06,3.603222058775085e-08,1.1616104190997502e-06,1.5793358252711227e-08,-1.3322676295495217e-15,-4.4408920984984055e-16,open_errors,,,,,,
0.8,0.3,1024,18.4,5.518264075751116,8.92321430102469e-05,1.000249234274451,2.259507315701852e-06,3.6856872570227744e-08,1.2035046043466277e-06,1.5993530940733843e-08,-1.1102230246246014e-15,-4.4408920984984055e-16,open_errors,,,,,,
0.8,0.3,1024,18.5,5.548254641380198,9.194880098950218e-05,1.000256822806229,2.325793079068619e-06,3.769900670055567e-08,1.246872821277675e-06,1.6193946183231013e-08,-1.1102230246246014e-15,-6.661338147747608e-16,open_errors,,,,,,
0.8,0.3,1024,18.6,5.578245207009281,9.474816704477745e-05,1.0002646424310817,2.394028294927859e-06,3.855901106170017e-08,1.2917659889613751e-06,1.6394518686952026e-08,-1.1102230246246014e-15,-4.4408920984984055e-16,open_errors,,,,,,
0.8,0.3,1024,18.7,5.608235772638362,9.763275920955424e-05,1.0002727001877538,2.4642704949270854e-06,3.943728418893463e-08,1.3382367602812618e-06,1.65951600877688e-08,-1.1102230246246014e-15,-4.4408920984984055e-16,open_errors,,,,,,
0.8,0.3,1024,18.8,5.638226338267445,0.0001006051721782,1.0002810033295022,2.5365789155326425e-06,4.033423552614513e-08,1.3863395805174992e-06,1.6795778469784724e-08,-8.881784196996811e-16,-6.661338147747608e-16,open_errors,,,,,,
0.8,0.3,1024,18.9,5.668216903896527,0.0001036680796403,1.0002895593306336,2.611014548864146e-06,4.1250285741188766e-08,1.4361307476378825e-06,1.6996279253914268e-08,-8.881784196996811e-16,-4.4408920984984055e-16,open_errors,,,,,,
0.8,0.3,1024,19.0,5.698207469525609,0.000106824236685,1.0002983758932489,2.6876401949444657e-06,4.2185867147006246e-08,1.4876684749181138e-06,1.7196563812614973e-08,-1.1102230246246014e-15,-4.4408920984984055e-16,open_errors,,,,,,
0.8,0.3,1024,19.1,5.728198035154691,0.0001100764822796,1.000307460954194,2.766520515606472e-06,4.3141424140270666e-08,1.5410129548559608e-06,1.7396530584809483e-08,-8.881784196996811e-16,-4.4408920984984055e-16,open_errors,,,,,,
0.8,0.3,1024,19.2,5.758188600783773,0.0001134277418234,1.0003168226922217,2.847722089927583e-06,4.4117413662533375e-08,1.5962264261397043e-06,1.7596074510438705e-08,-8.881784196996811e-16,-4.4408920984984055e-16,open_errors,,,,,,
0.8,0.3,1024,19.3,5.788179166412856,0.0001168810297785,1.0003264695353715,2.931313471443973e-06,4.5114305617335496e-08,1.6533732423310131e-06,1.7795087199759257e-08,-8.881784196996811e-16,-4.4408920984984055e-16,open_errors,,,,,,
0.8,0.3,1024,19.4,5.818169732041937,0.0001204394523818,1.0003364101685774,3.0173652469192785e-06,4.613258340949966e-08,1.7125199428417414e-06,1.799345720123254e-08,-8.881784196996811e-16,-4.4408920984984055e-16,open_errors,,,,,,
0.8,0.3,1024,19.5,5.848160297671019,0.000124106210439,1.0003466535415062,3.1059500970723067e-06,4.7172744393619856e-08,1.7737353264797956e-06,1.8191069030103848e-08,-8.881784196996811e-16,-4.4408920984984055e-16,open_errors,,,,,,
0.8,0.3,1024,19.6,5.878150863300101,0.0001278846022036,1.0003572088766393,3.197142858918821e-06,4.8235300477866274e-08,1.8370905273497812e-06,1.8387804601454236e-08,-8.881784196996811e-16,-4.4408920984984055e-16,open_errors,,,,,,
0.8,0.3,1024,19.7,5.908141428929183,0.0001317780263436,1.0003680856775945,3.2910205901813077e-06,4.932077858861593e-08,1.9026590932611705e-06,1.8583542147075435e-08,-8.881784196996811e-16,-6.661338147747608e-16,open_errors,,,,,,
0.8,0.3,1024,19.8,5.938131994558266,0.0001357899849987,1.000379293737713,3.3876626354643437e-06,5.0429721329979786e-08,1.970517066680151e-06,1.8778156684459923e-08,-8.881784196996811e-16,-4.4408920984984055e-16,open_errors,,,,,,
0.8,0.3,1024,19.9,5.968122560187348,0.0001399240869308,1.0003908431488993,3.4871506945301096e-06,5.1562687557896384e-08,2.0407430687465877e-06,1.8971520369002196e-08,-6.661338147747608e-16,-4.4408920984984055e-16,open_errors,,,,,,
0.8,0.3,1024,20.0,5.99811312581643,0.0001441840507694,1.000402744310735,3.5895688925474367e-06,5.2720253044847856e-08,2.1134183851667567e-06,1.9163501960087025e-08,-8.881784196996811e-16,-4.4408920984984055e-16,open_errors,,,,,,
0.8,0.3,1024,20.1,6.028103691445512,0.000148573708357,1.0004150079398777,3.6950038525175056e-06,5.3903011112281433e-08,2.188627056419413e-06,1.9353967161861235e-08,-6.661338147747608e-16,-4.4408920984984055e-16,open_errors,,,,,,
0.8,0.3,1024,20.2,6.058094257074594,0.0001530970081958,1.000427645079734,3.8035447698498334e-06,5.5111573359422434e-08,2.2664559696088008e-06,1.9542778955251108e-08,-6.661338147747608e-16,-6.661338147747608e-16,open_errors,,,,,,
0.8,0.3,1024,20.3,6.088084822703677,0.0001577580189991,1.0004406671104469,3.915283489068022e-06,5.6346570432095736e-08,2.346994953707744e-06,1.972979732594413e-08,-6.661338147747608e-16,-4.4408920984984055e-16,open_errors,,,,,,
0.8,0.3,1024,20.4,6.118075388332759,0.0001625609333516,1.0004540857591702,4.030314583067497e-06,5.760865277104004e-08,2.430336878819988e-06,1.991487983392872e-08,-6.661338147747608e-16,-4.4408920984984055e-16,open_errors,,,,,,
0.8,0.3,1024,20.5,6.148065953961841,0.0001675100714799,1.0004679131106726,4.148735434531032e-06,5.88984914093162e-08,2.516577757576449e-06,2.0097881317648523e-08,-6.661338147747608e-16,-6.661338147747608e-16,open_errors,,,,,,
0.8,0.3,1024,20.6,6.178056519590923,0.0001726098851393,1.000482161618259,4.270646319848411e-06,6.021677888011925e-08,2.605816850560271e-06,2.0278654241052942e-08,-6.661338147747608e-16,-4.4408920984984055e-16,open_errors,,,,,,
0.8,0.3,1024,20.7,6.208047085220005,0.0001778649616176,1.000496844115029,4.396150495604771e-06,6.156423010057343e-08,2.6981567748740384e-06,2.045704945124133e-08,-6.661338147747608e-16,-4.4408920984984055e-16,open_errors,,,,,,
0.8,0.3,1024,20.8,6.238037650849088,0.0001832800278616,1.0005119738254773,4.525354287660039e-06,6.294158330105461e-08,2.793703616961466e-06,2.0632915209055854e-08,-6.661338147747608e-16,-4.4408920984984055e-16,open_errors,,,,,,
0.8,0.3,1024,20.9,6.26802821647817,0.000188859954729,1.0005275643774545,4.65836718287249e-06,6.434960106602423e-08,2.892567048172351e-06,2.0806098869187692e-08,-6.661338147747608e-16,-4.4408920984984055e-16,open_errors,,,,,,
0.8,0.3,1024,21.0,6.298018782107252,0.0001946097613695,1.0005436298144956,4.795301923588686e-06,6.578907135819488e-08,2.9948604452191807e-06,2.0976446209056e-08,-4.4408920984984055e-16,-4.4408920984984055e-16,open_errors,,,,,,
0.8,0.3,1024,21.1,6.328009347736334,0.0002005346197398,1.0005601846085166,4.936274604999189e-06,6.726080862793096e-08,3.100701013893268e-06,2.1143802187238374e-08,-4.4408920984984055e-16,-4.4408920984984055e-16,open_errors,,,,,,
0.8,0.3,1024,21.2,6.357999913365416,0.0002066398592555,1.000577243672914,5.081404775422442e-06,6.876565496096921e-08,3.210209916929691e-06,2.1308011210720504e-08,-4.4408920984984055e-16,-4.4408920984984055e-16,open_errors,,,,,,
0.8,0.3,1024,21.3,6.387990478994499,0.0002129309715853,1.0005948223760572,5.230815539547793e-06,7.030448133251585e-08,3.323512406715468e-06,2.146891781814693e-08,-4.4408920984984055e-16,-4.4408920984984055e-16,open_errors,,,,,,
0.8,0.3,1024,21.4,6.4179810446235805,0.0002194136155901,1.0006129365551977,5.384633664897875e-06,7.187818885129635e-08,3.4407379617335097e-06,2.162636670673778e-08,-4.4408920984984055e-16,-4.4408920984984055e-16,open_errors,,,,,,
0.8,0.3,1024,21.5,6.447971610252663,0.0002260936224137,1.0006316025308055,5.542989691382053e-06,7.348771013309494e-08,3.5620204279244717e-06,2.1780203719714964e-08,-4.4408920984984055e-16,-4.4408920984984055e-16,open_errors,,,,,,
0.8,0.3,1024,21.6,6.4779621758817445,0.0002329770007276,1.0006508371213458,5.706018044225885e-06,7.513401071172764e-08,3.687498164302157e-06,2.193027618838349e-08,-4.4408920984984055e-16,-6.661338147747608e-16,open_errors,,,,,,
0.8,0.3,1024,21.7,6.5079527415108265,0.0002400699421359,1.0006706576585116,5.8738571502564185e-06,7.681809052643839e-08,3.817314194250206e-06,2.2076433474120195e-08,-4.4408920984984055e-16,-4.4408920984984055e-16,open_errors,,,,,,
0.8,0.3,1024,21.8,6.5379433071399085,0.0002473788267446,1.0006910820029198,6.046649557725549e-06,7.8540985521708e-08,3.951616360737119e-06,2.22185283402226e-08,-6.661338147747608e-16,-4.4408920984984055e-16,open_errors,,,,,,
0.8,0.3,1024,21.9,6.567933872768991,0.0002549102289002,1.00071212856029,6.2245420597093305e-06,8.03037692623494e-08,4.090557487447286e-06,2.2356416498775373e-08,-4.4408920984984055e-16,-6.661338147747608e-16,open_errors,,,,,,
0.8,0.3,1024,22.0,6.597924438398073,0.0002626709231039,1.0007338162981303,6.407685821251554e-06,8.210755471066602e-08,4.234295544849303e-06,2.2489958935954497e-08,-4.4408920984984055e-16,-4.4408920984984055e-16,open_errors,,,,,,
0.8,0.3,1024,22.1,6.627915004027155,0.0002706678901045,1.0007561647629213,6.596236510382815e-06,8.395349602798476e-08,4.382993822472231e-06,2.261902133693832e-08,-4.4408920984984055e-16,-4.4408920984984055e-16,open_errors,,,,,,
0.8,0.3,1024,22.2,6.657905569656237,0.0002789083231782,1.00077919409784,6.790354432956586e-06,8.584279055751215e-08,4.536821105699281e-06,2.2743476475246893e-08,-6.661338147747608e-16,-4.4408920984984055e-16,open_errors,,,,,,
0.8,0.3,1024,22.3,6.687896135285319,0.0002873996345983,1.000802925061023,6.990204671647487e-06,8.777668081837533e-08,4.695951859169248e-06,2.286320440315952e-08,-6.661338147747608e-16,-4.4408920984984055e-16,open_errors,,,,,,
0.8,0.3,1024,22.4,6.717886700914402,0.0002961494623031,1.0008273790443984,7.195957229187332e-06,8.97564566870678e-08,4.860566416259156e-06,2.297809376746798e-08,-2.2204460492492028e-16,-4.4408920984984055e-16,open_errors,,,,,,
0.8,0.3,1024,22.5,6.747877266543484,0.0003051656767655,1.000852578093088,7.407787175832286e-06,9.178345764273113e-08,5.030851174874575e-06,2.3088043402229164e-08,-4.4408920984984055e-16,-4.4408920984984055e-16,open_errors,,,,,,
0.8,0.3,1024,22.6,6.777867832172566,0.0003144563880731,1.000878544925417,7.625874801332744e-06,9.385907516117827e-08,5.206998799777365e-06,2.3192963233431745e-08,-4.4408920984984055e-16,-4.4408920984984055e-16,open_errors,,,,,,
0.8,0.3,1024,22.7,6.807858397801648,0.0003240299532225,1.0009053029535315,7.850405771394047e-06,9.598475526536467e-08,5.389208430254319e-06,2.329277620377208e-08,-4.4408920984984055e-16,-4.4408920984984055e-16,open_errors,,,,,,
0.8,0.3,1024,22.8,6.83784896343073,0.0003338949836371,1.0009328763046608,8.08157128905565e-06,9.816200114760259e-08,5.577685897074036e-06,2.3387419810208197e-08,-4.4408920984984055e-16,-4.4408920984984055e-16,open_errors,,,,,,
0.8,0.3,1024,22.9,6.867839529059813,0.000344060352912,1.000961289843025,8.319568260733174e-06,1.0039237600884353e-07,5.772643944749041e-06,2.347684729165613e-08,-4.4408920984984055e-16,-4.4408920984984055e-16,open_errors,,,,,,
0.8,0.3,1024,23.0,6.897830094688895,0.0003545352047967,1.0009905691924268,8.564599467369719e-06,1.0267750602258614e-07,5.9743024616067145e-06,2.3561030364539242e-08,-4.4408920984984055e-16,-4.4408920984984055e-16,open_errors,,,,,,
0.8,0.3,1024,23.1,6.927820660317977,0.0003653289614191,1.0010207407595364,8.816873740832745e-06,1.0501908345335577e-07,6.182888718061665e-06,2.363996053382998e-08,-4.4408920984984055e-16,-6.661338147747608e-16,open_errors,,,,,,
0.8,0.3,1024,23.2,6.957811225947059,0.0003764513317609,1.001051831757898,9.076606145429992e-06,1.074188699972122e-07,6.398637611555207e-06,2.3713651553734774e-08,-4.4408920984984055e-16,-6.661338147747608e-16,open_errors,,,,,,
0.8,0.3,1024,23.3,6.987801791576141,0.0003879123203906,1.001083870232672,9.344018165178286e-06,1.0987870023570349e-07,6.62179192117225e-06,2.3782141664967387e-08,-6.661338147747608e-16,-4.4408920984984055e-16,open_errors,,,,,,
0.8,0.3,1024,23.4,7.017792357205224,0.0003997222364624,1.0011168850861496,9.619337896513198e-06,1.1240048534954348e-07,6.8526025693699736e-06,2.3845495827107793e-08,-4.4408920984984055e-16,-4.4408920984984055e-16,open_errors,,,,,,
0.8,0.3,1024,23.5,7.047782922834306,0.0004118917029896,1.001150906104049,9.902800246932252e-06,1.1498621702661241e-07,7.091328892635311e-06,2.3903808763319022e-08,-2.2204460492492028e-16,-6.661338147747608e-16,open_errors,,,,,,
0.8,0.3,1024,23.6,7.077773488463388,0.0004244316663988,1.00118596398263,1.0194647139588003e-05,1.1763797157651005e-07,7.338238921470338e-06,2.3957207384899852e-08,-4.4408920984984055e-16,-4.4408920984984055e-16,open_errors,,,,,,
0.8,0.3,1024,23.7,7.10776405409247,0.0004373534063772,1.001222090356643,1.0495127724137526e-05,1.2035791426558165e-07,7.593609669389932e-06,2.4005853865293435e-08,-4.4408920984984055e-16,-6.661338147747608e-16,open_errors,,,,,,
0.8,0.3,1024,23.8,7.137754619721552,0.0004506685460178,1.0012593178281484,1.080449859395935e-05,1.231483039483986e-07,7.857727431617087e-06,2.404994848718077e-08,-4.4408920984984055e-16,-4.4408920984984055e-16,open_errors,,,,,,
0.8,0.3,1024,23.9,7.167745185350634,0.000464389062274,1.001297679996226,1.1123024009809362e-05,1.260114979163793e-07,8.130888093185746e-06,2.4089733231318845e-08,-4.4408920984984055e-16,-4.4408920984984055e-16,open_errors,,,,,,
0.8,0.3,1024,24.0,7.197735750979716,0.0004785272967331,1.001337211487601,1.1450976130465095e-05,1.2894995705822632e-07,8.413397447385437e-06,2.412549518116215e-08,-4.4408920984984055e-16,-4.4408920984984055e-16,open_errors,,,,,,
0.8,0.3,1024,24.1,7.227726316608798,0.000493095966717,1.001377947988225,1.1788635250194485e-05,1.3196625129663257e-07,8.705571525548545e-06,2.415756988401537e-08,-4.4408920984984055e-16,-6.661338147747608e-16,open_errors,,,,,,
0.8,0.3,1024,24.2,7.25771688223788,0.0005081081767213,1.0014199262758363,1.2136290043396868e-05,1.350630653589869e-07,9.007736935843336e-06,2.4186345452544256e-08,-4.4408920984984055e-16,-6.661338147747608e-16,open_errors,,,,,,
0.8,0.3,1024,24.3,7.287707447866962,0.0005235774302021,1.0014631842535295,1.249423781683185e-05,1.382432048522621e-07,9.320231215775628e-06,2.421226572850089e-08,-2.2204460492492028e-16,-4.4408920984984055e-16,open_errors,,,,,,
0.8,0.3,1024,24.4,7.317698013496045,0.0005395176417223,1.0015077609843628,1.2862784769259498e-05,1.415096027146729e-07,9.643403193656058e-06,2.4235835103380212e-08,-2.2204460492492028e-16,-4.4408920984984055e-16,open_errors,,,,,,
0.8,0.3,1024,24.5,7.347688579125126,0.0005559431494673,1.0015536967270509,1.3242246259148686e-05,1.4486532607349412e-07,9.97761336437128e-06,2.42576223309364e-08,-4.4408920984984055e-16,-4.4408920984984055e-16,open_errors,,,,,,
0.8,0.3,1024,24.6,7.377679144754209,0.0005728687281416,1.001601032972758,1.3632947080337815e-05,1.4831358345302597e-07,1.0323234275518152e-05,2.4278263949886883e-08,-4.4408920984984055e-16,-6.661338147747608e-16,open_errors,,,,,,
0.8,0.3,1024,24.7,7.407669710383291,0.0005903096022585,1.0016498124830415,1.4035221746092326e-05,1.5185773242922877e-07,1.0680650927831013e-05,2.4298469426547605e-08,-4.4408920984984055e-16,-6.661338147747608e-16,open_errors,,,,,,
0.8,0.3,1024,24.8,7.437660276012373,0.0006082814598336,1.0017000793289748,1.444941478186084e-05,1.555012877370288e-07,1.1050261187583818e-05,2.4319024945519227e-08,-4.4408920984984055e-16,-4.4408920984984055e-16,open_errors,,,,,,
0.8,0.3,1024,24.9,7.467650841641456,0.0006268004664955,1.0017518789314868,1.48758810268037e-05,1.5924792990385637e-07,1.1432476213629487e-05,2.4340797484129272e-08,-4.4408920984984055e-16,-6.661338147747608e-16,open_errors,,,,,,
0.8,0.3,1024,25.0,7.497641407270537,0.0006458832800269,1.001805258102964,1.531498594451212e-05,1.631015143389718e-07,1.1827720897914858e-05,2.4364738817865142e-08,-4.4408920984984055e-16,-4.4408920984984055e-16,open_errors,,,,,,
0.8,0.3,1024,25.1,7.52763197289962,0.0006655470653466,1.0018602650901447,1.576710594314827e-05,1.6706608098961297e-07,1.2236434320473167e-05,2.439188961029486e-08,-4.4408920984984055e-16,-6.661338147747608e-16,open_errors,,,,,,
0.8,0.3,1024,25.2,7.557622538528702,0.0006858095099492,1.0019169496183546,1.6232628705256994e-05,1.7114586459866986e-07,1.265907021968265e-05,2.4423382906984052e-08,-4.4408920984984055e-16,-4.4408920984984055e-16,open_errors,,,,,,
0.8,0.3,1024,25.3,7.587613104157784,0.000706688839814,1.0019753629371282,1.6711953527652564e-05,1.753453055476153e-07,1.3096097477764977e-05,2.4460447807944652e-08,-4.4408920984984055e-16,-6.661338147747608e-16,open_errors,,,,,,
0.8,0.3,1024,25.4,7.617603669786867,0.0007282038357982,1.0020355578672488,1.720549167159711e-05,1.7966906141175746e-07,1.354800062251235e-05,2.4504412690836086e-08,-4.4408920984984055e-16,-6.661338147747608e-16,open_errors,,,,,,
0.8,0.3,1024,25.5,7.647594235415948,0.0007503738505293,1.0020975888492651,1.7713666723552386e-05,1.841220191638971e-07,1.4015280345338658e-05,2.455670777094764e-08,-4.4408920984984055e-16,-4.4408920984984055e-16,open_errors,,,,,,
0.8,0.3,1024,25.6,7.677584801045031,0.0007732188258118,1.0021615119935334,1.823691496692561e-05,1.887093081736405e-07,1.449845403602389e-05,2.4618868297540332e-08,-4.4408920984984055e-16,-6.661338147747608e-16,open_errors,,,,,,
0.8,0.3,1024,25.7,7.707575366674113,0.0007967593105634,1.002227385131807,1.87756857651853e-05,1.9343631397982612e-07,1.499805633654884e-05,2.4692536409071706e-08,-2.2204460492492028e-16,-6.661338147747608e-16,open_errors,,,,,,
0.8,0.3,1024,25.8,7.737565932303195,0.0008210164792978,1.0022952678704695,1.9330441956447015e-05,1.9830869289614797e-07,1.551463971068992e-05,2.4779463345553912e-08,-4.4408920984984055e-16,-4.4408920984984055e-16,open_errors,,,,,,
0.8,0.3,1024,25.9,7.767556497932277,0.0008460121511691,1.0023652216454244,1.9901660260190747e-05,2.033323875687531e-07,1.604877503472909e-05,2.4881510959749984e-08,-4.4408920984984055e-16,-4.4408920984984055e-16,open_errors,,,,,,
0.8,0.3,1024,26.0,7.797547063561359,0.0008717688095969,1.0024373097787118,2.048983169625306e-05,2.0851364346198745e-07,1.6601052206298955e-05,2.500065393941724e-08,-4.4408920984984055e-16,-6.661338147747608e-16,open_errors,,,,,,
0.8,0.3,1024,26.1,7.8275376291904415,0.0008983096224885,1.002511597536906,2.109546201657068e-05,2.1385902638486061e-07,1.7172080773364587e-05,2.5138981509915063e-08,-4.4408920984984055e-16,-6.661338147747608e-16,open_errors,,,,,,
0.8,0.3,1024,26.2,7.8575281948195235,0.0009256584630759,1.0025881521913549,2.171907215008055e-05,2.193754411248439e-07,1.7762490584295244e-05,2.529870003403533e-08,-4.4408920984984055e-16,-4.4408920984984055e-16,open_errors,,,,,,
0.8,0.3,1024,26.3,7.887518760448605,0.0009538399313883,1.002667043080312,2.236119866110947e-05,2.250701511908615e-07,1.8372932458983894e-05,2.548213563958961e-08,-4.4408920984984055e-16,-4.4408920984984055e-16,open_errors,,,,,,
0.8,0.3,1024,26.4,7.917509326077688,0.0009828793763771,1.002748341673034,2.3022394221730747e-05,2.309507999076129e-07,1.900407888214149e-05,2.5691738823956625e-08,-4.4408920984984055e-16,-4.4408920984984055e-16,open_errors,,,,,,
0.8,0.3,1024,26.5,7.947499891706769,0.0010128029187149,1.0028321216358984,2.370322809843153e-05,2.3702543272798043e-07,1.9656624719617535e-05,2.5930090149279287e-08,-4.4408920984984055e-16,-4.4408920984984055e-16,open_errors,,,,,,
0.8,0.3,1024,26.6,7.977490457335852,0.001043637474288,1.0029184589006124,2.440428665366449e-05,2.433025210232532e-07,2.0331287957582877e-05,2.619990869808649e-08,-4.4408920984984055e-16,-6.661338147747608e-16,open_errors,,,,,,
0.8,0.3,1024,26.7,8.007481022964933,0.0010754107784047,1.0030074317345792,2.512617386260806e-05,2.497909873732456e-07,2.102881046679084e-05,2.6504062551912623e-08,-4.4408920984984055e-16,-6.661338147747608e-16,open_errors,,,,,,
0.8,0.3,1024,26.8,8.037471588594016,0.0011081514107391,1.003099120813497,2.586951184563693e-05,2.565002324383044e-07,2.174995879141374e-05,2.684558388891237e-08,-4.4408920984984055e-16,-6.661338147747608e-16,open_errors,,,,,,
0.8,0.3,1024,26.9,8.067462154223099,0.0011418888210354,1.0031936092962594,2.663494141704614e-05,2.634401635738246e-07,2.249552496423397e-05,2.7227687163455664e-08,-4.4408920984984055e-16,-6.661338147747608e-16,open_errors,,,,,,
0.8,0.3,1024,27.0,8.09745271985218,0.001176653355594,1.003290982902227,2.7423122650477907e-05,2.706212252563803e-07,2.3266327348044173e-05,2.7653793420173573e-08,-4.4408920984984055e-16,-4.4408920984984055e-16,open_errors,,,,,,
0.8,0.3,1024,27.1,8.127443285481263,0.001212476284563,1.0033913299909696,2.82347354614822e-05,2.780544314640977e-07,2.406321150530882e-05,2.8127558844832088e-08,-4.4408920984984055e-16,-6.661338147747608e-16,open_errors,,,,,,
0.8,0.3,1024,27.2,8.157433851110344,0.0012493898300615,1.0034947416445352,2.907048020794392e-05,2.857514001386565e-07,2.488705109579915e-05,2.8652911017121282e-08,-4.4408920984984055e-16,-6.661338147747608e-16,open_errors,,,,,,
0.8,0.3,1024,27.3,8.187424416739427,0.0012874271951577,1.003601311752346,2.993107830868273e-05,2.937243898327906e-07,2.573874880440345e-05,2.9234090157724067e-08,-4.4408920984984055e-16,-6.661338147747608e-16,open_errors,,,,,,
0.8,0.3,1024,27.4,8.21741498236851,0.0013266225937296,1.0037111370988032,3.081727288100695e-05,3.019863387767185e-07,2.661923729885559e-05,2.9875698308269533e-08,-4.4408920984984055e-16,-6.661338147747608e-16,open_errors,,,,,,
0.8,0.3,1024,27.5,8.247405547997591,0.0013670112812336,1.003824317453695,3.1729829397592564e-05,3.105509063890333e-07,2.752948021886112e-05,3.058275559439027e-08,-6.661338147747608e-16,-6.661338147747608e-16,open_errors,,,,,,
0.8,0.3,1024,27.6,8.277396113626674,0.0014086295864106,1.003940955665492,3.2669536363455415e-05,3.194325175045825e-07,2.8470473198385573e-05,3.1360762147565854e-08,-4.4408920984984055e-16,-6.661338147747608e-16,open_errors,,,,,,
0.8,0.3,1024,27.7,8.307386679255755,0.0014515149439553,1.0040611577576355,3.363720601345852e-05,3.286464094590214e-07,2.944324492049733e-05,3.2215768278911605e-08,-4.4408920984984055e-16,-4.4408920984984055e-16,open_errors,,,,,,
0.8,0.3,1024,27.8,8.337377244884838,0.001495705928181,1.0041850330279247,3.4633675031263205e-05,3.382086821981214e-07,3.044885820809041e-05,3.315444987053633e-08,-4.4408920984984055e-16,-6.661338147747608e-16,open_errors,,,,,,
0.8,0.3,1024,27.9,8.36736781051392,0.0015412422877078,1.0043126941510785,3.56598052899802e-05,3.481363516295098e-07,3.148841114902951e-05,3.4184187862287065e-08,-6.661338147747608e-16,-8.881784196996811e-16,open_errors,,,,,,
0.8,0.3,1024,28.0,8.397358376143002,0.0015881649812067,1.0044442572846264,3.67164846155712e-05,3.5844740641419906e-07,3.256303825920095e-05,3.531315412023398e-08,-6.661338147747608e-16,-6.661338147747608e-16,open_errors,,,,,,
0.8,0.3,1024,28.1,8.427348941772085,0.001636516214231,1.0045798421781915,3.78046275734873e-05,3.69160868418779e-07,3.367391168386103e-05,3.655039798813934e-08,-6.661338147747608e-16,-6.661338147747608e-16,open_errors,,,,,,
0.8,0.3,1024,28.2,8.457339507401166,0.0016863394771683,1.0047195722863158,3.892517627925487e-05,3.802968571337063e-07,3.48222424375086e-05,3.790593616240221e-08,-6.661338147747608e-16,-6.661338147747608e-16,open_errors,,,,,,
0.8,0.3,1024,28.3,8.487330073030249,0.0017376795843471,1.0048635748849326,4.007910123386265e-05,3.918766581259609e-07,3.600928168524539e-05,3.939084131395416e-08,-4.4408920984984055e-16,-6.661338147747608e-16,open_errors,,,,,,
0.8,0.3,1024,28.4,8.517320638659331,0.0017905827143327,1.0050119811916138,4.126740218460177e-05,4.03922796032229e-07,3.7236322065916654e-05,4.1017331049011165e-08,-4.4408920984984055e-16,-6.661338147747608e-16,open_errors,,,,,,
0.8,0.3,1024,28.5,8.547311204288413,0.0018450964514501,1.0051649264897238,4.249110901221462e-05,4.16459112167316e-07,3.850469905874865e-05,4.2798853147863664e-08,-4.4408920984984055e-16,-6.661338147747608e-16,open_errors,,,,,,
0.8,0.3,1024,28.6,8.577301769917495,0.0019012698285677,1.005322550256609,4.375128264502123e-05,4.295108471525802e-07,3.9815792394998654e-05,4.47501686982728e-08,-4.4408920984984055e-16,-6.661338147747608e-16,open_errors,,,,,,
0.8,0.3,1024,28.7,8.607292335546576,0.0019591533711849,1.005484996295967,4.5049016001090855e-05,4.431047288738794e-07,4.1171027515142857e-05,4.688743077412475e-08,-6.661338147747608e-16,-8.881784196996811e-16,open_errors,,,,,,
0.8,0.3,1024,28.8,8.63728290117566,0.0020187991428587,1.0056524128745397,4.638543495911364e-05,4.572690660458923e-07,4.257187707560152e-05,4.922825941440705e-08,-6.661338147747608e-16,-8.881784196996811e-16,open_errors,,,,,,
0.8,0.3,1024,28.9,8.667273466804742,0.0020802607920125,1.00582495286327,4.776169935889436e-05,4.720338477797224e-07,4.401986250296358e-05,5.179181295266036e-08,-8.881784196996811e-16,-8.881784196996811e-16,open_errors,,,,,,
0.8,0.3,1024,29.0,8.697264032433823,0.0021435936001685,1.0060027738831003,4.917900403243033e-05,4.874308495500453e-07,4.551655560050874e-05,5.4598856589228046e-08,-8.881784196996811e-16,-8.881784196996811e-16,open_errors,,,,,,
0.8,0.3,1024,29.1,8.727254598062906,0.0022088545316465,1.0061860384555483,5.063857986648095e-05,5.034937458573644e-07,4.706358020710362e-05,5.7671829962159465e-08,-8.881784196996811e-16,-8.881784196996811e-16,open_errors,,,,,,
0.8,0.3,1024,29.2,8.757245163691987,0.0022761022847743,1.0063749141582472,5.214169489760448e-05,5.202582301279239e-07,4.866261391072704e-05,6.10349144605501e-08,-8.881784196996811e-16,-8.881784196996811e-16,open_errors,,,,,,
0.8,0.3,1024,29.3,8.78723572932107,0.002345397344654,1.006569573785608,5.368965544063222e-05,5.37762142195742e-07,5.031538981764836e-05,6.471410275452159e-08,-8.881784196996811e-16,-8.881784196996811e-16,open_errors,,,,,,
0.8,0.3,1024,29.4,8.817226294950153,0.002416802037534,1.0067701955148076,5.528380725167047e-05,5.560456038600492e-07,5.202369838125416e-05,6.873727341375092e-08,-8.881784196996811e-16,-8.881784196996811e-16,open_errors,,,,,,
0.8,0.3,1024,29.5,8.847216860579234,0.0024903805868327,1.0069769630772691,5.692553672657641e-05,5.751511630676748e-07,5.3789389288869664e-05,7.313427185949843e-08,-8.881784196996811e-16,-8.881784196996811e-16,open_errors,,,,,,
0.8,0.3,1024,29.6,8.877207426208317,0.0025661991708652,1.007190065935839,5.861627213605733e-05,5.951239471249983e-07,5.561437341198179e-05,7.793699956134889e-08,-8.881784196996811e-16,-8.881784196996811e-16,open_errors,,,,,,
0.8,0.3,1024,29.7,8.907197991837398,0.0026443259823249,1.0074096994678654,6.035748489860194e-05,6.160118256177463e-07,5.75006248203205e-05,8.31795147785387e-08,-8.881784196996811e-16,-8.881784196996811e-16,open_errors,,,,,,
0.8,0.3,1024,29.8,8.93718855746648,0.0027248312895723,1.007636065154392,6.215069089226063e-05,6.378655835305688e-07,5.945018286200093e-05,8.88981441896957e-08,-8.881784196996811e-16,-8.881784196996811e-16,open_errors,,,,,,
0.8,0.3,1024,29.9,8.967179123095564,0.0028077874997863,1.0078693707756718,6.399745180655144e-05,6.607391052263826e-07,6.146515431191365e-05,9.513160911656865e-08,-8.881784196996811e-16,-8.881784196996811e-16,open_errors,,,,,,
0.8,0.3,1024,30.0,8.997169688724645,0.0028932692240341,1.0081098306132543,6.589937653564721e-05,6.846895699218415e-07,6.354771559077276e-05,1.0192116475514553e-07,-8.881784196996811e-16,-8.881784196996811e-16,open_errors,,,,,,
0.8,0.3,1024,30.1,9.027160254353728,0.0029813533443179,1.0083576656588602,6.78581226142821e-05,7.097776593782692e-07,6.570011505791342e-05,1.0931075565327309e-07,-8.881784196996811e-16,-8.881784196996811e-16,open_errors,,,,,,
0.8,0.3,1024,30.2,9.057150819982809,0.003072119082658,1.008613103830308,6.987539769734964e-05,7.360677785005097e-07,6.792467537759872e-05,1.1734718581293908e-07,-8.881784196996811e-16,-1.1102230246246014e-15,open_errors,,,,,,
0.8,0.3,1024,30.3,9.087141385611892,0.0031656480722737,1.008876380194741,7.195296108502992e-05,7.636282896582155e-07,7.022379596628652e-05,1.2608030470432501e-07,-1.1102230246246014e-15,-1.1102230246246014e-15,open_errors,,,,,,
0.8,0.3,1024,30.4,9.117131951240976,0.0032620244309263,1.0091477371994266,7.40926252942793e-05,7.925317615394304e-07,7.259995551678046e-05,1.3556320969049377e-07,-1.1102230246246014e-15,-1.1102230246246014e-15,open_errors,,,,,,
0.8,0.3,1024,30.5,9.147122516870056,0.0033613348364882,1.0094274249104125,7.629625767861933e-05,8.228552333818645e-07,7.505571460905836e-05,1.4585246379674986e-07,-1.1102230246246014e-15,-1.1102230246246014e-15,open_errors,,,,,,
0.8,0.3,1024,30.6,9.177113082499138,0.0034636686048056,1.009715701259312,7.856578209720512e-05,8.546804955869622e-07,7.75937184039355e-05,1.5700833093664136e-07,-1.1102230246246014e-15,-1.3322676295495217e-15,open_errors,,,,,,
0.8,0.3,1024,30.7,9.20710364812822,0.0035691177699257,1.010012832298555,8.090318063522011e-05,8.880943875820222e-07,8.021669942810839e-05,1.6909502702039704e-07,-1.1102230246246014e-15,-1.3322676295495217e-15,open_errors,,,,,,
0.8,0.3,1024,30.8,9.237094213757302,0.0036777771667565,1.0103190924653842,8.331049537666341e-05,9.231891140934292e-07,8.292748044923121e-05,1.8218098827058493e-07,-1.1102230246246014e-15,-1.3322676295495217e-15,open_errors,,,,,,
0.8,0.3,1024,30.9,9.267084779386384,0.0037897445162354,1.0106347648549523,8.578983023148965e-05,9.600625808568311e-07,8.572897744684208e-05,1.9633915780173821e-07,-1.3322676295495217e-15,-1.3322676295495217e-15,open_errors,,,,,,
0.8,0.3,1024,31.0,9.297075345015466,0.0039051205130808,1.010960141502855,8.834335281858322e-05,9.98818750980356e-07,8.862420268111665e-05,2.1164728969372947e-07,-1.1102230246246014e-15,-1.3322676295495217e-15,open_errors,,,,,,
0.8,0.3,1024,31.1,9.32706591064455,0.0040240089162041,1.0112955236774543,9.097329640628244e-05,1.039568023207901e-06,9.161626786239922e-05,2.2818827302747686e-07,-1.3322676295495217e-15,-1.3322676295495217e-15,open_errors,,,,,,
0.8,0.3,1024,31.2,9.35705647627363,0.0041465166418636,1.0116412221823745,9.368196191240708e-05,1.082427633371655e-06,9.470838742661592e-05,2.460504747384739e-07,-1.3322676295495217e-15,-1.3322676295495217e-15,open_errors,,,,,,
0.8,0.3,1024,31.3,9.387047041902711,0.004272753859641,1.0119975576695557,9.647171996523429e-05,1.1275220805306022e-06,9.790388191806458e-05,2.653281051711197e-07,-1.3322676295495217e-15,-1.554312234474442e-15,open_errors,,,,,,
0.8,0.3,1024,31.4,9.417037607531796,0.0044028340913257,1.012364860963269,9.934501302759412e-05,1.1749835792306011e-06,0.0001012061814835,2.861216050683336e-07,-1.3322676295495217e-15,-1.3322676295495217e-15,open_errors,,,,,,
0.8,0.3,1024,31.5,9.447028173160875,0.0045368743127951,1.012743473395531,0.000102304357586,1.2249525394441492e-06,0.0001046188294846,3.085380555015473e-07,-1.3322676295495217e-15,-1.7763568393993622e-15,open_errors,,,,,,
0.8,0.3,1024,31.6,9.47701873878996,0.0046749950589794,1.0131337471533504,0.0001053523464067,1.2775780760628864e-06,0.0001081454862266,3.3269161501299415e-07,-1.7763568393993622e-15,-1.7763568393993622e-15,open_errors,,,,,,
0.8,0.3,1024,31.7,9.50700930441904,0.004817320532004,1.0135360456382698,0.0001084916508605,1.333018549522245e-06,0.0001117899328138,3.587039811972691e-07,-1.7763568393993622e-15,-1.7763568393993622e-15,open_errors,,,,,,
0.8,0.3,1024,31.8,9.536999870048124,0.0049639787126042,1.0139507438386972,0.000111725023319,1.3914421396870545e-06,0.0001155560751304,3.8670488261360884e-07,-1.7763568393993622e-15,-1.7763568393993622e-15,open_errors,,,,,,
0.8,0.3,1024,31.9,9.566990435677209,0.0051151014749098,1.01437822871553,0.0001150552996238,1.4530274548480949e-06,0.0001194479479559,4.168325989684001e-07,-1.7763568393993622e-15,-1.9984014443242827e-15,open_errors,,,,,,
0.8,0.3,1024,32.0,9.596981001306288,0.0052708247047008,1.0148188996015954,0.000118485401631,1.5179641782501042e-06,0.0001234697192155,4.4923451619006427e-07,-2.2204460492492028e-15,-1.9984014443242827e-15,open_errors,,,,,,
0.8,0.3,1024,32.1,9.62697156693537,0.0054312884212368,1.0152731686154697,0.0001220183398345,1.5864537541761229e-06,0.0001276256943737,4.84067712689789e-07,-2.2204460492492028e-15,-2.2204460492492028e-15,open_errors,,,,,,
0.8,0.3,1024,32.2,9.656962132564454,0.0055966369027669,1.0157414610902524,0.0001256572160677,1.6587101163160862e-06,0.0001319203209732,5.214995842890651e-07,-2.2204460492492028e-15,-2.2204460492492028e-15,open_errors,,,,,,
0.8,0.3,1024,32.3,9.686952698193531,0.0057670188158296,1.016224216017898,0.0001294052262896,1.734960460876262e-06,0.0001363581933255,5.617085075659035e-07,-2.2204460492492028e-15,-2.4424906541741232e-15,open_errors,,,,,,
0.8,0.3,1024,32.4,9.716943263822616,0.0059425873484545,1.0167218865097525,0.0001332656634545,1.815446067269016e-06,0.000140944057359,6.048845440223092e-07,-2.2204460492492028e-15,-2.2204460492492028e-15,open_errors,,,,,,
0.8,0.3,1024,32.5,9.7469338294517,0.0061235003473818,1.017234940273944,0.0001372419204701,1.9004231693094177e-06,0.0001456828156289,6.512301883503233e-07,-2.6645352590990437e-15,-2.4424906541741232e-15,open_errors,,,,,,
0.8,0.3,1024,32.6,9.776924395080782,0.0063099204594191,1.0177638601103371,0.0001413374932462,1.9901638801418025e-06,0.0001505795324948,7.00961163804693e-07,-2.6645352590990437e-15,-2.6645352590990437e-15,open_errors,,,,,,
0.8,0.3,1024,32.7,9.806914960709864,0.0065020152770556,1.0183091444237742,0.0001455559838353,2.0849571741679893e-06,0.0001556394394731,7.543072672029368e-07,-2.6645352590990437e-15,-2.6645352590990437e-15,open_errors,,,,,,
0.8,0.3,1024,32.8,9.836905526338944,0.0066999574884611,1.0188713077563658,0.0001499011036702,2.185109929574932e-06,0.0001608679407681,8.115132668033794e-07,-2.886579864023964e-15,-2.886579864023964e-15,open_errors,,,,,,
0.8,0.3,1024,32.9,9.866896091968028,0.0069039250319978,1.0194508813396408,0.0001543766768999,2.290948035192004e-06,0.0001662706189909,8.728398560151174e-07,-3.108624468948884e-15,-3.108624468948884e-15,open_errors,,,,,,
0.8,0.3,1024,33.0,9.89688665759711,0.0071141012553769,1.0200484136673944,0.0001589866438269,2.4028175657966825e-06,0.0001718532410705,9.385646682961331e-07,-3.3306690738738043e-15,-3.3306690738738043e-15,open_errors,,,,,,
0.8,0.3,1024,33.1,9.926877223226192,0.007330675079597,1.020664471090105,0.0001637350644499,2.521086030029699e-06,0.0001776217643651,1.008983353573786e-06,-3.5527136787987244e-15,-3.5527136787987244e-15,open_errors,,,,,,
0.8,0.3,1024,33.2,9.956867788855275,0.0075538411678021,1.0212996384318662,0.0001686261221143,2.646143695471977e-06,0.0001835823429812,1.0844107244792577e-06,-3.5527136787987244e-15,-3.5527136787987244e-15,open_errors,,,,,,
0.8,0.3,1024,33.3,9.986858354484356,0.0077838000992042,1.021954519630785,0.0001736641272732,2.7784049957824056e-06,0.0001897413343065,1.1651819724599585e-06,-3.5527136787987244e-15,-3.774758283723645e-15,open_errors,,,,,,
0.8,0.3,1024,33.4,10.016848920113436,0.0080207585482158,1.0226297384038847,0.0001788535213639,2.918310024969442e-06,0.0001961053057661,1.251653962368812e-06,-3.9968028886485646e-15,-3.9968028886485646e-15,open_errors,,,,,,
0.8,0.3,1024,33.5,10.04683948574252,0.0082649294689439,1.0233259389375706,0.0001841988808018,3.066326124112832e-06,0.0002026810418093,1.3442066060871345e-06,-4.4408920984984055e-15,-4.218847493573485e-15,open_errors,,,,,,
0.8,0.3,1024,33.6,10.076830051371603,0.0085165322852006,1.0240437866047951,0.0001897049210962,3.222949566528165e-06,0.0002094755511357,1.4432443241984548e-06,-4.4408920984984055e-15,-4.4408920984984055e-15,open_errors,,,,,,
0.8,0.3,1024,33.7,10.106820617000686,0.0087757930861862,1.0247839687101017,0.0001953765010904,3.3887073473759182e-06,0.0002164960741693,1.5491975984786243e-06,-4.884981308348247e-15,-4.4408920984984055e-15,open_errors,,,,,,
0.8,0.3,1024,33.8,10.136811182629764,0.0090429448280108,1.025547195263791,0.0002012186273317,3.5641590841905747e-06,0.000223750090791,1.6625246223850717e-06,-5.107025913273167e-15,-4.884981308348247e-15,open_errors,,,,,,
0.8,0.3,1024,33.9,10.166801748258848,0.009318227541217,1.026334199786527,0.0002072364585734,3.749899035338694e-06,0.0002312453283371,1.7837130545065351e-06,-5.107025913273167e-15,-5.329070518198087e-15,open_errors,,,,,,
0.8,0.3,1024,34.0,10.196792313887933,0.0096018885444773,1.027145740145757,0.0002134353104134,3.946558243741102e-06,0.0002389897698763,1.9132818831724047e-06,-5.329070518198087e-15,-5.551115123123007e-15,open_errors,,,,,,
0.8,0.3,1024,34.1,10.226782879517014,0.0098941826646372,1.0279825994253935,0.0002198206600746,4.154806813571466e-06,0.0002469916627745,2.0517834071168525e-06,-5.773159728047928e-15,-5.773159728047928e-15,open_errors,,,,,,
0.8,0.3,1024,34.2,10.256773445146097,0.0101953724632857,1.0288455868302913,0.0002263981513281,4.3753563283287306e-06,0.0002552595275586,2.1998053412733963e-06,-6.217248937897768e-15,-5.995204332972848e-15,open_errors,,,,,,
0.8,0.3,1024,34.300000000000004,10.286764010775178,0.0105057284700325,1.0297355386271312,0.000233173599568,4.608962418983093e-06,0.0002638021670922,2.357973054390655e-06,-6.661338147747609e-15,-6.217248937897768e-15,open_errors,,,,,,
0.8,0.3,1024,34.4,10.31675457640426,0.01082552942268,1.030653319123396,0.0002401529970374,4.856427491593546e-06,0.0002726286760727,2.526951947508481e-06,-6.883382752672529e-15,-6.661338147747609e-15,open_errors,,,,,,
0.8,0.3,1024,34.5,10.346745142033342,0.0111550625144804,1.031599821686249,0.0002473425182144,5.118603624390147e-06,0.0002817484508676,2.707449981557842e-06,-7.327471962522371e-15,-7.105427357597449e-15,open_errors,,,,,,
0.8,0.3,1024,34.6,10.376735707662425,0.0114946236486706,1.0325759698031702,0.0002547485253599,5.396395644612193e-06,0.0002911711996969,2.9002203641235694e-06,-7.549516567447289e-15,-7.549516567447289e-15,open_errors,,,,,,
0.8,0.3,1024,34.7,10.406726273291508,0.0118445177004856,1.0335827181863717,0.0002623775742326,5.690764396657868e-06,0.0003009069531823,3.1060644048111355e-06,-8.21565038222205e-15,-7.99360577729713e-15,open_errors,,,,,,
0.8,0.3,1024,34.800000000000004,10.436716838920589,0.0122050587868495,1.034621053923068,0.0002702364199772,6.002730213082211e-06,0.0003109660752741,3.3258345496486797e-06,-8.437694987146971e-15,-8.437694987146971e-15,open_errors,,,,,,
0.8,0.3,1024,34.9,10.46670740454967,0.0125765705439523,1.0356919976738397,0.0002783320231897,6.33337660134044e-06,0.0003213592745723,3.5604376073226645e-06,-9.103828801921732e-15,-8.881784196996811e-15,open_errors,,,,,,
0.8,0.3,1024,35.0,10.496697970178753,0.0129593864129199,1.0367966049214052,0.0002866715561648,6.683854159500428e-06,0.0003320976160594,3.810838177000053e-06,-9.769962616696491e-15,-9.325873406846651e-15,open_errors,,,,,,
0.8,0.3,1024,35.1,10.526688535807835,0.0133538499337916,1.0379359672723114,0.0002952624093321,7.055384735353024e-06,0.0003431925332624,4.078062292489177e-06,-1.0214051826546332e-14,-9.769962616696491e-15,open_errors,,,,,,
0.8,0.3,1024,35.2,10.556679101436918,0.0137603150480201,1.039111213814124,0.0003041121978849,7.449265843874661e-06,0.0003546558408613,4.363201295492418e-06,-1.1102230246246012e-14,-1.0436096431471252e-14,open_errors,,,,,,
0.8,0.3,1024,35.300000000000004,10.586669667066,0.0141791464097133,1.0403235125309007,0.0003132287686082,7.866875359244527e-06,0.0003664997477636,4.66741595252565e-06,-1.1546319456095855e-14,-1.1102230246246012e-14,open_errors,,,,,,
0.8,0.3,1024,35.4,10.61666023269508,0.0146107197058407,1.0415740717798805,0.0003226202069113,8.309676498559883e-06,0.0003787368706681,4.991940830696038e-06,-1.2212453270870616e-14,-1.1546319456095855e-14,open_errors,,,,,,
0.8,0.3,1024,35.5,10.646650798324163,0.015055421985628,1.0428641418324642,0.0003322948440712,8.779223115157072e-06,0.0003913802481356,5.338088949502671e-06,-1.2878587085645376e-14,-1.2212453270870616e-14,open_errors,,,,,,
0.8,0.3,1024,35.6,10.676641363953246,0.0155136519993678,1.0441950164827845,0.0003422612646919,9.27716532114327e-06,0.0004044433551933,5.707256725585231e-06,-1.3766765505345058e-14,-1.3100631690570296e-14,open_errors,,,,,,
0.8,0.3,1024,35.7,10.70663192958233,0.0159858205468739,1.04556803472733,0.0003525283143873,9.805255459420295e-06,0.0004179401184952,6.100929228872807e-06,-1.4654943925044743e-14,-1.3766765505345058e-14,open_errors,,,,,,
0.8,0.3,1024,35.800000000000004,10.73662249521141,0.0164723508358114,1.0469845825193005,0.0003631051076924,1.0365354447058074e-05,0.0004318849320647,6.520685770237671e-06,-1.5543122344744423e-14,-1.4654943925044743e-14,open_errors,,,,,,
0.8,0.3,1024,35.9,10.766613060840491,0.0169736788501316,1.0484460946016003,0.0003740010362107,1.095943851310957e-05,0.0004462926736491,6.968205841914289e-06,-1.64313007644441e-14,-1.5543122344744423e-14,open_errors,,,,,,
0.8,0.3,1024,36.0,10.796603626469574,0.0174902537288459,1.0499540564226015,0.0003852257770036,1.1589606355648468e-05,0.0004611787217114,7.445275433003775e-06,-1.731947918414378e-14,-1.64313007644441e-14,open_errors,,,,,,
0.8,0.3,1024,36.1,10.826594192098655,0.0180225381553681,1.0515100061390652,0.0003967893012289,1.2258086743838202e-05,0.0004765589730946,7.953793743371062e-06,-1.8207657603843464e-14,-1.731947918414378e-14,open_errors,,,,,,
0.8,0.3,1024,36.2,10.85658475772774,0.018571008757658,1.053115536710886,0.0004087018830355,1.2967246593255098e-05,0.0004924498613891,8.495780323284645e-06,-1.9539925233392983e-14,-1.842970220876838e-14,open_errors,,,,,,
0.8,0.3,1024,36.3,10.88657532335682,0.0191361565193944,1.0547722980925978,0.0004209741087217,1.3719599543575873e-05,0.0005088683760395,9.073382662957529e-06,-2.0428103653092663e-14,-1.9539925233392983e-14,open_errors,,,,,,
0.8,0.3,1024,36.4,10.916565888985902,0.0197184872024039,1.0564819995269,0.0004336168861639,1.4517815070354068e-05,0.0005258320822285,9.688884264689323e-06,-2.1760371282642188e-14,-2.0650148258017587e-14,open_errors,,,,,,
0.8,0.3,1024,36.5,10.946556454614983,0.0203185217805707,1.0582464119457902,0.0004466414545238,1.5364728164075956e-05,0.0005433591415784,1.034471322499636e-05,-2.3092638912191713e-14,-2.1982415887567103e-14,open_errors,,,,,,
0.8,0.3,1024,36.6,10.976547020244068,0.0209367968854446,1.060067370485244,0.0004600593942415,1.6263349612069414e-05,0.0005614683337127,1.1043451362097918e-05,-2.4424906541741232e-14,-2.3092638912191713e-14,open_errors,,,,,,
0.8,0.3,1024,36.7,11.00653758587315,0.0215738652637607,1.0619467771197515,0.0004738826373232,1.7216876921023317e-05,0.0005801790787243,1.1787843923241588e-05,-2.5979218776215672e-14,-2.4646951146666153e-14,open_errors,,,,,,
0.8,0.3,1024,36.8,11.036528151502232,0.0222302962470778,1.0638866034234442,0.0004881234779306,1.8228705920115496e-05,0.0005995114606003,1.2580809908208814e-05,-2.7533531010690115e-14,-2.6201263381140596e-14,open_errors,,,,,,
0.8,0.3,1024,36.9,11.066518717131313,0.0229066762337314,1.0658888934649684,0.0005027945832816,1.930244308763108e-05,0.000619486251654,1.342545305137889e-05,-2.9087843245164555e-14,-2.7533531010690115e-14,open_errors,,,,,,
0.8,0.3,1024,37.0,11.096509282760396,0.0236036091832907,1.0679557668437314,0.0005179090048697,2.044191864619449e-05,0.0006401249380241,1.4325073502410565e-05,-3.1086244689488846e-14,-2.9309887850089485e-14,open_errors,,,,,,
0.8,0.3,1024,37.1,11.12649984838948,0.0243217171236916,1.0700894218756576,0.0005334801900124,2.1651200475079764e-05,0.000661449746299,1.5283180253308396e-05,-3.3084646133813124e-14,-3.1086244689488846e-14,open_errors,,,,,,
0.8,0.3,1024,37.2,11.15649041401856,0.0250616406712095,1.0722921389371056,0.0005495219937367,2.293460889092501e-05,0.0006834836713335,1.6303504359332103e-05,-3.50830475781374e-14,-3.3084646133813124e-14,open_errors,,,,,,
0.8,0.3,1024,37.3,11.186480979647644,0.0258240395634144,1.0745662839762198,0.0005660486910115,2.429673235133164e-05,0.0007062505053269,1.739001300682553e-05,-3.7081449022461693e-14,-3.4861002973212485e-14,open_errors,,,,,,
0.8,0.3,1024,37.4,11.216471545276724,0.0266095932052337,1.076914312201572,0.0005830749893369,2.5742444139611517e-05,0.0007297748682403,1.854692448184338e-05,-3.9301895071710896e-14,-3.7303493627386605e-14,open_errors,,,,,,
0.8,0.3,1024,37.5,11.246462110905806,0.027419001228226,1.0793387719586394,0.0006006160416998,2.727692009244934e-05,0.0007540822396314,1.977872410160662e-05,-4.1744385725885016e-14,-3.9301895071710896e-14,open_errors,,,,,,
0.8,0.3,1024,37.6,11.27645267653489,0.0282529840631442,1.0818423088053903,0.0006186874599074,2.890565743629338e-05,0.0007791989919978,2.1090181169641507e-05,-4.4186876380059136e-14,-4.1744385725885016e-14,open_errors,,,,,,
0.8,0.3,1024,37.7,11.306443242163972,0.0291122835258374,1.084427669799015,0.0006373053283079,3.063449480255505e-05,0.0008051524257228,2.248636702585899e-05,-4.7073456244083104e-14,-4.440892098498405e-14,open_errors,,,,,,
0.8,0.3,1024,37.8,11.336433807793052,0.0299976634165077,1.08709770800669,0.0006564862179106,3.2469633496110445e-05,0.0008319708057238,2.3972674260670534e-05,-4.973799150318214e-14,-4.7073456244083104e-14,open_errors,,,,,,
0.8,0.3,1024,37.9,11.366424373422134,0.0309099101323034,1.089855387254161,0.0006762472009174,3.441766009659919e-05,0.000859683399918,2.555483717493606e-05,-5.2846615972131034e-14,-4.973799150318214e-14,open_errors,,,,,,
0.8,0.3,1024,38.0,11.396414939051215,0.0318498332931876,1.0927037871269067,0.0006966058656761,3.6485570476844414e-05,0.0008883205196222,2.723895356640411e-05,-5.5955240441079913e-14,-5.2846615972131034e-14,open_errors,,,,,,
0.8,0.3,1024,38.1,11.4264055046803,0.0328182663809729,1.0956461082397086,0.0007175803320709,3.868079532872833e-05,0.0009179135620168,2.90315079349154e-05,-5.950795411987864e-14,-5.617728504600484e-14,open_errors,,,,,,
0.8,0.3,1024,38.2,11.45639607030938,0.0338160673913642,1.0986856777915752,0.0007391892673606,4.101122729213475e-05,0.0009484950548143,3.093939619893659e-05,-6.306066779867736e-14,-5.950795411987864e-14,open_errors,,,,,,
0.8,0.3,1024,38.3,11.486386635938464,0.0348441194987885,1.10182595542422,0.000761451902481,4.34852497892296e-05,0.0009800987032856,3.29699520318462e-05,-6.705747068732593e-14,-6.328271240360228e-14,open_errors,,,,,,
0.8,0.3,1024,38.4,11.516377201567543,0.035903331733729,1.1050705394036058,0.0007843880488247,4.611176767301316e-05,0.0010127594398066,3.5130974921970333e-05,-7.10542735759745e-14,-6.705747068732593e-14,open_errors,,,,,,
0.8,0.3,1024,38.5,11.546367767196628,0.0369946396722033,1.1084231731455343,0.0008080181155152,4.890023980609514e-05,0.0010465134761057,3.743076008198277e-05,-7.549516567447289e-14,-7.12763181808994e-14,open_errors,,,,,,
0.8,0.3,1024,38.6,11.576358332825713,0.0381190061369464,1.111887752107794,0.0008323631271909,5.186071369336716e-05,0.0010813983584073,3.987813033009624e-05,-8.038014698282116e-14,-7.549516567447289e-14,open_errors,,,,,,
0.8,0.3,1024,38.7,11.606348898454792,0.0392774219097653,1.115468331073105,0.0008574447423186,5.5003862300672505e-05,0.001117453025679,4.24824700841877e-05,-8.52651282911694e-14,-8.015810237789623e-14,open_errors,,,,,,
0.8,0.3,1024,38.8,11.636339464083877,0.0404709064544312,1.1191691318489136,0.0008832852720542,5.834102319988269e-05,0.0011547178712166,4.525376161399223e-05,-9.059419880936749e-14,-8.52651282911694e-14,open_errors,,,,,,
0.8,0.3,1024,38.9,11.666330029712956,0.0417005086493608,1.1229945514120991,0.0009099076996724,6.188424019074256e-05,0.0011932348078134,4.820262371295989e-05,-9.614531393249049e-14,-9.037215420444257e-14,open_errors,,,,,,
0.8,0.3,1024,39.0,11.69632059534204,0.0429673075292113,1.1269491705288237,0.000937335700588,6.564630755954669e-05,0.0012330473367862,5.134035295896596e-05,-1.0214051826546333e-13,-9.614531393249049e-14,open_errors,,,,,,
0.8,0.3,1024,39.1,11.726311160971122,0.0442724130343745,1.1310377628821064,0.0009655936629933,6.964081714562183e-05,0.0012742006211579,5.467896775014974e-05,-1.0880185641321095e-13,-1.0214051826546333e-13,open_errors,,,,,,
0.8,0.3,1024,39.2,11.756301726600205,0.0456169667671967,1.1352653047422847,0.0009947067091391,7.388220839824931e-05,0.0013167415633134,5.823125531500541e-05,-1.1546319456095857e-13,-1.0835776720336109e-13,open_errors,,,,,,
0.8,0.3,1024,39.3,11.786292292229286,0.0470021427535796,1.1396369852182917,0.0010247007172885,7.838582161920929e-05,0.0013607188874867,6.201082191207751e-05,-1.22568621918556e-13,-1.1501910535110874e-13,open_errors,,,,,,
0.8,0.3,1024,39.4,11.816282857858369,0.0484291482084234,1.144158217130762,0.0010556023443776,8.316795459904536e-05,0.0014061832274618,6.60321464516105e-05,-1.301181384860033e-13,-1.2212453270870618e-13,open_errors,,,,,,
0.8,0.3,1024,39.5,11.84627342348745,0.0498992243031601,1.1488346485512733,0.0010874390494191,8.824592287017224e-05,0.0014531872199057,7.031063779023818e-05,-1.3833378886822536e-13,-1.2989609388107836e-13,open_errors,,,,,,
0.8,0.3,1024,39.6,11.876263989116532,0.0514136469333871,1.1536721750556578,0.0011202391176903,9.363812381494416e-05,0.0015017856037949,7.486269597249261e-05,-1.4721557306522217e-13,-1.378896996583755e-13,open_errors,,,,,,
0.8,0.3,1024,39.7,11.906254554745614,0.0529737274843488,1.1586769527432934,0.001154031685752,9.936410488344566e-05,0.0015520353264355,7.970577771132749e-05,-1.5631940186714389e-13,-1.4654943925044738e-13,open_errors,,,,,,
0.8,0.3,1024,39.8,11.936245120374696,0.0545808135917237,1.1638554120786018,0.0011888467673495,0.0001054446361939,0.0016039956566244,8.485846642933772e-05,-1.6608936448384037e-13,-1.5587531265729405e-13,open_errors,,,,,,
0.8,0.3,1024,39.9,11.966235686003778,0.0562362898948469,1.1692142726157346,0.0012247152802564,0.0001119017878083,0.0016577283055554,9.03405472050956e-05,-1.7652546091531161e-13,-1.6564527527399053e-13,open_errors,,,,,,
0.8,0.3,1024,40.0,11.99622625163286,0.0579415787791462,1.174760558672599,0.0012616690741259,0.0001187590119947,0.0017132975561237,9.61730870016426e-05,-1.8762769116155765e-13,-1.7585932710053685e-13,open_errors,,,,,,
0.8,0.3,1024,40.1,12.026216817261943,0.0596981411041673,1.1805016160261013,0.0012997409594281,0.0001260412308134,0.0017707704013517,0.0001023785205859,-1.993960552225784e-13,-1.8696155734678288e-13,open_errors,,,,,,
0.8,0.3,1024,40.2,12.056207382891024,0.0615074769131269,1.1864451297066885,0.0013389647375586,0.0001337749293857,0.0018302166927256,0.0001089807425827,-2.1205259770329885e-13,-1.9872992140780366e-13,open_errors,,,,,,
0.8,0.3,1024,40.3,12.086197948520107,0.0633711261194452,1.1925991429771807,0.00137937523222,0.0001419882552316,0.0018917092993071,0.0001160052061462,-2.25597318603719e-13,-2.1116441928359923e-13,open_errors,,,,,,
0.8,0.3,1024,40.4,12.116188514149188,0.0652906691651655,1.1989720775883823,0.0014210083221899,0.0001507111240898,0.0019553242785748,0.0001234790287774,-2.398081733189139e-13,-2.247091401840193e-13,open_errors,,,,,,
0.8,0.3,1024,40.5,12.146179079778271,0.0672677276455755,1.2055727554123044,0.0014639009756082,0.0001599753326671,0.0020211410600359,0.0001314311058598,-2.551292510587334e-13,-2.386979502942893e-13,open_errors,,,,,,
0.8,0.3,1024,40.6,12.176169645407354,0.0693039648936745,1.2124104215629423,0.0015080912859366,0.0001698146787942,0.0020892426427571,0.0001398922325427,-2.713385072182526e-13,-2.540190280341088e-13,open_errors,,,,,,
0.8,0.3,1024,40.7,12.206160211036435,0.0714010865173981,1.2194947691246791,0.0015536185097653,0.0001802650895038,0.0021597158080767,0.0001488952346547,-2.886579864023964e-13,-2.700062395887031e-13,open_errors,,,,,,
0.8,0.3,1024,40.8,12.236150776665518,0.0735608408816957,1.2268359656194767,0.0016005231066739,0.0001913647575845,0.0022326513488865,0.0001584751093959,-3.0730973321608965e-13,-2.873257187728469e-13,open_errors,,,,,,
0.8,0.3,1024,40.9,12.2661413422946,0.0757850195266448,1.2344446813563643,0.0016488467813804,0.0002031542872093,0.0023081443170098,0.0001686691766319,-3.270717030544076e-13,-3.055333763766903e-13,open_errors,,,,,,
0.8,0.3,1024,41.0,12.296131907923682,0.0780754575117862,1.24233211982033,0.0016986325284562,0.0002156768492807,0.0023862942903601,0.0001795172416828,-3.48165940522275e-13,-3.2485125700515844e-13,open_errors,,,,,,
0.8,0.3,1024,41.1,12.326122473552765,0.0804340336757413,1.2505100502727948,0.0017499246799261,0.0002289783471893,0.0024672056617373,0.0001910617705945,-3.708144902246169e-13,-3.4572344986810093e-13,open_errors,,,,,,
0.8,0.3,1024,41.2,12.356113039181846,0.0828626707989357,1.2589908427526084,0.0018027689561264,0.0002431075937366,0.0025509879513067,0.0002033480789729,-3.9479530755650826e-13,-3.681499549655178e-13,open_errors,,,,,,
0.8,0.3,1024,41.3,12.386103604810929,0.0853633356558696,1.267787505685028,0.0018572125202563,0.0002581165000325,0.0026377561450217,0.0002164245355673,-4.207745263327239e-13,-3.9168668308755944e-13,open_errors,,,,,,
0.8,0.3,1024,41.4,12.41609417044001,0.0879380389418457,1.276913726326807,0.0019133040371295,0.0002740602772474,0.002727631061487,0.0002303427819079,-4.480860127384891e-13,-4.1699976804900034e-13,open_errors,,,,,,
0.8,0.3,1024,41.5,12.446084736069093,0.0905888350573539,1.2863839142984863,0.001971093736719,0.0002909976521709,0.0028207397500211,0.000245157969438,-4.773959005885786e-13,-4.4408920984984057e-13,open_errors,,,,,,
0.8,0.3,1024,41.6,12.476075301698176,0.093317821731414,1.296213248480559,0.0020306334831874,0.0003089910976087,0.0029172159229724,0.0002609290157194,-5.089262344879173e-13,-4.729550084900802e-13,open_errors,,,,,,
0.8,0.3,1024,41.7,12.506065867327257,0.0961271394630601,1.3064177275787472,0.0020919768502138,0.0003281070787387,0.0030172004256718,0.0002777188814615,-5.426770144365052e-13,-5.037081862721817e-13,open_errors,,,,,,
0.8,0.3,1024,41.8,12.53605643295634,0.0990189707577879,1.317014224695519,0.0021551792035666,0.0003484163166457,0.0031208417477645,0.0002955948703008,-5.784261958294175e-13,-5.3657078780107e-13,open_errors,,,,,,
0.8,0.3,1024,41.9,12.56604699858542,0.1019955391331555,1.3280205462806578,0.0022202977920336,0.0003699940703601,0.0032282965800839,0.0003146289534591,-6.170619570863534e-13,-5.717648576816699e-13,open_errors,,,,,,
0.8,0.3,1024,42.0,12.596037564214503,0.1050591078647832,1.3394554958736893,0.002287391848015,0.0003929204388456,0.0033397304216785,0.0003348981216378,-6.581402089974637e-13,-6.092903959139814e-13,open_errors,,,,,,
0.8,0.3,1024,42.1,12.626028129843586,0.1082119784407162,1.3513389430957834,0.0023565226993106,0.000417280684514,0.0034553182421202,0.0003564847667574,-7.022160630750603e-13,-6.495914917078544e-13,open_errors,,,,,,
0.8,0.3,1024,42.2,12.656018695472667,0.1114564886884353,1.3636918983991668,0.0024277538938972,0.0004431655799894,0.003575245204803,0.0003794770964274,-7.492895193191434e-13,-6.924461004583639e-13,open_errors,,,,,,
0.8,0.3,1024,42.3,12.68600926110175,0.1147950105346875,1.3765365941387322,0.0025011513398131,0.0004706717800083,0.0036997074575822,0.0004039695843558,-7.998046669395628e-13,-7.38520355980285e-13,open_errors,,,,,,
0.8,0.3,1024,42.4,12.715999826730831,0.1182299473536966,1.3898965725944106,0.0025767834626328,0.0004999022205224,0.0038289129978377,0.0004300634602521,-8.542055951461683e-13,-7.877032359711548e-13,open_errors,,,,,,
0.8,0.3,1024,42.5,12.745990392359914,0.1217637308541426,1.403796781644972,0.0026547213834584,0.0005309665472727,0.003963082619868,0.0004578672431763,-9.123812816364974e-13,-8.402167850358983e-13,open_errors,,,,,,
0.8,0.3,1024,42.6,12.775980957988995,0.1253988174494897,1.4182636788753678,0.0027350391208755,0.0005639815763303,0.004102450953446,0.0004874973227295,-9.746647933179376e-13,-8.966161146868281e-13,open_errors,,,,,,
0.8,0.3,1024,42.7,12.805971523618078,0.1291376840497149,1.4333253449920031,0.0028178138209332,0.0005990717893495,0.0042472676034214,0.0005190785929756,-1.041611241702801e-12,-9.570122472264065e-13,open_errors,,,,,,
0.8,0.3,1024,42.8,12.83596208924716,0.1329828232051407,1.449011607524931,0.0029031260199425,0.0006363698665674,0.0043977984014382,0.0005527451445445,-1.1135536936984752e-12,-1.0218492718644832e-12,open_errors,,,,,,
0.8,0.3,1024,42.9,12.865952654876242,0.136936737524793,1.465354175914849,0.0029910599457473,0.0006760172608969,0.0045543267821884,0.0005886410209907,-1.1906031716074225e-12,-1.0911271886010582e-12,open_errors,,,,,,
0.8,0.3,1024,43.0,12.895943220505323,0.1410019332823685,1.4823867892180236,0.0030817038641501,0.0007181648168262,0.0047171552981537,0.0006269210461876,-1.2735368315468805e-12,-1.1655121312509065e-12,open_errors,,,,,,
0.8,0.3,1024,43.1,12.925933786134406,0.1451809131123377,1.500145377816516,0.0031751504783924,0.00076297343824,0.0048866072885282,0.0006677517303291,-1.3625767181217732e-12,-1.245004099814028e-12,open_errors,,,,,,
0.8,0.3,1024,43.2,12.955924351763487,0.1494761676867729,1.518668240697287,0.0032714973910326,0.0008106148097391,0.0050630287200118,0.000711312263006,-1.4583889651468764e-12,-1.33038025040766e-12,open_errors,,,,,,
0.8,0.3,1024,43.3,12.985914917392572,0.1538901662499673,1.5379962400653495,0.0033708476392859,0.0008612721765587,0.0052467902194307,0.000757795602827,-1.5611956172271144e-12,-1.4219736499391894e-12,open_errors,,,,,,
0.8,0.3,1024,43.4,13.015905483021651,0.1584253458725693,1.558173015287445,0.0034733103169332,0.0009151411887772,0.0054382893207519,0.0008074096741929,-1.6715517858747998e-12,-1.5201173653160042e-12,open_errors,,,,,,
0.8,0.3,1024,43.5,13.045896048650736,0.1630840992695216,1.5792452184283488,0.0035790012983394,0.000972430816188,0.0056379529520474,0.0008603786831156,-1.7903456495096322e-12,-1.625255485747954e-12,open_errors,,,,,,
0.8,0.3,1024,43.6,13.075886614279815,0.1678687610062649,1.6012627739479717,0.0036880440830206,0.0010333643409786,0.0058462401914,0.0009169445654187,-1.917910275038999e-12,-1.7380541450498134e-12,open_errors,,,,,,
0.8,0.3,1024,43.7,13.1058771799089,0.1727815918950523,1.6242791654804147,0.0038005707826511,0.0010981804362505,0.0060636453247095,0.0009773685823029,-2.0549117962776747e-12,-1.859068454733895e-12,open_errors,,,,,,
0.8,0.3,1024,43.8,13.135867745537984,0.1778247613574178,1.6483517530245697,0.0039167232765202,0.0011671343394344,0.0062907012429407,0.001041933080111,-2.202127369342897e-12,-1.9882984148001985e-12,open_errors,,,,,,
0.8,0.3,1024,43.9,13.165858311167064,0.1830003274993241,1.673542124349194,0.00403665456636,0.0012404991308274,0.0065279832216574,0.0011109434332333,-2.3601121057469776e-12,-2.126965270575812e-12,open_errors,,,,,,
0.8,0.3,1024,44.0,13.195848876796148,0.1883102146117048,1.6999164849654185,0.0041605303673236,0.0013185671288417,0.0067761131318534,0.0011847301914879,-2.529310094699767e-12,-2.275069022060733e-12,open_errors,,,,,,
0.8,0.3,1024,44.1,13.225839442425228,0.1937561877703166,1.727546091660292,0.0042885309788885,0.0014016514151219,0.0070357641382622,0.0012636514560143,-2.7107205369234267e-12,-2.433386825372201e-12,open_errors,,,,,,
0.8,0.3,1024,44.2,13.25583000805431,0.1993398241641988,1.7565077353330547,0.0044208534878048,0.0014900875045198,0.0073076659497032,0.0013480955108155,-2.904787521627807e-12,-2.6025848143249906e-12,open_errors,,,,,,
0.8,0.3,1024,44.3,13.285820573683392,0.205062480730647,1.7868842797515954,0.0045577143651729,0.0015842351770435,0.0075926106958238,0.0014384837405877,-3.111844115720295e-12,-2.782440944314176e-12,open_errors,,,,,,
0.8,0.3,1024,44.4,13.315811139312476,0.2109252576152857,1.8187652638745684,0.0046993525316155,0.0016844804913851,0.0078914595161003,0.001535273869489,-3.332556453015666e-12,-2.973843393759457e-12,open_errors,,,,,,
0.8,0.3,1024,44.5,13.345801704941556,0.2169289569072144,1.8522475765947255,0.0048460329786913,0.0017912380025497,0.0082051499605043,0.0016389635600658,-3.5671465781188444e-12,-3.1767921626608344e-12,open_errors,,,,,,
0.8,0.3,1024,44.6,13.375792270570638,0.2230740360196907,1.8874362141874168,0.0049980510515846,0.0019049532095375,0.0085347043172298,0.0017500944167838,-3.815281424122442e-12,-3.3910652064133826e-12,open_errors,,,,,,
0.8,0.3,1024,44.7,13.40578283619972,0.2293605549944593,1.9244451324393557,0.0051557375182255,0.0020261052630748,0.0088812390018087,0.0018692564445911,-4.076738946421536e-12,-3.616662525017101e-12,open_errors,,,,,,
0.8,0.3,1024,44.8,13.435773401828804,0.2357881169003423,1.96339820744104,0.0053194645739098,0.0021552099681792,0.0092459751644406,0.0019970930197934,-4.350519944293963e-12,-3.852362873144904e-12,open_errors,,,,,,
0.8,0.3,1024,44.9,13.465763967457884,0.2423558003713088,2.0044303214186963,0.005489652958887,0.0022928231220252,0.0096302506991682,0.0021343064383961,-4.635070105505249e-12,-4.097167050074629e-12,open_errors,,,,,,
0.8,0.3,1024,45.0,13.495754533086968,0.249062083182611,2.047688592841008,0.0056667804000236,0.0024395442343491,0.0100355338705884,0.0022816641161128,-4.9277248947962935e-12,-4.348965632059489e-12,open_errors,,,,,,
0.8,0.3,1024,45.1,13.52574509871605,0.2559047555917312,2.0933337734650497,0.0058513916274171,0.0025960206857252,0.0104634388122629,0.0024400055246645,-5.224487509278449e-12,-4.604649994630535e-12,open_errors,,,,,,
0.8,0.3,1024,45.2,13.555735664345132,0.262880821968988,2.1415418391125525,0.0060441102636928,0.0027629523887573,0.0109157431973094,0.0026102499610128,-5.519806833828593e-12,-4.859779245689268e-12,open_errors,,,,,,
0.8,0.3,1024,45.3,13.585726229974217,0.2699863890048742,2.192505805951868,0.0062456529387615,0.0029410970289217,0.0113944084376457,0.0027934052600718,-5.805245173459578e-12,-5.108136136297791e-12,open_errors,,,,,,
0.8,0.3,1024,45.4,13.615716795603296,0.2772165385004541,2.246437810103695,0.00645684604722,0.0031312759759309,0.0119016028362738,0.0029905775775323,-6.070033364832545e-12,-5.3412829714689576e-12,open_errors,,,,,,
0.8,0.3,1024,45.5,13.64570736123238,0.2845651824148142,2.303571495743065,0.0066786456406254,0.0033343809736323,0.0124397281997065,0.0032029823880982,-6.298295218695364e-12,-5.547673431746671e-12,open_errors,,,,,,
0.8,0.3,1024,45.6,13.67569792686146,0.2920248974491428,2.3641647658572054,0.0069121610339306,0.0035513817373414,0.0130114505187602,0.003431956866147,-6.469380586790015e-12,-5.71098723866895e-12,open_errors,,,,,,
0.8,0.3,1024,45.7,13.705688492490545,0.299586735977631,2.428502960847346,0.0071586828059048,0.0037833346130466,0.0136197354500949,0.0036789738411103,-6.554312648173797e-12,-5.809575043255614e-12,open_errors,,,,,,
0.8,0.3,1024,45.8,13.735679058119626,0.3072400095753297,2.4969025437547208,0.0074197159889721,0.004031392484285,0.014267889483924,0.0039456575494066,-6.5141225746823865e-12,-5.814682069168888e-12,open_errors,,,,,,
0.8,0.3,1024,45.9,13.765669623748709,0.3149720407229712,2.5697153877186087,0.0076970193764359,0.0042968161511633,0.0149596078728171,0.0042338014393248,-6.296074772646115e-12,-5.687228465941983e-12,open_errors,,,,,,
0.8,0.3,1024,46.0,13.79566018937779,0.3227678774647779,2.6473337822047047,0.0079926520267805,0.0045809874538984,0.0156990306321541,0.0045453883258274,-5.829337013093932e-12,-5.374589662207695e-12,open_errors,,,,,,
0.8,0.3,1024,46.1,13.82565075500687,0.3306099648280206,2.7301963007020373,0.0083090282187875,0.0048854244728434,0.0164908082171382,0.0048826132399708,-5.017208870581036e-12,-4.8065995628097495e-12,open_errors,,,,,,
0.8,0.3,1024,46.2,13.855641320635954,0.3384777656462472,2.818794705446624,0.008648982312218,0.0052117992114463,0.0173401788506186,0.005247909373965,-3.729683228923886e-12,-3.888667166050129e-12,open_errors,,,,,,
0.8,0.3,1024,46.3,13.885631886265037,0.3463473220167465,2.9136821062203366,0.0090158452041102,0.0055619582621092,0.0182530599415665,0.0056439775895486,-1.7896795156948577e-12,-2.49289477949208e-12,open_errors,,,,,,
0.8,0.3,1024,46.4,13.915622451894118,0.3541907469113338,3.015482642941888,0.0094135343520776,0.005937947072923,0.0192361566236515,0.0060738200365002,1.0431655539372757e-12,-4.476419235286393e-13,open_errors,,,,,,
0.8,0.3,1024,46.5,13.9456130175232,0.361975633379152,3.1249030289944795,0.0098466596821131,0.0063420385828848,0.020297091193457,0.006540778522374,5.0981441290761694e-12,2.4809043708261344e-12,open_errors,,,,,,
0.8,0.3,1024,46.6,13.975603583152282,0.3696643662458806,3.2427463785345005,0.0103206481386719,0.0067767671839141,0.0214445581863243,0.0070485783872687,1.0825562668509564e-11,6.6098237994050265e-12,open_errors,,,,,,
0.8,0.3,1024,46.7,14.005594148781364,0.3772133181209595,3.369928852454045,0.0108418902139126,0.0072449692122948,0.0226885110577541,0.0076013787726407,1.8846701976817385e-11,1.2372769475626408e-11,open_errors,,,,,,
0.8,0.3,1024,46.8,14.035584714410447,0.3845719077451837,3.5074998023991344,0.0114179125768184,0.00774983148683,0.0240403880226876,0.0082038303359814,3.0023317165713246e-11,2.036615320831861e-11,open_errors,,,,,,
0.8,0.3,1024,46.9,14.065575280039528,0.3916814940904229,3.656666281358576,0.012057582005445,0.0082949498184198,0.0255133866528139,0.0088611416597609,4.5556003414026194e-11,3.141265025872847e-11,open_errors,,,,,,
0.8,0.3,1024,47.0,14.095565845668611,0.3984740739768238,3.81882303793795,0.0127713473363561,0.008884399946185,0.0271227994853496,0.0095791558409341,6.713340994221025e-11,4.665823283287349e-11,open_errors,,,,,,
0.8,0.3,1024,47.1,14.125556411297692,0.4048707440872192,3.995589440178794,0.013571528257735,0.0095228240495339,0.028886426338566,0.0103644390351914,9.714495874386248e-11,6.770850546896577e-11,open_errors,,,,,,
0.8,0.3,1024,47.2,14.155546976926775,0.4107798798984553,4.188855212017055,0.0144726627127207,0.0102155368991356,0.030825083490442,0.0112243830771574,1.3900325335207397e-10,9.683098767249864e-11,open_errors,,,,,,
0.8,0.3,1024,47.3,14.185537542555858,0.4160949739797208,4.400837450119648,0.0154919287367729,0.0109686569180254,0.0329632356367114,0.0121673247113517,1.976281360781662e-10,1.3725820480196902e-10,open_errors,,,,,,
0.8,0.3,1024,47.4,14.21552810818494,0.4206920641436609,4.634152174256218,0.0166496620961015,0.0117892690294557,0.035329783916361,0.0132026844491709,2.8018698472451065e-10,1.93641991330554e-10,open_errors,,,,,,
0.8,0.3,1024,47.5,14.245518673814022,0.4244266680482674,4.891904723272709,0.0179699985955588,0.012685628309352,0.037959052568316,0.0143411285940856,3.97238908433707e-10,2.727498227271554e-10,open_errors,,,,,,
0.8,0.3,1024,47.6,14.275509239443103,0.427130125377994,5.177804738906653,0.0194816799957815,0.0136674163243619,0.0408920280876704,0.0155947584797051,5.645370837467585e-10,3.845415097456804e-10,open_errors,,,,,,
0.8,0.3,1024,47.7,14.305499805072186,0.4286052328171822,5.496313409143659,0.0212190759196699,0.0147460658659674,0.0441779176955519,0.0169773312530989,8.059037881476405e-10,5.438627326268041e-10,open_errors,,,,,,
0.8,0.3,1024,47.8,14.335490370701269,0.428621043427713,5.852833230619769,0.0232234919662226,0.0159351748955435,0.0478761068446606,0.0185045161462126,1.1579051051307835e-09,7.73154651411869e-10,open_errors,,,,,,
0.8,0.3,1024,47.9,14.36548093633035,0.4269066967659961,6.253953971927883,0.0255448577342929,0.017251037252047,0.0520586036973222,0.0201941880355011,1.6775907329949426e-09,1.106861713395248e-09,open_errors,,,,,,
0.8,0.3,1024,48.0,14.395471501959433,0.4231441615894507,6.707772915939121,0.0282439188856017,0.0187133263758298,0.0568130509005611,0.0220667537543112,2.4555675270919663e-09,1.598744026053733e-09,open_errors,,,,,,
0.8,0.3,256,0.0,0.0,4.999999999836233e-07,1.000002000001,0.0,0.0,0.0,0.0,0.0,0.0,open_vs_corrected,,,,,,
0.8,0.3,256,0.1,0.0299905656290821,5.004612102696646e-07,1.000002000900503,1.974474926751538e-09,2.6364577881582455e-11,9.008053717934827e-12,5.2186661847183065e-12,0.0,-2.2204460492492028e-16,open_vs_corrected,,,,,,
0.8,0.3,256,0.2,0.0599811312581643,5.018439524140961e-07,1.0000020035998234,3.950466186506373e-09,5.329554998648151e-11,3.6047745747267286e-11,2.086513185226781e-11,0.0,-4.4408920984984055e-16,open_vs_corrected,,,,,,
0.8,0.3,256,0.3,0.0899716968872464,5.04145590470968e-07,1.0000020081013878,5.929491304615118e-09,8.133600290818974e-11,8.116620117007751e-11,4.6910852998566765e-11,0.0,-2.2204460492492028e-16,open_vs_corrected,,,,,,
0.8,0.3,256,0.4,0.1199622625163286,5.073618307091374e-07,1.0000020144092467,7.913070201578152e-09,1.1098601176970592e-10,1.444419979523059e-10,8.330921558109969e-11,0.0,-2.2204460492492028e-16,open_vs_corrected,,,,,,
0.8,0.3,256,0.5,0.1499528281454107,5.11486864935351e-07,1.000002022529073,9.902726382111921e-09,1.4268919441257648e-10,2.2598533290239271e-10,1.2999745991952282e-10,0.0,-2.2204460492492028e-16,open_vs_corrected,,,,,,
0.8,0.3,256,0.6,0.1799433937744929,5.165135610242005e-07,1.000002032468171,1.1899988139042131e-08,1.7682639699244247e-10,3.2593821815542073e-10,1.8689859448290315e-10,-4.4408920984984055e-16,-2.2204460492492028e-16,open_vs_corrected,,,,,,
0.8,0.3,256,0.7000000000000001,0.209933959403575,5.224336905813301e-07,1.0000020442354816,1.3906389759154866e-08,2.1371597290856688e-10,4.4447436310602515e-10,2.5392404279259317e-10,-4.4408920984984055e-16,-2.2204460492492028e-16,open_vs_corrected,,,,,,
0.8,0.3,256,0.8,0.2399245250326572,5.292381838570586e-07,1.0000020578415882,1.5923472729880473e-08,2.536191794048275e-10,5.817998803439524e-10,3.3097700147337034e-10,-4.4408920984984055e-16,-2.2204460492492028e-16,open_vs_corrected,,,,,,
0.8,0.3,256,0.9,0.2699150906617393,5.369174003275144e-07,1.00000207329873,1.795278695324131e-08,2.9674896633037756e-10,7.38153245928891e-10,4.1795523200451347e-10,0.0,-2.2204460492492028e-16,open_vs_corrected,,,,,,
0.8,0.3,256,1.0,0.2999056562908215,5.454614046779339e-07,1.0000020906208114,1.999589197094324e-08,3.432802386635569e-10,9.138056429340863e-10,5.147552311660424e-10,-2.2204460492492028e-16,-2.2204460492492028e-16,open_vs_corrected,,,,,,
0.8,0.3,256,1.1,0.3298962219199037,5.548602384671444e-07,1.0000021098234133,2.205435819127046e-08,3.933606688054329e-10,1.1090616166233084e-09,6.212749405360949e-10,0.0,-2.2204460492492028e-16,open_vs_corrected,,,,,,
0.8,0.3,256,1.2,0.3598867875489858,5.651041792769674e-07,1.0000021309238083,2.4129768123154756e-08,4.47121061507597e-10,1.3242589455532243e-09,7.37417674173425e-10,0.0,-2.2204460492492028e-16,open_vs_corrected,,,,,,
0.8,0.3,256,1.3,0.389877353178068,5.761839812541723e-07,1.0000021539409758,2.6223717629466046e-08,5.046847668675203e-10,1.559769435117054e-09,8.630955238579116e-10,0.0,-4.4408920984984055e-16,open_vs_corrected,,,,,,
0.8,0.3,256,1.4,0.4198679188071501,5.880910921446808e-07,1.0000021788956217,2.83378171887782e-08,5.661758172876475e-10,1.8159998154639094e-09,9.982312503660886e-10,0.0,-4.4408920984984055e-16,open_vs_corrected,,,,,,
0.8,0.3,256,1.5,0.4498584844362322,6.008178438744337e-07,1.0000022058101914,3.047369315090614e-08,6.317259891657838e-10,2.0933914468249644e-09,1.142761579835868e-09,0.0,-4.4408920984984055e-16,open_vs_corrected,,,,,,
0.8,0.3,256,1.6,0.4798490500653144,6.143576159909625e-07,1.0000022347088957,3.263298903794653e-08,7.014803874698451e-10,2.3924216945116492e-09,1.2966393321992531e-09,0.0,-4.4408920984984055e-16,open_vs_corrected,,,,,,
0.8,0.3,256,1.7,0.5098396156943965,6.287049714315214e-07,1.000002265617728,3.4817366823920175e-08,7.756017632576991e-10,2.7136038268159727e-09,1.4598340092931419e-09,0.0,-4.4408920984984055e-16,open_vs_corrected,,,,,,
0.8,0.3,256,1.8,0.5398301813234787,6.438557660877991e-07,1.000002298564492,3.7028508254091966e-08,8.54273676497489e-10,3.0574886317117467e-09,1.6323339606532042e-09,0.0,-4.4408920984984055e-16,open_vs_corrected,,,,,,
0.8,0.3,256,1.9,0.5698207469525609,6.598072338066631e-07,1.0000023335788233,3.9268116174368775e-08,9.377025130916243e-10,3.424664126283058e-09,1.814145861158527e-09,0.0,-4.4408920984984055e-16,open_vs_corrected,,,,,,
0.8,0.3,256,2.0,0.599811312581643,6.765580495999224e-07,1.0000023706922172,4.1537915874649656e-08,1.0261181967393155e-09,3.8157572225618545e-09,2.005294639182145e-09,0.0,-4.4408920984984055e-16,open_vs_corrected,,,,,,
0.8,0.3,256,2.1,0.6298018782107252,6.941083732744246e-07,1.0000024099380578,4.3839656445865964e-08,1.119774394176622e-09,4.231434072433622e-09,2.205823871805256e-09,0.0,-4.4408920984984055e-16,open_vs_corrected,,,,,,
0.8,0.3,256,2.2,0.6597924438398074,7.124598765303913e-07,1.0000024513516466,4.617511216650518e-08,1.2189475705064435e-09,4.672401239744181e-09,2.4157932847595502e-09,0.0,-4.4408920984984055e-16,open_vs_corrected,,,,,,
0.8,0.3,256,2.3000000000000003,0.6897830094688895,7.316157562987448e-07,1.000002494970236,4.854608390080089e-08,1.3239353912500079e-09,5.139406391043846e-09,2.635278505462026e-09,0.0,-4.4408920984984055e-16,open_vs_corrected,,,,,,
0.8,0.3,256,2.4,0.7197735750979716,7.515807367225991e-07,1.000002540833061,5.09544005251132e-08,1.4350547354105006e-09,5.63323953229371e-09,2.8643687138699086e-09,0.0,-4.4408920984984055e-16,open_vs_corrected,,,,,,
0.8,0.3,256,2.5,0.7497641407270538,7.723610622843445e-07,1.0000025889813762,5.340192037126365e-08,1.5526394437477702e-09,6.154733683503808e-09,3.103165099614093e-09,0.0,-4.4408920984984055e-16,open_vs_corrected,,,,,,
0.8,0.3,256,2.6,0.779754706356136,7.939644842969148e-07,1.00000263945849,5.589053270566045e-08,1.6770376897114435e-09,6.704766662725351e-09,3.351778971310873e-09,0.0,-4.4408920984984055e-16,open_vs_corrected,,,,,,
0.8,0.3,256,2.7,0.8097452719852181,8.16400242482589e-07,1.0000026923098082,5.8422159213047957e-08,1.8086093282185662e-09,7.284261748926574e-09,3.6103294567155e-09,0.0,-4.4408920984984055e-16,open_vs_corrected,,,,,,
0.8,0.3,256,2.8000000000000003,0.8397358376143003,8.396790431974112e-07,1.00000274758287,6.099875552088026e-08,1.947723657757225e-09,7.894188873747226e-09,3.878941747544018e-09,0.0,-4.4408920984984055e-16,open_vs_corrected,,,,,,
0.8,0.3,256,2.9,0.8697264032433824,8.638130359518454e-07,1.0000028053273933,6.362231274766045e-08,2.0947571837492674e-09,8.535566088139496e-09,4.157745834583513e-09,-2.2204460492492028e-16,-4.4408920984984055e-16,open_vs_corrected,,,,,,
0.8,0.3,256,3.0,0.8997169688724644,8.888157892483116e-07,1.0000028655953217,6.62948590953041e-08,2.2500915190000828e-09,9.209461073290248e-09,4.446873856812478e-09,0.0,-4.4408920984984055e-16,open_vs_corrected,,,,,,
0.8,0.3,256,3.1,0.9297075345015466,9.147022663367452e-07,1.0000029284408651,6.901846143961258e-08,2.4141121745222394e-09,9.916992485505433e-09,4.746460358992261e-09,-2.2204460492492028e-16,-4.4408920984984055e-16,open_vs_corrected,,,,,,
0.8,0.3,256,3.2,0.9596981001306288,9.414888020508072e-07,1.000002993920555,7.17952269730346e-08,2.5872072152391523e-09,1.0659330947181883e-08,5.0566396190829735e-09,0.0,-4.4408920984984055e-16,open_vs_corrected,,,,,,
0.8,0.3,256,3.3000000000000003,0.989688665759711,9.69193081249815e-07,1.0000030620932894,7.462730489147466e-08,2.769766754983635e-09,1.1437701472338924e-08,5.3775463413118635e-09,-2.2204460492492028e-16,-4.4408920984984055e-16,open_vs_corrected,,,,,,
0.8,0.3,256,3.4,1.019679231388793,9.978341189422952e-07,1.0000031330203911,7.751688807970312e-08,2.9621826048991395e-09,1.2253384133480108e-08,5.709314773311511e-09,0.0,-4.4408920984984055e-16,open_vs_corrected,,,,,,
0.8,0.3,256,3.5,1.0496697970178752,1.027432243012003e-06,1.00000320676566,8.046621487800212e-08,3.1648482137828413e-09,1.3107716683755061e-08,6.052078679818302e-09,-4.4408920984984055e-16,-4.4408920984984055e-16,open_vs_corrected,,,,,,
0.8,0.3,256,3.6,1.0796603626469574,1.0580090791246353e-06,1.0000032833954298,8.34775708503856e-08,3.3781590780433463e-09,1.4002095565040092e-08,6.405971164650455e-09,0.0,-4.4408920984984055e-16,open_vs_corrected,,,,,,
0.8,0.3,256,3.7,1.1096509282760396,1.0895875385767568e-06,1.0000033629786305,8.655329060342233e-08,3.602513295968479e-09,1.4937978040338476e-08,6.771126305712699e-09,0.0,-4.4408920984984055e-16,open_vs_corrected,,,,,,
0.8,0.3,256,3.8,1.1396414939051218,1.1221918088396624e-06,1.0000034455868476,8.969575965713794e-08,3.838312084661764e-09,1.5916884239330472e-08,7.147678146426872e-09,0.0,-4.4408920984984055e-16,open_vs_corrected,,,,,,
0.8,0.3,256,3.9,1.1696320595342038,1.155847346903189e-06,1.0000035312943885,9.290741634046673e-08,4.085960719371529e-09,1.6940399219144552e-08,7.535762861635222e-09,-4.4408920984984055e-16,-4.4408920984984055e-16,open_vs_corrected,,,,,,
0.8,0.3,256,4.0,1.199622625163286,1.1905808754311392e-06,1.000003620178347,9.619075373374784e-08,4.345869187232045e-09,1.8010174540551436e-08,7.935518725368266e-09,-4.4408920984984055e-16,-4.4408920984984055e-16,open_vs_corrected,,,,,,
0.8,0.3,256,4.1,1.229613190792368,1.2264203818624845e-06,1.0000037123186751,9.954832166178189e-08,4.618452889366815e-09,1.9127930664795253e-08,8.347087223542007e-09,0.0,-4.4408920984984055e-16,open_vs_corrected,,,,,,
0.8,0.3,256,4.2,1.2596037564214504,1.2633951202630297e-06,1.0000038077982552,1.0298272875058065e-07,4.9041334715846055e-09,2.029545966878733e-08,8.770614051991667e-09,0.0,-4.4408920984984055e-16,open_vs_corrected,,,,,,
0.8,0.3,256,4.3,1.2895943220505324,1.3015356158857458e-06,1.000003906702971,1.0649664449146073e-07,5.203339167744112e-09,2.1514627118583363e-08,9.206249525083824e-09,-4.4408920984984055e-16,-4.4408920984984055e-16,open_vs_corrected,,,,,,
0.8,0.3,256,4.4,1.3195848876796148,1.340873672451267e-06,1.0000040091217886,1.1009280138911725e-07,5.516505295365392e-09,2.2787374321753284e-08,9.65414908450674e-09,-2.2204460492492028e-16,-4.4408920984984055e-16,open_vs_corrected,,,,,,
0.8,0.3,256,4.5,1.3495754533086968,1.3814423820737594e-06,1.0000041151468348,1.1377399714938253e-07,5.844074525473753e-09,2.4115721258519537e-08,1.0114474246145797e-08,0.0,-4.4408920984984055e-16,open_vs_corrected,,,,,,
0.8,0.3,256,4.6000000000000005,1.379566018937779,1.4232761376738015e-06,1.0000042248734806,1.1754309692687705e-07,6.1864970250406766e-09,2.5501769039318172e-08,1.0587392323484644e-08,0.0,-4.4408920984984055e-16,open_vs_corrected,,,,,,
0.8,0.3,256,4.7,1.4095565845668612,1.4664106479872334e-06,1.0000043384004258,1.2140303563241453e-07,6.544230502768974e-09,2.6947702619065106e-08,1.1073076716677345e-08,0.0,-4.4408920984984055e-16,open_vs_corrected,,,,,,
0.8,0.3,256,4.8,1.4395471501959431,1.510882954951485e-06,1.0000044558297896,1.2535682029040878e-07,6.9177401443976755e-09,2.845579378692194e-08,1.1571707058153391e-08,0.0,-4.4408920984984055e-16,open_vs_corrected,,,,,,
0.8,0.3,256,4.9,1.4695377158250251,1.556731453312202e-06,1.0000045772672006,1.2940753244396137e-07,7.3074984531584185e-09,3.0028403730625086e-08,1.2083468544901136e-08,-2.2204460492492028e-16,-4.4408920984984055e-16,open_vs_corrected,,,,,,
0.8,0.3,256,5.0,1.4995282814541075,1.603995912796058e-06,1.0000047028218944,1.3355833066723754e-07,7.713985126489186e-09,3.166798642357512e-08,1.2608551927299316e-08,-4.4408920984984055e-16,-4.4408920984984055e-16,open_vs_corrected,,,,,,
0.8,0.3,256,5.1000000000000005,1.5295188470831895,1.6527175022835924e-06,1.0000048326068085,1.3781245309020649e-07,8.137686770743394e-09,3.3377091803614615e-08,1.3147152593504413e-08,-2.2204460492492028e-16,-4.4408920984984055e-16,open_vs_corrected,,,,,,
0.8,0.3,256,5.2,1.559509412712272,1.7029388163283257e-06,1.0000049667386857,1.4217322002728334e-07,8.579096778235028e-09,3.515836874506049e-08,1.3699470534752237e-08,-4.4408920984984055e-16,-4.4408920984984055e-16,open_vs_corrected,,,,,,
0.8,0.3,256,5.3,1.589499978341354,1.7547039036708628e-06,1.000005105338179,1.466440366447717e-07,9.038715309434636e-09,3.7014568714440255e-08,1.4265709368311831e-08,-4.4408920984984055e-16,-4.4408920984984055e-16,open_vs_corrected,,,,,,
0.8,0.3,256,5.4,1.619490543970436,1.8080582980278208e-06,1.0000052485299615,1.5122839572427965e-07,9.517048956675526e-09,3.894854906635875e-08,1.4846075751026044e-08,-4.4408920984984055e-16,-6.661338147747608e-16,open_vs_corrected,,,,,,
0.8,0.3,256,5.5,1.6494811095995183,1.8630490508635368e-06,1.0000053964428353,1.5592988051651564e-07,1.001461095378412e-08,4.0963277160367206e-08,1.5440778650046083e-08,-4.4408920984984055e-16,-4.4408920984984055e-16,open_vs_corrected,,,,,,
0.8,0.3,256,5.6000000000000005,1.6794716752286003,1.91972476621136e-06,1.000005549209851,1.607521676186765e-07,1.0531921207478442e-08,4.306183353858975e-08,1.605002926002191e-08,-4.4408920984984055e-16,-4.4408920984984055e-16,open_vs_corrected,,,,,,
0.8,0.3,256,5.7,1.7094622408576825,1.9781356374533225e-06,1.000005706968424,1.6569902995872134e-07,1.1069506448121377e-08,4.524741637920697e-08,1.66740399447295e-08,-4.4408920984984055e-16,-4.4408920984984055e-16,open_vs_corrected,,,,,,
0.8,0.3,256,5.8,1.7394528064867647,2.0383334862880477e-06,1.000005869860461,1.707743398835426e-07,1.1627900541401834e-08,4.7523345248168294e-08,1.7313024497311792e-08,-4.4408920984984055e-16,-4.4408920984984055e-16,open_vs_corrected,,,,,,
0.8,0.3,256,5.9,1.769443372115847,2.10037180353883e-06,1.0000060380324856,1.759820722997114e-07,1.2207644651194724e-08,4.989306537687134e-08,1.7967197299875648e-08,-4.4408920984984055e-16,-4.4408920984984055e-16,open_vs_corrected,,,,,,
0.8,0.3,256,6.0,1.7994339377449289,2.164305791948165e-06,1.0000062116357715,1.813263079112597e-07,1.2809287894177141e-08,5.236015229849177e-08,1.8636773662923038e-08,-4.4408920984984055e-16,-4.4408920984984055e-16,open_vs_corrected,,,,,,
0.8,0.3,256,6.1000000000000005,1.8294245033740115,2.2301924110609296e-06,1.0000063908264776,1.8681123655165549e-07,1.343338755493688e-08,5.4928315912591225e-08,1.932196961893496e-08,-4.4408920984984055e-16,-4.4408920984984055e-16,open_vs_corrected,,,,,,
0.8,0.3,256,6.2,1.8594150690030933,2.298090423988841e-06,1.0000065757657894,1.9244116060140225e-07,1.4080509705311771e-08,5.7601405477793274e-08,2.002300194581598e-08,-4.4408920984984055e-16,-4.4408920984984055e-16,open_vs_corrected,,,,,,
0.8,0.3,256,6.3,1.8894056346321757,2.3680604462869067e-06,1.000006766620062,1.982204985312328e-07,1.4751229588931411e-08,6.038341468543642e-08,2.0740088536669263e-08,-2.2204460492492028e-16,-4.4408920984984055e-16,open_vs_corrected,,,,,,
0.8,0.3,256,6.4,1.9193962002612577,2.440164996705409e-06,1.0000069635609727,2.0415378848613875e-07,1.544613220781726e-08,6.327848619427064e-08,2.1473448691655265e-08,-4.4408920984984055e-16,-4.4408920984984055e-16,open_vs_corrected,,,,,,
0.8,0.3,256,6.5,1.94938676589034,2.514468550081796e-06,1.0000071667656736,2.102456920241247e-07,1.6165812624903752e-08,6.629091731073745e-08,2.2223303068695332e-08,-4.4408920984984055e-16,-4.4408920984984055e-16,open_vs_corrected,,,,,,
0.8,0.3,256,6.6000000000000005,1.979377331519422,2.591037592216707e-06,1.0000073764169506,2.1650099793661682e-07,1.6910876543627392e-08,6.942516503312443e-08,2.2989874362542452e-08,-4.4408920984984055e-16,-4.4408920984984055e-16,open_vs_corrected,,,,,,
0.8,0.3,256,6.7,2.009367897148504,2.6699406768865265e-06,1.000007592703389,2.2292462619093945e-07,1.7681940573872236e-08,7.268585198060264e-08,2.377338759080828e-08,-4.4408920984984055e-16,-4.4408920984984055e-16,open_vs_corrected,,,,,,
0.8,0.3,256,6.8,2.039358462777586,2.751248484889864e-06,1.0000078158195436,2.2952163198371235e-07,1.8479632623509713e-08,7.60777719391566e-08,2.4574070175122548e-08,-4.4408920984984055e-16,-6.661338147747608e-16,open_vs_corrected,,,,,,
0.8,0.3,256,6.9,2.0693490284066685,2.8350338852050484e-06,1.0000080459661107,2.36297209878088e-07,1.930459207554765e-08,7.960589583701925e-08,2.5392152326104683e-08,-4.4408920984984055e-16,-4.4408920984984055e-16,open_vs_corrected,,,,,,
0.8,0.3,256,7.0,2.0993395940357504,2.921371998491328e-06,1.0000082833501125,2.4325669812808764e-07,2.0157470028379833e-08,8.327537837427758e-08,2.6227867172060392e-08,-4.4408920984984055e-16,-4.4408920984984055e-16,open_vs_corrected,,,,,,
0.8,0.3,256,7.1000000000000005,2.129330159664833,3.0103402625917384e-06,1.0000085281850812,2.50405583067011e-07,2.103892942686169e-08,8.709156403139558e-08,2.708145051896808e-08,-4.4408920984984055e-16,-4.4408920984984055e-16,open_vs_corrected,,,,,,
0.8,0.3,256,7.2,2.159320725293915,3.102018500357014e-06,1.00000878069125,2.577495036321298e-07,2.1949645220484626e-08,9.105999369432316e-08,2.7953141583901548e-08,-4.4408920984984055e-16,-4.4408920984984055e-16,open_vs_corrected,,,,,,
0.8,0.3,256,7.3,2.189311290922997,3.1964889899055112e-06,1.0000090410957547,2.652942560811435e-07,2.289030434998924e-08,9.518641214738845e-08,2.8843182071799665e-08,-4.4408920984984055e-16,-6.661338147747608e-16,open_vs_corrected,,,,,,
0.8,0.3,256,7.4,2.2193018565520792,3.2938365370197062e-06,1.000009309632834,2.730457987495347e-07,2.3861605812018126e-08,9.947677460211633e-08,2.9751816262390718e-08,-6.661338147747608e-16,-6.661338147747608e-16,open_vs_corrected,,,,,,
0.8,0.3,256,7.5,2.249292422181161,3.394148550069238e-06,1.0000095865440457,2.810102570080915e-07,2.4864260675150157e-08,1.0393725430018868e-07,3.067929064867256e-08,-4.4408920984984055e-16,-4.4408920984984055e-16,open_vs_corrected,,,,,,
0.8,0.3,256,7.6,2.279282987810244,3.4975151173921107e-06,1.0000098720784758,2.891939283824235e-07,2.589899216388728e-08,1.0857425021653745e-07,3.162585395970361e-08,-4.4408920984984055e-16,-6.661338147747608e-16,open_vs_corrected,,,,,,
0.8,0.3,256,7.7,2.3092735534393256,3.6040290871642654e-06,1.000010166492971,2.9760328777002005e-07,2.696653562860569e-08,1.1339439487561336e-07,3.259175604531781e-08,-4.4408920984984055e-16,-6.661338147747608e-16,open_vs_corrected,,,,,,
0.8,0.3,256,7.8,2.339264119068408,3.713786149879753e-06,1.0000104700523649,3.062449928524087e-07,2.806763860585491e-08,1.1840456276324345e-07,3.3577247857571056e-08,-8.881784196996811e-16,-4.4408920984984055e-16,open_vs_corrected,,,,,,
0.8,0.3,256,7.9,2.36925468469749,3.826884923393645e-06,1.0000107830297158,3.15125889637844e-07,2.92030609525254e-08,1.2361187866940465e-07,3.458258064729153e-08,-6.661338147747608e-16,-6.661338147747608e-16,open_vs_corrected,,,,,,
0.8,0.3,256,8.0,2.399245250326572,3.943427040849342e-06,1.0000111057065566,3.242530181998492e-07,3.0373574960649865e-08,1.2902372655996265e-07,3.5608006101160045e-08,-8.881784196996811e-16,-6.661338147747608e-16,open_vs_corrected,,,,,,
0.8,0.3,256,8.1,2.429235815955654,4.06351724120367e-06,1.0000114383731442,3.3363361855155974e-07,3.1579965567672714e-08,1.346477583538628e-07,3.66537751950016e-08,-8.881784196996811e-16,-6.661338147747608e-16,open_vs_corrected,,,,,,
0.8,0.3,256,8.2,2.459226381584736,4.187263462757683e-06,1.000011781328721,3.432751367377514e-07,3.2823030471457994e-08,1.404919040414719e-07,3.77201379958184e-08,-6.661338147747608e-16,-6.661338147747608e-16,open_vs_corrected,,,,,,
0.8,0.3,256,8.3,2.489216947213819,4.314776939540735e-06,1.000012134881786,3.53185231055132e-07,3.4103580494027656e-08,1.465643806135643e-07,3.880734345482493e-08,-6.661338147747608e-16,-6.661338147747608e-16,open_vs_corrected,,,,,,
0.8,0.3,256,8.4,2.519207512842901,4.44617230076043e-06,1.0000124993503698,3.6337177850215554e-07,3.5422439798898926e-08,1.5287370266097284e-07,3.991563893188567e-08,-6.661338147747608e-16,-6.661338147747608e-16,open_vs_corrected,,,,,,
0.8,0.3,256,8.5,2.5491980784719828,4.581567673357453e-06,1.0000128750623256,3.738428814188193e-07,3.678044623268957e-08,1.5942869269817274e-07,4.104526990402568e-08,-6.661338147747608e-16,-6.661338147747608e-16,open_vs_corrected,,,,,,
0.8,0.3,256,8.6,2.5791886441010647,4.721084787760296e-06,1.000013262355617,3.846068742902964e-07,3.8178451657974956e-08,1.662384919013828e-07,4.219647991692692e-08,-6.661338147747608e-16,-6.661338147747608e-16,open_vs_corrected,,,,,,
0.8,0.3,256,8.700000000000001,2.609179209730147,4.864849086865116e-06,1.0000136615786273,3.956723307909589e-07,3.961732222287605e-08,1.7331257129027217e-07,4.3369510106463717e-08,-6.661338147747608e-16,-4.4408920984984055e-16,open_vs_corrected,,,,,,
0.8,0.3,256,8.8,2.6391697753592296,5.012989838496114e-06,1.0000140730904714,4.070480710488103e-07,4.1097938924970985e-08,1.8066074345849345e-07,4.456459963661592e-08,-6.661338147747608e-16,-6.661338147747608e-16,open_vs_corrected,,,,,,
0.8,0.3,256,8.9,2.669160340988312,5.165640251268767e-06,1.0000144972613187,4.18743169067381e-07,4.262119764848853e-08,1.882931741987899e-07,4.578198507131172e-08,-6.661338147747608e-16,-6.661338147747608e-16,open_vs_corrected,,,,,,
0.8,0.3,256,9.0,2.699150906617393,5.3229375940458364e-06,1.0000149344727267,4.3076696044648236e-07,4.418800973342936e-08,1.9622039527235786e-07,4.702190094227189e-08,-6.661338147747608e-16,-6.661338147747608e-16,open_vs_corrected,,,,,,
0.8,0.3,256,9.1,2.7291414722464755,5.485023319084439e-06,1.0000153851179834,4.431290503006343e-07,4.5799302148872594e-08,2.0445331690740992e-07,4.82845789236037e-08,-6.661338147747608e-16,-6.661338147747608e-16,open_vs_corrected,,,,,,
0.8,0.3,256,9.2,2.759132037875558,5.652043188935397e-06,1.00001584960246,4.55839321377668e-07,4.7456017809594475e-08,2.130032411388973e-07,4.957024867043269e-08,-6.661338147747608e-16,-8.881784196996811e-16,open_vs_corrected,,,,,,
0.8,0.3,256,9.3,2.7891226035046404,5.82414740739097e-06,1.0000163283439794,4.6890794253649286e-07,4.915911574595793e-08,2.218818755168887e-07,5.087913699196936e-08,-8.881784196996811e-16,-6.661338147747608e-16,open_vs_corrected,,,,,,
0.8,0.3,256,9.4,2.8191131691337223,6.001490754261988e-06,1.0000168217731895,4.82345377375745e-07,5.0909571362968715e-08,2.311013475540597e-07,5.221146804432616e-08,-8.881784196996811e-16,-6.661338147747608e-16,open_vs_corrected,,,,,,
0.8,0.3,256,9.5,2.8491037347628043,6.184232724391054e-06,1.0000173303339517,4.961623931638672e-07,5.2708376607845016e-08,2.406742191083935e-07,5.356746313862689e-08,-6.661338147747608e-16,-6.661338147747608e-16,open_vs_corrected,,,,,,
0.8,0.3,256,9.6,2.8790943003918863,6.372537670874813e-06,1.000017854483735,5.103700700253579e-07,5.455654016949382e-08,2.506135016318482e-07,5.4947340990179455e-08,-6.661338147747608e-16,-6.661338147747608e-16,open_vs_corrected,,,,,,
0.8,0.3,256,9.7,2.9090848660209687,6.566574952756543e-06,1.0000183946940375,5.24979810432647e-07,5.6455087457244065e-08,2.6093267149297185e-07,5.635131638678663e-08,-6.661338147747608e-16,-6.661338147747608e-16,open_vs_corrected,,,,,,
0.8,0.3,256,9.8,2.9390754316500507,6.7665190871777895e-06,1.0000189514508038,5.400033489975454e-07,5.8405060807510316e-08,2.716456871601947e-07,5.777960066663692e-08,-6.661338147747608e-16,-6.661338147747608e-16,open_vs_corrected,,,,,,
0.8,0.3,256,9.9,2.969065997279133,6.972549906232582e-06,1.0000195252548607,5.554527625281595e-07,6.04075194700849e-08,2.827670051191077e-07,5.9232400578672355e-08,-8.881784196996811e-16,-6.661338147747608e-16,open_vs_corrected,,,,,,
0.8,0.3,256,10.0,2.999056562908215,7.184852718496114e-06,1.000020116622374,5.713404803903986e-07,6.246353981807873e-08,2.943115978373242e-07,6.070991859655511e-08,-8.881784196996811e-16,-6.661338147747608e-16,open_vs_corrected,,,,,,
0.8,0.3,256,10.1,3.029047128537297,7.403618475635355e-06,1.0000207260853078,5.876792952245225e-07,6.457421536755967e-08,3.062949713701729e-07,6.22123516944271e-08,-8.881784196996811e-16,-8.881784196996811e-16,open_vs_corrected,,,,,,
0.8,0.3,256,10.2,3.0590376941663795,7.629043944002001e-06,1.0000213541919034,6.044823739527687e-07,6.674065680069352e-08,3.187331840374211e-07,6.373989087102498e-08,-8.881784196996811e-16,-6.661338147747608e-16,open_vs_corrected,,,,,,
0.8,0.3,256,10.3,3.089028259795461,7.86133188164077e-06,1.0000220015071777,6.217632691973225e-07,6.896399219718426e-08,3.316428659863611e-07,6.52927206947159e-08,-8.881784196996811e-16,-8.881784196996811e-16,open_vs_corrected,,,,,,
0.8,0.3,256,10.4,3.119018825424544,8.100691220428302e-06,1.0000226686134253,6.395359309314279e-07,7.124536705551124e-08,3.450412389424256e-07,6.687101833524663e-08,-8.881784196996811e-16,-6.661338147747608e-16,open_vs_corrected,,,,,,
0.8,0.3,256,10.5,3.149009391053626,8.347337253928441e-06,1.0000233561107468,6.578147185505064e-07,7.358594450057972e-08,3.589461363367164e-07,6.847495309735688e-08,-8.881784196996811e-16,-6.661338147747608e-16,open_vs_corrected,,,,,,
0.8,0.3,256,10.6,3.178999956682708,8.601491831032614e-06,1.0000240646175838,6.766144133805222e-07,7.598690543525249e-08,3.733760251092781e-07,7.01046853642537e-08,-8.881784196996811e-16,-6.661338147747608e-16,open_vs_corrected,,,,,,
0.8,0.3,256,10.7,3.2089905223117903,8.863383555402659e-06,1.0000247947712808,6.959502314808136e-07,7.844944874867908e-08,3.8835002798397737e-07,7.176036656392638e-08,-1.1102230246246014e-15,-8.881784196996811e-16,open_vs_corrected,,,,,,
0.8,0.3,256,10.8,3.238981087940872,9.133247991025382e-06,1.000025547228656,7.15837836873344e-07,8.09747914775485e-08,4.0388794559345554e-07,7.344213760857455e-08,-8.881784196996811e-16,-6.661338147747608e-16,open_vs_corrected,,,,,,
0.8,0.3,256,10.9,3.2689716535699542,9.411327874056198e-06,1.0000263226665909,7.362933551816984e-07,8.356416908513054e-08,4.2001028059684564e-07,7.51501291413666e-08,-8.881784196996811e-16,-8.881784196996811e-16,open_vs_corrected,,,,,,
0.8,0.3,256,11.0,3.2989622191990366,9.697873331057502e-06,1.000027121782644,7.573333876979509e-07,8.621883575477742e-08,4.3673826178341513e-07,7.688446049020048e-08,-8.881784196996811e-16,-8.881784196996811e-16,open_vs_corrected,,,,,,
0.8,0.3,256,11.1,3.328952784828118,9.993142103944957e-06,1.000027945295671,7.789750258588751e-07,8.89400645152489e-08,4.540938691000699e-07,7.864523869787226e-08,-8.881784196996811e-16,-6.661338147747608e-16,open_vs_corrected,,,,,,
0.8,0.3,256,11.2,3.358943350457201,1.0297399781863228e-05,1.000028793946481,8.012358662421211e-07,9.17291475592638e-08,4.720998604835209e-07,8.043255862101593e-08,-8.881784196996811e-16,-8.881784196996811e-16,open_vs_corrected,,,,,,
0.8,0.3,256,11.3,3.388933916086283,1.061092003990608e-05,1.0000296684984935,8.241340259440742e-07,9.458739652279632e-08,4.907797977903097e-07,8.224650199193655e-08,-8.881784196996811e-16,-8.881784196996811e-16,open_vs_corrected,,,,,,
0.8,0.3,256,11.4,3.418924481715365,1.0933984885370677e-05,1.000030569738432,8.476881585112131e-07,9.75161426573192e-08,5.101580758246607e-07,8.408713701474508e-08,-8.881784196996811e-16,-8.881784196996811e-16,open_vs_corrected,,,,,,
0.8,0.3,256,11.5,3.4489150473444474,1.1266884911279358e-05,1.0000314984770304,8.719174702663955e-07,1.005167370853445e-07,5.302599502223852e-07,8.595451760034758e-08,-1.1102230246246014e-15,-6.661338147747608e-16,open_vs_corrected,,,,,,
0.8,0.3,256,11.6,3.4789056129735294,1.1609919557759489e-05,1.0000324555497595,8.968417372405157e-07,1.0359055100651817e-07,5.511115676403764e-07,8.784868305440684e-08,-8.881784196996811e-16,-8.881784196996811e-16,open_vs_corrected,,,,,,
0.8,0.3,256,11.7,3.508896178602612,1.1963397381445824e-05,1.0000334418175838,9.22481322650806e-07,1.0673897583151929e-07,5.727399969559557e-07,8.97696574982076e-08,-8.881784196996811e-16,-8.881784196996811e-16,open_vs_corrected,,,,,,
0.8,0.3,256,11.8,3.538886744231694,1.2327636332899595e-05,1.00003445816773,9.488571948062348e-07,1.0996342330144256e-07,5.951732610455284e-07,9.171744856378781e-08,-8.881784196996811e-16,-8.881784196996811e-16,open_vs_corrected,,,,,,
0.8,0.3,256,11.9,3.568877309860776,1.2702964042602611e-05,1.0000355055144925,9.75990945661382e-07,1.1326532574171217e-07,6.184403690332633e-07,9.369204778404232e-08,-8.881784196996811e-16,-6.661338147747608e-16,open_vs_corrected,,,,,,
0.8,0.3,256,12.0,3.5988678754898578,1.3089718115625376e-05,1.000036584800048,1.003904809912874e-06,1.166461360226036e-07,6.425713516320638e-07,9.569342897001465e-08,-1.1102230246246014e-15,-8.881784196996811e-16,open_vs_corrected,,,,,,
0.8,0.3,256,12.1,3.62885844111894,1.3488246435390356e-05,1.0000376969953135,1.0326216848115803e-06,1.201073276566562e-07,6.675972956382475e-07,9.772154785295599e-08,-8.881784196996811e-16,-8.881784196996811e-16,open_vs_corrected,,,,,,
0.8,0.3,256,12.2,3.658849006748023,1.3898907476378667e-05,1.0000388431008087,1.0621651503272368e-06,1.236503949410755e-07,6.93550380584672e-07,9.977634110533507e-08,-1.3322676295495217e-15,-6.661338147747608e-16,open_vs_corrected,,,,,,
0.8,0.3,256,12.3,3.6888395723771046,1.4322070626731735e-05,1.0000400241475662,1.092559490261534e-06,1.2727685283407276e-07,7.204639166326404e-07,1.0185772518716005e-07,-1.1102230246246014e-15,-6.661338147747608e-16,open_vs_corrected,,,,,,
0.8,0.3,256,12.4,3.7188301380061866,1.4758116520423073e-05,1.0000412411980508,1.1238297138357389e-06,1.3098823714116396e-07,7.48372383903623e-07,1.0396559561442693e-07,-1.1102230246246014e-15,-6.661338147747608e-16,open_vs_corrected,,,,,,
0.8,0.3,256,12.5,3.748820703635269,1.5207437379614162e-05,1.000042495347123,1.1560015779377296e-06,1.3478610443717978e-07,7.773114718054323e-07,1.0609982587772641e-07,-1.1102230246246014e-15,-8.881784196996811e-16,open_vs_corrected,,,,,,
0.8,0.3,256,12.6,3.778811269264351,1.567043736748422e-05,1.0000437877230202,1.18910161021605e-06,1.386720321004211e-07,8.07318121883524e-07,1.0826026577689437e-07,-8.881784196996811e-16,-8.881784196996811e-16,open_vs_corrected,,,,,,
0.8,0.3,256,12.7,3.8088018348934334,1.6147532951742755e-05,1.0000451194883713,1.2231571328063272e-06,1.426476183680101e-07,8.384305707177227e-07,1.1044674087471384e-07,-8.881784196996811e-16,-8.881784196996811e-16,open_vs_corrected,,,,,,
0.8,0.3,256,12.8,3.8387924005225154,1.6639153279235846e-05,1.000046491841247,1.2581962867681398e-06,1.467144822805353e-07,8.706883941267619e-07,1.1265905085588801e-07,-1.1102230246246014e-15,-8.881784196996811e-16,open_vs_corrected,,,,,,
0.8,0.3,256,12.9,3.868782966151597,1.714574056197223e-05,1.0000479060162328,1.2942480573943391e-06,1.5087426378445908e-07,9.041325539645324e-07,1.1489696811011037e-07,-1.1102230246246014e-15,-8.881784196996811e-16,open_vs_corrected,,,,,,
0.8,0.3,256,13.0,3.8987735317806793,1.766775047479722e-05,1.0000493632855456,1.3313423001897102e-06,1.5512862378825518e-07,9.388054452099892e-07,1.1716023670213669e-07,-1.3322676295495217e-15,-8.881784196996811e-16,open_vs_corrected,,,,,,
0.8,0.3,256,13.1,3.9287640974097617,1.8205652565385893e-05,1.0000508649601727,1.3695097678271498e-06,1.59479244114253e-07,9.747509455742934e-07,1.1944857082931508e-07,-1.1102230246246014e-15,-8.881784196996811e-16,open_vs_corrected,,,,,,
0.8,0.3,256,13.2,3.958754663038844,1.875993067653301e-05,1.000052412391057,1.4087821378756996e-06,1.639278276927632e-07,1.0120144669131244e-06,1.21761653527752e-07,-1.3322676295495217e-15,-8.881784196996811e-16,open_vs_corrected,,,,,,
0.8,0.3,256,13.3,3.988745228667926,1.9331083381333903e-05,1.0000540069703103,1.4491920413215922e-06,1.684760985377352e-07,1.050643007533938e-06,1.2409913498166154e-07,-1.3322676295495217e-15,-6.661338147747608e-16,open_vs_corrected,,,,,,
0.8,0.3,256,13.4,4.018735794297008,1.991962443170849e-05,1.0000556501324658,1.4907730921878556e-06,1.7312580182297962e-07,1.0906852066572538e-06,1.2646063145300256e-07,-1.3322676295495217e-15,-8.881784196996811e-16,open_vs_corrected,,,,,,
0.8,0.3,256,13.5,4.04872635992609,2.05260832204754e-05,1.0000573433557705,1.5335599178942643e-06,1.7787870403119878e-07,1.132191401544764e-06,1.288457237367601e-07,-1.3322676295495217e-15,-8.881784196996811e-16,open_vs_corrected,,,,,,
0.8,0.3,256,13.6,4.078716925555172,2.1151005257543876e-05,1.0000590881635152,1.5775881907092316e-06,1.8273659295528842e-07,1.1752136847722809e-06,1.3125395571840984e-07,-1.3322676295495217e-15,-8.881784196996811e-16,open_vs_corrected,,,,,,
0.8,0.3,256,13.7,4.108707491184255,2.179495266059772e-05,1.0000608861254052,1.622894660166222e-06,1.8770127776015314e-07,1.2198059656072003e-06,1.3368483253944926e-07,-1.3322676295495217e-15,-8.881784196996811e-16,open_vs_corrected,,,,,,
0.8,0.3,256,13.8,4.138698056813337,2.2458504660705068e-05,1.000062738858972,1.6695171864945645e-06,1.9277458905201555e-07,1.2660240315628964e-06,1.3613781986863057e-07,-8.881784196996811e-16,-1.1102230246246014e-15,open_vs_corrected,,,,,,
0.8,0.3,256,13.9,4.168688622442419,2.3142258123392465e-05,1.0000646480310331,1.7174947751267602e-06,1.9795837890743722e-07,1.3139256134012883e-06,1.386123419520312e-07,-8.881784196996811e-16,-8.881784196996811e-16,open_vs_corrected,,,,,,
0.8,0.3,256,14.0,4.198679188071501,2.3846828085360857e-05,1.0000666153591875,1.7668676122344246e-06,2.032545208952541e-07,1.3635704510881573e-06,1.411077798232249e-07,-1.1102230246246014e-15,-8.881784196996811e-16,open_vs_corrected,,,,,,
0.8,0.3,256,14.1,4.228669753700583,2.457284830793796e-05,1.0000686426133665,1.8176771016197277e-06,2.086649100225914e-07,1.41502036397124e-06,1.4362347038003385e-07,-8.881784196996811e-16,-8.881784196996811e-16,open_vs_corrected,,,,,,
0.8,0.3,256,14.2,4.258660319329666,2.5320971846938057e-05,1.000070731617421,1.8699659024480869e-06,2.141914627738249e-07,1.4683393204631516e-06,1.4615870418156298e-07,-1.1102230246246014e-15,-8.881784196996811e-16,open_vs_corrected,,,,,,
0.8,0.3,256,14.3,4.288650884958748,2.6091871640286324e-05,1.0000728842507705,1.923777968528481e-06,2.1983611692082842e-07,1.5235935133114671e-06,1.4871272406065954e-07,-1.1102230246246014e-15,-8.881784196996811e-16,open_vs_corrected,,,,,,
0.8,0.3,256,14.4,4.31864145058783,2.688624111308868e-05,1.000075102450089,1.979158588507928e-06,2.2560083157046203e-07,1.5808514341393486e-06,1.51284723015319e-07,-1.1102230246246014e-15,-8.881784196996811e-16,open_vs_corrected,,,,,,
0.8,0.3,256,14.5,4.348632016216912,2.770479480153498e-05,1.0000773882110503,2.036154427625962e-06,2.3148758692359522e-07,1.6401839533583084e-06,1.5387384278682976e-07,-1.1102230246246014e-15,-8.881784196996811e-16,open_vs_corrected,,,,,,
0.8,0.3,256,14.6,4.378622581845994,2.854826899561038e-05,1.0000797435901252,2.0948135707240905e-06,2.374983841909104e-07,1.7016644014204357e-06,1.5647917158293725e-07,-1.1102230246246014e-15,-8.881784196996811e-16,open_vs_corrected,,,,,,
0.8,0.3,256,14.7,4.4086131474750765,2.941742240131192e-05,1.0000821707064338,2.1551855665193757e-06,2.436352454510496e-07,1.7653686527541182e-06,1.5909974225981865e-07,-1.1102230246246014e-15,-8.881784196996811e-16,open_vs_corrected,,,,,,
0.8,0.3,256,14.8,4.438603713104159,3.031303682315928e-05,1.000084671743651,2.2173214734130986e-06,2.49900213410783e-07,1.8313752123492205e-06,1.6173452987723806e-07,-1.1102230246246014e-15,-8.881784196996811e-16,open_vs_corrected,,,,,,
0.8,0.3,256,14.9,4.46859427873324,3.123591786739142e-05,1.0000872489519712,2.2812739067545417e-06,2.562953512282166e-07,1.8997653065496328e-06,1.6438244983238905e-07,-1.1102230246246014e-15,-8.881784196996811e-16,open_vs_corrected,,,,,,
0.8,0.3,256,15.0,4.498584844362322,3.218689566666659e-05,1.00008990465014,2.3470970875859525e-06,2.628227423344689e-07,1.970622975564734e-06,1.670423555576717e-07,-1.1102230246246014e-15,-8.881784196996811e-16,open_vs_corrected,,,,,,
0.8,0.3,256,15.1,4.528575409991404,3.316682562670608e-05,1.000092641227535,2.414846892952283e-06,2.694844901664205e-07,2.0440351695987373e-06,1.697130355799728e-07,-1.1102230246246014e-15,-8.881784196996811e-16,open_vs_corrected,,,,,,
0.8,0.3,256,15.2,4.558565975620487,3.417658919576477e-05,1.000095461146323,2.4845809078681937e-06,2.762827179590348e-07,2.120091848507007e-06,1.723932117668563e-07,-1.1102230246246014e-15,-8.881784196996811e-16,open_vs_corrected,,,,,,
0.8,0.3,256,15.3,4.588556541249569,3.521709465746127e-05,1.0000983669436732,2.55635847886119e-06,2.832195685443109e-07,2.198886084170172e-06,1.750815360115675e-07,-8.881784196996811e-16,-8.881784196996811e-16,open_vs_corrected,,,,,,
0.8,0.3,256,15.4,4.618547106878651,3.628927794780184e-05,1.0001013612340413,2.6302407693270104e-06,2.902972040992222e-07,2.280514166920459e-06,1.7777658840026805e-07,-8.881784196996811e-16,-8.881784196996811e-16,open_vs_corrected,,,,,,
0.8,0.3,256,15.5,4.648537672507733,3.739410349708543e-05,1.000104446711527,2.7062908166604112e-06,2.975178059303614e-07,2.3650757151854067e-06,1.8047687373122586e-07,-8.881784196996811e-16,-8.881784196996811e-16,open_vs_corrected,,,,,,
0.8,0.3,256,15.6,4.678528238136815,3.853256509737446e-05,1.000107626152298,2.7845735912190592e-06,3.048835742485807e-07,2.4526737895831296e-06,1.8318081906618145e-07,-8.881784196996811e-16,-8.881784196996811e-16,open_vs_corrected,,,,,,
0.8,0.3,256,15.7,4.708518803765898,3.970568679640408e-05,1.0001109024170896,2.865156057021404e-06,3.123967279210584e-07,2.543415009296836e-06,1.8588677098315134e-07,-8.881784196996811e-16,-8.881784196996811e-16,open_vs_corrected,,,,,,
0.8,0.3,256,15.8,4.73850936939498,4.0914523818689625e-05,1.0001142784537806,2.948107234644501e-06,3.2005950430096417e-07,2.637409673769373e-06,1.8859299272548745e-07,-1.1102230246246014e-15,-8.881784196996811e-16,open_vs_corrected,,,,,,
0.8,0.3,256,15.9,4.768499935024062,4.216016351481278e-05,1.0001177573000504,3.0334982660890152e-06,3.2787415890218774e-07,2.734771888616132e-06,1.912976608632093e-07,-8.881784196996811e-16,-8.881784196996811e-16,open_vs_corrected,,,,,,
0.8,0.3,256,16.0,4.798490500653144,4.3443726339353305e-05,1.0001213420861128,3.121402481572592e-06,3.358429652468028e-07,2.83561969424288e-06,1.939988622723071e-07,-8.881784196996811e-16,-8.881784196996811e-16,open_vs_corrected,,,,,,
0.8,0.3,256,16.1,4.828481066282227,4.476636685885519e-05,1.0001250360375342,3.211895468690084e-06,3.439682145681852e-07,2.940075200715297e-06,1.966945920627961e-07,-8.881784196996811e-16,-1.1102230246246014e-15,open_vs_corrected,,,,,,
0.8,0.3,256,16.2,4.858471631911308,4.612927479025425e-05,1.0001288424781432,3.305055143602529e-06,3.52252215560058e-07,3.0482647254927694e-06,1.9938274892896442e-07,-1.1102230246246014e-15,-8.881784196996811e-16,open_vs_corrected,,,,,,
0.8,0.3,256,16.3,4.888462197540391,4.753367607113103e-05,1.0001327648330172,3.4009618247841773e-06,3.606972940702267e-07,3.1603189373238923e-06,2.0206113313430385e-07,-8.881784196996811e-16,-8.881784196996811e-16,open_vs_corrected,,,,,,
0.8,0.3,256,16.4,4.918452763169472,4.898083396234544e-05,1.0001368066315754,3.4996983088272805e-06,3.693057928462312e-07,3.276373003083006e-06,2.047274428812575e-07,-1.1102230246246014e-15,-1.1102230246246014e-15,open_vs_corrected,,,,,,
0.8,0.3,256,16.5,4.948443328798555,5.047205018443545e-05,1.0001409715107523,3.601349949029364e-06,3.780800711835758e-07,3.396566742133664e-06,2.073792706617997e-07,-1.1102230246246014e-15,-1.1102230246246014e-15,open_vs_corrected,,,,,,
0.8,0.3,256,16.6,4.978433894427638,5.200866608844708e-05,1.0001452632182768,3.706004736253869e-06,3.870225045758605e-07,3.5210447834087025e-06,2.100141004160419e-07,-1.1102230246246014e-15,-1.1102230246246014e-15,open_vs_corrected,,,,,,
0.8,0.3,256,16.7,5.008424460056719,5.359206386252056e-05,1.000149685616047,3.813753382594416e-06,3.9613548435806875e-07,3.649956729244223e-06,2.126293034268456e-07,-1.1102230246246014e-15,-1.1102230246246014e-15,open_vs_corrected,,,,,,
0.8,0.3,256,16.8,5.038415025685802,5.522366777512296e-05,1.00015424268361,3.924689407577993e-06,4.0542141732690897e-07,3.7834573236819815e-06,2.152221352743594e-07,-1.1102230246246014e-15,-1.1102230246246014e-15,open_vs_corrected,,,,,,
0.8,0.3,256,16.9,5.068405591314883,5.690494545629388e-05,1.0001589385217455,4.038909227419248e-06,4.148827253037025e-07,3.921706628367085e-06,2.1778973160439909e-07,-1.1102230246246014e-15,-8.881784196996811e-16,open_vs_corrected,,,,,,
0.8,0.3,256,17.0,5.0983961569439655,5.8637409217595744e-05,1.000163777356167,4.156512246801169e-06,4.2452184471667046e-07,4.064870201485094e-06,2.2032910474815307e-07,-1.1102230246246014e-15,-8.881784196996811e-16,open_vs_corrected,,,,,,
0.8,0.3,256,17.1,5.128386722573048,6.042261741257436e-05,1.0001687635413177,4.277600953919779e-06,4.343412261470201e-07,4.213119284882646e-06,2.228371393875228e-07,-1.1102230246246014e-15,-1.1102230246246014e-15,open_vs_corrected,,,,,,
0.8,0.3,256,17.2,5.1583772882021295,6.22621758385094e-05,1.0001739015643063,4.402281018633222e-06,4.443433338532128e-07,4.366630997315969e-06,2.2531058851324226e-07,-1.1102230246246014e-15,-8.881784196996811e-16,open_vs_corrected,,,,,,
0.8,0.3,256,17.3,5.188367853831212,6.41577391807236e-05,1.000179196048944,4.53066139349304e-06,4.545306453232219e-07,4.525588532919122e-06,2.277460697067805e-07,-1.1102230246246014e-15,-1.1102230246246014e-15,open_vs_corrected,,,,,,
0.8,0.3,256,17.400000000000002,5.218358419460294,6.611101250106169e-05,1.000184651759911,4.662854418406892e-06,4.649056507833261e-07,4.690181367545531e-06,2.301400606839163e-07,-8.881784196996811e-16,-1.1102230246246014e-15,open_vs_corrected,,,,,,
0.8,0.3,256,17.5,5.248348985089376,6.812375277156581e-05,1.000190273607052,4.798975928455018e-06,4.754708526658165e-07,4.860605471690944e-06,2.3248889417923307e-07,-1.3322676295495217e-15,-8.881784196996811e-16,open_vs_corrected,,,,,,
0.8,0.3,256,17.6,5.278339550718459,7.019777045488214e-05,1.0001960666498035,4.939145365394897e-06,4.862287652162553e-07,5.037063530375409e-06,2.3478875427422954e-07,-1.3322676295495217e-15,-8.881784196996811e-16,open_vs_corrected,,,,,,
0.8,0.3,256,17.7,5.30833011634754,7.233493113279011e-05,1.000202036101751,5.083485892624468e-06,4.971819139103316e-07,5.21976517021192e-06,2.3703567162039147e-07,-1.1102230246246014e-15,-1.1102230246246014e-15,open_vs_corrected,,,,,,
0.8,0.3,256,17.8,5.338320681976623,7.453715718423325e-05,1.000208187335329,5.232124513973787e-06,5.083328351025757e-07,5.408927194927078e-06,2.392255183667405e-07,-1.1102230246246014e-15,-1.1102230246246014e-15,open_vs_corrected,,,,,,
0.8,0.3,256,17.900000000000002,5.368311247605705,7.68064295145413e-05,1.0002145258866644,5.385192196372251e-06,5.196840754915364e-07,5.604773828093902e-06,2.413540039733171e-07,-1.1102230246246014e-15,-1.1102230246246014e-15,open_vs_corrected,,,,,,
0.8,0.3,256,18.0,5.398301813234787,7.914478933730111e-05,1.000221057460569,5.542823996500401e-06,5.312381916836466e-07,5.807536963664609e-06,2.4341666966432294e-07,-1.1102230246246014e-15,-1.1102230246246014e-15,open_vs_corrected,,,,,,
0.8,0.3,256,18.1,5.42829237886387,8.155434001034277e-05,1.000227787935678,5.705159191524011e-06,5.429977497909424e-07,6.017456426207791e-06,2.4540888394790864e-07,-8.881784196996811e-16,-1.1102230246246014e-15,open_vs_corrected,,,,,,
0.8,0.3,256,18.2,5.458282944492951,8.4037248927765e-05,1.0002347233697555,5.872341414128403e-06,5.54965325011072e-07,6.234780238283152e-06,2.47325837476352e-07,-8.881784196996811e-16,-1.1102230246246014e-15,open_vs_corrected,,,,,,
0.8,0.3,256,18.3,5.488273510122034,8.659574946950636e-05,1.0002418700051563,6.044518791979583e-06,5.671435012355175e-07,6.4597648981069895e-06,2.4916253813415004e-07,-1.3322676295495217e-15,-1.1102230246246014e-15,open_vs_corrected,,,,,,
0.8,0.3,256,18.4,5.518264075751116,8.92321430102469e-05,1.000249234274451,6.221844091649746e-06,5.795348706962235e-07,6.692675665647297e-06,2.50913805766678e-07,-1.1102230246246014e-15,-1.1102230246246014e-15,open_vs_corrected,,,,,,
0.8,0.3,256,18.5,5.548254641380198,9.194880098950218e-05,1.000256822806229,6.404474867306554e-06,5.921420336032662e-07,6.9337868584935e-06,2.525742677657416e-07,-1.1102230246246014e-15,-1.1102230246246014e-15,open_vs_corrected,,,,,,
0.8,0.3,256,18.6,5.578245207009281,9.474816704477745e-05,1.0002646424310817,6.592573614298669e-06,6.049675978150185e-07,7.183382158038129e-06,2.541383530469537e-07,-1.1102230246246014e-15,-1.1102230246246014e-15,open_vs_corrected,,,,,,
0.8,0.3,256,18.7,5.608235772638362,9.763275920955424e-05,1.0002727001877538,6.786307927600446e-06,6.180141785070325e-07,7.441754925407794e-06,2.556002879065528e-07,-1.1102230246246014e-15,-1.1102230246246014e-15,open_vs_corrected,,,,,,
0.8,0.3,256,18.8,5.638226338267445,0.0001006051721782,1.0002810033295022,6.985850665593798e-06,6.312843979469768e-07,7.70920852809431e-06,2.569540902084687e-07,-8.881784196996811e-16,-1.3322676295495217e-15,open_vs_corrected,,,,,,
0.8,0.3,256,18.9,5.668216903896527,0.0001036680796403,1.0002895593306336,7.1913801191222775e-06,6.447808851695194e-07,7.986056677584033e-06,2.581935654601351e-07,-8.881784196996811e-16,-1.1102230246246014e-15,open_vs_corrected,,,,,,
0.8,0.3,256,19.0,5.698207469525609,0.000106824236685,1.0002983758932489,7.403080186074917e-06,6.585062757416781e-07,8.272623778542018e-06,2.593123007698288e-07,-1.1102230246246014e-15,-1.1102230246246014e-15,open_vs_corrected,,,,,,
0.8,0.3,256,19.1,5.728198035154691,0.0001100764822796,1.000307460954194,7.621140551687539e-06,6.724632115897123e-07,8.569245288902317e-06,2.603036609266008e-07,-8.881784196996811e-16,-8.881784196996811e-16,open_vs_corrected,,,,,,
0.8,0.3,256,19.2,5.758188600783773,0.0001134277418234,1.0003168226922217,7.845756874729588e-06,6.866543408183489e-07,8.876268092667526e-06,2.611607834317175e-07,-8.881784196996811e-16,-8.881784196996811e-16,open_vs_corrected,,,,,,
0.8,0.3,256,19.3,5.788179166412856,0.0001168810297785,1.0003264695353715,8.077130979874954e-06,7.010823175464865e-07,9.194050885075906e-06,2.618765743038556e-07,-8.881784196996811e-16,-1.1102230246246014e-15,open_vs_corrected,,,,,,
0.8,0.3,256,19.4,5.818169732041937,0.0001204394523818,1.0003364101685774,8.315471056176757e-06,7.157498018613117e-07,9.522964570583074e-06,2.624437037509052e-07,-8.881784196996811e-16,-1.3322676295495217e-15,open_vs_corrected,,,,,,
0.8,0.3,256,19.5,5.848160297671019,0.000124106210439,1.0003466535415062,8.560991862256101e-06,7.306594597021874e-07,9.863392673662133e-06,2.6285460191536745e-07,-8.881784196996811e-16,-1.1102230246246014e-15,open_vs_corrected,,,,,,
0.8,0.3,256,19.6,5.878150863300101,0.0001278846022036,1.0003572088766393,8.813914937957183e-06,7.45813963005231e-07,1.0215731763979496e-05,2.631014561574239e-07,-8.881784196996811e-16,-8.881784196996811e-16,open_vs_corrected,,,,,,
0.8,0.3,256,19.7,5.908141428929183,0.0001317780263436,1.0003680856775945,9.07446882332295e-06,7.61215989675194e-07,1.058039189579006e-05,2.631762075437143e-07,-8.881784196996811e-16,-1.1102230246246014e-15,open_vs_corrected,,,,,,
0.8,0.3,256,19.8,5.938131994558266,0.0001357899849987,1.000379293737713,9.34288928427646e-06,7.768682238483479e-07,1.0957797060993754e-05,2.6307054868842255e-07,-8.881784196996811e-16,-1.1102230246246014e-15,open_vs_corrected,,,,,,
0.8,0.3,256,19.9,5.968122560187348,0.0001399240869308,1.0003908431488993,9.61941954610629e-06,7.927733561076494e-07,1.1348385658967191e-05,2.6277592235576417e-07,-6.661338147747608e-16,-1.1102230246246014e-15,open_vs_corrected,,,,,,
0.8,0.3,256,20.0,5.99811312581643,0.0001441840507694,1.000402744310735,9.904310534315176e-06,8.089340838577773e-07,1.1752610980049816e-05,2.6228352030533224e-07,-8.881784196996811e-16,-1.1102230246246014e-15,open_vs_corrected,,,,,,
0.8,0.3,256,20.1,6.028103691445512,0.000148573708357,1.0004150079398777,1.0197821123605683e-05,8.25353111811678e-07,1.217094170725542e-05,2.615842845645637e-07,-6.661338147747608e-16,-1.3322676295495217e-15,open_vs_corrected,,,,,,
0.8,0.3,256,20.2,6.058094257074594,0.0001530970081958,1.000427645079734,1.050021839485884e-05,8.420331525660955e-07,1.2603862433092094e-05,2.606689090019197e-07,-6.661338147747608e-16,-1.1102230246246014e-15,open_vs_corrected,,,,,,
0.8,0.3,256,20.3,6.088084822703677,0.0001577580189991,1.0004406671104469,1.0811777900503846e-05,8.589769273740763e-07,1.3051874194013705e-05,2.5952784402129685e-07,-6.661338147747608e-16,-1.3322676295495217e-15,open_vs_corrected,,,,,,
0.8,0.3,256,20.4,6.118075388332759,0.0001625609333516,1.0004540857591702,1.1132783938939129e-05,8.761871669813472e-07,1.351549502338852e-05,2.58151302048105e-07,-6.661338147747608e-16,-1.1102230246246014e-15,open_vs_corrected,,,,,,
0.8,0.3,256,20.5,6.148065953961841,0.0001675100714799,1.0004679131106726,1.14635298375586e-05,8.936666126695786e-07,1.3995260522161956e-05,2.565292673131424e-07,-6.661338147747608e-16,-1.1102230246246014e-15,open_vs_corrected,,,,,,
0.8,0.3,256,20.6,6.178056519590923,0.0001726098851393,1.000482161618259,1.1804318245231387e-05,9.114180174916716e-07,1.4491724448414446e-05,2.54651508102848e-07,-6.661338147747608e-16,-1.1102230246246014e-15,open_vs_corrected,,,,,,
0.8,0.3,256,20.7,6.208047085220005,0.0001778649616176,1.000496844115029,1.2155461434480731e-05,9.294441476410376e-07,1.5005459327287292e-05,2.525075947875864e-07,-6.661338147747608e-16,-1.3322676295495217e-15,open_vs_corrected,,,,,,
0.8,0.3,256,20.8,6.238037650849088,0.0001832800278616,1.0005119738254773,1.2517281613460884e-05,9.47747784011658e-07,1.5537057080482438e-05,2.500869215373818e-07,-6.661338147747608e-16,-1.3322676295495217e-15,open_vs_corrected,,,,,,
0.8,0.3,256,20.9,6.26802821647817,0.000188859954729,1.0005275643774545,1.2890111248312876e-05,9.663317240076846e-07,1.608712967708127e-05,2.473787372951172e-07,-6.661338147747608e-16,-1.1102230246246014e-15,open_vs_corrected,,,,,,
0.8,0.3,256,21.0,6.298018782107252,0.0001946097613695,1.0005436298144956,1.327429339591713e-05,9.851987835480742e-07,1.6656309806004307e-05,2.4437218409314577e-07,-4.4408920984984055e-16,-1.1102230246246014e-15,open_vs_corrected,,,,,,
0.8,0.3,256,21.1,6.328009347736334,0.0002005346197398,1.0005601846085166,1.3670182047763264e-05,1.0043517992880664e-06,1.7245251570713722e-05,2.410563474998584e-07,-4.4408920984984055e-16,-1.3322676295495217e-15,open_vs_corrected,,,,,,
0.8,0.3,256,21.2,6.357999913365416,0.0002066398592555,1.000577243672914,1.407814248523729e-05,1.0237936311051728e-06,1.7854631207056118e-05,2.374203215047252e-07,-4.4408920984984055e-16,-1.3322676295495217e-15,open_vs_corrected,,,,,,
0.8,0.3,256,21.3,6.387990478994499,0.0002129309715853,1.0005948223760572,1.4498551646088072e-05,1.043527164854707e-06,1.848514782484384e-05,2.3345329289498618e-07,-4.4408920984984055e-16,-1.3322676295495217e-15,open_vs_corrected,,,,,,
0.8,0.3,256,21.4,6.4179810446235805,0.0002194136155901,1.0006129365551977,1.4931798503672744e-05,1.0635553153871257e-06,1.913752417471882e-05,2.2914464949472995e-07,-4.4408920984984055e-16,-1.1102230246246014e-15,open_vs_corrected,,,,,,
0.8,0.3,256,21.5,6.447971610252663,0.0002260936224137,1.0006316025308055,1.5378284458089432e-05,1.0838810298831212e-06,1.9812507439737635e-05,2.2448412225005075e-07,-4.4408920984984055e-16,-1.3322676295495217e-15,open_vs_corrected,,,,,,
0.8,0.3,256,21.6,6.4779621758817445,0.0002329770007276,1.0006508371213458,1.5838423740471053e-05,1.1045072914861794e-06,2.05108700530446e-05,2.1946196991948238e-07,-4.4408920984984055e-16,-1.3322676295495217e-15,open_vs_corrected,,,,,,
0.8,0.3,256,21.7,6.5079527415108265,0.0002400699421359,1.0006706576585116,1.6312643830507424e-05,1.1254371233076844e-06,2.1233410544165807e-05,2.140692216179721e-07,-4.4408920984984055e-16,-1.3322676295495217e-15,open_vs_corrected,,,,,,
0.8,0.3,256,21.8,6.5379433071399085,0.0002473788267446,1.0006910820029198,1.680138588776034e-05,1.1466735927732503e-06,2.198095441176828e-05,2.082980002454357e-07,-6.661338147747608e-16,-1.1102230246246014e-15,open_vs_corrected,,,,,,
0.8,0.3,256,21.9,6.567933872768991,0.0002549102289002,1.00071212856029,1.7305105197112327e-05,1.168219816344557e-06,2.275435502619914e-05,2.0214195185684595e-07,-4.4408920984984055e-16,-1.3322676295495217e-15,open_vs_corrected,,,,,,
0.8,0.3,256,22.0,6.597924438398073,0.0002626709231039,1.0007338162981303,1.782427162892601e-05,1.190078964722721e-06,2.355449456178893e-05,1.9559682866113999e-07,-4.4408920984984055e-16,-1.3322676295495217e-15,open_vs_corrected,,,,,,
0.8,0.3,256,22.1,6.627915004027155,0.0002706678901045,1.0007561647629213,1.835937011447644e-05,1.2122542684082508e-06,2.4382284960303524e-05,1.8866128189013592e-07,-4.4408920984984055e-16,-1.1102230246246014e-15,open_vs_corrected,,,,,,
0.8,0.3,256,22.2,6.657905569656237,0.0002789083231782,1.00077919409784,1.8910901136812502e-05,1.234749023809798e-06,2.523866892647701e-05,1.8133796022679145e-07,-6.661338147747608e-16,-1.3322676295495217e-15,open_vs_corrected,,,,,,
0.8,0.3,256,22.3,6.687896135285319,0.0002873996345983,1.000802925061023,1.947938123793791e-05,1.2575665998255913e-06,2.612462095558887e-05,1.7363504371317064e-07,-6.661338147747608e-16,-1.3322676295495217e-15,open_vs_corrected,,,,,,
0.8,0.3,256,22.4,6.717886700914402,0.0002961494623031,1.0008273790443984,2.0065343542751235e-05,1.280710444988502e-06,2.704114839615591e-05,1.655684203951129e-07,-2.2204460492492028e-16,-1.3322676295495217e-15,open_vs_corrected,,,,,,
0.8,0.3,256,22.5,6.747877266543484,0.0003051656767655,1.000852578093088,2.0669338300185444e-05,1.304184095158685e-06,2.7989292547975336e-05,1.571648132765395e-07,-4.4408920984984055e-16,-1.1102230246246014e-15,open_vs_corrected,,,,,,
0.8,0.3,256,22.6,6.777867832172566,0.0003144563880731,1.000878544925417,2.129193344222608e-05,1.3279911818109058e-06,2.8970129795730057e-05,1.484663291659031e-07,-4.4408920984984055e-16,-1.1102230246246014e-15,open_vs_corrected,,,,,,
0.8,0.3,256,22.7,6.807858397801648,0.0003240299532225,1.0009053029535315,2.193371516121776e-05,1.3521354410510846e-06,2.998477278016834e-05,1.3953714646430046e-07,-4.4408920984984055e-16,-1.3322676295495217e-15,open_vs_corrected,,,,,,
0.8,0.3,256,22.8,6.83784896343073,0.0003338949836371,1.0009328763046608,2.2595288506526357e-05,1.376620723213867e-06,3.10343716092109e-05,1.3047340144934484e-07,-4.4408920984984055e-16,-1.1102230246246014e-15,open_vs_corrected,,,,,,
0.8,0.3,256,22.9,6.867839529059813,0.000344060352912,1.000961289843025,2.3277278000590356e-05,1.4014510032338225e-06,3.212011510815542e-05,1.2141774451127997e-07,-4.4408920984984055e-16,-1.1102230246246014e-15,open_vs_corrected,,,,,,
0.8,0.3,256,23.0,6.897830094688895,0.0003545352047967,1.0009905691924268,2.398032827529209e-05,1.4266303917751135e-06,3.324323211116426e-05,1.1258029046056343e-07,-4.4408920984984055e-16,-1.3322676295495217e-15,open_vs_corrected,,,,,,
0.8,0.3,256,23.1,6.927820660317977,0.0003653289614191,1.0010207407595364,2.470510472968699e-05,1.4521631471552555e-06,3.440499279664042e-05,1.0426694062774453e-07,-4.4408920984984055e-16,-1.1102230246246014e-15,open_vs_corrected,,,,,,
0.8,0.3,256,23.2,6.957811225947059,0.0003764513317609,1.001051831757898,2.545229420885973e-05,1.4780536880942278e-06,3.5606710065175675e-05,9.691211770663013e-08,-4.4408920984984055e-16,-1.3322676295495217e-15,open_vs_corrected,,,,,,
0.8,0.3,256,23.3,6.987801791576141,0.0003879123203906,1.001083870232672,2.622260570581611e-05,1.5043066073568426e-06,3.6849740965121487e-05,9.110158743735157e-08,-6.661338147747608e-16,-1.3322676295495217e-15,open_vs_corrected,,,,,,
0.8,0.3,256,23.4,7.017792357205224,0.0003997222364624,1.0011168850861496,2.701677108602604e-05,1.5309266863051212e-06,3.813548816322488e-05,8.755012242573467e-08,-4.4408920984984055e-16,-1.3322676295495217e-15,open_vs_corrected,,,,,,
0.8,0.3,256,23.5,7.047782922834306,0.0004118917029896,1.001150906104049,2.783554583615266e-05,1.5579189104335351e-06,3.946540146530945e-05,8.698619773509047e-08,-2.2204460492492028e-16,-1.3322676295495217e-15,open_vs_corrected,,,,,,
0.8,0.3,256,23.6,7.077773488463388,0.0004244316663988,1.00118596398263,2.86797098373494e-05,1.5852884859041034e-06,4.084097938669628e-05,8.99451072166927e-08,-4.4408920984984055e-16,-1.3322676295495217e-15,open_vs_corrected,,,,,,
0.8,0.3,256,23.7,7.10776405409247,0.0004373534063772,1.001222090356643,2.955006816431894e-05,1.6130408571232648e-06,4.226377077488105e-05,9.6591609261406e-08,-4.4408920984984055e-16,-1.1102230246246014e-15,open_vs_corrected,,,,,,
0.8,0.3,256,23.8,7.137754619721552,0.0004506685460178,1.0012593178281484,3.0447451910499844e-05,1.6411817254412687e-06,4.373537648543246e-05,1.0672154792756089e-07,-4.4408920984984055e-16,-1.3322676295495217e-15,open_vs_corrected,,,,,,
0.8,0.3,256,23.9,7.167745185350634,0.000464389062274,1.001297679996226,3.137271904057642e-05,1.669717068961917e-06,4.5257451113679015e-05,1.1992498198169016e-07,-4.4408920984984055e-16,-1.1102230246246014e-15,open_vs_corrected,,,,,,
0.8,0.3,256,24.0,7.197735750979716,0.0004785272967331,1.001337211487601,3.2326755271281675e-05,1.6986531635895237e-06,4.683170478292341e-05,1.3576167519729222e-07,-4.4408920984984055e-16,-1.3322676295495217e-15,open_vs_corrected,,,,,,
0.8,0.3,256,24.1,7.227726316608798,0.000493095966717,1.001377947988225,3.3310474981139935e-05,1.7279966052864262e-06,4.845990499322823e-05,1.5385788112834073e-07,-4.4408920984984055e-16,-1.3322676295495217e-15,open_vs_corrected,,,,,,
0.8,0.3,256,24.2,7.25771688223788,0.0005081081767213,1.0014199262758363,3.43248221502247e-05,1.757754333634644e-06,5.01438785288489e-05,1.7393174765883896e-07,-4.4408920984984055e-16,-1.3322676295495217e-15,open_vs_corrected,,,,,,
0.8,0.3,256,24.3,7.287707447866962,0.0005235774302021,1.0014631842535295,3.5370771331209565e-05,1.7879336567240723e-06,5.188551343137053e-05,1.9578426200326457e-07,-2.2204460492492028e-16,-1.3322676295495217e-15,open_vs_corrected,,,,,,
0.8,0.3,256,24.4,7.317698013496045,0.0005395176417223,1.0015077609843628,3.644932865213633e-05,1.8185422774510067e-06,5.368676103566992e-05,2.192808882618613e-07,-2.2204460492492028e-16,-1.1102230246246014e-15,open_vs_corrected,,,,,,
0.8,0.3,256,24.5,7.347688579125126,0.0005559431494673,1.0015536967270509,3.756153285274829e-05,1.849588321233526e-06,5.5549638074944e-05,2.443343623913282e-07,-4.4408920984984055e-16,-1.3322676295495217e-15,open_vs_corrected,,,,,,
0.8,0.3,256,24.6,7.377679144754209,0.0005728687281416,1.001601032972758,3.870845635460522e-05,1.881080365232772e-06,5.747622885322971e-05,2.708913599763348e-07,-4.4408920984984055e-16,-1.3322676295495217e-15,open_vs_corrected,,,,,,
0.8,0.3,256,24.7,7.407669710383291,0.0005903096022585,1.0016498124830415,3.989120636684861e-05,1.913027469064536e-06,5.946868749172389e-05,2.989228880568088e-07,-4.4408920984984055e-16,-1.3322676295495217e-15,open_vs_corrected,,,,,,
0.8,0.3,256,24.8,7.437660276012373,0.0006082814598336,1.0017000793289748,4.111092602847406e-05,1.9454392071478946e-06,6.152924024703784e-05,3.284175587314101e-07,-4.4408920984984055e-16,-1.3322676295495217e-15,open_vs_corrected,,,,,,
0.8,0.3,256,24.9,7.467650841641456,0.0006268004664955,1.0017518789314868,4.236879558829347e-05,1.9783257026129364e-06,6.366018790771148e-05,3.593769138761409e-07,-4.4408920984984055e-16,-1.3322676295495217e-15,open_vs_corrected,,,,,,
0.8,0.3,256,25.0,7.497641407270537,0.0006458832800269,1.001805258102964,4.3666033623960975e-05,2.0116976628837463e-06,6.586390826876927e-05,3.918121681901324e-07,-4.4408920984984055e-16,-1.3322676295495217e-15,open_vs_corrected,,,,,,
0.8,0.3,256,25.1,7.52763197289962,0.0006655470653466,1.0018602650901447,4.500389830129448e-05,2.045566416976618e-06,6.814285868802414e-05,4.2574192193211093e-07,-4.4408920984984055e-16,-1.3322676295495217e-15,open_vs_corrected,,,,,,
0.8,0.3,256,25.2,7.557622538528702,0.0006858095099492,1.0019169496183546,4.638368867497354e-05,2.079943954478908e-06,7.049957872637343e-05,4.6119053645996213e-07,-4.4408920984984055e-16,-1.3322676295495217e-15,open_vs_corrected,,,,,,
0.8,0.3,256,25.3,7.587613104157784,0.000706688839814,1.0019753629371282,4.780674603273071e-05,2.1148429662972174e-06,7.293669287566283e-05,4.98186967385043e-07,-4.4408920984984055e-16,-1.3322676295495217e-15,open_vs_corrected,,,,,,
0.8,0.3,256,25.4,7.617603669786867,0.0007282038357982,1.0020355578672488,4.927445528355544e-05,2.150276887149021e-06,7.545691337548159e-05,5.367639148911849e-07,-4.4408920984984055e-16,-1.3322676295495217e-15,open_vs_corrected,,,,,,
0.8,0.3,256,25.5,7.647594235415948,0.0007503738505293,1.0020975888492651,5.078824639185751e-05,2.18625993985684e-06,7.806304312396644e-05,5.769571977114016e-07,-4.4408920984984055e-16,-1.3322676295495217e-15,open_vs_corrected,,,,,,
0.8,0.3,256,25.6,7.677584801045031,0.0007732188258118,1.0021615119935334,5.234959585923002e-05,2.222807181397737e-06,8.075797868258559e-05,6.188052851820686e-07,-4.4408920984984055e-16,-1.3322676295495217e-15,open_vs_corrected,,,,,,
0.8,0.3,256,25.7,7.707575366674113,0.0007967593105634,1.002227385131807,5.396002825513498e-05,2.2599345507861507e-06,8.35447133823613e-05,6.623489433037315e-07,-2.2204460492492028e-16,-1.3322676295495217e-15,open_vs_corrected,,,,,,
0.8,0.3,256,25.8,7.737565932303195,0.0008210164792978,1.0022952678704695,5.562111779804429e-05,2.297658918649715e-06,8.642634052911425e-05,7.076309627631307e-07,-4.4408920984984055e-16,-1.3322676295495217e-15,open_vs_corrected,,,,,,
0.8,0.3,256,25.9,7.767556497932277,0.0008460121511691,1.0023652216454244,5.7334489989062295e-05,2.335998138642139e-06,8.940605671719772e-05,7.546959475766035e-07,-4.4408920984984055e-16,-1.3322676295495217e-15,open_vs_corrected,,,,,,
0.8,0.3,256,26.0,7.797547063561359,0.0008717688095969,1.0024373097787118,5.910182329944158e-05,2.3749711004990315e-06,9.248716525003006e-05,8.035901473954957e-07,-4.4408920984984055e-16,-1.3322676295495217e-15,open_vs_corrected,,,,,,
0.8,0.3,256,26.1,7.8275376291904415,0.0008983096224885,1.002511597536906,6.092485091398228e-05,2.4145977848755574e-06,9.56730796744478e-05,8.543613222787346e-07,-4.4408920984984055e-16,-1.3322676295495217e-15,open_vs_corrected,,,,,,
0.8,0.3,256,26.2,7.8575281948195235,0.0009256584630759,1.0025881521913549,6.280536253203391e-05,2.454899319702018e-06,9.89673274299214e-05,9.07058632028702e-07,-4.4408920984984055e-16,-1.3322676295495217e-15,open_vs_corrected,,,,,,
0.8,0.3,256,26.3,7.887518760448605,0.0009538399313883,1.002667043080312,6.474520622807501e-05,2.495898038246426e-06,0.0001023735536189,9.617325427544164e-07,-4.4408920984984055e-16,-1.3322676295495217e-15,open_vs_corrected,,,,,,
0.8,0.3,256,26.4,7.917509326077688,0.0009828793763771,1.002748341673034,6.674629037395067e-05,2.5376175386340016e-06,0.0001058955249009,1.0184347469367046e-06,-4.4408920984984055e-16,-1.3322676295495217e-15,open_vs_corrected,,,,,,
0.8,0.3,256,26.5,7.947499891706769,0.0010128029187149,1.0028321216358984,6.881058562433973e-05,2.5800827447759785e-06,0.0001095371335131,1.077218091961183e-06,-4.4408920984984055e-16,-1.3322676295495217e-15,open_vs_corrected,,,,,,
0.8,0.3,256,26.6,7.977490457335852,0.001043637474288,1.0029184589006124,7.094012696833372e-05,2.6233199686380644e-06,0.000113302401425,1.1381365153892618e-06,-4.4408920984984055e-16,-1.3322676295495217e-15,open_vs_corrected,,,,,,
0.8,0.3,256,26.7,8.007481022964933,0.0010754107784047,1.0030074317345792,7.313701584858496e-05,2.6673569738325514e-06,0.0001171954846279,1.201244985017232e-06,-4.4408920984984055e-16,-1.3322676295495217e-15,open_vs_corrected,,,,,,
0.8,0.3,256,26.8,8.037471588594016,0.0011081514107391,1.003099120813497,7.540342235057094e-05,2.712223040202017e-06,0.0001212206775654,1.2665994394658038e-06,-4.4408920984984055e-16,-1.3322676295495217e-15,open_vs_corrected,,,,,,
0.8,0.3,256,26.9,8.067462154223099,0.0011418888210354,1.0031936092962594,7.77415874643681e-05,2.757949029508647e-06,0.0001253824177106,1.3342567322870737e-06,-4.4408920984984055e-16,-1.554312234474442e-15,open_vs_corrected,,,,,,
0.8,0.3,256,27.0,8.09745271985218,0.001176653355594,1.003290982902227,8.015382542131522e-05,2.8045674518987837e-06,0.0001296852902914,1.4042745727831952e-06,-4.4408920984984055e-16,-1.3322676295495217e-15,open_vs_corrected,,,,,,
0.8,0.3,256,27.1,8.127443285481263,0.001212476284563,1.0033913299909696,8.264252610761773e-05,2.8521125331997022e-06,0.0001341340331721,1.4767114676124791e-06,-4.4408920984984055e-16,-1.3322676295495217e-15,open_vs_corrected,,,,,,
0.8,0.3,256,27.2,8.157433851110344,0.0012493898300615,1.0034947416445352,8.521015755826437e-05,2.9006202826615568e-06,0.0001387335418951,1.5516266585674966e-06,-4.4408920984984055e-16,-1.3322676295495217e-15,open_vs_corrected,,,,,,
0.8,0.3,256,27.3,8.187424416739427,0.0012874271951577,1.003601311752346,8.7859268533044e-05,2.950128561192363e-06,0.0001434888748865,1.6290800579249527e-06,-4.4408920984984055e-16,-1.3322676295495217e-15,open_vs_corrected,,,,,,
0.8,0.3,256,27.4,8.21741498236851,0.0013266225937296,1.0037111370988032,9.05924911781271e-05,3.00067714984242e-06,0.000148405258835,1.709132179257456e-06,-4.4408920984984055e-16,-1.3322676295495217e-15,open_vs_corrected,,,,,,
0.8,0.3,256,27.5,8.247405547997591,0.0013670112812336,1.003824317453695,9.341254377539803e-05,3.0523078183053496e-06,0.0001534880942432,1.7918440635231394e-06,-6.661338147747608e-16,-1.554312234474442e-15,open_vs_corrected,,,,,,
0.8,0.3,256,27.6,8.277396113626674,0.0014086295864106,1.003940955665492,9.632223358296814e-05,3.1050643934941696e-06,0.0001587429611646,1.8772772005251624e-06,-4.4408920984984055e-16,-1.3322676295495217e-15,open_vs_corrected,,,,,,
0.8,0.3,256,27.7,8.307386679255755,0.0014515149439553,1.0040611577576355,9.93244597694831e-05,3.158992827743164e-06,0.0001641756251256,1.9654934425243547e-06,-4.4408920984984055e-16,-1.3322676295495217e-15,open_vs_corrected,,,,,,
0.8,0.3,256,27.8,8.337377244884838,0.001495705928181,1.0041850330279247,0.0001024222164456,3.214141266795281e-06,0.000169792043243,2.0565549124723927e-06,-4.4408920984984055e-16,-1.554312234474442e-15,open_vs_corrected,,,,,,
0.8,0.3,256,27.9,8.36736781051392,0.0015412422877078,1.0043126941510785,0.0001056185957961,3.2705601172402517e-06,0.0001755983705412,2.150523904826293e-06,-6.661338147747608e-16,-1.554312234474442e-15,open_vs_corrected,,,,,,
0.8,0.3,256,28.0,8.397358376143002,0.0015881649812067,1.0044442572846264,0.0001089167913146,3.3283021133274984e-06,0.0001816009664754,2.247462776446687e-06,-6.661338147747608e-16,-1.554312234474442e-15,open_vs_corrected,,,,,,
0.8,0.3,256,28.1,8.427348941772085,0.001636516214231,1.0045798421781915,0.0001123201011467,3.3874223832753183e-06,0.0001878064016699,2.347433830728233e-06,-6.661338147747608e-16,-1.7763568393993622e-15,open_vs_corrected,,,,,,
0.8,0.3,256,28.2,8.457339507401166,0.0016863394771683,1.0047195722863158,0.0001158319315426,3.4479785147977624e-06,0.0001942214648751,2.450499190369511e-06,-6.661338147747608e-16,-1.554312234474442e-15,open_vs_corrected,,,,,,
0.8,0.3,256,28.3,8.487330073030249,0.0017376795843471,1.0048635748849326,0.0001194558004248,3.510030620019556e-06,0.0002008531701529,2.5567206611876948e-06,-4.4408920984984055e-16,-1.7763568393993622e-15,open_vs_corrected,,,,,,
0.8,0.3,256,28.4,8.517320638659331,0.0017905827143327,1.0050119811916138,0.0001231953410729,3.573641399779237e-06,0.0002077087642964,2.666159583016442e-06,-4.4408920984984055e-16,-1.7763568393993622e-15,open_vs_corrected,,,,,,
0.8,0.3,256,28.5,8.547311204288413,0.0018450964514501,1.0051649264897238,0.0001270543059315,3.638876207517144e-06,0.0002147957344928,2.778876670157365e-06,-4.4408920984984055e-16,-1.7763568393993622e-15,open_vs_corrected,,,,,,
0.8,0.3,256,28.6,8.577301769917495,0.0019012698285677,1.005322550256609,0.0001310365705429,3.705803112968407e-06,0.000222121816236,2.8949318378055154e-06,-4.4408920984984055e-16,-1.7763568393993622e-15,open_vs_corrected,,,,,,
0.8,0.3,256,28.7,8.607292335546576,0.0019591533711849,1.005484996295967,0.0001351461376112,3.774492965856084e-06,0.000229695001498,3.0143840151274844e-06,-6.661338147747608e-16,-1.7763568393993622e-15,open_vs_corrected,,,,,,
0.8,0.3,256,28.8,8.63728290117566,0.0020187991428587,1.0056524128745397,0.0001393871411998,3.845019460275644e-06,0.000237523547167,3.1372909435749235e-06,-6.661338147747608e-16,-1.7763568393993622e-15,open_vs_corrected,,,,,,
0.8,0.3,256,28.9,8.667273466804742,0.0020802607920125,1.00582495286327,0.0001437638510683,3.917459199924344e-06,0.0002456159837611,3.263708958926646e-06,-8.881784196996811e-16,-1.7763568393993622e-15,open_vs_corrected,,,,,,
0.8,0.3,256,29.0,8.697264032433823,0.0021435936001685,1.0060027738831003,0.0001482806771531,3.9918917651576095e-06,0.0002539811244266,3.393692756625729e-06,-8.881784196996811e-16,-1.7763568393993622e-15,open_vs_corrected,,,,,,
0.8,0.3,256,29.1,8.727254598062906,0.0022088545316465,1.0061860384555483,0.000152942174196,4.068399782596294e-06,0.0002626280742291,3.5272951387636278e-06,-8.881784196996811e-16,-1.7763568393993622e-15,open_vs_corrected,,,,,,
0.8,0.3,256,29.2,8.757245163691987,0.0022761022847743,1.0063749141582472,0.0001577530465262,4.147068998255885e-06,0.0002715662397489,3.664566742231172e-06,-8.881784196996811e-16,-1.7763568393993622e-15,open_vs_corrected,,,,,,
0.8,0.3,256,29.3,8.78723572932107,0.002345397344654,1.006569573785608,0.0001627181530003,4.227988355364998e-06,0.0002808053389885,3.805555745833109e-06,-8.881784196996811e-16,-1.7763568393993622e-15,open_vs_corrected,,,,,,
0.8,0.3,256,29.4,8.817226294950153,0.002416802037534,1.0067701955148076,0.0001678425121064,4.311250078437048e-06,0.000290355411604,3.950307555679999e-06,-8.881784196996811e-16,-1.7763568393993622e-15,open_vs_corrected,,,,,,
0.8,0.3,256,29.5,8.847216860579234,0.0024903805868327,1.0069769630772691,0.0001731313072364,4.3969497648026415e-06,0.0003002268294692,4.098864466521645e-06,-8.881784196996811e-16,-1.7763568393993622e-15,open_vs_corrected,,,,,,
0.8,0.3,256,29.6,8.877207426208317,0.0025661991708652,1.007190065935839,0.0001785898921337,4.485186486005731e-06,0.000310430307584,4.251265299108632e-06,-8.881784196996811e-16,-1.7763568393993622e-15,open_vs_corrected,,,,,,
0.8,0.3,256,29.7,8.907197991837398,0.0026443259823249,1.0074096994678654,0.0001842237965205,4.5760629007896505e-06,0.0003209769153393,4.407545009821782e-06,-8.881784196996811e-16,-1.9984014443242827e-15,open_vs_corrected,,,,,,
0.8,0.3,256,29.8,8.93718855746648,0.0027248312895723,1.007636065154392,0.0001900387319121,4.669685382294985e-06,0.0003318780881487,4.567734273130804e-06,-8.881784196996811e-16,-1.7763568393993622e-15,open_vs_corrected,,,,,,
0.8,0.3,256,29.9,8.967179123095564,0.0028077874997863,1.0078693707756718,0.0001960405976231,4.766164162198613e-06,0.0003431456394577,4.731859032314629e-06,-8.881784196996811e-16,-1.9984014443242827e-15,open_vs_corrected,,,,,,
0.8,0.3,256,30.0,8.997169688724645,0.0028932692240341,1.0081098306132543,0.0002022354869733,4.865613495023273e-06,0.0003547917731457,4.899940019935106e-06,-8.881784196996811e-16,-1.9984014443242827e-15,open_vs_corrected,,,,,,
0.8,0.3,256,30.1,9.027160254353728,0.0029813533443179,1.0083576656588602,0.0002086296936981,4.968151845797752e-06,0.0003668290963314,5.071992242211758e-06,-8.881784196996811e-16,-2.2204460492492028e-15,open_vs_corrected,,,,,,
0.8,0.3,256,30.2,9.057150819982809,0.003072119082658,1.008613103830308,0.0002152297185727,5.073902105518936e-06,0.0003792706325939,5.248024428403518e-06,-8.881784196996811e-16,-1.9984014443242827e-15,open_vs_corrected,,,,,,
0.8,0.3,256,30.3,9.087141385611892,0.0031656480722737,1.008876380194741,0.0002220422762541,5.182991838337585e-06,0.0003921298356267,5.42803844092352e-06,-1.1102230246246014e-15,-2.2204460492492028e-15,open_vs_corrected,,,,,,
0.8,0.3,256,30.4,9.117131951240976,0.0032620244309263,1.0091477371994266,0.0002290743023513,5.295553565559701e-06,0.0004054206033332,5.612028644028008e-06,-1.1102230246246014e-15,-2.2204460492492028e-15,open_vs_corrected,,,,,,
0.8,0.3,256,30.5,9.147122516870056,0.0033613348364882,1.0094274249104125,0.0002363329607286,5.4117250919277e-06,0.000419157292383,5.799981229458724e-06,-1.1102230246246014e-15,-2.2204460492492028e-15,open_vs_corrected,,,,,,
0.8,0.3,256,30.6,9.177113082499138,0.0034636686048056,1.009715701259312,0.000243825651052,5.5316498798905805e-06,0.0004333547332403,5.991873494711966e-06,-1.1102230246246014e-15,-2.2204460492492028e-15,open_vs_corrected,,,,,,
0.8,0.3,256,30.7,9.20710364812822,0.0035691177699257,1.010012832298555,0.0002515600165851,5.655477479018435e-06,0.0004480282456829,6.187673072704806e-06,-1.1102230246246014e-15,-2.2204460492492028e-15,open_vs_corrected,,,,,,
0.8,0.3,256,30.8,9.237094213757302,0.0036777771667565,1.0103190924653842,0.0002595439522436,5.783364017215507e-06,0.0004631936548238,6.387337108539627e-06,-1.1102230246246014e-15,-2.2204460492492028e-15,open_vs_corrected,,,,,,
0.8,0.3,256,30.9,9.267084779386384,0.0037897445162354,1.0106347648549523,0.0002677856129169,5.915472762200592e-06,0.0004788673076558,6.590811380644007e-06,-1.3322676295495217e-15,-2.4424906541741232e-15,open_vs_corrected,,,,,,
0.8,0.3,256,31.0,9.297075345015466,0.0039051205130808,1.010960141502855,0.0002762934220664,6.0519747619760615e-06,0.0004950660901338,6.798029363005162e-06,-1.1102230246246014e-15,-2.2204460492492028e-15,open_vs_corrected,,,,,,
0.8,0.3,256,31.1,9.32706591064455,0.0040240089162041,1.0112955236774543,0.0002850760806077,6.193049573745079e-06,0.0005118074448111,7.008911224089799e-06,-1.3322676295495217e-15,-2.4424906541741232e-15,open_vs_corrected,,,,,,
0.8,0.3,256,31.2,9.35705647627363,0.0041465166418636,1.0116412221823745,0.000294142576089,6.338886092080591e-06,0.0005291093890515,7.223362760544031e-06,-1.3322676295495217e-15,-2.4424906541741232e-15,open_vs_corrected,,,,,,
0.8,0.3,256,31.3,9.387047041902711,0.004272753859641,1.0119975576695557,0.0003035021921733,6.489683487633599e-06,0.0005469905338318,7.441274258651336e-06,-1.3322676295495217e-15,-2.4424906541741232e-15,open_vs_corrected,,,,,,
0.8,0.3,256,31.4,9.417037607531796,0.0044028340913257,1.012364860963269,0.000313164518436,6.645652268996557e-06,0.0005654701031559,7.662519282567598e-06,-1.3322676295495217e-15,-2.6645352590990437e-15,open_vs_corrected,,,,,,
0.8,0.3,256,31.5,9.447028173160875,0.0045368743127951,1.012743473395531,0.0003231394604873,6.807015481333746e-06,0.0005845679541017,7.886953383150177e-06,-1.3322676295495217e-15,-2.6645352590990437e-15,open_vs_corrected,,,,,,
0.8,0.3,256,31.6,9.47701873878996,0.0046749950589794,1.0131337471533504,0.0003334372504317,6.974010056301165e-06,0.0006043045975178,8.114412722385789e-06,-1.7763568393993622e-15,-2.6645352590990437e-15,open_vs_corrected,,,,,,
0.8,0.3,256,31.7,9.50700930441904,0.004817320532004,1.0135360456382698,0.000344068457675,7.1468883293783404e-06,0.0006247012193947,8.34471261047001e-06,-1.7763568393993622e-15,-2.886579864023964e-15,open_vs_corrected,,,,,,
0.8,0.3,256,31.8,9.536999870048124,0.0049639787126042,1.0139507438386972,0.0003550440000901,7.325919741219808e-06,0.0006457797029303,8.577645947982766e-06,-1.7763568393993622e-15,-2.886579864023964e-15,open_vs_corrected,,,,,,
0.8,0.3,256,31.9,9.566990435677209,0.0051151014749098,1.01437822871553,0.000366375155555,7.511392742069571e-06,0.0006675626513137,8.812981571103633e-06,-1.7763568393993622e-15,-2.886579864023964e-15,open_vs_corrected,,,,,,
0.8,0.3,256,32.0,9.596981001306288,0.0052708247047008,1.0148188996015954,0.0003780735738746,7.703616917377018e-06,0.0006900734112493,9.0504624903609e-06,-2.2204460492492028e-15,-3.108624468948884e-15,open_vs_corrected,,,,,,
0.8,0.3,256,32.1,9.62697156693537,0.0054312884212368,1.0152731686154697,0.0003901512890998,7.902925356863599e-06,0.000713336097248,9.289804021734352e-06,-2.2204460492492028e-15,-3.108624468948884e-15,open_vs_corrected,,,,,,
0.8,0.3,256,32.2,9.656962132564454,0.0055966369027669,1.0157414610902524,0.0004026207322562,8.109677287233709e-06,0.0007373756167074,9.530691800606686e-06,-2.2204460492492028e-15,-3.108624468948884e-15,open_vs_corrected,,,,,,
0.8,0.3,256,32.3,9.686952698193531,0.0057670188158296,1.016224216017898,0.0004154947444984,8.324260992277208e-06,0.0007622176958087,9.772779674600338e-06,-2.2204460492492028e-15,-3.3306690738738043e-15,open_vs_corrected,,,,,,
0.8,0.3,256,32.4,9.716943263822616,0.0059425873484545,1.0167218865097525,0.0004287865907024,8.547097043492945e-06,0.0007878889062581,1.0015687469011403e-05,-2.2204460492492028e-15,-3.3306690738738043e-15,open_vs_corrected,,,,,,
0.8,0.3,256,32.5,9.7469338294517,0.0061235003473818,1.017234940273944,0.000442509973512,8.778641865918488e-06,0.0008144166928984,1.025899861836386e-05,-2.6645352590990437e-15,-3.5527136787987244e-15,open_vs_corrected,,,,,,
0.8,0.3,256,32.6,9.776924395080782,0.0063099204594191,1.0177638601103371,0.0004566790478546,9.019391663425944e-06,0.0008418294022209,1.0502257658368793e-05,-2.6645352590990437e-15,-3.5527136787987244e-15,open_vs_corrected,,,,,,
0.8,0.3,256,32.7,9.806914960709864,0.0065020152770556,1.0183091444237742,0.0004713084359422,9.269886728776229e-06,0.0008701563118075,1.0744967572282596e-05,-2.6645352590990437e-15,-3.774758283723645e-15,open_vs_corrected,,,,,,
0.8,0.3,256,32.8,9.836905526338944,0.0066999574884611,1.0188713077563658,0.0004864132427745,9.53071616286926e-06,0.0008994276607317,1.0986586985195126e-05,-2.886579864023964e-15,-3.774758283723645e-15,open_vs_corrected,,,,,,
0.8,0.3,256,32.9,9.866896091968028,0.0069039250319978,1.0194508813396408,0.0005020090721613,9.802523027306468e-06,0.0009296746809547,1.1226527203445917e-05,-3.108624468948884e-15,-3.9968028886485646e-15,open_vs_corrected,,,,,,
0.8,0.3,256,33.0,9.89688665759711,0.0071141012553769,1.0200484136673944,0.0005181120432823,1.0086009952796582e-05,0.0009609296297452,1.1464149090482324e-05,-3.3306690738738043e-15,-3.9968028886485646e-15,open_vs_corrected,,,,,,
0.8,0.3,256,33.1,9.926877223226192,0.007330675079597,1.020664471090105,0.0005347388078026,1.0381945224574504e-05,0.0009932258231597,1.1698759780332411e-05,-3.5527136787987244e-15,-4.218847493573485e-15,open_vs_corrected,,,,,,
0.8,0.3,256,33.2,9.956867788855275,0.0075538411678021,1.0212996384318662,0.0005519065675632,1.0691169363144357e-05,0.0010265976706192,1.1929609220654754e-05,-3.5527136787987244e-15,-4.4408920984984055e-15,open_vs_corrected,,,,,,
0.8,0.3,256,33.3,9.986858354484356,0.0077838000992042,1.021954519630785,0.0005696330928668,1.1014602216109874e-05,0.0010610807106169,1.2155886549817968e-05,-3.5527136787987244e-15,-4.4408920984984055e-15,open_vs_corrected,,,,,,
0.8,0.3,256,33.4,10.016848920113436,0.0080207585482158,1.0226297384038847,0.0005879367413799,1.1353250572254854e-05,0.0010967116475975,1.2376716305147138e-05,-3.9968028886485646e-15,-4.6629367034233256e-15,open_vs_corrected,,,,,,
0.8,0.3,256,33.5,10.04683948574252,0.0082649294689439,1.0233259389375706,0.000606836477672,1.1708216305596095e-05,0.0011335283900472,1.2591154469957111e-05,-4.4408920984984055e-15,-4.6629367034233256e-15,open_vs_corrected,,,,,,
0.8,0.3,256,33.6,10.076830051371603,0.0085165322852006,1.0240437866047951,0.0006263518934157,1.2080705050996262e-05,0.0011715700898346,1.2798184366088126e-05,-4.4408920984984055e-15,-5.107025913273167e-15,open_vs_corrected,,,,,,
0.8,0.3,256,33.7,10.106820617000686,0.0087757930861862,1.0247839687101017,0.0006465032282693,1.247203540795854e-05,0.0012108771828465,1.2996712406276377e-05,-4.884981308348247e-15,-5.107025913273167e-15,open_vs_corrected,,,,,,
0.8,0.3,256,33.8,10.136811182629764,0.0090429448280108,1.025547195263791,0.0006673113914683,1.2883648663183327e-05,0.0012514914309636,1.3185563728473944e-05,-5.107025913273167e-15,-5.329070518198087e-15,open_vs_corrected,,,,,,
0.8,0.3,256,33.9,10.166801748258848,0.009318227541217,1.026334199786527,0.0006887979841496,1.331711901633063e-05,0.00129345596542,1.336347774253702e-05,-5.107025913273167e-15,-5.329070518198087e-15,open_vs_corrected,,,,,,
0.8,0.3,256,34.0,10.196792313887933,0.0096018885444773,1.027145740145757,0.0007109853224355,1.3774164287253127e-05,0.0013368153315978,1.3529103632184123e-05,-5.329070518198087e-15,-5.773159728047928e-15,open_vs_corrected,,,,,,
0.8,0.3,256,34.1,10.226782879517014,0.0098941826646372,1.0279825994253935,0.0007338964613041,1.4256657078453168e-05,0.0013816155353041,1.368099587466878e-05,-5.773159728047928e-15,-5.995204332972848e-15,open_vs_corrected,,,,,,
0.8,0.3,256,34.2,10.256773445146097,0.0101953724632857,1.0288455868302913,0.0007575552192765,1.4766636361177146e-05,0.001427904090585,1.3817609860901183e-05,-6.217248937897768e-15,-6.439293542822688e-15,open_vs_corrected,,,,,,
0.8,0.3,256,34.300000000000004,10.286764010775178,0.0105057284700325,1.0297355386271312,0.0007819862039484,1.5306319451451534e-05,0.0014757300691293,1.3937297731332908e-05,-6.661338147747609e-15,-6.661338147747609e-15,open_vs_corrected,,,,,,
0.8,0.3,256,34.4,10.31675457640426,0.01082552942268,1.030653319123396,0.0008072148383994,1.5878114340693997e-05,0.001525144151319,1.4038304584727464e-05,-6.883382752672529e-15,-6.883382752672529e-15,open_vs_corrected,,,,,,
0.8,0.3,256,34.5,10.346745142033342,0.0111550625144804,1.031599821686249,0.0008332673885108,1.6484632347389654e-05,0.0015761986789864,1.4118765275332012e-05,-7.327471962522371e-15,-7.105427357597449e-15,open_vs_corrected,,,,,,
0.8,0.3,256,34.6,10.376735707662425,0.0114946236486706,1.0325759698031702,0.0008601709912269,1.712870106022751e-05,0.0016289477099387,1.417670209266367e-05,-7.549516567447289e-15,-7.549516567447289e-15,open_vs_corrected,,,,,,
0.8,0.3,256,34.7,10.406726273291508,0.0118445177004856,1.0335827181863717,0.0008879536837952,1.7813377549681633e-05,0.0016834470743155,1.421002373032268e-05,-8.21565038222205e-15,-7.771561172372211e-15,open_vs_corrected,,,,,,
0.8,0.3,256,34.800000000000004,10.436716838920589,0.0122050587868495,1.034621053923068,0.0009166444340221,1.854196183629816e-05,0.0017397544328459,1.4216526107033266e-05,-8.437694987146971e-15,-8.21565038222205e-15,open_vs_corrected,,,,,,
0.8,0.3,256,34.9,10.46670740454967,0.0125765705439523,1.0356919976738397,0.0009462731715844,1.931801061616244e-05,0.001797929337076,1.4193895822295338e-05,-9.103828801921732e-15,-8.65973959207189e-15,open_vs_corrected,,,,,,
0.8,0.3,256,35.0,10.496697970178753,0.0129593864129199,1.0367966049214052,0.000976870820435,2.014535126145509e-05,0.0018580332916403,1.4139717355020491e-05,-9.769962616696491e-15,-8.881784196996811e-15,open_vs_corrected,,,,,,
0.8,0.3,256,35.1,10.526688535807835,0.0133538499337916,1.0379359672723114,0.001008469332348,2.102809613171112e-05,0.0019201298186568,1.4051485572967245e-05,-1.0214051826546332e-14,-9.325873406846651e-15,open_vs_corrected,,,,,,
0.8,0.3,256,35.2,10.556679101436918,0.0137603150480201,1.039111213814124,0.0010411017216468,2.1970657252698943e-05,0.0019842845243222,1.39266258139594e-05,-1.1102230246246012e-14,-9.769962616696491e-15,open_vs_corrected,,,,,,
0.8,0.3,256,35.300000000000004,10.586669667066,0.0141791464097133,1.0403235125309007,0.0010748021011618,2.297776144061564e-05,0.0020505651677976,1.3762524830182607e-05,-1.1546319456095855e-14,-1.0436096431471252e-14,open_vs_corrected,,,,,,
0.8,0.3,256,35.4,10.61666023269508,0.0146107197058407,1.0415740717798805,0.0011096057194688,2.405446597123423e-05,0.0021190417324715,1.3556577455233763e-05,-1.2212453270870616e-14,-1.0880185641321094e-14,open_vs_corrected,,,,,,
0.8,0.3,256,35.5,10.646650798324163,0.015055421985628,1.0428641418324642,0.0011455489994584,2.520617491375434e-05,0.0021897864996939,1.3306256277872495e-05,-1.2878587085645376e-14,-1.1324274851170934e-14,open_vs_corrected,,,,,,
0.8,0.3,256,35.6,10.676641363953246,0.0155136519993678,1.0441950164827845,0.001182669578292,2.6438656267678408e-05,0.0022628741250822,1.3009215411659092e-05,-1.3766765505345058e-14,-1.1990408665945695e-14,open_vs_corrected,,,,,,
0.8,0.3,256,35.7,10.70663192958233,0.0159858205468739,1.04556803472733,0.0012210063488023,2.775806005693337e-05,0.0023383817175034,1.26634455178054e-05,-1.4654943925044743e-14,-1.2434497875795535e-14,open_vs_corrected,,,,,,
0.8,0.3,256,35.800000000000004,10.73662249521141,0.0164723508358114,1.0469845825193005,0.0012605995023986,2.9170937547866128e-05,0.0024163889208401,1.2267507057972197e-05,-1.5543122344744423e-14,-1.3322676295495216e-14,open_vs_corrected,,,,,,
0.8,0.3,256,35.9,10.766613060840491,0.0169736788501316,1.0484460946016003,0.0013014905735419,3.068426176646337e-05,0.0024969779986605,1.1820884834173088e-05,-1.64313007644441e-14,-1.3766765505345058e-14,open_vs_corrected,,,,,,
0.8,0.3,256,36.0,10.796603626469574,0.0174902537288459,1.0499540564226015,0.0013437224858567,3.230544949527142e-05,0.002580233921912,1.1324533366526637e-05,-1.731947918414378e-14,-1.4654943925044743e-14,open_vs_corrected,,,,,,
0.8,0.3,256,36.1,10.826594192098655,0.0180225381553681,1.0515100061390652,0.0013873395999524,3.4042384931993205e-05,0.00266624445977,1.0781726036427052e-05,-1.8207657603843464e-14,-1.5543122344744423e-14,open_vs_corrected,,,,,,
0.8,0.3,256,36.2,10.85658475772774,0.018571008757658,1.053115536710886,0.0014323877630291,3.590344519009101e-05,0.0027551002737801,1.0199389720059262e-05,-1.9539925233392983e-14,-1.64313007644441e-14,open_vs_corrected,,,,,,
0.8,0.3,256,36.3,10.88657532335682,0.0191361565193944,1.0547722980925978,0.0014789143603502,3.789752781793748e-05,0.0028468950154374,9.590205894711357e-06,-2.0428103653092663e-14,-1.731947918414378e-14,open_vs_corrected,,,,,,
0.8,0.3,256,36.4,10.916565888985902,0.0197184872024039,1.0564819995269,0.0015269683686653,4.003408050728913e-05,0.002941725427361,8.975864488852956e-06,-2.1760371282642188e-14,-1.7985612998918543e-14,open_vs_corrected,,,,,,
0.8,0.3,256,36.5,10.946556454614983,0.0203185217805707,1.0582464119457902,0.0015766004116757,4.2323133155830486e-05,0.0030396914482252,8.391824470757914e-06,-2.3092638912191713e-14,-1.9095836023543144e-14,open_vs_corrected,,,,,,
0.8,0.3,256,36.6,10.976547020244068,0.0209367968854446,1.060067370485244,0.0016278628176383,4.477533244201695e-05,0.0031408963216247,7.893272449027049e-06,-2.4424906541741232e-14,-2.0206059048167742e-14,open_vs_corrected,,,,,,
0.8,0.3,256,36.7,11.00653758587315,0.0215738652637607,1.0619467771197515,0.0016808096792114,4.740197906549539e-05,0.0032454467090592,7.559580338619223e-06,-2.5979218776215672e-14,-2.1316282072792343e-14,open_vs_corrected,,,,,,
0.8,0.3,256,36.8,11.036528151502232,0.0222302962470778,1.0638866034234442,0.0017354969156511,5.021506780223287e-05,0.0033534528072372,7.489892295337455e-06,-2.7533531010690115e-14,-2.2204460492492027e-14,open_vs_corrected,,,,,,
0.8,0.3,256,36.9,11.066518717131313,0.0229066762337314,1.0658888934649684,0.0017919823374761,5.3227330521931775e-05,0.0034650284699086,7.781131915573363e-06,-2.9087843245164555e-14,-2.3536728122041552e-14,open_vs_corrected,,,,,,
0.8,0.3,256,37.0,11.096509282760396,0.0236036091832907,1.0679557668437314,0.0018503257137247,5.6452282315649e-05,0.0035802913344565,8.494903508597124e-06,-3.1086244689488846e-14,-2.486899575159107e-14,open_vs_corrected,,,,,,
0.8,0.3,256,37.1,11.12649984838948,0.0243217171236916,1.0700894218756576,0.0019105888419386,5.99042708847856e-05,0.0036993629534872,9.641431158614945e-06,-3.3084646133813124e-14,-2.6201263381140596e-14,open_vs_corrected,,,,,,
0.8,0.3,256,37.2,11.15649041401856,0.0250616406712095,1.0722921389371056,0.0019728356210155,6.359852934819409e-05,0.0038223689316804,1.1194751711851331e-05,-3.50830475781374e-14,-2.7977620220539957e-14,open_vs_corrected,,,,,,
0.8,0.3,256,37.3,11.186480979647644,0.0258240395634144,1.0745662839762198,0.0020371321270837,6.755123263244536e-05,0.0039494390681748,1.3118933586958316e-05,-3.7081449022461693e-14,-2.9309887850089485e-14,open_vs_corrected,,,,,,
0.8,0.3,256,37.4,11.216471545276724,0.0266095932052337,1.076914312201572,0.0021035466925634,7.177955762076149e-05,0.0040807075047932,1.5384466384219046e-05,-3.9301895071710896e-14,-3.1086244689488846e-14,open_vs_corrected,,,,,,
0.8,0.3,256,37.5,11.246462110905806,0.027419001228226,1.0793387719586394,0.0021721499885901,7.6301747249263e-05,0.0042163128804196,1.7973068620378662e-05,-4.1744385725885016e-14,-3.28626015288882e-14,open_vs_corrected,,,,,,
0.8,0.3,256,37.6,11.27645267653489,0.0282529840631442,1.0818423088053903,0.0022430151109906,8.113717875371235e-05,0.0043563984918822,2.087687104329948e-05,-4.4186876380059136e-14,-3.463895836828756e-14,open_vs_corrected,,,,,,
0.8,0.3,256,37.7,11.306443242163972,0.0291122835258374,1.084427669799015,0.0023162176700149,8.630643628701496e-05,0.0045011124617064,2.4096187261694437e-05,-4.7073456244083104e-14,-3.6637359812611845e-14,open_vs_corrected,,,,,,
0.8,0.3,256,37.8,11.336433807793052,0.0299976634165077,1.08709770800669,0.0023918358840443,9.183138814580172e-05,0.0046506079131403,2.763748220760559e-05,-4.973799150318214e-14,-3.8635761256936136e-14,open_vs_corrected,,,,,,
0.8,0.3,256,37.9,11.366424373422134,0.0309099101323034,1.089855387254161,0.0024699506775119,9.773526886448069e-05,0.0048050431528872,3.151188462775742e-05,-5.2846615972131034e-14,-4.085620730618533e-14,open_vs_corrected,,,,,,
0.8,0.3,256,38.0,11.396414939051215,0.0318498332931876,1.0927037871269067,0.002550645783293,0.0001040427664562,0.0049645818620053,3.573418647416424e-05,-5.5955240441079913e-14,-4.329869796035945e-14,open_vs_corrected,,,,,,
0.8,0.3,256,38.1,11.4264055046803,0.0328182663809729,1.0956461082397086,0.0026340078498397,0.0001107801151031,0.0051293932954828,4.032219819617064e-05,-5.950795411987864e-14,-4.5741188614533585e-14,open_vs_corrected,,,,,,
0.8,0.3,256,38.2,11.45639607030938,0.0338160673913642,1.0986856777915752,0.0027201265533617,0.000117975193621,0.0052996524910305,4.529634739478527e-05,-6.306066779867736e-14,-4.840572387363262e-14,open_vs_corrected,,,,,,
0.8,0.3,256,38.3,11.486386635938464,0.0348441194987885,1.10182595542422,0.0028090947153744,0.0001256576300501,0.0054755404876828,5.067944087410423e-05,-6.705747068732593e-14,-5.15143483425815e-14,open_vs_corrected,,,,,,
0.8,0.3,256,38.4,11.516377201567543,0.035903331733729,1.1050705394036058,0.0029010084259684,0.0001338589127489,0.0056572445548458,5.6496536904974746e-05,-7.10542735759745e-14,-5.417888360168055e-14,open_vs_corrected,,,,,,
0.8,0.3,256,38.5,11.546367767196628,0.0369946396722033,1.1084231731455343,0.0029959671731797,0.000142612508396,0.0058449584324856,6.277489319798453e-05,-7.549516567447289e-14,-5.773159728047927e-14,open_vs_corrected,,,,,,
0.8,0.3,256,38.6,11.576358332825713,0.0381190061369464,1.111887752107794,0.0030940739788762,0.0001519539873337,0.0060388825832104,6.954396832577482e-05,-8.038014698282116e-14,-6.106226635435309e-14,open_vs_corrected,,,,,,
0.8,0.3,256,38.7,11.606348898454792,0.0392774219097653,1.115468331073105,0.0031954355416092,0.0001619211567198,0.0062392244570624,7.68354622433023e-05,-8.52651282911694e-14,-6.46149800331518e-14,open_vs_corrected,,,,,,
0.8,0.3,256,38.8,11.636339464083877,0.0404709064544312,1.1191691318489136,0.0033001623869216,0.0001725542019833,0.0064461987699107,8.468338662222978e-05,-9.059419880936749e-14,-6.838973831687545e-14,open_vs_corrected,,,,,,
0.8,0.3,256,38.9,11.666330029712956,0.0417005086493608,1.1229945514120991,0.0034083690256456,0.0001838958371177,0.0066600277964112,9.312415900423203e-05,-9.614531393249049e-14,-7.238654120552402e-14,open_vs_corrected,,,,,,
0.8,0.3,256,39.0,11.69632059534204,0.0429673075292113,1.1269491705288237,0.0035201741207721,0.0001959914643802,0.0068809416785882,0.0001021967169306,-1.0214051826546333e-13,-7.682743330402241e-14,open_vs_corrected,,,,,,
0.8,0.3,256,39.1,11.726311160971122,0.0442724130343745,1.1310377628821064,0.0036357006635279,0.0002088893440038,0.0071091787511891,0.0001119426496409,-1.0880185641321095e-13,-8.149037000744576e-14,open_vs_corrected,,,,,,
0.8,0.3,256,39.2,11.756301726600205,0.0456169667671967,1.1352653047422847,0.0037550761593526,0.000222640774573,0.0073449858850591,0.0001224063459105,-1.1546319456095857e-13,-8.6375351315794e-14,open_vs_corrected,,,,,,
0.8,0.3,256,39.3,11.786292292229286,0.0470021427535796,1.1396369852182917,0.0038784328245366,0.0002373002847554,0.0075886188499111,0.0001336351572774,-1.22568621918556e-13,-9.148237722906717e-14,open_vs_corrected,,,,,,
0.8,0.3,256,39.4,11.816282857858369,0.0484291482084234,1.144158217130762,0.0040059077943476,0.0002529258371315,0.0078403426979817,0.000145679576396,-1.301181384860033e-13,-9.703349235219016e-14,open_vs_corrected,,,,,,
0.8,0.3,256,39.5,11.84627342348745,0.0498992243031601,1.1488346485512733,0.0041376433435568,0.000269579044913,0.0081004321702058,0.0001585934306145,-1.3833378886822536e-13,-1.0280665208023809e-13,open_vs_corrected,,,,,,
0.8,0.3,256,39.6,11.876263989116532,0.0514136469333871,1.1536721750556578,0.0042737871203603,0.000287325402398,0.0083691721267001,0.0001724340911595,-1.4721557306522217e-13,-1.0902390101813587e-13,open_vs_corrected,,,,,,
0.8,0.3,256,39.7,11.906254554745614,0.0529737274843488,1.1586769527432934,0.0044144923947893,0.0003062345300659,0.0086468580035104,0.0001872626985255,-1.5631940186714389e-13,-1.1568523916588345e-13,open_vs_corrected,,,,,,
0.8,0.3,256,39.8,11.936245120374696,0.0545808135917237,1.1638554120786018,0.0045599183228106,0.0003263804352811,0.0089337962977632,0.0002031444048686,-1.6608936448384037e-13,-1.22568621918556e-13,open_vs_corrected,,,,,,
0.8,0.3,256,39.9,11.966235686003778,0.0562362898948469,1.1692142726157346,0.0047102302274352,0.00034784178964,0.0092303050835765,0.0002201486343663,-1.7652546091531161e-13,-1.301181384860033e-13,open_vs_corrected,,,,,,
0.8,0.3,256,40.0,11.99622625163286,0.0579415787791462,1.174760558672599,0.0048655998982883,0.0003707022240701,0.0095367145613012,0.0002383493626689,-1.8762769116155765e-13,-1.381117442633004e-13,open_vs_corrected,,,,,,
0.8,0.3,256,40.1,12.026216817261943,0.0596981411041673,1.1805016160261013,0.0050262059112376,0.0003950506428686,0.0098533676429234,0.0002578254167198,-1.993960552225784e-13,-1.4654943925044738e-13,open_vs_corrected,,,,,,
0.8,0.3,256,40.2,12.056207382891024,0.0615074769131269,1.1864451297066885,0.0051922339698401,0.0004209815579515,0.0101806205767341,0.0002786607963767,-2.1205259770329885e-13,-1.5543122344744422e-13,open_vs_corrected,,,,,,
0.8,0.3,256,40.3,12.086197948520107,0.0633711261194452,1.1925991429771807,0.0053638772705499,0.0004485954446771,0.0105188436146799,0.0003009450194259,-2.25597318603719e-13,-1.652011860641407e-13,open_vs_corrected,,,,,,
0.8,0.3,256,40.4,12.116188514149188,0.0652906691651655,1.1989720775883823,0.005541336893829,0.0004779991207074,0.0108684217261498,0.0003247734917494,-2.398081733189139e-13,-1.751931932857621e-13,open_vs_corrected,,,,,,
0.8,0.3,256,40.5,12.146179079778271,0.0672677276455755,1.2055727554123044,0.0057248222235293,0.0005093061494782,0.0112297553623307,0.0003502479045832,-2.551292510587334e-13,-1.8585133432215828e-13,open_vs_corrected,,,,,,
0.8,0.3,256,40.6,12.176169645407354,0.0693039648936745,1.2124104215629423,0.0059145513971622,0.0005426372699643,0.0116032612756797,0.0003774766609998,-2.713385072182526e-13,-1.9739765377825413e-13,open_vs_corrected,,,,,,
0.8,0.3,256,40.7,12.206160211036435,0.0714010865173981,1.2194947691246791,0.006110751789953,0.0005781208545543,0.0119893733995324,0.0004065753339539,-2.886579864023964e-13,-2.0961010704912477e-13,open_vs_corrected,,,,,,
0.8,0.3,256,40.8,12.236150776665518,0.0735608408816957,1.2268359656194767,0.0063136605358878,0.0006158933969864,0.0123885437933727,0.0004376671584631,-3.0730973321608965e-13,-2.224886941347701e-13,open_vs_corrected,,,,,,
0.8,0.3,256,40.9,12.2661413422946,0.0757850195266448,1.2344446813563643,0.00652352508931,0.0006561000324471,0.0128012436598712,0.0004708835607478,-3.270717030544076e-13,-2.362554596401152e-13,open_vs_corrected,,,,,,
0.8,0.3,256,41.0,12.296131907923682,0.0780754575117862,1.24233211982033,0.0067406038310128,0.0006988950920961,0.0132279644404258,0.0005063647274275,-3.48165940522275e-13,-2.509104035651599e-13,open_vs_corrected,,,,,,
0.8,0.3,256,41.1,12.326122473552765,0.0804340336757413,1.2505100502727948,0.0069651667232111,0.0007444426944609,0.0136692189966587,0.0005442602181834,-3.708144902246169e-13,-2.664535259099044e-13,open_vs_corrected,,,,,,
0.8,0.3,256,41.2,12.356113039181846,0.0828626707989357,1.2589908427526084,0.0071974960182651,0.000792917376338,0.0141255428861009,0.0005847296256311,-3.9479530755650826e-13,-2.8310687127927335e-13,open_vs_corrected,,,,,,
0.8,0.3,256,41.3,12.386103604810929,0.0853633356558696,1.267787505685028,0.0074378870265788,0.0008445047660491,0.0145974957411832,0.0006279432865277,-4.207745263327239e-13,-3.0064839506834204e-13,open_vs_corrected,,,,,,
0.8,0.3,256,41.4,12.41609417044001,0.0879380389418457,1.276913726326807,0.0076866489497126,0.000899402302136,0.0150856627616293,0.0006740830488515,-4.480860127384891e-13,-3.197442310918852e-13,open_vs_corrected,,,,,,
0.8,0.3,256,41.5,12.446084736069093,0.0905888350573539,1.2863839142984863,0.0079441057854433,0.0009578200008323,0.0155906563314453,0.0007233430997628,-4.773959005885786e-13,-3.39728245535128e-13,open_vs_corrected,,,,,,
0.8,0.3,256,41.6,12.476075301698176,0.093317821731414,1.296213248480559,0.0082105973122874,0.0010199812759297,0.0161131177729223,0.0007759308599649,-5.089262344879173e-13,-3.610445276079204e-13,open_vs_corrected,,,,,,
0.8,0.3,256,41.7,12.506065867327257,0.0961271394630601,1.3064177275787472,0.0084864801618818,0.001086123814967,0.0166537192514431,0.0008320679505649,-5.426770144365052e-13,-3.8369307731026235e-13,open_vs_corrected,,,,,,
0.8,0.3,256,41.8,12.53605643295634,0.0990189707577879,1.317014224695519,0.008772128988612,0.0011565005160109,0.0172131658464141,0.0008919912391783,-5.784261958294175e-13,-4.0811798385200353e-13,open_vs_corrected,,,,,,
0.8,0.3,256,41.9,12.56604699858542,0.1019955391331555,1.3280205462806578,0.0090679377469985,0.0012313804896714,0.0177921978053717,0.000955953972734,-6.170619570863534e-13,-4.340972026282192e-13,open_vs_corrected,,,,,,
0.8,0.3,256,42.0,12.596037564214503,0.1050591078647832,1.3394554958736893,0.0093743210886192,0.0013110501314122,0.0183915930002454,0.0010242270052424,-6.581402089974637e-13,-4.614086890339843e-13,open_vs_corrected,,,,,,
0.8,0.3,256,42.1,12.626028129843586,0.1082119784407162,1.3513389430957834,0.009691715891784,0.0013958142696772,0.0190121696069252,0.0010971001296868,-7.022160630750603e-13,-4.909406214889989e-13,open_vs_corrected,,,,,,
0.8,0.3,256,42.2,12.656018695472667,0.1114564886884353,1.3636918983991668,0.0100205829388033,0.0014859973958631,0.0196547890317439,0.0011748835241992,-7.492895193191434e-13,-5.222489107834125e-13,open_vs_corrected,,,,,,
0.8,0.3,256,42.3,12.68600926110175,0.1147950105346875,1.3765365941387322,0.0103614087575381,0.0015819449827389,0.0203203591112228,0.0012579093238094,-7.998046669395628e-13,-5.55666623824613e-13,open_vs_corrected,,,,,,
0.8,0.3,256,42.4,12.715999826730831,0.1182299473536966,1.3898965725944106,0.0107147076460167,0.001684024898545,0.0210098376145579,0.0013465333303167,-8.542055951461683e-13,-5.913047829150627e-13,open_vs_corrected,,,,,,
0.8,0.3,256,42.5,12.745990392359914,0.1217637308541426,1.403796781644972,0.0110810239012868,0.0017926289247118,0.0217242360818302,0.0014411368742463,-9.123812816364974e-13,-6.292744103572241e-13,open_vs_corrected,,,,,,
0.8,0.3,256,42.6,12.775980957988995,0.1253988174494897,1.4182636788753678,0.011460934276389,0.0019081743859261,0.0224646240349046,0.0015421288444443,-9.746647933179376e-13,-6.701306176634095e-13,open_vs_corrected,,,,,,
0.8,0.3,256,42.7,12.805971523618078,0.1291376840497149,1.4333253449920031,0.0118550506924292,0.002031105902164,0.0232321336024975,0.0016499479026484,-1.041611241702801e-12,-7.13429315623769e-13,open_vs_corrected,,,,,,
0.8,0.3,256,42.8,12.83596208924716,0.1329828232051407,1.449011607524931,0.0122640232362643,0.002161897273298,0.0240279646060046,0.0017650649023755,-1.1135536936984752e-12,-7.596145934481522e-13,open_vs_corrected,,,,,,
0.8,0.3,256,42.9,12.865952654876242,0.136936737524793,1.465354175914849,0.0126885434783487,0.0023010535080101,0.0248533901585087,0.0018879855337344,-1.1906031716074225e-12,-8.091305403464096e-13,open_vs_corrected,,,,,,
0.8,0.3,256,43.0,12.895943220505323,0.1410019332823685,1.4823867892180236,0.0131293481499123,0.0024491130100041,0.0257097628360137,0.0020192532183045,-1.2735368315468805e-12,-8.617551117136155e-13,open_vs_corrected,,,,,,
0.8,0.3,256,43.1,12.925933786134406,0.1451809131123377,1.500145377816516,0.0135872232239301,0.002606649935937,0.0265985214875107,0.0021594522810944,-1.3625767181217732e-12,-9.181544413645454e-13,open_vs_corrected,,,,,,
0.8,0.3,256,43.2,12.955924351763487,0.1494761676867729,1.518668240697287,0.0140630084504145,0.0027742767411101,0.0275211987591285,0.0023092114298286,-1.4583889651468764e-12,-9.785505739041237e-13,open_vs_corrected,,,,,,
0.8,0.3,256,43.3,12.985914917392572,0.1538901662499673,1.5379962400653495,0.014557602403537,0.0029526469307948,0.028479429417511,0.0024692075754545,-1.5611956172271144e-12,-1.0428324870298881e-12,open_vs_corrected,,,,,,
0.8,0.3,256,43.4,13.015905483021651,0.1584253458725693,1.558173015287445,0.0150719681061031,0.0031424580371617,0.0294749595689157,0.0026401700318861,-1.6715517858747998e-12,-1.1114442699516885e-12,open_vs_corrected,,,,,,
0.8,0.3,256,43.5,13.045896048650736,0.1630840992695216,1.5792452184283488,0.0156071393061389,0.0033444548441699,0.0305096568835657,0.002822885137664,-1.7903456495096322e-12,-1.1850520564842996e-12,open_vs_corrected,,,,,,
0.8,0.3,256,43.6,13.075886614279815,0.1678687610062649,1.6012627739479717,0.0161642274910044,0.0035594328855025,0.0315855219498117,0.0030182013474775,-1.917910275038999e-12,-1.2635448243252588e-12,open_vs_corrected,,,,,,
0.8,0.3,256,43.7,13.1058771799089,0.1727815918950523,1.6242791654804147,0.016744429736739,0.0037882422437707,0.0327047008999858,0.003227034847475,-2.0549117962776747e-12,-1.3472556403819538e-12,open_vs_corrected,,,,,,
0.8,0.3,256,43.8,13.135867745537984,0.1778247613574178,1.6483517530245697,0.0173490375045758,0.0040317916828107,0.0338694994698747,0.0034503757550448,-2.202127369342897e-12,-1.436850638469159e-12,open_vs_corrected,,,,,,
0.8,0.3,256,43.9,13.165858311167064,0.1830003274993241,1.673542124349194,0.0179794465130273,0.0042910531490527,0.0350823986769658,0.0036892949714368,-2.3601121057469776e-12,-1.5323298185868749e-12,open_vs_corrected,,,,,,
0.8,0.3,256,44.0,13.195848876796148,0.1883102146117048,1.6999164849654185,0.0186371678330495,0.004567066682748,0.0363460723295997,0.0039449517643058,-2.529310094699767e-12,-1.6341372699449508e-12,open_vs_corrected,,,,,,
0.8,0.3,256,44.1,13.225839442425228,0.1937561877703166,1.727546091660292,0.0193238403759829,0.00486094578541,0.0376634066105753,0.0042186021671671,-2.7107205369234267e-12,-1.7427170817532368e-12,open_vs_corrected,,,,,,
0.8,0.3,256,44.2,13.25583000805431,0.1993398241641988,1.7565077353330547,0.0200412449697801,0.0051738832963024,0.0390375220154217,0.0045116082940305,-2.904787521627807e-12,-1.8585133432215827e-12,open_vs_corrected,,,,,,
0.8,0.3,256,44.3,13.285820573683392,0.205062480730647,1.7868842797515954,0.020791320249119,0.0055071578383631,0.0404717979684446,0.0048254486803133,-3.111844115720295e-12,-1.9817480989549133e-12,open_vs_corrected,,,,,,
0.8,0.3,256,44.4,13.315811139312476,0.2109252576152857,1.8187652638745684,0.0215761806201109,0.0058621409027891,0.0419699004899785,0.0051617297757761,-3.332556453015666e-12,-2.112421348953229e-12,open_vs_corrected,,,,,,
0.8,0.3,256,44.5,13.345801704941556,0.2169289569072144,1.8522475765947255,0.0223981366013863,0.0062403046518706,0.0435358133474653,0.00552219873193,-3.5671465781188444e-12,-2.2511992270313047e-12,open_vs_corrected,,,,,,
0.8,0.3,256,44.6,13.375792270570638,0.2230740360196907,1.8874362141874168,0.0232597178914524,0.0066432305318649,0.045173873192782,0.0059087576454651,-3.815281424122442e-12,-2.398081733189139e-12,open_vs_corrected,,,,,,
0.8,0.3,256,44.7,13.40578283619972,0.2293605549944593,1.9244451324393557,0.024163699568709,0.0070726188020975,0.046888809270799,0.0063234794410965,-4.076738946421536e-12,-2.553179889729196e-12,open_vs_corrected,,,,,,
0.8,0.3,256,44.8,13.435773401828804,0.2357881169003423,1.96339820744104,0.0251131318969663,0.0075302991035374,0.0486857883820892,0.0067686256022556,-4.350519944293963e-12,-2.7163826743490122e-12,open_vs_corrected,,,,,,
0.8,0.3,256,44.9,13.465763967457884,0.2423558003713088,2.0044303214186963,0.0261113742876765,0.0080182422103584,0.0505704658992117,0.0072466659867796,-4.635070105505249e-12,-2.8872459978387378e-12,open_vs_corrected,,,,,,
0.8,0.3,256,45.0,13.495754533086968,0.249062083182611,2.047688592841008,0.0271621340627262,0.0085385731321621,0.0525490437750529,0.007760300997733,-4.9277248947962935e-12,-3.0651037263835998e-12,open_vs_corrected,,,,,,
0.8,0.3,256,45.1,13.52574509871605,0.2559047555917312,2.0933337734650497,0.02826951077141,0.0090935857634521,0.0546283366481958,0.0083124864174573,-5.224487509278449e-12,-3.249511770773746e-12,open_vs_corrected,,,,,,
0.8,0.3,256,45.2,13.555735664345132,0.262880821968988,2.1415418391125525,0.0294380469456739,0.00968575931166,0.056815847350272,0.0089064612566579,-5.519806833828593e-12,-3.4381386626574654e-12,open_vs_corrected,,,,,,
0.8,0.3,256,45.3,13.585726229974217,0.2699863890048742,2.192505805951868,0.0306727863332103,0.0103177767768532,0.0591198533613125,0.009545779020797,-5.805245173459578e-12,-3.629430089800285e-12,open_vs_corrected,,,,,,
0.8,0.3,256,45.4,13.615716795603296,0.2772165385004541,2.246437810103695,0.0319793408339334,0.010992545806853,0.0615495060506952,0.01023434285435,-6.070033364832545e-12,-3.820055383128328e-12,open_vs_corrected,,,,,,
0.8,0.3,256,45.5,13.64570736123238,0.2845651824148142,2.303571495743065,0.033363967588459,0.0117132223129117,0.0641149448952626,0.0109764450909585,-6.298295218695364e-12,-4.0056846728455615e-12,open_vs_corrected,,,,,,
0.8,0.3,256,45.6,13.67569792686146,0.2920248974491428,2.3641647658572054,0.0348336579358905,0.0124832373059727,0.0668274292975193,0.0117768118157283,-6.469380586790015e-12,-4.180433776921474e-12,open_vs_corrected,,,,,,
0.8,0.3,256,45.7,13.705688492490545,0.299586735977631,2.428502960847346,0.0363962402830316,0.0133063275051476,0.0696994911544458,0.0126406531367328,-6.554312648173797e-12,-4.336531134183693e-12,open_vs_corrected,,,,,,
0.8,0.3,256,45.8,13.735679058119626,0.3072400095753297,2.4969025437547208,0.0380604993214907,0.0141865703826155,0.0727451119754259,0.013573719968402,-6.5141225746823865e-12,-4.46320758129336e-12,open_vs_corrected,,,,,,
0.8,0.3,256,45.9,13.765669623748709,0.3149720407229712,2.5697153877186087,0.0398363145100069,0.0151284244480343,0.0759799291467931,0.0145823682525027,-6.296074772646115e-12,-4.546141241232818e-12,open_vs_corrected,,,,,,
0.8,0.3,256,46.0,13.79566018937779,0.3227678774647779,2.6473337822047047,0.0417348213284376,0.016136775747654,0.0794214769298423,0.0156736316859669,-5.829337013093932e-12,-4.5665693448859094e-12,open_vs_corrected,,,,,,
0.8,0.3,256,46.1,13.82565075500687,0.3306099648280206,2.7301963007020373,0.0437685995350931,0.0172169917675033,0.0830894690094241,0.0168553041925793,-5.017208870581036e-12,-4.498956762686272e-12,open_vs_corrected,,,,,,
0.8,0.3,256,46.2,13.855641320635954,0.3384777656462472,2.818794705446624,0.0459518935565255,0.0183749841977841,0.0870061309467382,0.0181360335719066,-3.729683228923886e-12,-4.30977475929024e-12,open_vs_corrected,,,,,,
0.8,0.3,256,46.3,13.885631886265037,0.3463473220167465,2.9136821062203366,0.0483008712552204,0.0196172823518891,0.0911965928173559,0.0195254279890425,-1.7896795156948577e-12,-3.954392369107905e-12,open_vs_corrected,,,,,,
0.8,0.3,256,46.4,13.915622451894118,0.3541907469113338,3.015482642941888,0.0508339287168875,0.0209511194577876,0.0956893547440021,0.0210341772390068,1.0431655539372757e-12,-3.373079593414464e-12,open_vs_corrected,,,,,,
0.8,0.3,256,46.5,13.9456130175232,0.361975633379152,3.1249030289944795,0.0535720504551487,0.0223845345775269,0.1005168411070797,0.0226741910373282,5.0981441290761694e-12,-2.4862334413443324e-12,open_vs_corrected,,,,,,
0.8,0.3,256,46.6,13.975603583152282,0.3696643662458806,3.2427463785345005,0.0565392366526306,0.0239264935960875,0.105716063122556,0.0244587569622002,1.0825562668509564e-11,-1.188049658650786e-12,open_vs_corrected,,,,,,
0.8,0.3,256,46.7,14.005594148781364,0.3772133181209595,3.369928852454045,0.0597630118830793,0.0255870335985993,0.1113294144636517,0.0264027211138231,1.8846701976817385e-11,6.643574579353616e-13,open_vs_corrected,,,,,,
0.8,0.3,256,46.8,14.035584714410447,0.3845719077451837,3.5074998023991344,0.0632750333741697,0.0273774360846319,0.1174056309938389,0.0285226950748753,3.0023317165713246e-11,3.262723424766779e-12,open_vs_corrected,,,,,,
0.8,0.3,256,46.9,14.065575280039528,0.3916814940904229,3.656666281358576,0.0671118215220364,0.0293104359296454,0.1240009538990654,0.0308372933655255,4.5556003414026194e-11,6.866507362698234e-12,open_vs_corrected,,,,,,
0.8,0.3,256,47.0,14.095565845668611,0.3984740739768238,3.81882303793795,0.0713156413866596,0.0314004749038129,0.1311805461122931,0.0333674063004768,6.713340994221025e-11,1.1828094059745578e-11,open_vs_corrected,,,,,,
0.8,0.3,256,47.1,14.125556411297692,0.4048707440872192,3.995589440178794,0.0759355717256222,0.0336640110414991,0.13902022563399,0.036136513985846,9.714495874386248e-11,1.8629542353200808e-11,open_vs_corrected,,,,,,
0.8,0.3,256,47.2,14.155546976926775,0.4107798798984553,4.188855212017055,0.0810288083586653,0.0361198984154133,0.1476085970901582,0.0391710481446128,1.3900325335207397e-10,2.7932989254950045e-11,open_vs_corrected,,,,,,
0.8,0.3,256,47.3,14.185537542555858,0.4160949739797208,4.400837450119648,0.086662262098218,0.0387898561709224,0.1570496857861135,0.0425008095160939,1.976281360781662e-10,4.0655923072543045e-11,open_vs_corrected,,,,,,
0.8,0.3,256,47.4,14.21552810818494,0.4206920641436609,4.634152174256218,0.0929145292052291,0.0416990513729746,0.1674662079838122,0.0461594496770363,2.8018698472451065e-10,5.8076876641137516e-11,open_vs_corrected,,,,,,
0.8,0.3,256,47.5,14.245518673814022,0.4244266680482674,4.891904723272709,0.0998783357623266,0.0448768277859962,0.179003648652497,0.0501850271162975,3.97238908433707e-10,8.199574352825485e-11,open_vs_corrected,,,,,,
0.8,0.3,256,47.6,14.275509239443103,0.427130125377994,5.177804738906653,0.107663588365403,0.0483576227745714,0.1918353648247966,0.054620647871426,5.645370837467585e-10,1.1496603669053163e-10,open_vs_corrected,,,,,,
0.8,0.3,256,47.7,14.305499805072186,0.4286052328171822,5.496313409143659,0.1164012044930312,0.0521821278883666,0.2061689892414824,0.0595152001149392,8.059037881476405e-10,1.6064927166317979e-10,open_vs_corrected,,,,,,
0.8,0.3,256,47.8,14.335490370701269,0.428621043427713,5.852833230619769,0.1262479496644614,0.0563987663634822,0.222254472618111,0.0649241877779191,1.1579051051307835e-09,2.2435098223627542e-10,open_vs_corrected,,,,,,
0.8,0.3,256,47.9,14.36548093633035,0.4269066967659961,6.253953971927883,0.137392578039832,0.0610655837947692,0.2403941640179986,0.0709106562316252,1.6775907329949426e-09,3.138538318124369e-10,open_vs_corrected,,,,,,
0.8,0.3,256,48.0,14.395471501959433,0.4231441615894507,6.707772915939121,0.1500636605850839,0.0662526773915007,0.2609553620335748,0.0775461735553697,2.4555675270919663e-09,4.4072168137154915e-10,open_vs_corrected,,,,,,
0.8,0.15,128,,,,,,,,,,,g_error,0.1488467493905591,0.1393291312412654,0.9360576016052568,0.999867393657439,253.0,
0.8,0.15,256,,,,,,,,,,,g_error,0.1488467493905591,0.1594774117215463,1.0714201846833311,0.9998469389631972,268.0,
0.8,0.15,512,,,,,,,,,,,g_error,0.1488467493905591,0.159748075965835,1.0732385935192437,0.9999903761874952,302.0,
0.8,0.15,1024,,,,,,,,,,,g_error,0.1488467493905591,0.1619475443986661,1.0880153249012638,0.9999832080693324,309.0,
0.8,0.3,128,,,,,,,,,,,g_error,0.2999056562908215,0.2908973159717978,0.9699627528522232,0.99994738871336,153.0,
0.8,0.3,256,,,,,,,,,,,g_error,0.2999056562908215,0.2847542787588321,0.9494795205953136,0.9999777394267556,153.0,
0.8,0.3,512,,,,,,,,,,,g_error,0.2999056562908215,0.287131769824861,0.9574069838363652,0.999990140083494,153.0,
0.8,0.3,1024,,,,,,,,,,,g_error,0.2999056562908215,0.2896456852695416,0.965789338059931,0.9999872925040534,153.0,
1.2,0.15,128,,,,,,,,,,,g_error,0.1468434516569534,0.1724096697375923,1.174105265111618,0.9980845775106496,313.0,
1.2,0.15,256,,,,,,,,,,,g_error,0.1468434516569534,0.1686063572819728,1.1482048084504344,0.9980739478231132,313.0,
1.2,0.15,512,,,,,,,,,,,g_error,0.1468434516569534,0.1652054954281084,1.125045029682708,0.997851139781218,313.0,
1.2,0.15,1024,,,,,,,,,,,g_error,0.1468434516569534,0.1672830763172736,1.1391933002778365,0.9985161452245088,283.0,
1.2,0.3,128,,,,,,,,,,,g_error,0.2980904795342038,0.2983309551901879,1.0008067203500088,0.9990202859193442,154.0,
1.2,0.3,256,,,,,,,,,,,g_error,0.2980904795342038,0.2906003318305833,0.9748729053161156,0.9993706952330866,154.0,
1.2,0.3,512,,,,,,,,,,,g_error,0.2980904795342038,0.2892495062970164,0.9703413096218226,0.99945912128958,148.0,
1.2,0.3,1024,,,,,,,,,,,g_error,0.2980904795342038,0.2931469876039523,0.983416136141026,0.9995428672776152,118.0,
1.6,0.15,128,,,,,,,,,,,g_error,0.1499447723013107,0.1571969593428126,1.0483657211265014,0.999979067468306,307.0,
1.6,0.15,256,,,,,,,,,,,g_error,0.1499447723013107,0.1549003364717018,1.033049262700756,0.9999990850457582,272.0,
1.6,0.15,512,,,,,,,,,,,g_error,0.1499447723013107,0.1541405837071742,1.0279823787216278,0.9999999591418524,201.0,
1.6,0.15,1024,,,,,,,,,,,g_error,0.1499447723013107,0.1539535690405776,1.026735155069037,0.9999999938411792,129.0,
1.6,0.3,128,,,,,,,,,,,g_error,0.2989848978959758,0.2904080076980508,0.971313299573716,0.9999002099818596,145.0,
1.6,0.3,256,,,,,,,,,,,g_error,0.2989848978959758,0.2877206626573693,0.9623250695340284,0.9999157619134454,105.0,
1.6,0.3,512,,,,,,,,,,,g_error,0.2989848978959758,0.2898150950412862,0.9693302139364912,0.9999600823818944,66.0,
1.6,0.3,1024,,,,,,,,,,,g_error,0.2989848978959758,0.2936248152427616,0.9820723966630612,0.9999923083951318,27.0,
0.8,0.3,128,20.0,5.99811312581643,0.0001441840507694,1.000402744310735,1.882989904503437e-05,4.76752041057462e-06,2.85158102083274e-05,1.013428161164561e-06,-8.881784196996811e-16,-6.661338147747608e-16,N_rescaling,,,,,,0.0009156164562671585
0.8,0.3,256,20.0,5.99811312581643,0.0001441840507694,1.000402744310735,9.904310534315176e-06,8.089340838577773e-07,1.1752610980049816e-05,2.6228352030533224e-07,-8.881784196996811e-16,-1.1102230246246014e-15,N_rescaling,,,,,,0.0008388236107379859
0.8,0.3,512,20.0,5.99811312581643,0.0001441840507694,1.000402744310735,5.976862785903143e-06,1.9627456779362659e-07,4.74645151231378e-06,7.081310017761023e-08,-8.881784196996811e-16,-1.7763568393993622e-15,N_rescaling,,,,,,0.0008816586709021008
0.8,0.3,1024,20.0,5.99811312581643,0.0001441840507694,1.000402744310735,3.5895688925474367e-06,5.2720253044847856e-08,2.1134183851667567e-06,1.9163501960087025e-08,-8.881784196996811e-16,-4.4408920984984055e-16,N_rescaling,,,,,,0.0009222534532758247
0.8,0.3,128,25.0,7.497641407270537,0.0006458832800269,1.001805258102964,9.1055375031275e-05,1.3784149885428388e-05,0.0001690590780252,1.4321681594018351e-05,-4.4408920984984055e-16,-1.1102230246246014e-15,N_rescaling,,,,,,0.004427628613983412
0.8,0.3,256,25.0,7.497641407270537,0.0006458832800269,1.001805258102964,4.3666033623960975e-05,2.0116976628837463e-06,6.586390826876927e-05,3.918121681901324e-07,-4.4408920984984055e-16,-1.3322676295495217e-15,N_rescaling,,,,,,0.003698197856797092
0.8,0.3,512,25.0,7.497641407270537,0.0006458832800269,1.001805258102964,2.5490199799188084e-05,5.622066509576772e-07,2.657019146404477e-05,5.17317205354862e-08,-4.4408920984984055e-16,-1.9984014443242827e-15,N_rescaling,,,,,,0.003760109020569601
0.8,0.3,1024,25.0,7.497641407270537,0.0006458832800269,1.001805258102964,1.531498594451212e-05,1.631015143389718e-07,1.1827720897914858e-05,2.4364738817865142e-08,-4.4408920984984055e-16,-4.4408920984984055e-16,N_rescaling,,,,,,0.0039348175496844474
0.8,0.3,128,30.0,8.997169688724645,0.0028932692240341,1.0081098306132543,0.0004782459704864,8.15659009035526e-05,0.0009468816456618,0.0001592845079168,-8.881784196996811e-16,-1.554312234474442e-15,N_rescaling,,,,,,0.02325503071862095
0.8,0.3,256,30.0,8.997169688724645,0.0028932692240341,1.0081098306132543,0.0002022354869733,4.865613495023273e-06,0.0003547917731457,4.899940019935106e-06,-8.881784196996811e-16,-1.9984014443242827e-15,N_rescaling,,,,,,0.017127885965868294
0.8,0.3,512,30.0,8.997169688724645,0.0028932692240341,1.0081098306132543,0.0001108837186611,1.8875371283425036e-06,0.0001427878202736,2.7647234018870894e-07,-8.881784196996811e-16,-2.6645352590990437e-15,N_rescaling,,,,,,0.016356673311959846
0.8,0.3,1024,30.0,8.997169688724645,0.0028932692240341,1.0081098306132543,6.589937653564721e-05,6.846895699218415e-07,6.354771559077276e-05,1.0192116475514553e-07,-8.881784196996811e-16,-8.881784196996811e-16,N_rescaling,,,,,,0.016931260939135558
