alpha,rho,N,Z,tau,reference_mode_amplitude,reference_max_intensity,open_field_error,corrected_field_error,open_intensity_error,corrected_intensity_error,reference_power_rel,open_power_rel,panel,g_theory,g_error,g_ratio,r2,n_points,scaled_error
0.8,0.3,256,0.0,0.0,4.999999999836233e-07,1.000002000001,0.0,0.0,0.0,0.0,0.0,0.0,open_vs_corrected,,,,,,
0.8,0.3,256,0.1,0.0299905656290821,5.004612102696646e-07,1.000002000900503,1.974474926751538e-09,2.636457788158245e-11,9.008053717934827e-12,5.2186661847183065e-12,0.0,-2.2204460492492028e-16,open_vs_corrected,,,,,,
0.8,0.3,256,0.2,0.0599811312581643,5.018439524140961e-07,1.0000020035998234,3.9504661865063734e-09,5.3295549986481506e-11,3.6047745747267286e-11,2.086513185226781e-11,0.0,-4.4408920984984055e-16,open_vs_corrected,,,,,,
0.8,0.3,256,0.3,0.0899716968872464,5.04145590470968e-07,1.0000020081013878,5.929491304615118e-09,8.133600290818974e-11,8.116620117007751e-11,4.6910852998566765e-11,0.0,-2.2204460492492028e-16,open_vs_corrected,,,,,,
0.8,0.3,256,0.4,0.1199622625163286,5.073618307091374e-07,1.0000020144092467,7.913070201578152e-09,1.1098601176970592e-10,1.4444199795230587e-10,8.330921558109968e-11,0.0,-2.2204460492492028e-16,open_vs_corrected,,,,,,
0.8,0.3,256,0.5,0.1499528281454107,5.11486864935351e-07,1.000002022529073,9.90272638211192e-09,1.4268919441257648e-10,2.2598533290239271e-10,1.2999745991952282e-10,0.0,-2.2204460492492028e-16,open_vs_corrected,,,,,,
0.8,0.3,256,0.6,0.1799433937744929,5.165135610242005e-07,1.000002032468171,1.1899988139042133e-08,1.7682639699244247e-10,3.2593821815542073e-10,1.8689859448290315e-10,-4.4408920984984055e-16,-2.2204460492492028e-16,open_vs_corrected,,,,,,
0.8,0.3,256,0.7000000000000001,0.209933959403575,5.224336905813301e-07,1.0000020442354816,1.3906389759154866e-08,2.1371597290856688e-10,4.444743631060252e-10,2.5392404279259317e-10,-4.4408920984984055e-16,-2.2204460492492028e-16,open_vs_corrected,,,,,,
0.8,0.3,256,0.8,0.2399245250326572,5.292381838570586e-07,1.0000020578415882,1.5923472729880473e-08,2.536191794048275e-10,5.817998803439523e-10,3.3097700147337034e-10,-4.4408920984984055e-16,-2.2204460492492028e-16,open_vs_corrected,,,,,,
0.8,0.3,256,0.9,0.2699150906617393,5.369174003275144e-07,1.00000207329873,1.795278695324131e-08,2.967489663303776e-10,7.38153245928891e-10,4.179552320045135e-10,0.0,-2.2204460492492028e-16,open_vs_corrected,,,,,,
0.8,0.3,256,1.0,0.2999056562908215,5.454614046779339e-07,1.0000020906208114,1.999589197094324e-08,3.4328023866355687e-10,9.138056429340863e-10,5.147552311660423e-10,-2.2204460492492028e-16,-2.2204460492492028e-16,open_vs_corrected,,,,,,
0.8,0.3,256,1.1,0.3298962219199037,5.548602384671444e-07,1.0000021098234133,2.205435819127046e-08,3.9336066880543287e-10,1.1090616166233084e-09,6.212749405360949e-10,0.0,-2.2204460492492028e-16,open_vs_corrected,,,,,,
0.8,0.3,256,1.2,0.3598867875489858,5.651041792769674e-07,1.0000021309238083,2.412976812315476e-08,4.47121061507597e-10,1.3242589455532243e-09,7.37417674173425e-10,0.0,-2.2204460492492028e-16,open_vs_corrected,,,,,,
0.8,0.3,256,1.3,0.389877353178068,5.761839812541723e-07,1.0000021539409758,2.622371762946605e-08,5.046847668675203e-10,1.559769435117054e-09,8.630955238579115e-10,0.0,-4.4408920984984055e-16,open_vs_corrected,,,,,,
0.8,0.3,256,1.4,0.4198679188071501,5.880910921446808e-07,1.0000021788956217,2.83378171887782e-08,5.661758172876475e-10,1.815999815463909e-09,9.982312503660886e-10,0.0,-4.4408920984984055e-16,open_vs_corrected,,,,,,
0.8,0.3,256,1.5,0.4498584844362322,6.008178438744337e-07,1.0000022058101914,3.047369315090614e-08,6.317259891657838e-10,2.0933914468249644e-09,1.142761579835868e-09,0.0,-4.4408920984984055e-16,open_vs_corrected,,,,,,
0.8,0.3,256,1.6,0.4798490500653144,6.143576159909625e-07,1.0000022347088957,3.263298903794653e-08,7.01480387469845e-10,2.3924216945116484e-09,1.2966393321992531e-09,0.0,-4.4408920984984055e-16,open_vs_corrected,,,,,,
0.8,0.3,256,1.7,0.5098396156943965,6.287049714315214e-07,1.000002265617728,3.4817366823920175e-08,7.75601763257699e-10,2.7136038268159727e-09,1.4598340092931419e-09,0.0,-4.4408920984984055e-16,open_vs_corrected,,,,,,
0.8,0.3,256,1.8,0.5398301813234787,6.438557660877991e-07,1.000002298564492,3.7028508254091966e-08,8.54273676497489e-10,3.0574886317117467e-09,1.632333960653204e-09,0.0,-4.4408920984984055e-16,open_vs_corrected,,,,,,
0.8,0.3,256,1.9,0.5698207469525609,6.598072338066631e-07,1.0000023335788233,3.9268116174368775e-08,9.377025130916243e-10,3.424664126283058e-09,1.814145861158527e-09,0.0,-4.4408920984984055e-16,open_vs_corrected,,,,,,
0.8,0.3,256,2.0,0.599811312581643,6.765580495999224e-07,1.0000023706922172,4.1537915874649656e-08,1.0261181967393155e-09,3.8157572225618545e-09,2.0052946391821452e-09,0.0,-4.4408920984984055e-16,open_vs_corrected,,,,,,
0.8,0.3,256,2.1,0.6298018782107252,6.941083732744246e-07,1.0000024099380578,4.383965644586597e-08,1.119774394176622e-09,4.231434072433622e-09,2.205823871805256e-09,0.0,-4.4408920984984055e-16,open_vs_corrected,,,,,,
0.8,0.3,256,2.2,0.6597924438398074,7.124598765303913e-07,1.0000024513516466,4.617511216650518e-08,1.2189475705064435e-09,4.6724012397441814e-09,2.4157932847595502e-09,0.0,-4.4408920984984055e-16,open_vs_corrected,,,,,,
0.8,0.3,256,2.3000000000000003,0.6897830094688895,7.316157562987448e-07,1.000002494970236,4.854608390080089e-08,1.3239353912500079e-09,5.139406391043846e-09,2.635278505462026e-09,0.0,-4.4408920984984055e-16,open_vs_corrected,,,,,,
0.8,0.3,256,2.4,0.7197735750979716,7.515807367225991e-07,1.000002540833061,5.09544005251132e-08,1.4350547354105004e-09,5.63323953229371e-09,2.8643687138699086e-09,0.0,-4.4408920984984055e-16,open_vs_corrected,,,,,,
0.8,0.3,256,2.5,0.7497641407270538,7.723610622843445e-07,1.0000025889813762,5.340192037126365e-08,1.55263944374777e-09,6.154733683503808e-09,3.103165099614093e-09,0.0,-4.4408920984984055e-16,open_vs_corrected,,,,,,
0.8,0.3,256,2.6,0.779754706356136,7.939644842969148e-07,1.00000263945849,5.589053270566045e-08,1.6770376897114435e-09,6.704766662725351e-09,3.351778971310873e-09,0.0,-4.4408920984984055e-16,open_vs_corrected,,,,,,
0.8,0.3,256,2.7,0.8097452719852181,8.16400242482589e-07,1.0000026923098082,5.842215921304796e-08,1.8086093282185662e-09,7.284261748926574e-09,3.6103294567155e-09,0.0,-4.4408920984984055e-16,open_vs_corrected,,,,,,
0.8,0.3,256,2.8000000000000003,0.8397358376143003,8.396790431974112e-07,1.00000274758287,6.099875552088026e-08,1.9477236577572252e-09,7.894188873747226e-09,3.878941747544018e-09,0.0,-4.4408920984984055e-16,open_vs_corrected,,,,,,
0.8,0.3,256,2.9,0.8697264032433824,8.638130359518454e-07,1.0000028053273933,6.362231274766045e-08,2.0947571837492674e-09,8.535566088139496e-09,4.157745834583513e-09,-2.2204460492492028e-16,-4.4408920984984055e-16,open_vs_corrected,,,,,,
0.8,0.3,256,3.0,0.8997169688724644,8.888157892483116e-07,1.0000028655953217,6.62948590953041e-08,2.2500915190000828e-09,9.209461073290248e-09,4.446873856812478e-09,0.0,-4.4408920984984055e-16,open_vs_corrected,,,,,,
0.8,0.3,256,3.1,0.9297075345015466,9.147022663367452e-07,1.0000029284408651,6.901846143961258e-08,2.4141121745222394e-09,9.916992485505433e-09,4.746460358992261e-09,-2.2204460492492028e-16,-4.4408920984984055e-16,open_vs_corrected,,,,,,
0.8,0.3,256,3.2,0.9596981001306288,9.414888020508072e-07,1.000002993920555,7.17952269730346e-08,2.5872072152391523e-09,1.0659330947181883e-08,5.0566396190829735e-09,0.0,-4.4408920984984055e-16,open_vs_corrected,,,,,,
0.8,0.3,256,3.3000000000000003,0.989688665759711,9.69193081249815e-07,1.0000030620932894,7.462730489147466e-08,2.7697667549836352e-09,1.1437701472338924e-08,5.3775463413118635e-09,-2.2204460492492028e-16,-4.4408920984984055e-16,open_vs_corrected,,,,,,
0.8,0.3,256,3.4,1.019679231388793,9.978341189422952e-07,1.0000031330203911,7.751688807970312e-08,2.9621826048991395e-09,1.2253384133480108e-08,5.709314773311511e-09,0.0,-4.4408920984984055e-16,open_vs_corrected,,,,,,
0.8,0.3,256,3.5,1.0496697970178752,1.027432243012003e-06,1.00000320676566,8.046621487800212e-08,3.164848213782841e-09,1.3107716683755061e-08,6.052078679818302e-09,-4.4408920984984055e-16,-4.4408920984984055e-16,open_vs_corrected,,,,,,
0.8,0.3,256,3.6,1.0796603626469574,1.0580090791246353e-06,1.0000032833954298,8.34775708503856e-08,3.378159078043346e-09,1.4002095565040092e-08,6.405971164650455e-09,0.0,-4.4408920984984055e-16,open_vs_corrected,,,,,,
0.8,0.3,256,3.7,1.1096509282760396,1.0895875385767568e-06,1.0000033629786305,8.655329060342234e-08,3.602513295968479e-09,1.4937978040338476e-08,6.771126305712699e-09,0.0,-4.4408920984984055e-16,open_vs_corrected,,,,,,
0.8,0.3,256,3.8,1.1396414939051218,1.1221918088396624e-06,1.0000034455868476,8.969575965713795e-08,3.838312084661764e-09,1.5916884239330472e-08,7.147678146426872e-09,0.0,-4.4408920984984055e-16,open_vs_corrected,,,,,,
0.8,0.3,256,3.9,1.1696320595342038,1.155847346903189e-06,1.0000035312943885,9.290741634046673e-08,4.085960719371529e-09,1.6940399219144552e-08,7.535762861635222e-09,-4.4408920984984055e-16,-4.4408920984984055e-16,open_vs_corrected,,,,,,
0.8,0.3,256,4.0,1.199622625163286,1.1905808754311392e-06,1.000003620178347,9.619075373374784e-08,4.345869187232045e-09,1.8010174540551436e-08,7.935518725368266e-09,-4.4408920984984055e-16,-4.4408920984984055e-16,open_vs_corrected,,,,,,
0.8,0.3,256,4.1,1.229613190792368,1.2264203818624845e-06,1.0000037123186751,9.954832166178189e-08,4.618452889366815e-09,1.9127930664795253e-08,8.347087223542007e-09,0.0,-4.4408920984984055e-16,open_vs_corrected,,,,,,
0.8,0.3,256,4.2,1.2596037564214504,1.2633951202630297e-06,1.0000038077982552,1.0298272875058065e-07,4.9041334715846055e-09,2.0295459668787332e-08,8.770614051991667e-09,0.0,-4.4408920984984055e-16,open_vs_corrected,,,,,,
0.8,0.3,256,4.3,1.2895943220505324,1.3015356158857458e-06,1.000003906702971,1.0649664449146073e-07,5.203339167744112e-09,2.1514627118583363e-08,9.206249525083824e-09,-4.4408920984984055e-16,-4.4408920984984055e-16,open_vs_corrected,,,,,,
0.8,0.3,256,4.4,1.3195848876796148,1.340873672451267e-06,1.0000040091217886,1.1009280138911725e-07,5.516505295365392e-09,2.2787374321753284e-08,9.654149084506741e-09,-2.2204460492492028e-16,-4.4408920984984055e-16,open_vs_corrected,,,,,,
0.8,0.3,256,4.5,1.3495754533086968,1.3814423820737594e-06,1.0000041151468348,1.1377399714938253e-07,5.844074525473753e-09,2.4115721258519537e-08,1.0114474246145797e-08,0.0,-4.4408920984984055e-16,open_vs_corrected,,,,,,
0.8,0.3,256,4.6000000000000005,1.379566018937779,1.4232761376738015e-06,1.0000042248734806,1.1754309692687705e-07,6.1864970250406766e-09,2.550176903931817e-08,1.0587392323484644e-08,0.0,-4.4408920984984055e-16,open_vs_corrected,,,,,,
0.8,0.3,256,4.7,1.4095565845668612,1.4664106479872334e-06,1.0000043384004258,1.2140303563241453e-07,6.544230502768974e-09,2.6947702619065106e-08,1.1073076716677345e-08,0.0,-4.4408920984984055e-16,open_vs_corrected,,,,,,
0.8,0.3,256,4.8,1.4395471501959431,1.510882954951485e-06,1.0000044558297896,1.2535682029040878e-07,6.9177401443976755e-09,2.845579378692194e-08,1.1571707058153393e-08,0.0,-4.4408920984984055e-16,open_vs_corrected,,,,,,
0.8,0.3,256,4.9,1.4695377158250251,1.556731453312202e-06,1.0000045772672006,1.2940753244396137e-07,7.307498453158417e-09,3.0028403730625086e-08,1.2083468544901136e-08,-2.2204460492492028e-16,-4.4408920984984055e-16,open_vs_corrected,,,,,,
0.8,0.3,256,5.0,1.4995282814541075,1.603995912796058e-06,1.0000047028218944,1.3355833066723754e-07,7.713985126489186e-09,3.166798642357512e-08,1.2608551927299316e-08,-4.4408920984984055e-16,-4.4408920984984055e-16,open_vs_corrected,,,,,,
0.8,0.3,256,5.1000000000000005,1.5295188470831895,1.6527175022835924e-06,1.0000048326068085,1.3781245309020649e-07,8.137686770743394e-09,3.3377091803614615e-08,1.3147152593504413e-08,-2.2204460492492028e-16,-4.4408920984984055e-16,open_vs_corrected,,,,,,
0.8,0.3,256,5.2,1.559509412712272,1.7029388163283257e-06,1.0000049667386857,1.4217322002728334e-07,8.579096778235028e-09,3.515836874506049e-08,1.3699470534752237e-08,-4.4408920984984055e-16,-4.4408920984984055e-16,open_vs_corrected,,,,,,
0.8,0.3,256,5.3,1.589499978341354,1.7547039036708628e-06,1.000005105338179,1.466440366447717e-07,9.038715309434636e-09,3.7014568714440255e-08,1.4265709368311833e-08,-4.4408920984984055e-16,-4.4408920984984055e-16,open_vs_corrected,,,,,,
0.8,0.3,256,5.4,1.619490543970436,1.8080582980278208e-06,1.0000052485299615,1.5122839572427965e-07,9.517048956675526e-09,3.894854906635875e-08,1.4846075751026044e-08,-4.4408920984984055e-16,-6.661338147747608e-16,open_vs_corrected,,,,,,
0.8,0.3,256,5.5,1.6494811095995183,1.8630490508635368e-06,1.0000053964428353,1.5592988051651564e-07,1.0014610953784121e-08,4.0963277160367206e-08,1.5440778650046083e-08,-4.4408920984984055e-16,-4.4408920984984055e-16,open_vs_corrected,,,,,,
0.8,0.3,256,5.6000000000000005,1.6794716752286003,1.91972476621136e-06,1.000005549209851,1.607521676186765e-07,1.0531921207478442e-08,4.306183353858975e-08,1.605002926002191e-08,-4.4408920984984055e-16,-4.4408920984984055e-16,open_vs_corrected,,,,,,
0.8,0.3,256,5.7,1.7094622408576825,1.9781356374533225e-06,1.000005706968424,1.6569902995872134e-07,1.1069506448121377e-08,4.524741637920697e-08,1.66740399447295e-08,-4.4408920984984055e-16,-4.4408920984984055e-16,open_vs_corrected,,,,,,
0.8,0.3,256,5.8,1.7394528064867647,2.038333486288048e-06,1.000005869860461,1.707743398835426e-07,1.1627900541401834e-08,4.752334524816829e-08,1.7313024497311792e-08,-4.4408920984984055e-16,-4.4408920984984055e-16,open_vs_corrected,,,,,,
0.8,0.3,256,5.9,1.769443372115847,2.10037180353883e-06,1.0000060380324856,1.759820722997114e-07,1.2207644651194724e-08,4.989306537687134e-08,1.7967197299875648e-08,-4.4408920984984055e-16,-4.4408920984984055e-16,open_vs_corrected,,,,,,
0.8,0.3,256,6.0,1.7994339377449289,2.164305791948165e-06,1.0000062116357715,1.813263079112597e-07,1.280928789417714e-08,5.236015229849177e-08,1.863677366292304e-08,-4.4408920984984055e-16,-4.4408920984984055e-16,open_vs_corrected,,,,,,
0.8,0.3,256,6.1000000000000005,1.8294245033740115,2.2301924110609296e-06,1.0000063908264776,1.8681123655165549e-07,1.343338755493688e-08,5.4928315912591225e-08,1.932196961893496e-08,-4.4408920984984055e-16,-4.4408920984984055e-16,open_vs_corrected,,,,,,
0.8,0.3,256,6.2,1.8594150690030933,2.298090423988841e-06,1.0000065757657894,1.9244116060140225e-07,1.4080509705311771e-08,5.760140547779328e-08,2.002300194581598e-08,-4.4408920984984055e-16,-4.4408920984984055e-16,open_vs_corrected,,,,,,
0.8,0.3,256,6.3,1.889405634632176,2.3680604462869067e-06,1.000006766620062,1.982204985312328e-07,1.4751229588931411e-08,6.038341468543642e-08,2.0740088536669263e-08,-2.2204460492492028e-16,-4.4408920984984055e-16,open_vs_corrected,,,,,,
0.8,0.3,256,6.4,1.9193962002612577,2.440164996705409e-06,1.0000069635609727,2.0415378848613877e-07,1.544613220781726e-08,6.327848619427064e-08,2.1473448691655265e-08,-4.4408920984984055e-16,-4.4408920984984055e-16,open_vs_corrected,,,,,,
0.8,0.3,256,6.5,1.94938676589034,2.514468550081796e-06,1.0000071667656736,2.102456920241247e-07,1.6165812624903752e-08,6.629091731073745e-08,2.222330306869533e-08,-4.4408920984984055e-16,-4.4408920984984055e-16,open_vs_corrected,,,,,,
0.8,0.3,256,6.6000000000000005,1.979377331519422,2.591037592216707e-06,1.0000073764169506,2.1650099793661682e-07,1.6910876543627392e-08,6.942516503312443e-08,2.298987436254245e-08,-4.4408920984984055e-16,-4.4408920984984055e-16,open_vs_corrected,,,,,,
0.8,0.3,256,6.7,2.009367897148504,2.6699406768865265e-06,1.000007592703389,2.2292462619093945e-07,1.7681940573872236e-08,7.268585198060264e-08,2.377338759080828e-08,-4.4408920984984055e-16,-4.4408920984984055e-16,open_vs_corrected,,,,,,
0.8,0.3,256,6.8,2.039358462777586,2.751248484889864e-06,1.0000078158195436,2.2952163198371237e-07,1.8479632623509716e-08,7.60777719391566e-08,2.4574070175122548e-08,-4.4408920984984055e-16,-6.661338147747608e-16,open_vs_corrected,,,,,,
0.8,0.3,256,6.9,2.0693490284066685,2.8350338852050484e-06,1.0000080459661107,2.36297209878088e-07,1.930459207554765e-08,7.960589583701925e-08,2.5392152326104686e-08,-4.4408920984984055e-16,-4.4408920984984055e-16,open_vs_corrected,,,,,,
0.8,0.3,256,7.0,2.0993395940357504,2.921371998491328e-06,1.0000082833501125,2.4325669812808764e-07,2.0157470028379836e-08,8.327537837427759e-08,2.6227867172060392e-08,-4.4408920984984055e-16,-4.4408920984984055e-16,open_vs_corrected,,,,,,
0.8,0.3,256,7.1000000000000005,2.129330159664833,3.0103402625917384e-06,1.0000085281850812,2.50405583067011e-07,2.1038929426861692e-08,8.709156403139558e-08,2.708145051896808e-08,-4.4408920984984055e-16,-4.4408920984984055e-16,open_vs_corrected,,,,,,
0.8,0.3,256,7.2,2.159320725293915,3.102018500357014e-06,1.00000878069125,2.577495036321298e-07,2.1949645220484626e-08,9.105999369432316e-08,2.7953141583901548e-08,-4.4408920984984055e-16,-4.4408920984984055e-16,open_vs_corrected,,,,,,
0.8,0.3,256,7.3,2.189311290922997,3.1964889899055112e-06,1.0000090410957547,2.652942560811435e-07,2.2890304349989242e-08,9.518641214738845e-08,2.8843182071799665e-08,-4.4408920984984055e-16,-6.661338147747608e-16,open_vs_corrected,,,,,,
0.8,0.3,256,7.4,2.2193018565520792,3.2938365370197062e-06,1.000009309632834,2.730457987495347e-07,2.386160581201813e-08,9.947677460211633e-08,2.975181626239072e-08,-6.661338147747608e-16,-6.661338147747608e-16,open_vs_corrected,,,,,,
0.8,0.3,256,7.5,2.249292422181161,3.394148550069238e-06,1.0000095865440457,2.810102570080915e-07,2.486426067515016e-08,1.0393725430018868e-07,3.067929064867256e-08,-4.4408920984984055e-16,-4.4408920984984055e-16,open_vs_corrected,,,,,,
0.8,0.3,256,7.6,2.279282987810244,3.4975151173921107e-06,1.0000098720784758,2.891939283824235e-07,2.5898992163887283e-08,1.0857425021653745e-07,3.162585395970361e-08,-4.4408920984984055e-16,-6.661338147747608e-16,open_vs_corrected,,,,,,
0.8,0.3,256,7.7,2.3092735534393256,3.6040290871642654e-06,1.000010166492971,2.9760328777002005e-07,2.6966535628605692e-08,1.1339439487561336e-07,3.259175604531781e-08,-4.4408920984984055e-16,-6.661338147747608e-16,open_vs_corrected,,,,,,
0.8,0.3,256,7.8,2.339264119068408,3.713786149879753e-06,1.0000104700523649,3.062449928524087e-07,2.806763860585491e-08,1.1840456276324345e-07,3.3577247857571056e-08,-8.881784196996811e-16,-4.4408920984984055e-16,open_vs_corrected,,,,,,
0.8,0.3,256,7.9,2.36925468469749,3.826884923393645e-06,1.0000107830297158,3.15125889637844e-07,2.92030609525254e-08,1.2361187866940465e-07,3.458258064729153e-08,-6.661338147747608e-16,-6.661338147747608e-16,open_vs_corrected,,,,,,
0.8,0.3,256,8.0,2.399245250326572,3.943427040849342e-06,1.0000111057065566,3.242530181998492e-07,3.0373574960649865e-08,1.2902372655996265e-07,3.5608006101160045e-08,-8.881784196996811e-16,-6.661338147747608e-16,open_vs_corrected,,,,,,
0.8,0.3,256,8.1,2.429235815955654,4.06351724120367e-06,1.0000114383731442,3.3363361855155974e-07,3.1579965567672714e-08,1.346477583538628e-07,3.66537751950016e-08,-8.881784196996811e-16,-6.661338147747608e-16,open_vs_corrected,,,,,,
0.8,0.3,256,8.2,2.459226381584736,4.187263462757683e-06,1.000011781328721,3.432751367377514e-07,3.2823030471457994e-08,1.404919040414719e-07,3.77201379958184e-08,-6.661338147747608e-16,-6.661338147747608e-16,open_vs_corrected,,,,,,
0.8,0.3,256,8.3,2.489216947213819,4.314776939540735e-06,1.000012134881786,3.53185231055132e-07,3.4103580494027656e-08,1.465643806135643e-07,3.8807343454824934e-08,-6.661338147747608e-16,-6.661338147747608e-16,open_vs_corrected,,,,,,
0.8,0.3,256,8.4,2.519207512842901,4.44617230076043e-06,1.0000124993503698,3.6337177850215554e-07,3.5422439798898926e-08,1.5287370266097284e-07,3.991563893188567e-08,-6.661338147747608e-16,-6.661338147747608e-16,open_vs_corrected,,,,,,
0.8,0.3,256,8.5,2.5491980784719828,4.581567673357453e-06,1.0000128750623256,3.738428814188193e-07,3.678044623268957e-08,1.5942869269817274e-07,4.104526990402568e-08,-6.661338147747608e-16,-6.661338147747608e-16,open_vs_corrected,,,,,,
0.8,0.3,256,8.6,2.5791886441010647,4.721084787760296e-06,1.000013262355617,3.846068742902964e-07,3.817845165797496e-08,1.662384919013828e-07,4.219647991692692e-08,-6.661338147747608e-16,-6.661338147747608e-16,open_vs_corrected,,,,,,
0.8,0.3,256,8.700000000000001,2.609179209730147,4.864849086865116e-06,1.0000136615786273,3.956723307909589e-07,3.9617322222876054e-08,1.7331257129027217e-07,4.336951010646372e-08,-6.661338147747608e-16,-4.4408920984984055e-16,open_vs_corrected,,,,,,
0.8,0.3,256,8.8,2.6391697753592296,5.012989838496114e-06,1.0000140730904714,4.070480710488103e-07,4.1097938924970985e-08,1.8066074345849345e-07,4.4564599636615924e-08,-6.661338147747608e-16,-6.661338147747608e-16,open_vs_corrected,,,,,,
0.8,0.3,256,8.9,2.669160340988312,5.165640251268767e-06,1.0000144972613187,4.18743169067381e-07,4.262119764848853e-08,1.882931741987899e-07,4.578198507131172e-08,-6.661338147747608e-16,-6.661338147747608e-16,open_vs_corrected,,,,,,
0.8,0.3,256,9.0,2.699150906617393,5.3229375940458364e-06,1.0000149344727267,4.307669604464824e-07,4.418800973342936e-08,1.9622039527235786e-07,4.702190094227189e-08,-6.661338147747608e-16,-6.661338147747608e-16,open_vs_corrected,,,,,,
0.8,0.3,256,9.1,2.7291414722464755,5.485023319084439e-06,1.0000153851179834,4.431290503006343e-07,4.5799302148872594e-08,2.0445331690740992e-07,4.82845789236037e-08,-6.661338147747608e-16,-6.661338147747608e-16,open_vs_corrected,,,,,,
0.8,0.3,256,9.2,2.759132037875558,5.652043188935397e-06,1.00001584960246,4.55839321377668e-07,4.745601780959448e-08,2.130032411388973e-07,4.957024867043269e-08,-6.661338147747608e-16,-8.881784196996811e-16,open_vs_corrected,,,,,,
0.8,0.3,256,9.3,2.7891226035046404,5.82414740739097e-06,1.0000163283439794,4.689079425364929e-07,4.915911574595793e-08,2.218818755168887e-07,5.087913699196936e-08,-8.881784196996811e-16,-6.661338147747608e-16,open_vs_corrected,,,,,,
0.8,0.3,256,9.4,2.8191131691337223,6.001490754261988e-06,1.0000168217731895,4.82345377375745e-07,5.090957136296872e-08,2.311013475540597e-07,5.221146804432617e-08,-8.881784196996811e-16,-6.661338147747608e-16,open_vs_corrected,,,,,,
0.8,0.3,256,9.5,2.8491037347628043,6.184232724391054e-06,1.0000173303339517,4.961623931638672e-07,5.2708376607845016e-08,2.406742191083935e-07,5.356746313862689e-08,-6.661338147747608e-16,-6.661338147747608e-16,open_vs_corrected,,,,,,
0.8,0.3,256,9.6,2.8790943003918863,6.372537670874813e-06,1.000017854483735,5.103700700253579e-07,5.455654016949382e-08,2.506135016318482e-07,5.4947340990179455e-08,-6.661338147747608e-16,-6.661338147747608e-16,open_vs_corrected,,,,,,
0.8,0.3,256,9.7,2.9090848660209687,6.566574952756543e-06,1.0000183946940375,5.24979810432647e-07,5.645508745724407e-08,2.6093267149297185e-07,5.635131638678664e-08,-6.661338147747608e-16,-6.661338147747608e-16,open_vs_corrected,,,,,,
0.8,0.3,256,9.8,2.9390754316500507,6.7665190871777895e-06,1.0000189514508038,5.400033489975454e-07,5.840506080751032e-08,2.716456871601947e-07,5.777960066663692e-08,-6.661338147747608e-16,-6.661338147747608e-16,open_vs_corrected,,,,,,
0.8,0.3,256,9.9,2.969065997279133,6.972549906232582e-06,1.0000195252548607,5.554527625281595e-07,6.04075194700849e-08,2.827670051191077e-07,5.923240057867236e-08,-8.881784196996811e-16,-6.661338147747608e-16,open_vs_corrected,,,,,,
0.8,0.3,256,10.0,2.999056562908215,7.184852718496114e-06,1.000020116622374,5.713404803903986e-07,6.246353981807873e-08,2.943115978373242e-07,6.070991859655511e-08,-8.881784196996811e-16,-6.661338147747608e-16,open_vs_corrected,,,,,,
0.8,0.3,256,10.1,3.029047128537297,7.403618475635355e-06,1.0000207260853078,5.876792952245225e-07,6.457421536755967e-08,3.062949713701729e-07,6.22123516944271e-08,-8.881784196996811e-16,-8.881784196996811e-16,open_vs_corrected,,,,,,
0.8,0.3,256,10.2,3.0590376941663795,7.629043944002001e-06,1.0000213541919034,6.044823739527687e-07,6.674065680069352e-08,3.187331840374211e-07,6.373989087102498e-08,-8.881784196996811e-16,-6.661338147747608e-16,open_vs_corrected,,,,,,
0.8,0.3,256,10.3,3.089028259795461,7.86133188164077e-06,1.0000220015071777,6.217632691973225e-07,6.896399219718426e-08,3.316428659863611e-07,6.52927206947159e-08,-8.881784196996811e-16,-8.881784196996811e-16,open_vs_corrected,,,,,,
0.8,0.3,256,10.4,3.119018825424544,8.100691220428302e-06,1.0000226686134253,6.395359309314279e-07,7.124536705551125e-08,3.450412389424256e-07,6.687101833524663e-08,-8.881784196996811e-16,-6.661338147747608e-16,open_vs_corrected,,,,,,
0.8,0.3,256,10.5,3.149009391053626,8.347337253928441e-06,1.0000233561107468,6.578147185505064e-07,7.358594450057972e-08,3.589461363367164e-07,6.847495309735688e-08,-8.881784196996811e-16,-6.661338147747608e-16,open_vs_corrected,,,,,,
0.8,0.3,256,10.6,3.178999956682708,8.601491831032614e-06,1.0000240646175838,6.766144133805222e-07,7.59869054352525e-08,3.733760251092781e-07,7.01046853642537e-08,-8.881784196996811e-16,-6.661338147747608e-16,open_vs_corrected,,,,,,
0.8,0.3,256,10.7,3.2089905223117903,8.863383555402659e-06,1.0000247947712808,6.959502314808136e-07,7.844944874867908e-08,3.8835002798397737e-07,7.176036656392639e-08,-1.1102230246246014e-15,-8.881784196996811e-16,open_vs_corrected,,,,,,
0.8,0.3,256,10.8,3.238981087940872,9.133247991025382e-06,1.000025547228656,7.15837836873344e-07,8.09747914775485e-08,4.0388794559345554e-07,7.344213760857456e-08,-8.881784196996811e-16,-6.661338147747608e-16,open_vs_corrected,,,,,,
0.8,0.3,256,10.9,3.2689716535699542,9.411327874056198e-06,1.0000263226665909,7.362933551816984e-07,8.356416908513054e-08,4.2001028059684564e-07,7.51501291413666e-08,-8.881784196996811e-16,-8.881784196996811e-16,open_vs_corrected,,,,,,
0.8,0.3,256,11.0,3.2989622191990366,9.697873331057502e-06,1.000027121782644,7.573333876979509e-07,8.621883575477742e-08,4.3673826178341513e-07,7.688446049020048e-08,-8.881784196996811e-16,-8.881784196996811e-16,open_vs_corrected,,,,,,
0.8,0.3,256,11.1,3.328952784828118,9.993142103944957e-06,1.000027945295671,7.789750258588751e-07,8.89400645152489e-08,4.540938691000699e-07,7.864523869787226e-08,-8.881784196996811e-16,-6.661338147747608e-16,open_vs_corrected,,,,,,
0.8,0.3,256,11.2,3.358943350457201,1.0297399781863228e-05,1.000028793946481,8.012358662421211e-07,9.17291475592638e-08,4.720998604835209e-07,8.043255862101593e-08,-8.881784196996811e-16,-8.881784196996811e-16,open_vs_corrected,,,,,,
0.8,0.3,256,11.3,3.388933916086283,1.061092003990608e-05,1.0000296684984935,8.241340259440742e-07,9.458739652279632e-08,4.907797977903097e-07,8.224650199193655e-08,-8.881784196996811e-16,-8.881784196996811e-16,open_vs_corrected,,,,,,
0.8,0.3,256,11.4,3.418924481715365,1.0933984885370677e-05,1.000030569738432,8.476881585112131e-07,9.75161426573192e-08,5.101580758246607e-07,8.408713701474508e-08,-8.881784196996811e-16,-8.881784196996811e-16,open_vs_corrected,,,,,,
0.8,0.3,256,11.5,3.4489150473444474,1.1266884911279358e-05,1.0000314984770304,8.719174702663955e-07,1.005167370853445e-07,5.302599502223852e-07,8.595451760034758e-08,-1.1102230246246014e-15,-6.661338147747608e-16,open_vs_corrected,,,,,,
0.8,0.3,256,11.6,3.4789056129735294,1.1609919557759489e-05,1.0000324555497595,8.968417372405157e-07,1.0359055100651817e-07,5.511115676403764e-07,8.784868305440684e-08,-8.881784196996811e-16,-8.881784196996811e-16,open_vs_corrected,,,,,,
0.8,0.3,256,11.7,3.508896178602612,1.1963397381445824e-05,1.0000334418175838,9.22481322650806e-07,1.0673897583151929e-07,5.727399969559557e-07,8.97696574982076e-08,-8.881784196996811e-16,-8.881784196996811e-16,open_vs_corrected,,,,,,
0.8,0.3,256,11.8,3.538886744231694,1.2327636332899595e-05,1.00003445816773,9.488571948062348e-07,1.0996342330144256e-07,5.951732610455284e-07,9.171744856378781e-08,-8.881784196996811e-16,-8.881784196996811e-16,open_vs_corrected,,,,,,
0.8,0.3,256,11.9,3.568877309860776,1.2702964042602611e-05,1.0000355055144925,9.75990945661382e-07,1.1326532574171217e-07,6.184403690332633e-07,9.369204778404232e-08,-8.881784196996811e-16,-6.661338147747608e-16,open_vs_corrected,,,,,,
0.8,0.3,256,12.0,3.5988678754898578,1.3089718115625376e-05,1.000036584800048,1.003904809912874e-06,1.166461360226036e-07,6.425713516320638e-07,9.569342897001465e-08,-1.1102230246246014e-15,-8.881784196996811e-16,open_vs_corrected,,,,,,
0.8,0.3,256,12.1,3.62885844111894,1.3488246435390356e-05,1.0000376969953135,1.0326216848115803e-06,1.201073276566562e-07,6.675972956382475e-07,9.772154785295601e-08,-8.881784196996811e-16,-8.881784196996811e-16,open_vs_corrected,,,,,,
0.8,0.3,256,12.2,3.658849006748023,1.3898907476378667e-05,1.0000388431008087,1.0621651503272368e-06,1.236503949410755e-07,6.93550380584672e-07,9.977634110533508e-08,-1.3322676295495217e-15,-6.661338147747608e-16,open_vs_corrected,,,,,,
0.8,0.3,256,12.3,3.6888395723771046,1.4322070626731735e-05,1.0000400241475662,1.092559490261534e-06,1.2727685283407276e-07,7.204639166326404e-07,1.0185772518716005e-07,-1.1102230246246014e-15,-6.661338147747608e-16,open_vs_corrected,,,,,,
0.8,0.3,256,12.4,3.7188301380061866,1.4758116520423073e-05,1.0000412411980508,1.1238297138357389e-06,1.3098823714116396e-07,7.48372383903623e-07,1.0396559561442693e-07,-1.1102230246246014e-15,-6.661338147747608e-16,open_vs_corrected,,,,,,
0.8,0.3,256,12.5,3.748820703635269,1.5207437379614162e-05,1.000042495347123,1.1560015779377296e-06,1.3478610443717978e-07,7.773114718054323e-07,1.0609982587772641e-07,-1.1102230246246014e-15,-8.881784196996811e-16,open_vs_corrected,,,,,,
0.8,0.3,256,12.6,3.778811269264351,1.567043736748422e-05,1.0000437877230202,1.18910161021605e-06,1.386720321004211e-07,8.07318121883524e-07,1.0826026577689437e-07,-8.881784196996811e-16,-8.881784196996811e-16,open_vs_corrected,,,,,,
0.8,0.3,256,12.7,3.8088018348934334,1.6147532951742755e-05,1.0000451194883713,1.2231571328063272e-06,1.426476183680101e-07,8.384305707177227e-07,1.1044674087471384e-07,-8.881784196996811e-16,-8.881784196996811e-16,open_vs_corrected,,,,,,
0.8,0.3,256,12.8,3.8387924005225154,1.6639153279235846e-05,1.000046491841247,1.2581962867681398e-06,1.467144822805353e-07,8.706883941267619e-07,1.1265905085588801e-07,-1.1102230246246014e-15,-8.881784196996811e-16,open_vs_corrected,,,,,,
0.8,0.3,256,12.9,3.868782966151597,1.714574056197223e-05,1.0000479060162328,1.2942480573943391e-06,1.5087426378445908e-07,9.041325539645324e-07,1.1489696811011037e-07,-1.1102230246246014e-15,-8.881784196996811e-16,open_vs_corrected,,,,,,
0.8,0.3,256,13.0,3.8987735317806793,1.766775047479722e-05,1.0000493632855456,1.3313423001897102e-06,1.5512862378825518e-07,9.388054452099892e-07,1.1716023670213669e-07,-1.3322676295495217e-15,-8.881784196996811e-16,open_vs_corrected,,,,,,
0.8,0.3,256,13.1,3.9287640974097617,1.8205652565385893e-05,1.0000508649601727,1.3695097678271498e-06,1.59479244114253e-07,9.747509455742934e-07,1.1944857082931508e-07,-1.1102230246246014e-15,-8.881784196996811e-16,open_vs_corrected,,,,,,
0.8,0.3,256,13.2,3.958754663038844,1.875993067653301e-05,1.000052412391057,1.4087821378756996e-06,1.639278276927632e-07,1.0120144669131244e-06,1.21761653527752e-07,-1.3322676295495217e-15,-8.881784196996811e-16,open_vs_corrected,,,,,,
0.8,0.3,256,13.3,3.988745228667926,1.9331083381333903e-05,1.0000540069703103,1.4491920413215922e-06,1.684760985377352e-07,1.050643007533938e-06,1.2409913498166154e-07,-1.3322676295495217e-15,-6.661338147747608e-16,open_vs_corrected,,,,,,
0.8,0.3,256,13.4,4.018735794297008,1.991962443170849e-05,1.0000556501324658,1.4907730921878556e-06,1.7312580182297962e-07,1.0906852066572538e-06,1.2646063145300256e-07,-1.3322676295495217e-15,-8.881784196996811e-16,open_vs_corrected,,,,,,
0.8,0.3,256,13.5,4.04872635992609,2.05260832204754e-05,1.0000573433557705,1.5335599178942643e-06,1.778787040311988e-07,1.132191401544764e-06,1.288457237367601e-07,-1.3322676295495217e-15,-8.881784196996811e-16,open_vs_corrected,,,,,,
0.8,0.3,256,13.6,4.078716925555172,2.115100525754388e-05,1.0000590881635152,1.5775881907092316e-06,1.8273659295528842e-07,1.1752136847722809e-06,1.3125395571840984e-07,-1.3322676295495217e-15,-8.881784196996811e-16,open_vs_corrected,,,,,,
0.8,0.3,256,13.7,4.108707491184255,2.179495266059772e-05,1.0000608861254052,1.622894660166222e-06,1.8770127776015317e-07,1.2198059656072003e-06,1.3368483253944926e-07,-1.3322676295495217e-15,-8.881784196996811e-16,open_vs_corrected,,,,,,
0.8,0.3,256,13.8,4.138698056813337,2.2458504660705068e-05,1.000062738858972,1.6695171864945645e-06,1.9277458905201557e-07,1.2660240315628964e-06,1.3613781986863057e-07,-8.881784196996811e-16,-1.1102230246246014e-15,open_vs_corrected,,,,,,
0.8,0.3,256,13.9,4.168688622442419,2.3142258123392465e-05,1.0000646480310331,1.7174947751267602e-06,1.9795837890743722e-07,1.3139256134012883e-06,1.386123419520312e-07,-8.881784196996811e-16,-8.881784196996811e-16,open_vs_corrected,,,,,,
0.8,0.3,256,14.0,4.198679188071501,2.3846828085360857e-05,1.0000666153591875,1.7668676122344246e-06,2.032545208952541e-07,1.3635704510881573e-06,1.411077798232249e-07,-1.1102230246246014e-15,-8.881784196996811e-16,open_vs_corrected,,,,,,
0.8,0.3,256,14.1,4.228669753700583,2.457284830793796e-05,1.0000686426133665,1.817677101619728e-06,2.086649100225914e-07,1.41502036397124e-06,1.4362347038003385e-07,-8.881784196996811e-16,-8.881784196996811e-16,open_vs_corrected,,,,,,
0.8,0.3,256,14.2,4.258660319329666,2.5320971846938057e-05,1.000070731617421,1.8699659024480869e-06,2.141914627738249e-07,1.4683393204631516e-06,1.4615870418156298e-07,-1.1102230246246014e-15,-8.881784196996811e-16,open_vs_corrected,,,,,,
0.8,0.3,256,14.3,4.288650884958748,2.6091871640286324e-05,1.0000728842507705,1.923777968528481e-06,2.1983611692082842e-07,1.5235935133114671e-06,1.4871272406065954e-07,-1.1102230246246014e-15,-8.881784196996811e-16,open_vs_corrected,,,,,,
0.8,0.3,256,14.4,4.31864145058783,2.688624111308868e-05,1.000075102450089,1.979158588507928e-06,2.2560083157046206e-07,1.5808514341393486e-06,1.51284723015319e-07,-1.1102230246246014e-15,-8.881784196996811e-16,open_vs_corrected,,,,,,
0.8,0.3,256,14.5,4.348632016216912,2.770479480153498e-05,1.0000773882110503,2.036154427625962e-06,2.3148758692359522e-07,1.6401839533583084e-06,1.5387384278682976e-07,-1.1102230246246014e-15,-8.881784196996811e-16,open_vs_corrected,,,,,,
0.8,0.3,256,14.6,4.378622581845994,2.854826899561038e-05,1.0000797435901252,2.0948135707240905e-06,2.374983841909104e-07,1.7016644014204357e-06,1.5647917158293725e-07,-1.1102230246246014e-15,-8.881784196996811e-16,open_vs_corrected,,,,,,
0.8,0.3,256,14.7,4.4086131474750765,2.941742240131192e-05,1.0000821707064338,2.155185566519376e-06,2.436352454510496e-07,1.7653686527541182e-06,1.5909974225981865e-07,-1.1102230246246014e-15,-8.881784196996811e-16,open_vs_corrected,,,,,,
0.8,0.3,256,14.8,4.438603713104159,3.031303682315928e-05,1.000084671743651,2.2173214734130986e-06,2.49900213410783e-07,1.8313752123492205e-06,1.6173452987723809e-07,-1.1102230246246014e-15,-8.881784196996811e-16,open_vs_corrected,,,,,,
0.8,0.3,256,14.9,4.46859427873324,3.123591786739142e-05,1.0000872489519712,2.2812739067545417e-06,2.562953512282166e-07,1.8997653065496328e-06,1.6438244983238905e-07,-1.1102230246246014e-15,-8.881784196996811e-16,open_vs_corrected,,,,,,
0.8,0.3,256,15.0,4.498584844362322,3.218689566666659e-05,1.00008990465014,2.3470970875859525e-06,2.628227423344689e-07,1.970622975564734e-06,1.670423555576717e-07,-1.1102230246246014e-15,-8.881784196996811e-16,open_vs_corrected,,,,,,
0.8,0.3,256,15.1,4.528575409991404,3.316682562670608e-05,1.000092641227535,2.414846892952283e-06,2.694844901664205e-07,2.0440351695987373e-06,1.697130355799728e-07,-1.1102230246246014e-15,-8.881784196996811e-16,open_vs_corrected,,,,,,
0.8,0.3,256,15.2,4.558565975620487,3.417658919576477e-05,1.000095461146323,2.4845809078681937e-06,2.762827179590348e-07,2.120091848507007e-06,1.723932117668563e-07,-1.1102230246246014e-15,-8.881784196996811e-16,open_vs_corrected,,,,,,
0.8,0.3,256,15.3,4.588556541249569,3.521709465746127e-05,1.0000983669436732,2.55635847886119e-06,2.832195685443109e-07,2.198886084170172e-06,1.750815360115675e-07,-8.881784196996811e-16,-8.881784196996811e-16,open_vs_corrected,,,,,,
0.8,0.3,256,15.4,4.618547106878651,3.628927794780184e-05,1.0001013612340413,2.6302407693270104e-06,2.902972040992222e-07,2.280514166920459e-06,1.7777658840026805e-07,-8.881784196996811e-16,-8.881784196996811e-16,open_vs_corrected,,,,,,
0.8,0.3,256,15.5,4.648537672507733,3.739410349708543e-05,1.000104446711527,2.7062908166604112e-06,2.975178059303614e-07,2.3650757151854067e-06,1.8047687373122586e-07,-8.881784196996811e-16,-8.881784196996811e-16,open_vs_corrected,,,,,,
0.8,0.3,256,15.6,4.678528238136815,3.853256509737446e-05,1.000107626152298,2.7845735912190592e-06,3.048835742485807e-07,2.4526737895831296e-06,1.8318081906618145e-07,-8.881784196996811e-16,-8.881784196996811e-16,open_vs_corrected,,,,,,
0.8,0.3,256,15.7,4.708518803765898,3.970568679640408e-05,1.0001109024170896,2.865156057021404e-06,3.123967279210584e-07,2.543415009296836e-06,1.8588677098315134e-07,-8.881784196996811e-16,-8.881784196996811e-16,open_vs_corrected,,,,,,
0.8,0.3,256,15.8,4.73850936939498,4.0914523818689625e-05,1.0001142784537806,2.948107234644501e-06,3.2005950430096417e-07,2.637409673769373e-06,1.8859299272548745e-07,-1.1102230246246014e-15,-8.881784196996811e-16,open_vs_corrected,,,,,,
0.8,0.3,256,15.9,4.768499935024062,4.216016351481278e-05,1.0001177573000504,3.0334982660890152e-06,3.2787415890218774e-07,2.734771888616132e-06,1.912976608632093e-07,-8.881784196996811e-16,-8.881784196996811e-16,open_vs_corrected,,,,,,
0.8,0.3,256,16.0,4.798490500653144,4.3443726339353305e-05,1.0001213420861128,3.121402481572592e-06,3.358429652468028e-07,2.83561969424288e-06,1.939988622723071e-07,-8.881784196996811e-16,-8.881784196996811e-16,open_vs_corrected,,,,,,
0.8,0.3,256,16.1,4.828481066282227,4.476636685885519e-05,1.0001250360375342,3.211895468690084e-06,3.439682145681852e-07,2.940075200715297e-06,1.966945920627961e-07,-8.881784196996811e-16,-1.1102230246246014e-15,open_vs_corrected,,,,,,
0.8,0.3,256,16.2,4.858471631911308,4.612927479025425e-05,1.0001288424781432,3.305055143602529e-06,3.52252215560058e-07,3.0482647254927694e-06,1.9938274892896442e-07,-1.1102230246246014e-15,-8.881784196996811e-16,open_vs_corrected,,,,,,
0.8,0.3,256,16.3,4.888462197540391,4.753367607113103e-05,1.0001327648330172,3.4009618247841773e-06,3.606972940702267e-07,3.1603189373238923e-06,2.0206113313430385e-07,-8.881784196996811e-16,-8.881784196996811e-16,open_vs_corrected,,,,,,
0.8,0.3,256,16.4,4.918452763169472,4.898083396234544e-05,1.0001368066315754,3.4996983088272805e-06,3.693057928462312e-07,3.276373003083006e-06,2.047274428812575e-07,-1.1102230246246014e-15,-1.1102230246246014e-15,open_vs_corrected,,,,,,
0.8,0.3,256,16.5,4.948443328798555,5.047205018443545e-05,1.0001409715107523,3.601349949029364e-06,3.780800711835758e-07,3.396566742133664e-06,2.073792706617997e-07,-1.1102230246246014e-15,-1.1102230246246014e-15,open_vs_corrected,,,,,,
0.8,0.3,256,16.6,4.978433894427638,5.200866608844708e-05,1.0001452632182768,3.706004736253869e-06,3.870225045758605e-07,3.5210447834087025e-06,2.100141004160419e-07,-1.1102230246246014e-15,-1.1102230246246014e-15,open_vs_corrected,,,,,,
0.8,0.3,256,16.7,5.008424460056719,5.359206386252056e-05,1.000149685616047,3.813753382594416e-06,3.961354843580688e-07,3.649956729244223e-06,2.126293034268456e-07,-1.1102230246246014e-15,-1.1102230246246014e-15,open_vs_corrected,,,,,,
0.8,0.3,256,16.8,5.038415025685802,5.522366777512296e-05,1.00015424268361,3.924689407577993e-06,4.0542141732690897e-07,3.7834573236819815e-06,2.152221352743594e-07,-1.1102230246246014e-15,-1.1102230246246014e-15,open_vs_corrected,,,,,,
0.8,0.3,256,16.9,5.068405591314883,5.690494545629388e-05,1.0001589385217455,4.038909227419248e-06,4.148827253037025e-07,3.921706628367085e-06,2.1778973160439909e-07,-1.1102230246246014e-15,-8.881784196996811e-16,open_vs_corrected,,,,,,
0.8,0.3,256,17.0,5.0983961569439655,5.8637409217595744e-05,1.000163777356167,4.156512246801169e-06,4.245218447166705e-07,4.064870201485094e-06,2.203291047481531e-07,-1.1102230246246014e-15,-8.881784196996811e-16,open_vs_corrected,,,,,,
0.8,0.3,256,17.1,5.128386722573048,6.042261741257436e-05,1.0001687635413177,4.277600953919779e-06,4.343412261470201e-07,4.213119284882646e-06,2.228371393875228e-07,-1.1102230246246014e-15,-1.1102230246246014e-15,open_vs_corrected,,,,,,
0.8,0.3,256,17.2,5.1583772882021295,6.22621758385094e-05,1.0001739015643063,4.402281018633222e-06,4.443433338532128e-07,4.366630997315969e-06,2.2531058851324226e-07,-1.1102230246246014e-15,-8.881784196996811e-16,open_vs_corrected,,,,,,
0.8,0.3,256,17.3,5.188367853831212,6.41577391807236e-05,1.000179196048944,4.53066139349304e-06,4.545306453232219e-07,4.525588532919122e-06,2.277460697067805e-07,-1.1102230246246014e-15,-1.1102230246246014e-15,open_vs_corrected,,,,,,
0.8,0.3,256,17.400000000000002,5.218358419460294,6.611101250106169e-05,1.000184651759911,4.662854418406892e-06,4.649056507833261e-07,4.690181367545531e-06,2.301400606839163e-07,-8.881784196996811e-16,-1.1102230246246014e-15,open_vs_corrected,,,,,,
0.8,0.3,256,17.5,5.248348985089376,6.812375277156581e-05,1.000190273607052,4.798975928455018e-06,4.754708526658165e-07,4.860605471690944e-06,2.324888941792331e-07,-1.3322676295495217e-15,-8.881784196996811e-16,open_vs_corrected,,,,,,
0.8,0.3,256,17.6,5.278339550718459,7.019777045488214e-05,1.0001960666498035,4.939145365394897e-06,4.862287652162553e-07,5.037063530375409e-06,2.3478875427422957e-07,-1.3322676295495217e-15,-8.881784196996811e-16,open_vs_corrected,,,,,,
0.8,0.3,256,17.7,5.30833011634754,7.233493113279011e-05,1.000202036101751,5.083485892624468e-06,4.971819139103316e-07,5.21976517021192e-06,2.370356716203915e-07,-1.1102230246246014e-15,-1.1102230246246014e-15,open_vs_corrected,,,,,,
0.8,0.3,256,17.8,5.338320681976623,7.453715718423325e-05,1.000208187335329,5.232124513973787e-06,5.083328351025757e-07,5.408927194927078e-06,2.392255183667405e-07,-1.1102230246246014e-15,-1.1102230246246014e-15,open_vs_corrected,,,,,,
0.8,0.3,256,17.900000000000002,5.368311247605705,7.68064295145413e-05,1.0002145258866644,5.385192196372251e-06,5.196840754915364e-07,5.604773828093902e-06,2.413540039733171e-07,-1.1102230246246014e-15,-1.1102230246246014e-15,open_vs_corrected,,,,,,
0.8,0.3,256,18.0,5.398301813234787,7.914478933730111e-05,1.000221057460569,5.542823996500401e-06,5.312381916836466e-07,5.807536963664609e-06,2.4341666966432294e-07,-1.1102230246246014e-15,-1.1102230246246014e-15,open_vs_corrected,,,,,,
0.8,0.3,256,18.1,5.42829237886387,8.155434001034277e-05,1.000227787935678,5.705159191524011e-06,5.429977497909424e-07,6.017456426207791e-06,2.4540888394790864e-07,-8.881784196996811e-16,-1.1102230246246014e-15,open_vs_corrected,,,,,,
0.8,0.3,256,18.2,5.458282944492951,8.4037248927765e-05,1.0002347233697555,5.872341414128403e-06,5.54965325011072e-07,6.234780238283152e-06,2.47325837476352e-07,-8.881784196996811e-16,-1.1102230246246014e-15,open_vs_corrected,,,,,,
0.8,0.3,256,18.3,5.488273510122034,8.659574946950636e-05,1.0002418700051563,6.044518791979583e-06,5.671435012355175e-07,6.4597648981069895e-06,2.4916253813415004e-07,-1.3322676295495217e-15,-1.1102230246246014e-15,open_vs_corrected,,,,,,
0.8,0.3,256,18.4,5.518264075751116,8.92321430102469e-05,1.000249234274451,6.221844091649746e-06,5.795348706962235e-07,6.692675665647297e-06,2.50913805766678e-07,-1.1102230246246014e-15,-1.1102230246246014e-15,open_vs_corrected,,,,,,
0.8,0.3,256,18.5,5.548254641380198,9.194880098950218e-05,1.000256822806229,6.404474867306554e-06,5.921420336032662e-07,6.9337868584935e-06,2.525742677657416e-07,-1.1102230246246014e-15,-1.1102230246246014e-15,open_vs_corrected,,,,,,
0.8,0.3,256,18.6,5.578245207009281,9.474816704477745e-05,1.0002646424310817,6.592573614298669e-06,6.049675978150185e-07,7.183382158038129e-06,2.541383530469537e-07,-1.1102230246246014e-15,-1.1102230246246014e-15,open_vs_corrected,,,,,,
0.8,0.3,256,18.7,5.608235772638362,9.763275920955424e-05,1.0002727001877538,6.786307927600446e-06,6.180141785070325e-07,7.441754925407794e-06,2.556002879065528e-07,-1.1102230246246014e-15,-1.1102230246246014e-15,open_vs_corrected,,,,,,
0.8,0.3,256,18.8,5.638226338267445,0.0001006051721782,1.0002810033295022,6.985850665593798e-06,6.312843979469768e-07,7.70920852809431e-06,2.569540902084687e-07,-8.881784196996811e-16,-1.3322676295495217e-15,open_vs_corrected,,,,,,
0.8,0.3,256,18.9,5.668216903896527,0.0001036680796403,1.0002895593306336,7.1913801191222775e-06,6.447808851695194e-07,7.986056677584033e-06,2.581935654601351e-07,-8.881784196996811e-16,-1.1102230246246014e-15,open_vs_corrected,,,,,,
0.8,0.3,256,19.0,5.698207469525609,0.000106824236685,1.0002983758932489,7.403080186074917e-06,6.585062757416781e-07,8.272623778542018e-06,2.593123007698288e-07,-1.1102230246246014e-15,-1.1102230246246014e-15,open_vs_corrected,,,,,,
0.8,0.3,256,19.1,5.728198035154691,0.0001100764822796,1.000307460954194,7.621140551687539e-06,6.724632115897123e-07,8.569245288902317e-06,2.603036609266008e-07,-8.881784196996811e-16,-8.881784196996811e-16,open_vs_corrected,,,,,,
0.8,0.3,256,19.2,5.758188600783773,0.0001134277418234,1.0003168226922217,7.845756874729588e-06,6.866543408183489e-07,8.876268092667526e-06,2.611607834317175e-07,-8.881784196996811e-16,-8.881784196996811e-16,open_vs_corrected,,,,,,
0.8,0.3,256,19.3,5.788179166412856,0.0001168810297785,1.0003264695353715,8.077130979874954e-06,7.010823175464865e-07,9.194050885075906e-06,2.618765743038556e-07,-8.881784196996811e-16,-1.1102230246246014e-15,open_vs_corrected,,,,,,
0.8,0.3,256,19.4,5.818169732041937,0.0001204394523818,1.0003364101685774,8.315471056176757e-06,7.157498018613117e-07,9.522964570583074e-06,2.624437037509052e-07,-8.881784196996811e-16,-1.3322676295495217e-15,open_vs_corrected,,,,,,
0.8,0.3,256,19.5,5.848160297671019,0.000124106210439,1.0003466535415062,8.560991862256101e-06,7.306594597021874e-07,9.863392673662133e-06,2.6285460191536745e-07,-8.881784196996811e-16,-1.1102230246246014e-15,open_vs_corrected,,,,,,
0.8,0.3,256,19.6,5.878150863300101,0.0001278846022036,1.0003572088766393,8.813914937957183e-06,7.45813963005231e-07,1.0215731763979496e-05,2.631014561574239e-07,-8.881784196996811e-16,-8.881784196996811e-16,open_vs_corrected,,,,,,
0.8,0.3,256,19.7,5.908141428929183,0.0001317780263436,1.0003680856775945,9.07446882332295e-06,7.61215989675194e-07,1.058039189579006e-05,2.631762075437143e-07,-8.881784196996811e-16,-1.1102230246246014e-15,open_vs_corrected,,,,,,
0.8,0.3,256,19.8,5.938131994558266,0.0001357899849987,1.000379293737713,9.34288928427646e-06,7.768682238483479e-07,1.0957797060993754e-05,2.6307054868842255e-07,-8.881784196996811e-16,-1.1102230246246014e-15,open_vs_corrected,,,,,,
0.8,0.3,256,19.9,5.968122560187348,0.0001399240869308,1.0003908431488993,9.61941954610629e-06,7.927733561076494e-07,1.1348385658967191e-05,2.6277592235576417e-07,-6.661338147747608e-16,-1.1102230246246014e-15,open_vs_corrected,,,,,,
0.8,0.3,256,20.0,5.99811312581643,0.0001441840507694,1.000402744310735,9.904310534315176e-06,8.089340838577773e-07,1.1752610980049816e-05,2.6228352030533224e-07,-8.881784196996811e-16,-1.1102230246246014e-15,open_vs_corrected,,,,,,
0.8,0.3,256,20.1,6.028103691445512,0.000148573708357,1.0004150079398777,1.0197821123605683e-05,8.25353111811678e-07,1.217094170725542e-05,2.615842845645637e-07,-6.661338147747608e-16,-1.3322676295495217e-15,open_vs_corrected,,,,,,
0.8,0.3,256,20.2,6.058094257074594,0.0001530970081958,1.000427645079734,1.050021839485884e-05,8.420331525660955e-07,1.2603862433092094e-05,2.606689090019197e-07,-6.661338147747608e-16,-1.1102230246246014e-15,open_vs_corrected,,,,,,
0.8,0.3,256,20.3,6.088084822703677,0.0001577580189991,1.0004406671104469,1.0811777900503846e-05,8.589769273740763e-07,1.3051874194013705e-05,2.5952784402129685e-07,-6.661338147747608e-16,-1.3322676295495217e-15,open_vs_corrected,,,,,,
0.8,0.3,256,20.4,6.118075388332759,0.0001625609333516,1.0004540857591702,1.1132783938939129e-05,8.761871669813472e-07,1.351549502338852e-05,2.58151302048105e-07,-6.661338147747608e-16,-1.1102230246246014e-15,open_vs_corrected,,,,,,
0.8,0.3,256,20.5,6.148065953961841,0.0001675100714799,1.0004679131106726,1.14635298375586e-05,8.936666126695786e-07,1.3995260522161956e-05,2.565292673131424e-07,-6.661338147747608e-16,-1.1102230246246014e-15,open_vs_corrected,,,,,,
0.8,0.3,256,20.6,6.178056519590923,0.0001726098851393,1.000482161618259,1.1804318245231387e-05,9.114180174916716e-07,1.4491724448414446e-05,2.54651508102848e-07,-6.661338147747608e-16,-1.1102230246246014e-15,open_vs_corrected,,,,,,
0.8,0.3,256,20.7,6.208047085220005,0.0001778649616176,1.000496844115029,1.2155461434480731e-05,9.294441476410376e-07,1.5005459327287292e-05,2.525075947875864e-07,-6.661338147747608e-16,-1.3322676295495217e-15,open_vs_corrected,,,,,,
0.8,0.3,256,20.8,6.238037650849088,0.0001832800278616,1.0005119738254773,1.2517281613460884e-05,9.47747784011658e-07,1.5537057080482438e-05,2.500869215373818e-07,-6.661338147747608e-16,-1.3322676295495217e-15,open_vs_corrected,,,,,,
0.8,0.3,256,20.9,6.26802821647817,0.000188859954729,1.0005275643774545,1.2890111248312876e-05,9.663317240076846e-07,1.608712967708127e-05,2.473787372951172e-07,-6.661338147747608e-16,-1.1102230246246014e-15,open_vs_corrected,,,,,,
0.8,0.3,256,21.0,6.298018782107252,0.0001946097613695,1.0005436298144956,1.327429339591713e-05,9.851987835480742e-07,1.6656309806004307e-05,2.4437218409314577e-07,-4.4408920984984055e-16,-1.1102230246246014e-15,open_vs_corrected,,,,,,
0.8,0.3,256,21.1,6.328009347736334,0.0002005346197398,1.0005601846085166,1.3670182047763264e-05,1.0043517992880664e-06,1.7245251570713722e-05,2.410563474998584e-07,-4.4408920984984055e-16,-1.3322676295495217e-15,open_vs_corrected,,,,,,
0.8,0.3,256,21.2,6.357999913365416,0.0002066398592555,1.000577243672914,1.407814248523729e-05,1.0237936311051728e-06,1.7854631207056118e-05,2.374203215047252e-07,-4.4408920984984055e-16,-1.3322676295495217e-15,open_vs_corrected,,,,,,
0.8,0.3,256,21.3,6.387990478994499,0.0002129309715853,1.0005948223760572,1.4498551646088072e-05,1.043527164854707e-06,1.848514782484384e-05,2.3345329289498618e-07,-4.4408920984984055e-16,-1.3322676295495217e-15,open_vs_corrected,,,,,,
0.8,0.3,256,21.4,6.4179810446235805,0.0002194136155901,1.0006129365551977,1.4931798503672744e-05,1.0635553153871257e-06,1.913752417471882e-05,2.2914464949472998e-07,-4.4408920984984055e-16,-1.1102230246246014e-15,open_vs_corrected,,,,,,
0.8,0.3,256,21.5,6.447971610252663,0.0002260936224137,1.0006316025308055,1.5378284458089432e-05,1.0838810298831212e-06,1.9812507439737635e-05,2.2448412225005078e-07,-4.4408920984984055e-16,-1.3322676295495217e-15,open_vs_corrected,,,,,,
0.8,0.3,256,21.6,6.4779621758817445,0.0002329770007276,1.0006508371213458,1.5838423740471053e-05,1.1045072914861794e-06,2.05108700530446e-05,2.1946196991948243e-07,-4.4408920984984055e-16,-1.3322676295495217e-15,open_vs_corrected,,,,,,
0.8,0.3,256,21.7,6.5079527415108265,0.0002400699421359,1.0006706576585116,1.6312643830507424e-05,1.1254371233076844e-06,2.1233410544165807e-05,2.140692216179721e-07,-4.4408920984984055e-16,-1.3322676295495217e-15,open_vs_corrected,,,,,,
0.8,0.3,256,21.8,6.5379433071399085,0.0002473788267446,1.0006910820029198,1.680138588776034e-05,1.1466735927732503e-06,2.198095441176828e-05,2.082980002454357e-07,-6.661338147747608e-16,-1.1102230246246014e-15,open_vs_corrected,,,,,,
0.8,0.3,256,21.9,6.567933872768991,0.0002549102289002,1.00071212856029,1.7305105197112327e-05,1.168219816344557e-06,2.275435502619914e-05,2.0214195185684597e-07,-4.4408920984984055e-16,-1.3322676295495217e-15,open_vs_corrected,,,,,,
0.8,0.3,256,22.0,6.597924438398073,0.0002626709231039,1.0007338162981303,1.782427162892601e-05,1.190078964722721e-06,2.355449456178893e-05,1.9559682866114e-07,-4.4408920984984055e-16,-1.3322676295495217e-15,open_vs_corrected,,,,,,
0.8,0.3,256,22.1,6.627915004027155,0.0002706678901045,1.0007561647629213,1.835937011447644e-05,1.2122542684082508e-06,2.4382284960303524e-05,1.8866128189013592e-07,-4.4408920984984055e-16,-1.1102230246246014e-15,open_vs_corrected,,,,,,
0.8,0.3,256,22.2,6.657905569656237,0.0002789083231782,1.00077919409784,1.8910901136812502e-05,1.234749023809798e-06,2.523866892647701e-05,1.8133796022679145e-07,-6.661338147747608e-16,-1.3322676295495217e-15,open_vs_corrected,,,,,,
0.8,0.3,256,22.3,6.687896135285319,0.0002873996345983,1.000802925061023,1.947938123793791e-05,1.2575665998255913e-06,2.612462095558887e-05,1.7363504371317064e-07,-6.661338147747608e-16,-1.3322676295495217e-15,open_vs_corrected,,,,,,
0.8,0.3,256,22.4,6.717886700914402,0.0002961494623031,1.0008273790443984,2.0065343542751235e-05,1.280710444988502e-06,2.704114839615591e-05,1.655684203951129e-07,-2.2204460492492028e-16,-1.3322676295495217e-15,open_vs_corrected,,,,,,
0.8,0.3,256,22.5,6.747877266543484,0.0003051656767655,1.000852578093088,2.0669338300185444e-05,1.304184095158685e-06,2.7989292547975336e-05,1.571648132765395e-07,-4.4408920984984055e-16,-1.1102230246246014e-15,open_vs_corrected,,,,,,
0.8,0.3,256,22.6,6.777867832172566,0.0003144563880731,1.000878544925417,2.129193344222608e-05,1.3279911818109058e-06,2.8970129795730057e-05,1.484663291659031e-07,-4.4408920984984055e-16,-1.1102230246246014e-15,open_vs_corrected,,,,,,
0.8,0.3,256,22.7,6.807858397801648,0.0003240299532225,1.0009053029535315,2.193371516121776e-05,1.3521354410510846e-06,2.998477278016834e-05,1.3953714646430046e-07,-4.4408920984984055e-16,-1.3322676295495217e-15,open_vs_corrected,,,,,,
0.8,0.3,256,22.8,6.83784896343073,0.0003338949836371,1.0009328763046608,2.259528850652636e-05,1.376620723213867e-06,3.10343716092109e-05,1.3047340144934484e-07,-4.4408920984984055e-16,-1.1102230246246014e-15,open_vs_corrected,,,,,,
0.8,0.3,256,22.9,6.867839529059813,0.000344060352912,1.000961289843025,2.327727800059036e-05,1.4014510032338225e-06,3.212011510815542e-05,1.2141774451127997e-07,-4.4408920984984055e-16,-1.1102230246246014e-15,open_vs_corrected,,,,,,
0.8,0.3,256,23.0,6.897830094688895,0.0003545352047967,1.0009905691924268,2.398032827529209e-05,1.4266303917751135e-06,3.324323211116426e-05,1.1258029046056344e-07,-4.4408920984984055e-16,-1.3322676295495217e-15,open_vs_corrected,,,,,,
0.8,0.3,256,23.1,6.927820660317977,0.0003653289614191,1.0010207407595364,2.470510472968699e-05,1.4521631471552555e-06,3.440499279664042e-05,1.0426694062774453e-07,-4.4408920984984055e-16,-1.1102230246246014e-15,open_vs_corrected,,,,,,
0.8,0.3,256,23.2,6.957811225947059,0.0003764513317609,1.001051831757898,2.545229420885973e-05,1.4780536880942278e-06,3.5606710065175675e-05,9.691211770663013e-08,-4.4408920984984055e-16,-1.3322676295495217e-15,open_vs_corrected,,,,,,
0.8,0.3,256,23.3,6.987801791576141,0.0003879123203906,1.001083870232672,2.622260570581611e-05,1.5043066073568426e-06,3.6849740965121487e-05,9.110158743735157e-08,-6.661338147747608e-16,-1.3322676295495217e-15,open_vs_corrected,,,,,,
0.8,0.3,256,23.4,7.017792357205224,0.0003997222364624,1.0011168850861496,2.701677108602604e-05,1.5309266863051212e-06,3.813548816322488e-05,8.755012242573467e-08,-4.4408920984984055e-16,-1.3322676295495217e-15,open_vs_corrected,,,,,,
0.8,0.3,256,23.5,7.047782922834306,0.0004118917029896,1.001150906104049,2.783554583615266e-05,1.5579189104335351e-06,3.946540146530945e-05,8.698619773509047e-08,-2.2204460492492028e-16,-1.3322676295495217e-15,open_vs_corrected,,,,,,
0.8,0.3,256,23.6,7.077773488463388,0.0004244316663988,1.00118596398263,2.86797098373494e-05,1.5852884859041034e-06,4.084097938669628e-05,8.99451072166927e-08,-4.4408920984984055e-16,-1.3322676295495217e-15,open_vs_corrected,,,,,,
0.8,0.3,256,23.7,7.10776405409247,0.0004373534063772,1.001222090356643,2.955006816431894e-05,1.6130408571232648e-06,4.226377077488105e-05,9.6591609261406e-08,-4.4408920984984055e-16,-1.1102230246246014e-15,open_vs_corrected,,,,,,
0.8,0.3,256,23.8,7.137754619721552,0.0004506685460178,1.0012593178281484,3.0447451910499844e-05,1.6411817254412687e-06,4.373537648543246e-05,1.0672154792756089e-07,-4.4408920984984055e-16,-1.3322676295495217e-15,open_vs_corrected,,,,,,
0.8,0.3,256,23.9,7.167745185350634,0.000464389062274,1.001297679996226,3.137271904057642e-05,1.669717068961917e-06,4.5257451113679015e-05,1.1992498198169016e-07,-4.4408920984984055e-16,-1.1102230246246014e-15,open_vs_corrected,,,,,,
0.8,0.3,256,24.0,7.197735750979716,0.0004785272967331,1.001337211487601,3.2326755271281675e-05,1.6986531635895237e-06,4.683170478292341e-05,1.3576167519729222e-07,-4.4408920984984055e-16,-1.3322676295495217e-15,open_vs_corrected,,,,,,
0.8,0.3,256,24.1,7.227726316608798,0.000493095966717,1.001377947988225,3.3310474981139935e-05,1.7279966052864262e-06,4.845990499322823e-05,1.5385788112834073e-07,-4.4408920984984055e-16,-1.3322676295495217e-15,open_vs_corrected,,,,,,
0.8,0.3,256,24.2,7.25771688223788,0.0005081081767213,1.0014199262758363,3.43248221502247e-05,1.757754333634644e-06,5.01438785288489e-05,1.7393174765883896e-07,-4.4408920984984055e-16,-1.3322676295495217e-15,open_vs_corrected,,,,,,
0.8,0.3,256,24.3,7.287707447866962,0.0005235774302021,1.0014631842535295,3.5370771331209565e-05,1.7879336567240723e-06,5.188551343137053e-05,1.9578426200326457e-07,-2.2204460492492028e-16,-1.3322676295495217e-15,open_vs_corrected,,,,,,
0.8,0.3,256,24.4,7.317698013496045,0.0005395176417223,1.0015077609843628,3.644932865213633e-05,1.8185422774510067e-06,5.368676103566992e-05,2.192808882618613e-07,-2.2204460492492028e-16,-1.1102230246246014e-15,open_vs_corrected,,,,,,
0.8,0.3,256,24.5,7.347688579125126,0.0005559431494673,1.0015536967270509,3.756153285274829e-05,1.849588321233526e-06,5.5549638074944e-05,2.443343623913282e-07,-4.4408920984984055e-16,-1.3322676295495217e-15,open_vs_corrected,,,,,,
0.8,0.3,256,24.6,7.377679144754209,0.0005728687281416,1.001601032972758,3.870845635460522e-05,1.881080365232772e-06,5.747622885322971e-05,2.708913599763348e-07,-4.4408920984984055e-16,-1.3322676295495217e-15,open_vs_corrected,,,,,,
0.8,0.3,256,24.7,7.407669710383291,0.0005903096022585,1.0016498124830415,3.989120636684861e-05,1.913027469064536e-06,5.946868749172389e-05,2.989228880568088e-07,-4.4408920984984055e-16,-1.3322676295495217e-15,open_vs_corrected,,,,,,
0.8,0.3,256,24.8,7.437660276012373,0.0006082814598336,1.0017000793289748,4.111092602847406e-05,1.9454392071478946e-06,6.152924024703784e-05,3.284175587314101e-07,-4.4408920984984055e-16,-1.3322676295495217e-15,open_vs_corrected,,,,,,
0.8,0.3,256,24.9,7.467650841641456,0.0006268004664955,1.0017518789314868,4.236879558829347e-05,1.9783257026129364e-06,6.366018790771148e-05,3.593769138761409e-07,-4.4408920984984055e-16,-1.3322676295495217e-15,open_vs_corrected,,,,,,
0.8,0.3,256,25.0,7.497641407270537,0.0006458832800269,1.001805258102964,4.3666033623960975e-05,2.0116976628837463e-06,6.586390826876927e-05,3.918121681901324e-07,-4.4408920984984055e-16,-1.3322676295495217e-15,open_vs_corrected,,,,,,
0.8,0.3,256,25.1,7.52763197289962,0.0006655470653466,1.0018602650901447,4.500389830129448e-05,2.045566416976618e-06,6.814285868802414e-05,4.2574192193211093e-07,-4.4408920984984055e-16,-1.3322676295495217e-15,open_vs_corrected,,,,,,
0.8,0.3,256,25.2,7.557622538528702,0.0006858095099492,1.0019169496183546,4.638368867497354e-05,2.079943954478908e-06,7.049957872637343e-05,4.6119053645996213e-07,-4.4408920984984055e-16,-1.3322676295495217e-15,open_vs_corrected,,,,,,
0.8,0.3,256,25.3,7.587613104157784,0.000706688839814,1.0019753629371282,4.780674603273071e-05,2.1148429662972174e-06,7.293669287566283e-05,4.98186967385043e-07,-4.4408920984984055e-16,-1.3322676295495217e-15,open_vs_corrected,,,,,,
0.8,0.3,256,25.4,7.617603669786867,0.0007282038357982,1.0020355578672488,4.927445528355544e-05,2.150276887149021e-06,7.545691337548159e-05,5.367639148911849e-07,-4.4408920984984055e-16,-1.3322676295495217e-15,open_vs_corrected,,,,,,
0.8,0.3,256,25.5,7.647594235415948,0.0007503738505293,1.0020975888492651,5.078824639185751e-05,2.18625993985684e-06,7.806304312396644e-05,5.769571977114016e-07,-4.4408920984984055e-16,-1.3322676295495217e-15,open_vs_corrected,,,,,,
0.8,0.3,256,25.6,7.677584801045031,0.0007732188258118,1.0021615119935334,5.234959585923002e-05,2.222807181397737e-06,8.075797868258559e-05,6.188052851820686e-07,-4.4408920984984055e-16,-1.3322676295495217e-15,open_vs_corrected,,,,,,
0.8,0.3,256,25.7,7.707575366674113,0.0007967593105634,1.002227385131807,5.396002825513498e-05,2.2599345507861507e-06,8.35447133823613e-05,6.623489433037315e-07,-2.2204460492492028e-16,-1.3322676295495217e-15,open_vs_corrected,,,,,,
0.8,0.3,256,25.8,7.737565932303195,0.0008210164792978,1.0022952678704695,5.562111779804429e-05,2.297658918649715e-06,8.642634052911425e-05,7.076309627631307e-07,-4.4408920984984055e-16,-1.3322676295495217e-15,open_vs_corrected,,,,,,
0.8,0.3,256,25.9,7.767556497932277,0.0008460121511691,1.0023652216454244,5.7334489989062295e-05,2.335998138642139e-06,8.940605671719772e-05,7.546959475766035e-07,-4.4408920984984055e-16,-1.3322676295495217e-15,open_vs_corrected,,,,,,
0.8,0.3,256,26.0,7.797547063561359,0.0008717688095969,1.0024373097787118,5.910182329944158e-05,2.3749711004990315e-06,9.248716525003006e-05,8.035901473954957e-07,-4.4408920984984055e-16,-1.3322676295495217e-15,open_vs_corrected,,,,,,
0.8,0.3,256,26.1,7.8275376291904415,0.0008983096224885,1.002511597536906,6.092485091398228e-05,2.4145977848755574e-06,9.56730796744478e-05,8.543613222787346e-07,-4.4408920984984055e-16,-1.3322676295495217e-15,open_vs_corrected,,,,,,
0.8,0.3,256,26.2,7.8575281948195235,0.0009256584630759,1.0025881521913549,6.280536253203391e-05,2.454899319702018e-06,9.89673274299214e-05,9.07058632028702e-07,-4.4408920984984055e-16,-1.3322676295495217e-15,open_vs_corrected,,,,,,
0.8,0.3,256,26.3,7.887518760448605,0.0009538399313883,1.002667043080312,6.474520622807501e-05,2.495898038246426e-06,0.0001023735536189,9.617325427544164e-07,-4.4408920984984055e-16,-1.3322676295495217e-15,open_vs_corrected,,,,,,
0.8,0.3,256,26.4,7.917509326077688,0.0009828793763771,1.002748341673034,6.674629037395067e-05,2.5376175386340016e-06,0.0001058955249009,1.0184347469367046e-06,-4.4408920984984055e-16,-1.3322676295495217e-15,open_vs_corrected,,,,,,
0.8,0.3,256,26.5,7.947499891706769,0.0010128029187149,1.0028321216358984,6.881058562433973e-05,2.5800827447759785e-06,0.0001095371335131,1.077218091961183e-06,-4.4408920984984055e-16,-1.3322676295495217e-15,open_vs_corrected,,,,,,
0.8,0.3,256,26.6,7.977490457335852,0.001043637474288,1.0029184589006124,7.094012696833372e-05,2.6233199686380644e-06,0.000113302401425,1.1381365153892618e-06,-4.4408920984984055e-16,-1.3322676295495217e-15,open_vs_corrected,,,,,,
0.8,0.3,256,26.7,8.007481022964933,0.0010754107784047,1.0030074317345792,7.313701584858496e-05,2.6673569738325514e-06,0.0001171954846279,1.201244985017232e-06,-4.4408920984984055e-16,-1.3322676295495217e-15,open_vs_corrected,,,,,,
0.8,0.3,256,26.8,8.037471588594016,0.0011081514107391,1.003099120813497,7.540342235057094e-05,2.712223040202017e-06,0.0001212206775654,1.2665994394658038e-06,-4.4408920984984055e-16,-1.3322676295495217e-15,open_vs_corrected,,,,,,
0.8,0.3,256,26.9,8.067462154223099,0.0011418888210354,1.0031936092962594,7.77415874643681e-05,2.757949029508647e-06,0.0001253824177106,1.3342567322870737e-06,-4.4408920984984055e-16,-1.554312234474442e-15,open_vs_corrected,,,,,,
0.8,0.3,256,27.0,8.09745271985218,0.001176653355594,1.003290982902227,8.015382542131522e-05,2.804567451898784e-06,0.0001296852902914,1.4042745727831952e-06,-4.4408920984984055e-16,-1.3322676295495217e-15,open_vs_corrected,,,,,,
0.8,0.3,256,27.1,8.127443285481263,0.001212476284563,1.0033913299909696,8.264252610761773e-05,2.8521125331997022e-06,0.0001341340331721,1.4767114676124791e-06,-4.4408920984984055e-16,-1.3322676295495217e-15,open_vs_corrected,,,,,,
0.8,0.3,256,27.2,8.157433851110344,0.0012493898300615,1.0034947416445352,8.521015755826437e-05,2.9006202826615568e-06,0.0001387335418951,1.5516266585674966e-06,-4.4408920984984055e-16,-1.3322676295495217e-15,open_vs_corrected,,,,,,
0.8,0.3,256,27.3,8.187424416739427,0.0012874271951577,1.003601311752346,8.7859268533044e-05,2.950128561192363e-06,0.0001434888748865,1.6290800579249527e-06,-4.4408920984984055e-16,-1.3322676295495217e-15,open_vs_corrected,,,,,,
0.8,0.3,256,27.4,8.21741498236851,0.0013266225937296,1.0037111370988032,9.05924911781271e-05,3.00067714984242e-06,0.000148405258835,1.709132179257456e-06,-4.4408920984984055e-16,-1.3322676295495217e-15,open_vs_corrected,,,,,,
0.8,0.3,256,27.5,8.247405547997591,0.0013670112812336,1.003824317453695,9.341254377539803e-05,3.0523078183053496e-06,0.0001534880942432,1.7918440635231394e-06,-6.661338147747608e-16,-1.554312234474442e-15,open_vs_corrected,,,,,,
0.8,0.3,256,27.6,8.277396113626674,0.0014086295864106,1.003940955665492,9.632223358296814e-05,3.1050643934941696e-06,0.0001587429611646,1.8772772005251624e-06,-4.4408920984984055e-16,-1.3322676295495217e-15,open_vs_corrected,,,,,,
0.8,0.3,256,27.7,8.307386679255755,0.0014515149439553,1.0040611577576355,9.93244597694831e-05,3.158992827743164e-06,0.0001641756251256,1.9654934425243547e-06,-4.4408920984984055e-16,-1.3322676295495217e-15,open_vs_corrected,,,,,,
0.8,0.3,256,27.8,8.337377244884838,0.001495705928181,1.0041850330279247,0.0001024222164456,3.214141266795281e-06,0.000169792043243,2.0565549124723927e-06,-4.4408920984984055e-16,-1.554312234474442e-15,open_vs_corrected,,,,,,
0.8,0.3,256,27.9,8.36736781051392,0.0015412422877078,1.0043126941510785,0.0001056185957961,3.270560117240252e-06,0.0001755983705412,2.150523904826293e-06,-6.661338147747608e-16,-1.554312234474442e-15,open_vs_corrected,,,,,,
0.8,0.3,256,28.0,8.397358376143002,0.0015881649812067,1.0044442572846264,0.0001089167913146,3.3283021133274984e-06,0.0001816009664754,2.247462776446687e-06,-6.661338147747608e-16,-1.554312234474442e-15,open_vs_corrected,,,,,,
0.8,0.3,256,28.1,8.427348941772085,0.001636516214231,1.0045798421781915,0.0001123201011467,3.3874223832753183e-06,0.0001878064016699,2.347433830728233e-06,-6.661338147747608e-16,-1.7763568393993622e-15,open_vs_corrected,,,,,,
0.8,0.3,256,28.2,8.457339507401166,0.0016863394771683,1.0047195722863158,0.0001158319315426,3.4479785147977624e-06,0.0001942214648751,2.450499190369511e-06,-6.661338147747608e-16,-1.554312234474442e-15,open_vs_corrected,,,,,,
0.8,0.3,256,28.3,8.487330073030249,0.0017376795843471,1.0048635748849326,0.0001194558004248,3.510030620019556e-06,0.0002008531701529,2.5567206611876948e-06,-4.4408920984984055e-16,-1.7763568393993622e-15,open_vs_corrected,,,,,,
0.8,0.3,256,28.4,8.517320638659331,0.0017905827143327,1.0050119811916138,0.0001231953410729,3.573641399779237e-06,0.0002077087642964,2.666159583016442e-06,-4.4408920984984055e-16,-1.7763568393993622e-15,open_vs_corrected,,,,,,
0.8,0.3,256,28.5,8.547311204288413,0.0018450964514501,1.0051649264897238,0.0001270543059315,3.638876207517144e-06,0.0002147957344928,2.778876670157365e-06,-4.4408920984984055e-16,-1.7763568393993622e-15,open_vs_corrected,,,,,,
0.8,0.3,256,28.6,8.577301769917495,0.0019012698285677,1.005322550256609,0.0001310365705429,3.705803112968407e-06,0.000222121816236,2.8949318378055154e-06,-4.4408920984984055e-16,-1.7763568393993622e-15,open_vs_corrected,,,,,,
0.8,0.3,256,28.7,8.607292335546576,0.0019591533711849,1.005484996295967,0.0001351461376112,3.774492965856084e-06,0.000229695001498,3.0143840151274844e-06,-6.661338147747608e-16,-1.7763568393993622e-15,open_vs_corrected,,,,,,
0.8,0.3,256,28.8,8.63728290117566,0.0020187991428587,1.0056524128745397,0.0001393871411998,3.845019460275644e-06,0.000237523547167,3.1372909435749235e-06,-6.661338147747608e-16,-1.7763568393993622e-15,open_vs_corrected,,,,,,
0.8,0.3,256,28.9,8.667273466804742,0.0020802607920125,1.00582495286327,0.0001437638510683,3.917459199924344e-06,0.0002456159837611,3.263708958926646e-06,-8.881784196996811e-16,-1.7763568393993622e-15,open_vs_corrected,,,,,,
0.8,0.3,256,29.0,8.697264032433823,0.0021435936001685,1.0060027738831003,0.0001482806771531,3.9918917651576095e-06,0.0002539811244266,3.393692756625729e-06,-8.881784196996811e-16,-1.7763568393993622e-15,open_vs_corrected,,,,,,
0.8,0.3,256,29.1,8.727254598062906,0.0022088545316465,1.0061860384555483,0.000152942174196,4.068399782596294e-06,0.0002626280742291,3.527295138763628e-06,-8.881784196996811e-16,-1.7763568393993622e-15,open_vs_corrected,,,,,,
0.8,0.3,256,29.2,8.757245163691987,0.0022761022847743,1.0063749141582472,0.0001577530465262,4.147068998255885e-06,0.0002715662397489,3.664566742231172e-06,-8.881784196996811e-16,-1.7763568393993622e-15,open_vs_corrected,,,,,,
0.8,0.3,256,29.3,8.78723572932107,0.002345397344654,1.006569573785608,0.0001627181530003,4.227988355364998e-06,0.0002808053389885,3.805555745833109e-06,-8.881784196996811e-16,-1.7763568393993622e-15,open_vs_corrected,,,,,,
0.8,0.3,256,29.4,8.817226294950153,0.002416802037534,1.0067701955148076,0.0001678425121064,4.311250078437048e-06,0.000290355411604,3.950307555679999e-06,-8.881784196996811e-16,-1.7763568393993622e-15,open_vs_corrected,,,,,,
0.8,0.3,256,29.5,8.847216860579234,0.0024903805868327,1.0069769630772691,0.0001731313072364,4.3969497648026415e-06,0.0003002268294692,4.098864466521645e-06,-8.881784196996811e-16,-1.7763568393993622e-15,open_vs_corrected,,,,,,
0.8,0.3,256,29.6,8.877207426208317,0.0025661991708652,1.007190065935839,0.0001785898921337,4.485186486005731e-06,0.000310430307584,4.251265299108632e-06,-8.881784196996811e-16,-1.7763568393993622e-15,open_vs_corrected,,,,,,
0.8,0.3,256,29.7,8.907197991837398,0.0026443259823249,1.0074096994678654,0.0001842237965205,4.5760629007896505e-06,0.0003209769153393,4.407545009821782e-06,-8.881784196996811e-16,-1.9984014443242827e-15,open_vs_corrected,,,,,,
0.8,0.3,256,29.8,8.93718855746648,0.0027248312895723,1.007636065154392,0.0001900387319121,4.669685382294985e-06,0.0003318780881487,4.567734273130804e-06,-8.881784196996811e-16,-1.7763568393993622e-15,open_vs_corrected,,,,,,
0.8,0.3,256,29.9,8.967179123095564,0.0028077874997863,1.0078693707756718,0.0001960405976231,4.766164162198613e-06,0.0003431456394577,4.731859032314629e-06,-8.881784196996811e-16,-1.9984014443242827e-15,open_vs_corrected,,,,,,
0.8,0.3,256,30.0,8.997169688724645,0.0028932692240341,1.0081098306132543,0.0002022354869733,4.865613495023273e-06,0.0003547917731457,4.899940019935106e-06,-8.881784196996811e-16,-1.9984014443242827e-15,open_vs_corrected,,,,,,
0.8,0.3,256,30.1,9.027160254353728,0.0029813533443179,1.0083576656588602,0.0002086296936981,4.968151845797752e-06,0.0003668290963314,5.071992242211758e-06,-8.881784196996811e-16,-2.2204460492492028e-15,open_vs_corrected,,,,,,
0.8,0.3,256,30.2,9.057150819982809,0.003072119082658,1.008613103830308,0.0002152297185727,5.073902105518936e-06,0.0003792706325939,5.248024428403518e-06,-8.881784196996811e-16,-1.9984014443242827e-15,open_vs_corrected,,,,,,
0.8,0.3,256,30.3,9.087141385611892,0.0031656480722737,1.008876380194741,0.0002220422762541,5.182991838337585e-06,0.0003921298356267,5.42803844092352e-06,-1.1102230246246014e-15,-2.2204460492492028e-15,open_vs_corrected,,,,,,
0.8,0.3,256,30.4,9.117131951240976,0.0032620244309263,1.0091477371994266,0.0002290743023513,5.295553565559701e-06,0.0004054206033332,5.612028644028008e-06,-1.1102230246246014e-15,-2.2204460492492028e-15,open_vs_corrected,,,,,,
0.8,0.3,256,30.5,9.147122516870056,0.0033613348364882,1.0094274249104125,0.0002363329607286,5.4117250919277e-06,0.000419157292383,5.799981229458724e-06,-1.1102230246246014e-15,-2.2204460492492028e-15,open_vs_corrected,,,,,,
0.8,0.3,256,30.6,9.177113082499138,0.0034636686048056,1.009715701259312,0.000243825651052,5.5316498798905805e-06,0.0004333547332403,5.991873494711966e-06,-1.1102230246246014e-15,-2.2204460492492028e-15,open_vs_corrected,,,,,,
0.8,0.3,256,30.7,9.20710364812822,0.0035691177699257,1.010012832298555,0.0002515600165851,5.655477479018435e-06,0.0004480282456829,6.187673072704806e-06,-1.1102230246246014e-15,-2.2204460492492028e-15,open_vs_corrected,,,,,,
0.8,0.3,256,30.8,9.237094213757302,0.0036777771667565,1.0103190924653842,0.0002595439522436,5.783364017215507e-06,0.0004631936548238,6.387337108539627e-06,-1.1102230246246014e-15,-2.2204460492492028e-15,open_vs_corrected,,,,,,
0.8,0.3,256,30.9,9.267084779386384,0.0037897445162354,1.0106347648549523,0.0002677856129169,5.915472762200592e-06,0.0004788673076558,6.590811380644007e-06,-1.3322676295495217e-15,-2.4424906541741232e-15,open_vs_corrected,,,,,,
0.8,0.3,256,31.0,9.297075345015466,0.0039051205130808,1.010960141502855,0.0002762934220664,6.0519747619760615e-06,0.0004950660901338,6.798029363005162e-06,-1.1102230246246014e-15,-2.2204460492492028e-15,open_vs_corrected,,,,,,
0.8,0.3,256,31.1,9.32706591064455,0.0040240089162041,1.0112955236774543,0.0002850760806077,6.193049573745079e-06,0.0005118074448111,7.008911224089799e-06,-1.3322676295495217e-15,-2.4424906541741232e-15,open_vs_corrected,,,,,,
0.8,0.3,256,31.2,9.35705647627363,0.0041465166418636,1.0116412221823745,0.000294142576089,6.338886092080591e-06,0.0005291093890515,7.223362760544031e-06,-1.3322676295495217e-15,-2.4424906541741232e-15,open_vs_corrected,,,,,,
0.8,0.3,256,31.3,9.387047041902711,0.004272753859641,1.0119975576695557,0.0003035021921733,6.489683487633599e-06,0.0005469905338318,7.441274258651336e-06,-1.3322676295495217e-15,-2.4424906541741232e-15,open_vs_corrected,,,,,,
0.8,0.3,256,31.4,9.417037607531796,0.0044028340913257,1.012364860963269,0.000313164518436,6.645652268996557e-06,0.0005654701031559,7.662519282567598e-06,-1.3322676295495217e-15,-2.664535259099044e-15,open_vs_corrected,,,,,,
0.8,0.3,256,31.5,9.447028173160875,0.0045368743127951,1.012743473395531,0.0003231394604873,6.807015481333746e-06,0.0005845679541017,7.886953383150177e-06,-1.3322676295495217e-15,-2.664535259099044e-15,open_vs_corrected,,,,,,
0.8,0.3,256,31.6,9.47701873878996,0.0046749950589794,1.0131337471533504,0.0003334372504317,6.974010056301165e-06,0.0006043045975178,8.114412722385789e-06,-1.7763568393993622e-15,-2.664535259099044e-15,open_vs_corrected,,,,,,
0.8,0.3,256,31.7,9.50700930441904,0.004817320532004,1.0135360456382698,0.000344068457675,7.1468883293783404e-06,0.0006247012193947,8.34471261047001e-06,-1.7763568393993622e-15,-2.8865798640239638e-15,open_vs_corrected,,,,,,
0.8,0.3,256,31.8,9.536999870048124,0.0049639787126042,1.0139507438386972,0.0003550440000901,7.325919741219808e-06,0.0006457797029303,8.577645947982766e-06,-1.7763568393993622e-15,-2.8865798640239638e-15,open_vs_corrected,,,,,,
0.8,0.3,256,31.9,9.566990435677209,0.0051151014749098,1.01437822871553,0.000366375155555,7.511392742069571e-06,0.0006675626513137,8.812981571103633e-06,-1.7763568393993622e-15,-2.8865798640239638e-15,open_vs_corrected,,,,,,
0.8,0.3,256,32.0,9.596981001306288,0.0052708247047008,1.0148188996015954,0.0003780735738746,7.703616917377018e-06,0.0006900734112493,9.0504624903609e-06,-2.2204460492492028e-15,-3.108624468948884e-15,open_vs_corrected,,,,,,
0.8,0.3,256,32.1,9.62697156693537,0.0054312884212368,1.0152731686154697,0.0003901512890998,7.902925356863599e-06,0.000713336097248,9.289804021734352e-06,-2.2204460492492028e-15,-3.108624468948884e-15,open_vs_corrected,,,,,,
0.8,0.3,256,32.2,9.656962132564454,0.0055966369027669,1.0157414610902524,0.0004026207322562,8.109677287233709e-06,0.0007373756167074,9.530691800606686e-06,-2.2204460492492028e-15,-3.108624468948884e-15,open_vs_corrected,,,,,,
0.8,0.3,256,32.3,9.686952698193531,0.0057670188158296,1.016224216017898,0.0004154947444984,8.324260992277208e-06,0.0007622176958087,9.772779674600338e-06,-2.2204460492492028e-15,-3.3306690738738043e-15,open_vs_corrected,,,,,,
0.8,0.3,256,32.4,9.716943263822616,0.0059425873484545,1.0167218865097525,0.0004287865907024,8.547097043492945e-06,0.0007878889062581,1.0015687469011403e-05,-2.2204460492492028e-15,-3.3306690738738043e-15,open_vs_corrected,,,,,,
0.8,0.3,256,32.5,9.7469338294517,0.0061235003473818,1.017234940273944,0.000442509973512,8.778641865918488e-06,0.0008144166928984,1.025899861836386e-05,-2.664535259099044e-15,-3.5527136787987244e-15,open_vs_corrected,,,,,,
0.8,0.3,256,32.6,9.776924395080782,0.0063099204594191,1.0177638601103371,0.0004566790478546,9.019391663425944e-06,0.0008418294022209,1.0502257658368793e-05,-2.664535259099044e-15,-3.5527136787987244e-15,open_vs_corrected,,,,,,
0.8,0.3,256,32.7,9.806914960709864,0.0065020152770556,1.0183091444237742,0.0004713084359422,9.269886728776229e-06,0.0008701563118075,1.0744967572282596e-05,-2.664535259099044e-15,-3.774758283723645e-15,open_vs_corrected,,,,,,
0.8,0.3,256,32.8,9.836905526338944,0.0066999574884611,1.0188713077563658,0.0004864132427745,9.53071616286926e-06,0.0008994276607317,1.0986586985195126e-05,-2.8865798640239638e-15,-3.774758283723645e-15,open_vs_corrected,,,,,,
0.8,0.3,256,32.9,9.866896091968028,0.0069039250319978,1.0194508813396408,0.0005020090721613,9.802523027306468e-06,0.0009296746809547,1.1226527203445917e-05,-3.108624468948884e-15,-3.9968028886485646e-15,open_vs_corrected,,,,,,
0.8,0.3,256,33.0,9.89688665759711,0.0071141012553769,1.0200484136673944,0.0005181120432823,1.0086009952796582e-05,0.0009609296297452,1.1464149090482324e-05,-3.3306690738738043e-15,-3.9968028886485646e-15,open_vs_corrected,,,,,,
0.8,0.3,256,33.1,9.926877223226192,0.007330675079597,1.020664471090105,0.0005347388078026,1.0381945224574504e-05,0.0009932258231597,1.1698759780332411e-05,-3.5527136787987244e-15,-4.218847493573485e-15,open_vs_corrected,,,,,,
0.8,0.3,256,33.2,9.956867788855275,0.0075538411678021,1.0212996384318662,0.0005519065675632,1.0691169363144357e-05,0.0010265976706192,1.1929609220654754e-05,-3.5527136787987244e-15,-4.4408920984984055e-15,open_vs_corrected,,,,,,
0.8,0.3,256,33.3,9.986858354484356,0.0077838000992042,1.021954519630785,0.0005696330928668,1.1014602216109874e-05,0.0010610807106169,1.2155886549817968e-05,-3.5527136787987244e-15,-4.4408920984984055e-15,open_vs_corrected,,,,,,
0.8,0.3,256,33.4,10.016848920113436,0.0080207585482158,1.0226297384038847,0.0005879367413799,1.1353250572254854e-05,0.0010967116475975,1.2376716305147138e-05,-3.9968028886485646e-15,-4.6629367034233256e-15,open_vs_corrected,,,,,,
0.8,0.3,256,33.5,10.04683948574252,0.0082649294689439,1.0233259389375706,0.000606836477672,1.1708216305596095e-05,0.0011335283900472,1.2591154469957111e-05,-4.4408920984984055e-15,-4.6629367034233256e-15,open_vs_corrected,,,,,,
0.8,0.3,256,33.6,10.076830051371603,0.0085165322852006,1.0240437866047951,0.0006263518934157,1.2080705050996262e-05,0.0011715700898346,1.2798184366088126e-05,-4.4408920984984055e-15,-5.1070259132731665e-15,open_vs_corrected,,,,,,
0.8,0.3,256,33.7,10.106820617000686,0.0087757930861862,1.0247839687101017,0.0006465032282693,1.247203540795854e-05,0.0012108771828465,1.2996712406276377e-05,-4.884981308348247e-15,-5.1070259132731665e-15,open_vs_corrected,,,,,,
0.8,0.3,256,33.8,10.136811182629764,0.0090429448280108,1.025547195263791,0.0006673113914683,1.2883648663183327e-05,0.0012514914309636,1.3185563728473944e-05,-5.1070259132731665e-15,-5.329070518198087e-15,open_vs_corrected,,,,,,
0.8,0.3,256,33.9,10.166801748258848,0.009318227541217,1.026334199786527,0.0006887979841496,1.331711901633063e-05,0.00129345596542,1.336347774253702e-05,-5.1070259132731665e-15,-5.329070518198087e-15,open_vs_corrected,,,,,,
0.8,0.3,256,34.0,10.196792313887933,0.0096018885444773,1.027145740145757,0.0007109853224355,1.3774164287253127e-05,0.0013368153315978,1.3529103632184123e-05,-5.329070518198087e-15,-5.7731597280479276e-15,open_vs_corrected,,,,,,
0.8,0.3,256,34.1,10.226782879517014,0.0098941826646372,1.0279825994253935,0.0007338964613041,1.4256657078453168e-05,0.0013816155353041,1.368099587466878e-05,-5.7731597280479276e-15,-5.995204332972848e-15,open_vs_corrected,,,,,,
0.8,0.3,256,34.2,10.256773445146097,0.0101953724632857,1.0288455868302913,0.0007575552192765,1.4766636361177146e-05,0.001427904090585,1.3817609860901183e-05,-6.217248937897768e-15,-6.439293542822688e-15,open_vs_corrected,,,,,,
0.8,0.3,256,34.300000000000004,10.286764010775178,0.0105057284700325,1.0297355386271312,0.0007819862039484,1.5306319451451534e-05,0.0014757300691293,1.3937297731332908e-05,-6.661338147747609e-15,-6.661338147747609e-15,open_vs_corrected,,,,,,
0.8,0.3,256,34.4,10.31675457640426,0.01082552942268,1.030653319123396,0.0008072148383994,1.5878114340693997e-05,0.001525144151319,1.4038304584727464e-05,-6.883382752672529e-15,-6.883382752672529e-15,open_vs_corrected,,,,,,
0.8,0.3,256,34.5,10.346745142033342,0.0111550625144804,1.031599821686249,0.0008332673885108,1.6484632347389654e-05,0.0015761986789864,1.4118765275332012e-05,-7.327471962522371e-15,-7.105427357597449e-15,open_vs_corrected,,,,,,
0.8,0.3,256,34.6,10.376735707662425,0.0114946236486706,1.0325759698031702,0.0008601709912269,1.712870106022751e-05,0.0016289477099387,1.417670209266367e-05,-7.549516567447289e-15,-7.549516567447289e-15,open_vs_corrected,,,,,,
0.8,0.3,256,34.7,10.406726273291508,0.0118445177004856,1.0335827181863717,0.0008879536837952,1.7813377549681633e-05,0.0016834470743155,1.421002373032268e-05,-8.21565038222205e-15,-7.771561172372211e-15,open_vs_corrected,,,,,,
0.8,0.3,256,34.800000000000004,10.436716838920589,0.0122050587868495,1.034621053923068,0.0009166444340221,1.854196183629816e-05,0.0017397544328459,1.4216526107033266e-05,-8.437694987146971e-15,-8.21565038222205e-15,open_vs_corrected,,,,,,
0.8,0.3,256,34.9,10.46670740454967,0.0125765705439523,1.0356919976738397,0.0009462731715844,1.931801061616244e-05,0.001797929337076,1.4193895822295338e-05,-9.103828801921732e-15,-8.65973959207189e-15,open_vs_corrected,,,,,,
0.8,0.3,256,35.0,10.496697970178753,0.0129593864129199,1.0367966049214052,0.000976870820435,2.014535126145509e-05,0.0018580332916403,1.4139717355020491e-05,-9.769962616696491e-15,-8.881784196996811e-15,open_vs_corrected,,,,,,
0.8,0.3,256,35.1,10.526688535807835,0.0133538499337916,1.0379359672723114,0.001008469332348,2.102809613171112e-05,0.0019201298186568,1.4051485572967245e-05,-1.0214051826546332e-14,-9.325873406846651e-15,open_vs_corrected,,,,,,
0.8,0.3,256,35.2,10.556679101436918,0.0137603150480201,1.039111213814124,0.0010411017216468,2.1970657252698943e-05,0.0019842845243222,1.39266258139594e-05,-1.1102230246246012e-14,-9.769962616696491e-15,open_vs_corrected,,,,,,
0.8,0.3,256,35.300000000000004,10.586669667066,0.0141791464097133,1.0403235125309007,0.0010748021011618,2.297776144061564e-05,0.0020505651677976,1.3762524830182607e-05,-1.1546319456095855e-14,-1.0436096431471252e-14,open_vs_corrected,,,,,,
0.8,0.3,256,35.4,10.61666023269508,0.0146107197058407,1.0415740717798805,0.0011096057194688,2.405446597123423e-05,0.0021190417324715,1.3556577455233763e-05,-1.2212453270870616e-14,-1.0880185641321094e-14,open_vs_corrected,,,,,,
0.8,0.3,256,35.5,10.646650798324163,0.015055421985628,1.0428641418324642,0.0011455489994584,2.520617491375434e-05,0.0021897864996939,1.3306256277872495e-05,-1.2878587085645376e-14,-1.1324274851170934e-14,open_vs_corrected,,,,,,
0.8,0.3,256,35.6,10.676641363953246,0.0155136519993678,1.0441950164827845,0.001182669578292,2.6438656267678408e-05,0.0022628741250822,1.3009215411659092e-05,-1.3766765505345058e-14,-1.1990408665945695e-14,open_vs_corrected,,,,,,
0.8,0.3,256,35.7,10.70663192958233,0.0159858205468739,1.04556803472733,0.0012210063488023,2.775806005693337e-05,0.0023383817175034,1.26634455178054e-05,-1.4654943925044743e-14,-1.2434497875795535e-14,open_vs_corrected,,,,,,
0.8,0.3,256,35.800000000000004,10.73662249521141,0.0164723508358114,1.0469845825193005,0.0012605995023986,2.9170937547866128e-05,0.0024163889208401,1.2267507057972197e-05,-1.5543122344744423e-14,-1.3322676295495216e-14,open_vs_corrected,,,,,,
0.8,0.3,256,35.9,10.766613060840491,0.0169736788501316,1.0484460946016003,0.0013014905735419,3.068426176646337e-05,0.0024969779986605,1.1820884834173088e-05,-1.64313007644441e-14,-1.3766765505345058e-14,open_vs_corrected,,,,,,
0.8,0.3,256,36.0,10.796603626469574,0.0174902537288459,1.0499540564226015,0.0013437224858567,3.230544949527142e-05,0.002580233921912,1.1324533366526637e-05,-1.731947918414378e-14,-1.4654943925044743e-14,open_vs_corrected,,,,,,
0.8,0.3,256,36.1,10.826594192098655,0.0180225381553681,1.0515100061390652,0.0013873395999524,3.4042384931993205e-05,0.00266624445977,1.0781726036427052e-05,-1.8207657603843464e-14,-1.5543122344744423e-14,open_vs_corrected,,,,,,
0.8,0.3,256,36.2,10.85658475772774,0.018571008757658,1.053115536710886,0.0014323877630291,3.590344519009101e-05,0.0027551002737801,1.0199389720059262e-05,-1.9539925233392983e-14,-1.64313007644441e-14,open_vs_corrected,,,,,,
0.8,0.3,256,36.3,10.88657532335682,0.0191361565193944,1.0547722980925978,0.0014789143603502,3.789752781793748e-05,0.0028468950154374,9.590205894711357e-06,-2.0428103653092663e-14,-1.731947918414378e-14,open_vs_corrected,,,,,,
0.8,0.3,256,36.4,10.916565888985902,0.0197184872024039,1.0564819995269,0.0015269683686653,4.003408050728913e-05,0.002941725427361,8.975864488852956e-06,-2.1760371282642188e-14,-1.7985612998918543e-14,open_vs_corrected,,,,,,
0.8,0.3,256,36.5,10.946556454614983,0.0203185217805707,1.0582464119457902,0.0015766004116757,4.2323133155830486e-05,0.0030396914482252,8.391824470757914e-06,-2.3092638912191717e-14,-1.9095836023543144e-14,open_vs_corrected,,,,,,
0.8,0.3,256,36.6,10.976547020244068,0.0209367968854446,1.060067370485244,0.0016278628176383,4.477533244201695e-05,0.0031408963216247,7.893272449027049e-06,-2.4424906541741232e-14,-2.0206059048167742e-14,open_vs_corrected,,,,,,
0.8,0.3,256,36.7,11.00653758587315,0.0215738652637607,1.0619467771197515,0.0016808096792114,4.740197906549539e-05,0.0032454467090592,7.559580338619223e-06,-2.5979218776215672e-14,-2.1316282072792343e-14,open_vs_corrected,,,,,,
0.8,0.3,256,36.8,11.036528151502232,0.0222302962470778,1.0638866034234442,0.0017354969156511,5.021506780223287e-05,0.0033534528072372,7.489892295337455e-06,-2.7533531010690115e-14,-2.2204460492492027e-14,open_vs_corrected,,,,,,
0.8,0.3,256,36.9,11.066518717131313,0.0229066762337314,1.0658888934649684,0.0017919823374761,5.3227330521931775e-05,0.0034650284699086,7.781131915573363e-06,-2.9087843245164555e-14,-2.3536728122041552e-14,open_vs_corrected,,,,,,
0.8,0.3,256,37.0,11.096509282760396,0.0236036091832907,1.0679557668437314,0.0018503257137247,5.6452282315649e-05,0.0035802913344565,8.494903508597124e-06,-3.1086244689488846e-14,-2.486899575159107e-14,open_vs_corrected,,,,,,
0.8,0.3,256,37.1,11.12649984838948,0.0243217171236916,1.0700894218756576,0.0019105888419386,5.99042708847856e-05,0.0036993629534872,9.641431158614945e-06,-3.3084646133813124e-14,-2.62012633811406e-14,open_vs_corrected,,,,,,
0.8,0.3,256,37.2,11.15649041401856,0.0250616406712095,1.0722921389371056,0.0019728356210155,6.359852934819409e-05,0.0038223689316804,1.1194751711851331e-05,-3.50830475781374e-14,-2.797762022053996e-14,open_vs_corrected,,,,,,
0.8,0.3,256,37.3,11.186480979647644,0.0258240395634144,1.0745662839762198,0.0020371321270837,6.755123263244536e-05,0.0039494390681748,1.3118933586958316e-05,-3.708144902246169e-14,-2.9309887850089485e-14,open_vs_corrected,,,,,,
0.8,0.3,256,37.4,11.216471545276724,0.0266095932052337,1.076914312201572,0.0021035466925634,7.177955762076149e-05,0.0040807075047932,1.5384466384219046e-05,-3.9301895071710896e-14,-3.1086244689488846e-14,open_vs_corrected,,,,,,
0.8,0.3,256,37.5,11.246462110905806,0.027419001228226,1.0793387719586394,0.0021721499885901,7.6301747249263e-05,0.0042163128804196,1.7973068620378662e-05,-4.1744385725885016e-14,-3.28626015288882e-14,open_vs_corrected,,,,,,
0.8,0.3,256,37.6,11.27645267653489,0.0282529840631442,1.0818423088053903,0.0022430151109906,8.113717875371235e-05,0.0043563984918822,2.087687104329948e-05,-4.4186876380059136e-14,-3.463895836828756e-14,open_vs_corrected,,,,,,
0.8,0.3,256,37.7,11.306443242163972,0.0291122835258374,1.084427669799015,0.0023162176700149,8.630643628701496e-05,0.0045011124617064,2.409618726169444e-05,-4.7073456244083104e-14,-3.6637359812611845e-14,open_vs_corrected,,,,,,
0.8,0.3,256,37.8,11.336433807793052,0.0299976634165077,1.08709770800669,0.0023918358840443,9.183138814580172e-05,0.0046506079131403,2.763748220760559e-05,-4.973799150318214e-14,-3.8635761256936136e-14,open_vs_corrected,,,,,,
0.8,0.3,256,37.9,11.366424373422134,0.0309099101323034,1.089855387254161,0.0024699506775119,9.773526886448069e-05,0.0048050431528872,3.151188462775742e-05,-5.284661597213104e-14,-4.085620730618533e-14,open_vs_corrected,,,,,,
0.8,0.3,256,38.0,11.396414939051215,0.0318498332931876,1.0927037871269067,0.002550645783293,0.0001040427664562,0.0049645818620053,3.573418647416424e-05,-5.5955240441079913e-14,-4.329869796035945e-14,open_vs_corrected,,,,,,
0.8,0.3,256,38.1,11.4264055046803,0.0328182663809729,1.0956461082397086,0.0026340078498397,0.0001107801151031,0.0051293932954828,4.032219819617064e-05,-5.950795411987864e-14,-4.574118861453359e-14,open_vs_corrected,,,,,,
0.8,0.3,256,38.2,11.45639607030938,0.0338160673913642,1.0986856777915752,0.0027201265533617,0.000117975193621,0.0052996524910305,4.529634739478527e-05,-6.306066779867736e-14,-4.840572387363262e-14,open_vs_corrected,,,,,,
0.8,0.3,256,38.3,11.486386635938464,0.0348441194987885,1.10182595542422,0.0028090947153744,0.0001256576300501,0.0054755404876828,5.067944087410423e-05,-6.705747068732593e-14,-5.15143483425815e-14,open_vs_corrected,,,,,,
0.8,0.3,256,38.4,11.516377201567543,0.035903331733729,1.1050705394036058,0.0029010084259684,0.0001338589127489,0.0056572445548458,5.6496536904974746e-05,-7.10542735759745e-14,-5.417888360168055e-14,open_vs_corrected,,,,,,
0.8,0.3,256,38.5,11.546367767196628,0.0369946396722033,1.1084231731455343,0.0029959671731797,0.000142612508396,0.0058449584324856,6.277489319798453e-05,-7.549516567447289e-14,-5.773159728047927e-14,open_vs_corrected,,,,,,
0.8,0.3,256,38.6,11.576358332825713,0.0381190061369464,1.111887752107794,0.0030940739788762,0.0001519539873337,0.0060388825832104,6.954396832577482e-05,-8.038014698282117e-14,-6.106226635435309e-14,open_vs_corrected,,,,,,
0.8,0.3,256,38.7,11.606348898454792,0.0392774219097653,1.115468331073105,0.0031954355416092,0.0001619211567198,0.0062392244570624,7.68354622433023e-05,-8.52651282911694e-14,-6.46149800331518e-14,open_vs_corrected,,,,,,
0.8,0.3,256,38.8,11.636339464083877,0.0404709064544312,1.1191691318489136,0.0033001623869216,0.0001725542019833,0.0064461987699107,8.468338662222978e-05,-9.059419880936749e-14,-6.838973831687545e-14,open_vs_corrected,,,,,,
0.8,0.3,256,38.9,11.666330029712956,0.0417005086493608,1.1229945514120991,0.0034083690256456,0.0001838958371177,0.0066600277964112,9.312415900423203e-05,-9.614531393249049e-14,-7.238654120552403e-14,open_vs_corrected,,,,,,
0.8,0.3,256,39.0,11.69632059534204,0.0429673075292113,1.1269491705288237,0.0035201741207721,0.0001959914643802,0.0068809416785882,0.0001021967169306,-1.0214051826546333e-13,-7.682743330402241e-14,open_vs_corrected,,,,,,
0.8,0.3,256,39.1,11.726311160971122,0.0442724130343745,1.1310377628821064,0.0036357006635279,0.0002088893440038,0.0071091787511891,0.0001119426496409,-1.0880185641321097e-13,-8.149037000744577e-14,open_vs_corrected,,,,,,
0.8,0.3,256,39.2,11.756301726600205,0.0456169667671967,1.1352653047422847,0.0037550761593526,0.000222640774573,0.0073449858850591,0.0001224063459105,-1.1546319456095857e-13,-8.6375351315794e-14,open_vs_corrected,,,,,,
0.8,0.3,256,39.3,11.786292292229286,0.0470021427535796,1.1396369852182917,0.0038784328245366,0.0002373002847554,0.0075886188499111,0.0001336351572774,-1.22568621918556e-13,-9.148237722906717e-14,open_vs_corrected,,,,,,
0.8,0.3,256,39.4,11.816282857858369,0.0484291482084234,1.144158217130762,0.0040059077943476,0.0002529258371315,0.0078403426979817,0.000145679576396,-1.301181384860033e-13,-9.703349235219016e-14,open_vs_corrected,,,,,,
0.8,0.3,256,39.5,11.84627342348745,0.0498992243031601,1.1488346485512733,0.0041376433435568,0.000269579044913,0.0081004321702058,0.0001585934306145,-1.3833378886822536e-13,-1.0280665208023809e-13,open_vs_corrected,,,,,,
0.8,0.3,256,39.6,11.876263989116532,0.0514136469333871,1.1536721750556578,0.0042737871203603,0.000287325402398,0.0083691721267001,0.0001724340911595,-1.4721557306522217e-13,-1.0902390101813588e-13,open_vs_corrected,,,,,,
0.8,0.3,256,39.7,11.906254554745614,0.0529737274843488,1.1586769527432934,0.0044144923947893,0.0003062345300659,0.0086468580035104,0.0001872626985255,-1.5631940186714389e-13,-1.1568523916588345e-13,open_vs_corrected,,,,,,
0.8,0.3,256,39.8,11.936245120374696,0.0545808135917237,1.1638554120786018,0.0045599183228106,0.0003263804352811,0.0089337962977632,0.0002031444048686,-1.6608936448384037e-13,-1.22568621918556e-13,open_vs_corrected,,,,,,
0.8,0.3,256,39.9,11.966235686003778,0.0562362898948469,1.1692142726157346,0.0047102302274352,0.00034784178964,0.0092303050835765,0.0002201486343663,-1.7652546091531161e-13,-1.301181384860033e-13,open_vs_corrected,,,,,,
0.8,0.3,256,40.0,11.99622625163286,0.0579415787791462,1.174760558672599,0.0048655998982883,0.0003707022240701,0.0095367145613012,0.0002383493626689,-1.8762769116155765e-13,-1.381117442633004e-13,open_vs_corrected,,,,,,
0.8,0.3,256,40.1,12.026216817261943,0.0596981411041673,1.1805016160261013,0.0050262059112376,0.0003950506428686,0.0098533676429234,0.0002578254167198,-1.993960552225784e-13,-1.4654943925044738e-13,open_vs_corrected,,,,,,
0.8,0.3,256,40.2,12.056207382891024,0.0615074769131269,1.1864451297066885,0.0051922339698401,0.0004209815579515,0.0101806205767341,0.0002786607963767,-2.1205259770329885e-13,-1.5543122344744424e-13,open_vs_corrected,,,,,,
0.8,0.3,256,40.3,12.086197948520107,0.0633711261194452,1.1925991429771807,0.0053638772705499,0.0004485954446771,0.0105188436146799,0.0003009450194259,-2.25597318603719e-13,-1.652011860641407e-13,open_vs_corrected,,,,,,
0.8,0.3,256,40.4,12.116188514149188,0.0652906691651655,1.1989720775883823,0.005541336893829,0.0004779991207074,0.0108684217261498,0.0003247734917494,-2.398081733189139e-13,-1.751931932857621e-13,open_vs_corrected,,,,,,
0.8,0.3,256,40.5,12.146179079778271,0.0672677276455755,1.2055727554123044,0.0057248222235293,0.0005093061494782,0.0112297553623307,0.0003502479045832,-2.551292510587334e-13,-1.8585133432215828e-13,open_vs_corrected,,,,,,
0.8,0.3,256,40.6,12.176169645407354,0.0693039648936745,1.2124104215629423,0.0059145513971622,0.0005426372699643,0.0116032612756797,0.0003774766609998,-2.713385072182526e-13,-1.9739765377825413e-13,open_vs_corrected,,,,,,
0.8,0.3,256,40.7,12.206160211036435,0.0714010865173981,1.2194947691246791,0.006110751789953,0.0005781208545543,0.0119893733995324,0.0004065753339539,-2.886579864023964e-13,-2.0961010704912482e-13,open_vs_corrected,,,,,,
0.8,0.3,256,40.8,12.236150776665518,0.0735608408816957,1.2268359656194767,0.0063136605358878,0.0006158933969864,0.0123885437933727,0.0004376671584631,-3.0730973321608965e-13,-2.224886941347701e-13,open_vs_corrected,,,,,,
0.8,0.3,256,40.9,12.2661413422946,0.0757850195266448,1.2344446813563643,0.00652352508931,0.0006561000324471,0.0128012436598712,0.0004708835607478,-3.270717030544076e-13,-2.362554596401152e-13,open_vs_corrected,,,,,,
0.8,0.3,256,41.0,12.296131907923682,0.0780754575117862,1.24233211982033,0.0067406038310128,0.0006988950920961,0.0132279644404258,0.0005063647274275,-3.48165940522275e-13,-2.509104035651599e-13,open_vs_corrected,,,,,,
0.8,0.3,256,41.1,12.326122473552765,0.0804340336757413,1.2505100502727948,0.0069651667232111,0.0007444426944609,0.0136692189966587,0.0005442602181834,-3.708144902246169e-13,-2.6645352590990444e-13,open_vs_corrected,,,,,,
0.8,0.3,256,41.2,12.356113039181846,0.0828626707989357,1.2589908427526084,0.0071974960182651,0.000792917376338,0.0141255428861009,0.0005847296256311,-3.9479530755650826e-13,-2.8310687127927335e-13,open_vs_corrected,,,,,,
0.8,0.3,256,41.3,12.386103604810929,0.0853633356558696,1.267787505685028,0.0074378870265788,0.0008445047660491,0.0145974957411832,0.0006279432865277,-4.207745263327239e-13,-3.0064839506834204e-13,open_vs_corrected,,,,,,
0.8,0.3,256,41.4,12.41609417044001,0.0879380389418457,1.276913726326807,0.0076866489497126,0.000899402302136,0.0150856627616293,0.0006740830488515,-4.480860127384891e-13,-3.197442310918852e-13,open_vs_corrected,,,,,,
0.8,0.3,256,41.5,12.446084736069093,0.0905888350573539,1.2863839142984863,0.0079441057854433,0.0009578200008323,0.0155906563314453,0.0007233430997628,-4.773959005885786e-13,-3.39728245535128e-13,open_vs_corrected,,,,,,
0.8,0.3,256,41.6,12.476075301698176,0.093317821731414,1.296213248480559,0.0082105973122874,0.0010199812759297,0.0161131177729223,0.0007759308599649,-5.089262344879173e-13,-3.610445276079204e-13,open_vs_corrected,,,,,,
0.8,0.3,256,41.7,12.506065867327257,0.0961271394630601,1.3064177275787472,0.0084864801618818,0.001086123814967,0.0166537192514431,0.0008320679505649,-5.426770144365052e-13,-3.8369307731026245e-13,open_vs_corrected,,,,,,
0.8,0.3,256,41.8,12.53605643295634,0.0990189707577879,1.317014224695519,0.008772128988612,0.0011565005160109,0.0172131658464141,0.0008919912391783,-5.784261958294176e-13,-4.081179838520036e-13,open_vs_corrected,,,,,,
0.8,0.3,256,41.9,12.56604699858542,0.1019955391331555,1.3280205462806578,0.0090679377469985,0.0012313804896714,0.0177921978053717,0.000955953972734,-6.170619570863534e-13,-4.340972026282192e-13,open_vs_corrected,,,,,,
0.8,0.3,256,42.0,12.596037564214503,0.1050591078647832,1.3394554958736893,0.0093743210886192,0.0013110501314122,0.0183915930002454,0.0010242270052424,-6.581402089974637e-13,-4.614086890339843e-13,open_vs_corrected,,,,,,
0.8,0.3,256,42.1,12.626028129843586,0.1082119784407162,1.3513389430957834,0.009691715891784,0.0013958142696772,0.0190121696069252,0.0010971001296868,-7.022160630750603e-13,-4.90940621488999e-13,open_vs_corrected,,,,,,
0.8,0.3,256,42.2,12.656018695472667,0.1114564886884353,1.3636918983991668,0.0100205829388033,0.0014859973958631,0.0196547890317439,0.0011748835241992,-7.492895193191434e-13,-5.222489107834125e-13,open_vs_corrected,,,,,,
0.8,0.3,256,42.3,12.68600926110175,0.1147950105346875,1.3765365941387322,0.0103614087575381,0.0015819449827389,0.0203203591112228,0.0012579093238094,-7.998046669395628e-13,-5.55666623824613e-13,open_vs_corrected,,,,,,
0.8,0.3,256,42.4,12.715999826730831,0.1182299473536966,1.3898965725944106,0.0107147076460167,0.001684024898545,0.0210098376145579,0.0013465333303167,-8.542055951461683e-13,-5.913047829150627e-13,open_vs_corrected,,,,,,
0.8,0.3,256,42.5,12.745990392359914,0.1217637308541426,1.403796781644972,0.0110810239012868,0.0017926289247118,0.0217242360818302,0.0014411368742463,-9.123812816364974e-13,-6.292744103572241e-13,open_vs_corrected,,,,,,
0.8,0.3,256,42.6,12.775980957988995,0.1253988174494897,1.4182636788753678,0.011460934276389,0.0019081743859261,0.0224646240349046,0.0015421288444443,-9.746647933179376e-13,-6.701306176634096e-13,open_vs_corrected,,,,,,
0.8,0.3,256,42.7,12.805971523618078,0.1291376840497149,1.4333253449920031,0.0118550506924292,0.002031105902164,0.0232321336024975,0.0016499479026484,-1.041611241702801e-12,-7.13429315623769e-13,open_vs_corrected,,,,,,
0.8,0.3,256,42.8,12.83596208924716,0.1329828232051407,1.449011607524931,0.0122640232362643,0.002161897273298,0.0240279646060046,0.0017650649023755,-1.1135536936984752e-12,-7.596145934481522e-13,open_vs_corrected,,,,,,
0.8,0.3,256,42.9,12.865952654876242,0.136936737524793,1.465354175914849,0.0126885434783487,0.0023010535080101,0.0248533901585087,0.0018879855337344,-1.1906031716074225e-12,-8.091305403464096e-13,open_vs_corrected,,,,,,
0.8,0.3,256,43.0,12.895943220505323,0.1410019332823685,1.4823867892180236,0.0131293481499123,0.0024491130100041,0.0257097628360137,0.0020192532183045,-1.2735368315468805e-12,-8.617551117136155e-13,open_vs_corrected,,,,,,
0.8,0.3,256,43.1,12.925933786134406,0.1451809131123377,1.500145377816516,0.0135872232239301,0.002606649935937,0.0265985214875107,0.0021594522810944,-1.3625767181217732e-12,-9.181544413645454e-13,open_vs_corrected,,,,,,
0.8,0.3,256,43.2,12.955924351763487,0.1494761676867729,1.518668240697287,0.0140630084504145,0.0027742767411101,0.0275211987591285,0.0023092114298286,-1.4583889651468764e-12,-9.785505739041237e-13,open_vs_corrected,,,,,,
0.8,0.3,256,43.3,12.985914917392572,0.1538901662499673,1.5379962400653495,0.014557602403537,0.0029526469307948,0.028479429417511,0.0024692075754545,-1.5611956172271144e-12,-1.0428324870298881e-12,open_vs_corrected,,,,,,
0.8,0.3,256,43.4,13.015905483021651,0.1584253458725693,1.558173015287445,0.0150719681061031,0.0031424580371617,0.0294749595689157,0.0026401700318861,-1.6715517858747998e-12,-1.1114442699516885e-12,open_vs_corrected,,,,,,
0.8,0.3,256,43.5,13.045896048650736,0.1630840992695216,1.5792452184283488,0.0156071393061389,0.0033444548441699,0.0305096568835657,0.002822885137664,-1.7903456495096322e-12,-1.1850520564842996e-12,open_vs_corrected,,,,,,
0.8,0.3,256,43.6,13.075886614279815,0.1678687610062649,1.6012627739479717,0.0161642274910044,0.0035594328855025,0.0315855219498117,0.0030182013474775,-1.917910275038999e-12,-1.2635448243252588e-12,open_vs_corrected,,,,,,
0.8,0.3,256,43.7,13.1058771799089,0.1727815918950523,1.6242791654804147,0.016744429736739,0.0037882422437707,0.0327047008999858,0.003227034847475,-2.0549117962776747e-12,-1.3472556403819538e-12,open_vs_corrected,,,,,,
0.8,0.3,256,43.8,13.135867745537984,0.1778247613574178,1.6483517530245697,0.0173490375045758,0.0040317916828107,0.0338694994698747,0.0034503757550448,-2.202127369342897e-12,-1.436850638469159e-12,open_vs_corrected,,,,,,
0.8,0.3,256,43.9,13.165858311167064,0.1830003274993241,1.673542124349194,0.0179794465130273,0.0042910531490527,0.0350823986769658,0.0036892949714368,-2.3601121057469776e-12,-1.5323298185868749e-12,open_vs_corrected,,,,,,
0.8,0.3,256,44.0,13.195848876796148,0.1883102146117048,1.6999164849654185,0.0186371678330495,0.004567066682748,0.0363460723295997,0.0039449517643058,-2.529310094699767e-12,-1.6341372699449508e-12,open_vs_corrected,,,,,,
0.8,0.3,256,44.1,13.225839442425228,0.1937561877703166,1.727546091660292,0.0193238403759829,0.00486094578541,0.0376634066105753,0.0042186021671671,-2.7107205369234267e-12,-1.7427170817532368e-12,open_vs_corrected,,,,,,
0.8,0.3,256,44.2,13.25583000805431,0.1993398241641988,1.7565077353330547,0.0200412449697801,0.0051738832963024,0.0390375220154217,0.0045116082940305,-2.904787521627807e-12,-1.8585133432215827e-12,open_vs_corrected,,,,,,
0.8,0.3,256,44.3,13.285820573683392,0.205062480730647,1.7868842797515954,0.020791320249119,0.0055071578383631,0.0404717979684446,0.0048254486803133,-3.111844115720295e-12,-1.9817480989549133e-12,open_vs_corrected,,,,,,
0.8,0.3,256,44.4,13.315811139312476,0.2109252576152857,1.8187652638745684,0.0215761806201109,0.0058621409027891,0.0419699004899785,0.0051617297757761,-3.332556453015666e-12,-2.112421348953229e-12,open_vs_corrected,,,,,,
0.8,0.3,256,44.5,13.345801704941556,0.2169289569072144,1.8522475765947253,0.0223981366013863,0.0062403046518706,0.0435358133474653,0.00552219873193,-3.5671465781188444e-12,-2.251199227031305e-12,open_vs_corrected,,,,,,
0.8,0.3,256,44.6,13.375792270570638,0.2230740360196907,1.8874362141874168,0.0232597178914524,0.0066432305318649,0.045173873192782,0.0059087576454651,-3.815281424122442e-12,-2.398081733189139e-12,open_vs_corrected,,,,,,
0.8,0.3,256,44.7,13.40578283619972,0.2293605549944593,1.924445132439356,0.024163699568709,0.0070726188020975,0.046888809270799,0.0063234794410965,-4.076738946421536e-12,-2.5531798897291958e-12,open_vs_corrected,,,,,,
0.8,0.3,256,44.8,13.435773401828804,0.2357881169003423,1.96339820744104,0.0251131318969663,0.0075302991035374,0.0486857883820892,0.0067686256022556,-4.350519944293963e-12,-2.7163826743490122e-12,open_vs_corrected,,,,,,
0.8,0.3,256,44.9,13.465763967457884,0.2423558003713088,2.0044303214186963,0.0261113742876765,0.0080182422103584,0.0505704658992117,0.0072466659867796,-4.635070105505249e-12,-2.8872459978387378e-12,open_vs_corrected,,,,,,
0.8,0.3,256,45.0,13.495754533086968,0.249062083182611,2.047688592841008,0.0271621340627262,0.0085385731321621,0.0525490437750529,0.007760300997733,-4.9277248947962935e-12,-3.0651037263836e-12,open_vs_corrected,,,,,,
0.8,0.3,256,45.1,13.52574509871605,0.2559047555917312,2.0933337734650497,0.02826951077141,0.0090935857634521,0.0546283366481958,0.0083124864174573,-5.224487509278449e-12,-3.249511770773746e-12,open_vs_corrected,,,,,,
0.8,0.3,256,45.2,13.555735664345132,0.262880821968988,2.1415418391125525,0.0294380469456739,0.00968575931166,0.056815847350272,0.0089064612566579,-5.519806833828593e-12,-3.4381386626574654e-12,open_vs_corrected,,,,,,
0.8,0.3,256,45.3,13.585726229974217,0.2699863890048742,2.192505805951868,0.0306727863332103,0.0103177767768532,0.0591198533613125,0.009545779020797,-5.805245173459578e-12,-3.629430089800285e-12,open_vs_corrected,,,,,,
0.8,0.3,256,45.4,13.615716795603296,0.2772165385004541,2.246437810103695,0.0319793408339334,0.010992545806853,0.0615495060506952,0.01023434285435,-6.070033364832545e-12,-3.820055383128328e-12,open_vs_corrected,,,,,,
0.8,0.3,256,45.5,13.64570736123238,0.2845651824148142,2.303571495743065,0.033363967588459,0.0117132223129117,0.0641149448952626,0.0109764450909585,-6.298295218695364e-12,-4.0056846728455615e-12,open_vs_corrected,,,,,,
0.8,0.3,256,45.6,13.67569792686146,0.2920248974491428,2.3641647658572054,0.0348336579358905,0.0124832373059727,0.0668274292975193,0.0117768118157283,-6.469380586790015e-12,-4.180433776921474e-12,open_vs_corrected,,,,,,
0.8,0.3,256,45.7,13.705688492490545,0.299586735977631,2.428502960847346,0.0363962402830316,0.0133063275051476,0.0696994911544458,0.0126406531367328,-6.554312648173797e-12,-4.336531134183693e-12,open_vs_corrected,,,,,,
0.8,0.3,256,45.8,13.735679058119626,0.3072400095753297,2.4969025437547208,0.0380604993214907,0.0141865703826155,0.0727451119754259,0.013573719968402,-6.5141225746823865e-12,-4.46320758129336e-12,open_vs_corrected,,,,,,
0.8,0.3,256,45.9,13.765669623748709,0.3149720407229712,2.5697153877186087,0.0398363145100069,0.0151284244480343,0.0759799291467931,0.0145823682525027,-6.296074772646115e-12,-4.546141241232818e-12,open_vs_corrected,,,,,,
0.8,0.3,256,46.0,13.79566018937779,0.3227678774647779,2.6473337822047047,0.0417348213284376,0.016136775747654,0.0794214769298423,0.0156736316859669,-5.829337013093932e-12,-4.566569344885909e-12,open_vs_corrected,,,,,,
0.8,0.3,256,46.1,13.82565075500687,0.3306099648280206,2.7301963007020373,0.0437685995350931,0.0172169917675033,0.0830894690094241,0.0168553041925793,-5.017208870581036e-12,-4.498956762686272e-12,open_vs_corrected,,,,,,
0.8,0.3,256,46.2,13.855641320635954,0.3384777656462472,2.818794705446624,0.0459518935565255,0.0183749841977841,0.0870061309467382,0.0181360335719066,-3.729683228923886e-12,-4.30977475929024e-12,open_vs_corrected,,,,,,
0.8,0.3,256,46.3,13.885631886265037,0.3463473220167465,2.9136821062203366,0.0483008712552204,0.0196172823518891,0.0911965928173559,0.0195254279890425,-1.7896795156948577e-12,-3.954392369107905e-12,open_vs_corrected,,,,,,
0.8,0.3,256,46.4,13.915622451894118,0.3541907469113338,3.015482642941888,0.0508339287168875,0.0209511194577876,0.0956893547440021,0.0210341772390068,1.0431655539372757e-12,-3.373079593414464e-12,open_vs_corrected,,,,,,
0.8,0.3,256,46.5,13.9456130175232,0.361975633379152,3.1249030289944795,0.0535720504551487,0.0223845345775269,0.1005168411070797,0.0226741910373282,5.0981441290761694e-12,-2.4862334413443324e-12,open_vs_corrected,,,,,,
0.8,0.3,256,46.6,13.975603583152282,0.3696643662458806,3.2427463785345005,0.0565392366526306,0.0239264935960875,0.105716063122556,0.0244587569622002,1.0825562668509564e-11,-1.188049658650786e-12,open_vs_corrected,,,,,,
0.8,0.3,256,46.7,14.005594148781364,0.3772133181209595,3.369928852454045,0.0597630118830793,0.0255870335985993,0.1113294144636517,0.0264027211138231,1.8846701976817385e-11,6.643574579353617e-13,open_vs_corrected,,,,,,
0.8,0.3,256,46.8,14.035584714410447,0.3845719077451837,3.5074998023991344,0.0632750333741697,0.0273774360846319,0.1174056309938389,0.0285226950748753,3.0023317165713246e-11,3.262723424766779e-12,open_vs_corrected,,,,,,
0.8,0.3,256,46.9,14.065575280039528,0.3916814940904229,3.656666281358576,0.0671118215220364,0.0293104359296454,0.1240009538990654,0.0308372933655255,4.5556003414026194e-11,6.866507362698234e-12,open_vs_corrected,,,,,,
0.8,0.3,256,47.0,14.095565845668611,0.3984740739768238,3.81882303793795,0.0713156413866596,0.0314004749038129,0.1311805461122931,0.0333674063004768,6.713340994221025e-11,1.1828094059745578e-11,open_vs_corrected,,,,,,
0.8,0.3,256,47.1,14.125556411297692,0.4048707440872192,3.995589440178794,0.0759355717256222,0.0336640110414991,0.13902022563399,0.036136513985846,9.714495874386248e-11,1.8629542353200808e-11,open_vs_corrected,,,,,,
0.8,0.3,256,47.2,14.155546976926775,0.4107798798984553,4.188855212017055,0.0810288083586653,0.0361198984154133,0.1476085970901582,0.0391710481446128,1.3900325335207397e-10,2.7932989254950045e-11,open_vs_corrected,,,,,,
0.8,0.3,256,47.3,14.185537542555858,0.4160949739797208,4.400837450119648,0.086662262098218,0.0387898561709224,0.1570496857861135,0.0425008095160939,1.976281360781662e-10,4.0655923072543045e-11,open_vs_corrected,,,,,,
0.8,0.3,256,47.4,14.21552810818494,0.4206920641436609,4.634152174256218,0.0929145292052291,0.0416990513729746,0.1674662079838122,0.0461594496770363,2.8018698472451065e-10,5.807687664113752e-11,open_vs_corrected,,,,,,
0.8,0.3,256,47.5,14.245518673814022,0.4244266680482674,4.891904723272709,0.0998783357623266,0.0448768277859962,0.179003648652497,0.0501850271162975,3.97238908433707e-10,8.199574352825485e-11,open_vs_corrected,,,,,,
0.8,0.3,256,47.6,14.275509239443103,0.427130125377994,5.177804738906653,0.107663588365403,0.0483576227745714,0.1918353648247966,0.054620647871426,5.645370837467584e-10,1.1496603669053163e-10,open_vs_corrected,,,,,,
0.8,0.3,256,47.7,14.305499805072186,0.4286052328171822,5.496313409143659,0.1164012044930312,0.0521821278883666,0.2061689892414824,0.0595152001149392,8.059037881476404e-10,1.6064927166317979e-10,open_vs_corrected,,,,,,
0.8,0.3,256,47.8,14.335490370701269,0.428621043427713,5.852833230619769,0.1262479496644614,0.0563987663634822,0.222254472618111,0.0649241877779191,1.1579051051307835e-09,2.2435098223627542e-10,open_vs_corrected,,,,,,
0.8,0.3,256,47.9,14.36548093633035,0.4269066967659961,6.253953971927883,0.137392578039832,0.0610655837947692,0.2403941640179986,0.0709106562316252,1.6775907329949424e-09,3.138538318124369e-10,open_vs_corrected,,,,,,
0.8,0.3,256,48.0,14.395471501959433,0.4231441615894507,6.707772915939121,0.1500636605850839,0.0662526773915007,0.2609553620335748,0.0775461735553697,2.4555675270919663e-09,4.407216813715492e-10,open_vs_corrected,,,,,,
