N,Z,closure,realization,max_finite,max_ref,delta_max
128,15.0,open,0,1.0125007810470499,1.0112025716109607,0.0012982094360891594
128,15.0,open,1,1.0333450712056378,1.0397458655906429,-0.006400794385005071
128,15.0,open,2,1.0246878584707426,1.0184346506719384,0.006253207798804228
128,15.0,open,3,1.0337957380031644,1.0371964985212958,-0.0034007605181314293
128,15.0,open,4,1.044406207565339,1.044067610131763,0.0003385974335761155
128,15.0,open,5,1.0207467457817434,1.0170858570816645,0.003660888700078857
128,15.0,open,6,1.0326966034397353,1.0275175327059125,0.005179070733822844
128,15.0,open,7,1.0188194617794288,1.0138113254560528,0.0050081363233760445
128,15.0,open,8,1.0203593645484086,1.024688825256988,-0.0043294607085793135
128,15.0,open,9,1.002203985418419,1.0044782635455063,-0.002274278127087248
128,15.0,open,10,1.0338948996754094,1.0241278520426553,0.009767047632754045
128,15.0,open,11,1.0229397248490022,1.0206643992535958,0.002275325595406441
128,15.0,open,12,1.0252186409403616,1.023511467901105,0.0017071730392566042
128,15.0,open,13,1.0062140256908605,1.0082089957563,-0.001994970065439583
128,15.0,open,14,1.02697155338682,1.0203326603056262,0.0066388930811938085
128,15.0,open,15,1.0028701625993979,0.9954607109856722,0.007409451613725637
128,15.0,open,16,1.0166330555478622,1.0139843208605601,0.00264873468730209
128,15.0,open,17,1.0083157859403586,0.9942321914441581,0.014083594496200558
128,15.0,open,18,1.0202141656260075,1.0116460088264434,0.00856815679956413
128,15.0,open,19,1.031102213305304,1.019390844245665,0.011711369059639098
128,15.0,open,20,1.0071158978355603,1.003673134647953,0.0034427631876072784
128,15.0,open,21,1.0072801637687918,1.0082901163704932,-0.001009952601701336
128,15.0,open,22,1.0050955750706558,1.0017081102456575,0.0033874648249982986
128,15.0,open,23,1.0154086681004557,1.0202473770189837,-0.004838708918528001
128,15.0,open,24,1.025762226349428,1.0207186533251371,0.005043573024290815
128,15.0,open,25,1.0004274955420858,1.004272546985012,-0.0038450514429262395
128,15.0,open,26,1.0296796251952332,1.032387295020272,-0.002707669825038783
128,15.0,open,27,1.0203297420095825,1.0221931882227353,-0.0018634462131528196
128,15.0,open,28,1.031573257046513,1.028138489670359,0.003434767376154113
128,15.0,open,29,1.0179154601623883,1.0190800194158889,-0.0011645592535005633
128,15.0,open,30,1.0267750761453693,1.0309495098635577,-0.004174433718188375
128,15.0,open,31,1.019876127812065,1.0170122455944912,0.002863882217573721
128,15.0,open,32,1.0225105573962379,1.0249572148476327,-0.002446657451394829
128,15.0,open,33,1.0179887552733453,1.010722286250731,0.007266469022614297
128,15.0,open,34,1.0293493963258438,1.0235013601980014,0.005848036127842349
128,15.0,open,35,1.0433564241091906,1.0433238158110112,3.260829817941513e-05
128,15.0,open,36,1.0089339800827504,1.0005944624867384,0.008339517596011925
128,15.0,open,37,1.0308399435205746,1.0246477164987393,0.006192227021835306
128,15.0,open,38,1.0133593503533536,1.004063110830091,0.009296239523262528
128,15.0,open,39,1.0317101939564544,1.0218834225575024,0.009826771398951939
128,15.0,open,40,1.0142146500563618,1.0141872152820235,2.7434774338308543e-05
128,15.0,open,41,1.026386849353193,1.0236141931131546,0.002772656240038307
128,15.0,open,42,1.0465825423195494,1.0614362501237775,-0.014853707804228122
128,15.0,open,43,1.0558296184681122,1.051121054236834,0.0047085642312780784
128,15.0,open,44,1.01808235358484,1.0162423312441524,0.001840022340687586
128,15.0,open,45,1.0026590663497863,1.004190810613794,-0.0015317442640077061
128,15.0,open,46,1.0146686219496959,1.0119964093557232,0.002672212593972656
128,15.0,open,47,1.0273042231302225,1.026909639248946,0.0003945838812764446
128,15.0,open,48,1.0215420733844272,1.0211556097372803,0.0003864636471468952
128,15.0,open,49,1.0173419630726819,1.0153210442734648,0.002020918799217064
128,15.0,open,50,1.0206583593977199,1.022016799465869,-0.0013584400681492248
128,15.0,open,51,1.0171988587883025,1.021928729743547,-0.004729870955244575
128,15.0,open,52,1.0095192129340262,1.00578686575275,0.003732347181276241
128,15.0,open,53,1.0160649778030033,1.0130882194880702,0.002976758314933159
128,15.0,open,54,1.0237008770600728,1.025793917628007,-0.0020930405679342456
128,15.0,open,55,1.0109563742274295,1.0061063534276609,0.004850020799768595
128,15.0,open,56,1.021349110753744,1.015183241637211,0.0061658691165329405
128,15.0,open,57,1.0256817098730922,1.0246519572796233,0.0010297525934688245
128,15.0,open,58,1.0448466262220895,1.0381297328208872,0.006716893401202295
128,15.0,open,59,0.9970775838565696,0.9983911306322194,-0.0013135467756497654
128,15.0,open,60,1.0092632863774111,1.00887648828042,0.00038679809699115886
128,15.0,open,61,1.0248615900019729,1.0242244551951165,0.0006371348068563432
128,15.0,open,62,1.0267722674056694,1.0271640342227597,-0.0003917668170902999
128,15.0,open,63,1.0205527370617293,1.0219693829215615,-0.001416645859832144
128,15.0,corrected,0,1.0108929441021701,1.0112025716109607,-0.00030962750879059975
128,15.0,corrected,1,1.0390935766966303,1.0397458655906429,-0.000652288894012587
128,15.0,corrected,2,1.0184483653787,1.0184346506719384,1.37147067615917e-05
128,15.0,corrected,3,1.0375001828205528,1.0371964985212958,0.0003036842992569788
128,15.0,corrected,4,1.0445409115915603,1.044067610131763,0.0004733014597972929
128,15.0,corrected,5,1.0175524493874366,1.0170858570816645,0.00046659230577206223
128,15.0,corrected,6,1.0273030287500065,1.0275175327059125,-0.00021450395590605353
128,15.0,corrected,7,1.0132686538461957,1.0138113254560528,-0.0005426716098571038
128,15.0,corrected,8,1.0251144624169592,1.024688825256988,0.0004256371599713482
128,15.0,corrected,9,1.0047438842714012,1.0044782635455063,0.0002656207258948662
128,15.0,corrected,10,1.0238453045723808,1.0241278520426553,-0.0002825474702745634
128,15.0,corrected,11,1.020727168736334,1.0206643992535958,6.276948273820082e-05
128,15.0,corrected,12,1.0232584223293593,1.023511467901105,-0.00025304557174576914
128,15.0,corrected,13,1.0079948992506378,1.0082089957563,-0.00021409650566228677
128,15.0,corrected,14,1.021361189686865,1.0203326603056262,0.001028529381238874
128,15.0,corrected,15,0.9957524233367694,0.9954607109856722,0.0002917123510971509
128,15.0,corrected,16,1.014261780459122,1.0139843208605601,0.0002774595985619577
128,15.0,corrected,17,0.9944316422805254,0.9942321914441581,0.00019945083636729866
128,15.0,corrected,18,1.0118447709632294,1.0116460088264434,0.00019876213678604593
128,15.0,corrected,19,1.0189195598168872,1.019390844245665,-0.0004712844287777518
128,15.0,corrected,20,1.003641557903078,1.003673134647953,-3.157674487508366e-05
128,15.0,corrected,21,1.0085475306117833,1.0082901163704932,0.00025741424129011037
128,15.0,corrected,22,1.00196165699755,1.0017081102456575,0.0002535467518924861
128,15.0,corrected,23,1.0204775019798946,1.0202473770189837,0.00023012496091090462
128,15.0,corrected,24,1.0211026443701745,1.0207186533251371,0.0003839910450373907
128,15.0,corrected,25,1.003582378700307,1.004272546985012,-0.0006901682847049173
128,15.0,corrected,26,1.0320701965358774,1.032387295020272,-0.00031709848439454014
128,15.0,corrected,27,1.0223423093146788,1.0221931882227353,0.00014912109194353818
128,15.0,corrected,28,1.0280954443467316,1.028138489670359,-4.304532362731095e-05
128,15.0,corrected,29,1.0188177172600532,1.0190800194158889,-0.00026230215583566974
128,15.0,corrected,30,1.030055637422292,1.0309495098635577,-0.0008938724412657084
128,15.0,corrected,31,1.016754179387514,1.0170122455944912,-0.0002580662069773254
128,15.0,corrected,32,1.0248470037474984,1.0249572148476327,-0.00011021110013431645
128,15.0,corrected,33,1.0110188412918513,1.010722286250731,0.00029655504112025
128,15.0,corrected,34,1.023379624790032,1.0235013601980014,-0.0001217354079694477
128,15.0,corrected,35,1.0435991889398237,1.0433238158110112,0.0002753731288125394
128,15.0,corrected,36,0.9999827869875818,1.0005944624867384,-0.0006116754991566387
128,15.0,corrected,37,1.0247581862893107,1.0246477164987393,0.00011046979057138806
128,15.0,corrected,38,1.0035133312529902,1.004063110830091,-0.0005497795771007841
128,15.0,corrected,39,1.0219050635832616,1.0218834225575024,2.1641025759189247e-05
128,15.0,corrected,40,1.0142143405463755,1.0141872152820235,2.7125264352001466e-05
128,15.0,corrected,41,1.0235305472949225,1.0236141931131546,-8.364581823205874e-05
128,15.0,corrected,42,1.0615339845446758,1.0614362501237775,9.773442089833217e-05
128,15.0,corrected,43,1.0512121943578472,1.051121054236834,9.1140121013078e-05
128,15.0,corrected,44,1.0160424330698423,1.0162423312441524,-0.00019989817431009804
128,15.0,corrected,45,1.0040480030279275,1.004190810613794,-0.000142807585866489
128,15.0,corrected,46,1.0117213821547877,1.0119964093557232,-0.00027502720093552924
128,15.0,corrected,47,1.0272742281560914,1.026909639248946,0.00036458890714530234
128,15.0,corrected,48,1.0210204357951793,1.0211556097372803,-0.00013517394210094125
128,15.0,corrected,49,1.0154107959468839,1.0153210442734648,8.975167341906953e-05
128,15.0,corrected,50,1.0217200164789386,1.022016799465869,-0.0002967829869304772
128,15.0,corrected,51,1.021979895886068,1.021928729743547,5.116614252087537e-05
128,15.0,corrected,52,1.0061448255481362,1.00578686575275,0.00035795979538622014
128,15.0,corrected,53,1.0139007547672436,1.0130882194880702,0.0008125352791734652
128,15.0,corrected,54,1.0252226699089528,1.025793917628007,-0.0005712477190542575
128,15.0,corrected,55,1.0069908397389347,1.0061063534276609,0.0008844863112738022
128,15.0,corrected,56,1.0154915483688773,1.015183241637211,0.00030830673166626354
128,15.0,corrected,57,1.0245377039057653,1.0246519572796233,-0.00011425337385806422
128,15.0,corrected,58,1.0381049145490677,1.0381297328208872,-2.4818271819437854e-05
128,15.0,corrected,59,0.9984328264366847,0.9983911306322194,4.169580446533594e-05
128,15.0,corrected,60,1.0090990155997888,1.00887648828042,0.00022252731936878156
128,15.0,corrected,61,1.0242941589685695,1.0242244551951165,6.970377345294487e-05
128,15.0,corrected,62,1.026391298949007,1.0271640342227597,-0.0007727352737527671
128,15.0,corrected,63,1.021691705748751,1.0219693829215615,-0.00027767717281057536
256,15.0,open,0,1.0150371979633328,1.0144811649911336,0.0005560329721991941
256,15.0,open,1,1.0362391023208115,1.0397458655906429,-0.003506763269831348
256,15.0,open,2,1.022246054629194,1.0184346506719384,0.0038114039572556546
256,15.0,open,3,1.0353643920595696,1.0371964985212958,-0.0018321064617261573
256,15.0,open,4,1.0447665709238125,1.044067610131763,0.0006989607920495633
256,15.0,open,5,1.0214854255512547,1.018179479268468,0.003305946282786687
256,15.0,open,6,1.030711727157721,1.0275175327059125,0.003194194451808574
256,15.0,open,7,1.0179041788381886,1.0138113254560528,0.00409285338213583
256,15.0,open,8,1.0219292340175838,1.024688825256988,-0.002759591239404058
256,15.0,open,9,1.0289281758031683,1.0274927427874527,0.0014354330157155815
256,15.0,open,10,1.0301577155995405,1.0241278520426553,0.006029863556885173
256,15.0,open,11,1.0221707567506355,1.0206643992535958,0.0015063574970397564
256,15.0,open,12,1.033181267355919,1.0315966405672885,0.0015846267886305831
256,15.0,open,13,1.019898716314288,1.0189066772083004,0.0009920391059876632
256,15.0,open,14,1.040125963568123,1.033841199488881,0.006284764079242056
256,15.0,open,15,1.0172305006627809,1.0156885488511793,0.0015419518116015496
256,15.0,open,16,1.0142748123844711,1.0139843208605601,0.0002904915239110295
256,15.0,open,17,1.024091354300202,1.0239109174209882,0.0001804368792137634
256,15.0,open,18,1.0160857607006755,1.0116460088264434,0.004439751874232067
256,15.0,open,19,1.0255084691468277,1.019390844245665,0.006117624901162744
256,15.0,open,20,1.0305561826335214,1.0357010592672136,-0.005144876633692119
256,15.0,open,21,1.0270242982282163,1.028322420496541,-0.0012981222683248195
256,15.0,open,22,1.0184380563433006,1.0177405840272151,0.0006974723160855234
256,15.0,open,23,1.0177935675681378,1.0202473770189837,-0.002453809450845945
256,15.0,open,24,1.0237546594936993,1.0207186533251371,0.0030360061685621442
256,15.0,open,25,1.0491780196250053,1.047150271686939,0.002027747938066371
256,15.0,open,26,1.031570936194056,1.032387295020272,-0.0008163588262160015
256,15.0,open,27,1.0206614148025153,1.0221931882227353,-0.0015317734202200395
256,15.0,open,28,1.0303652294731327,1.028138489670359,0.0022267398027737695
256,15.0,open,29,1.0183257143926658,1.0190800194158889,-0.0007543050232230453
256,15.0,open,30,1.0294372920580683,1.0309495098635577,-0.0015122178054893798
256,15.0,open,31,1.0186750125881718,1.0170122455944912,0.00166276699368062
256,15.0,open,32,1.022490635819941,1.0249572148476327,-0.002466579027691651
256,15.0,open,33,1.0150289168764925,1.010722286250731,0.004306630625761532
256,15.0,open,34,1.0274688019428666,1.0235013601980014,0.0039674417448651855
256,15.0,open,35,1.0439129590477734,1.0433238158110112,0.0005891432367621796
256,15.0,open,36,1.0194953189887028,1.019423249606803,7.206938189985301e-05
256,15.0,open,37,1.0284602123013067,1.0246477164987393,0.0038124958025673727
256,15.0,open,38,1.0141544465753445,1.0107645921274173,0.0033898544479271653
256,15.0,open,39,1.0273636967801631,1.0221641765276268,0.005199520252536338
256,15.0,open,40,1.0190673674377149,1.0175100377489976,0.001557329688717246
256,15.0,open,41,1.0294350276633204,1.0291741046269043,0.00026092303641611636
256,15.0,open,42,1.062651676058524,1.0705682307077486,-0.007916554649224583
256,15.0,open,43,1.054476158278735,1.051121054236834,0.0033551040419008693
256,15.0,open,44,1.0176047378917612,1.0162423312441524,0.0013624066476087826
256,15.0,open,45,1.0151983045551949,1.0191830818750358,-0.003984777319840926
256,15.0,open,46,1.0135294463291538,1.0119964093557232,0.001533036973430546
256,15.0,open,47,1.033083853609358,1.030662849389712,0.0024210042196459725
256,15.0,open,48,1.0459423269750372,1.044029446604324,0.0019128803707131325
256,15.0,open,49,1.020919904820594,1.016624208751063,0.004295696069530841
256,15.0,open,50,1.021510104650865,1.022016799465869,-0.000506694815004094
256,15.0,open,51,1.027474801717772,1.0265183401602387,0.0009564615575332613
256,15.0,open,52,1.0112616931659555,1.00782227722628,0.003439415939675561
256,15.0,open,53,1.0231549931097195,1.0208159346285268,0.0023390584811926463
256,15.0,open,54,1.0414786695248437,1.0380751870340923,0.003403482490751397
256,15.0,open,55,1.0097124944188713,1.0061063534276609,0.0036061409912104825
256,15.0,open,56,1.0216354121570166,1.0184922915429002,0.003143120614116368
256,15.0,open,57,1.0266455989877061,1.0293559656730178,-0.0027103666853116604
256,15.0,open,58,1.0423887051674265,1.0381297328208872,0.00425897234653938
256,15.0,open,59,1.0238016388257765,1.024100859972715,-0.0002992211469385886
256,15.0,open,60,1.0229730500941308,1.0206821061254776,0.0022909439686531474
256,15.0,open,61,1.0246676510166706,1.0242244551951165,0.00044319582155405435
256,15.0,open,62,1.0387648456685346,1.036623459277715,0.0021413863908195108
256,15.0,open,63,1.0323334145095782,1.0310210377970646,0.0013123767125136077
256,15.0,corrected,0,1.014661109426915,1.0144811649911336,0.00017994443578128738
256,15.0,corrected,1,1.0396788327537096,1.0397458655906429,-6.703283693321183e-05
256,15.0,corrected,2,1.0184047422683506,1.0184346506719384,-2.9908403587741716e-05
256,15.0,corrected,3,1.0373545520672813,1.0371964985212958,0.0001580535459855259
256,15.0,corrected,4,1.044132426686265,1.044067610131763,6.481655450207846e-05
256,15.0,corrected,5,1.018143150935091,1.018179479268468,-3.632833337707808e-05
256,15.0,corrected,6,1.027508314879626,1.0275175327059125,-9.217826286489483e-06
256,15.0,corrected,7,1.0137573984247155,1.0138113254560528,-5.392703133733079e-05
256,15.0,corrected,8,1.024582419288736,1.024688825256988,-0.00010640596825184367
256,15.0,corrected,9,1.0275977267352947,1.0274927427874527,0.00010498394784197451
256,15.0,corrected,10,1.0239588286379213,1.0241278520426553,-0.00016902340473401445
256,15.0,corrected,11,1.0206531476071838,1.0206643992535958,-1.1251646411913896e-05
256,15.0,corrected,12,1.031744596195791,1.0315966405672885,0.0001479556285024497
256,15.0,corrected,13,1.0189475420811762,1.0189066772083004,4.0864872875800984e-05
256,15.0,corrected,14,1.0336014950095078,1.033841199488881,-0.00023970447937315953
256,15.0,corrected,15,1.0157670184378824,1.0156885488511793,7.846958670310045e-05
256,15.0,corrected,16,1.0138832189471074,1.0139843208605601,-0.0001011019134526947
256,15.0,corrected,17,1.0238431825489291,1.0239109174209882,-6.773487205902207e-05
256,15.0,corrected,18,1.0117879598009898,1.0116460088264434,0.00014195097454638983
256,15.0,corrected,19,1.0194286820935639,1.019390844245665,3.7837847898902766e-05
256,15.0,corrected,20,1.0356928835258137,1.0357010592672136,-8.175741399885084e-06
256,15.0,corrected,21,1.028440081760619,1.028322420496541,0.00011766126407786182
256,15.0,corrected,22,1.017791753044923,1.0177405840272151,5.116901770785276e-05
256,15.0,corrected,23,1.0200238398178407,1.0202473770189837,-0.00022353720114298703
256,15.0,corrected,24,1.0206438614746804,1.0207186533251371,-7.479185045666803e-05
256,15.0,corrected,25,1.0469161044449904,1.047150271686939,-0.00023416724194857963
256,15.0,corrected,26,1.0325293067878578,1.032387295020272,0.0001420117675858812
256,15.0,corrected,27,1.0221066003804202,1.0221931882227353,-8.658784231507788e-05
256,15.0,corrected,28,1.0280881195646403,1.028138489670359,-5.037010571862233e-05
256,15.0,corrected,29,1.0190117652812862,1.0190800194158889,-6.825413460265217e-05
256,15.0,corrected,30,1.0309067846328634,1.0309495098635577,-4.2725230694262706e-05
256,15.0,corrected,31,1.0171036756709302,1.0170122455944912,9.143007643896972e-05
256,15.0,corrected,32,1.0250623964400687,1.0249572148476327,0.0001051815924359989
256,15.0,corrected,33,1.0108246241004069,1.010722286250731,0.00010233784967583759
256,15.0,corrected,34,1.0233344527601553,1.0235013601980014,-0.00016690743784608664
256,15.0,corrected,35,1.0433358312565206,1.0433238158110112,1.2015445509439004e-05
256,15.0,corrected,36,1.0193645985589412,1.019423249606803,-5.865104786173525e-05
256,15.0,corrected,37,1.0245887045053805,1.0246477164987393,-5.901199335878182e-05
256,15.0,corrected,38,1.0108787308037432,1.0107645921274173,0.00011413867632592556
256,15.0,corrected,39,1.0222476178452573,1.0221641765276268,8.34413176304949e-05
256,15.0,corrected,40,1.0175918506280182,1.0175100377489976,8.181287902053747e-05
256,15.0,corrected,41,1.0291868051293138,1.0291741046269043,1.270050240953502e-05
256,15.0,corrected,42,1.0706066924884838,1.0705682307077486,3.8461780735188356e-05
256,15.0,corrected,43,1.0512515738142925,1.051121054236834,0.00013051957745835452
256,15.0,corrected,44,1.0161237515567023,1.0162423312441524,-0.00011857968745010439
256,15.0,corrected,45,1.0193558189237946,1.0191830818750358,0.00017273704875875318
256,15.0,corrected,46,1.012096173174154,1.0119964093557232,9.976381843079807e-05
256,15.0,corrected,47,1.0307825628757559,1.030662849389712,0.00011971348604378207
256,15.0,corrected,48,1.043825914954416,1.044029446604324,-0.00020353164990805084
256,15.0,corrected,49,1.0165974041148789,1.016624208751063,-2.680463618420781e-05
256,15.0,corrected,50,1.021928772058781,1.022016799465869,-8.802740708802048e-05
256,15.0,corrected,51,1.0263620555823987,1.0265183401602387,-0.0001562845778400046
256,15.0,corrected,52,1.0078550184814008,1.00782227722628,3.274125512087167e-05
256,15.0,corrected,53,1.0209496649994978,1.0208159346285268,0.00013373037097097473
256,15.0,corrected,54,1.0379283762780063,1.0380751870340923,-0.00014681075608602434
256,15.0,corrected,55,1.0060293696766378,1.0061063534276609,-7.6983751023052e-05
256,15.0,corrected,56,1.0186862504091176,1.0184922915429002,0.0001939588662174252
256,15.0,corrected,57,1.0294161910902342,1.0293559656730178,6.02254172163974e-05
256,15.0,corrected,58,1.0380489789468128,1.0381297328208872,-8.075387407435741e-05
256,15.0,corrected,59,1.0238950494001735,1.024100859972715,-0.00020581057254154267
256,15.0,corrected,60,1.0204592015211658,1.0206821061254776,-0.00022290460431184655
256,15.0,corrected,61,1.0244872601538948,1.0242244551951165,0.00026280495877828436
256,15.0,corrected,62,1.036678838025733,1.036623459277715,5.537874801797571e-05
256,15.0,corrected,63,1.0309428807401855,1.0310210377970646,-7.815705687908014e-05
512,15.0,open,0,1.0154362386148545,1.0144811649911336,0.0009550736237209367
512,15.0,open,1,1.0379365031290866,1.0397458655906429,-0.0018093624615562742
512,15.0,open,2,1.0224245910796368,1.0237222387979505,-0.0012976477183137547
512,15.0,open,3,1.0361296989325068,1.0371964985212958,-0.0010667995887889692
512,15.0,open,4,1.0445027334127055,1.044067610131763,0.0004351232809425287
512,15.0,open,5,1.019978272194479,1.0195565566439844,0.00042171555049463905
512,15.0,open,6,1.0294596442469928,1.0275175327059125,0.0019421115410802603
512,15.0,open,7,1.025451032442745,1.0271907441956314,-0.0017397117528863415
512,15.0,open,8,1.041027245730141,1.0413279741775738,-0.0003007284474327854
512,15.0,open,9,1.0279312080152494,1.0274927427874527,0.0004384652277966694
512,15.0,open,10,1.0516669304626032,1.0522782696437016,-0.0006113391810984581
512,15.0,open,11,1.0216130537532053,1.0206643992535958,0.0009486544996095692
512,15.0,open,12,1.0325108867202677,1.0315966405672885,0.0009142461529791923
512,15.0,open,13,1.0191730611856982,1.0189066772083004,0.000266383977397755
512,15.0,open,14,1.03753482334431,1.033841199488881,0.00369362385542904
512,15.0,open,15,1.0241429195834366,1.0243555980814767,-0.00021267849804007533
512,15.0,open,16,1.0243337033017006,1.0246258440306804,-0.00029214072897976173
512,15.0,open,17,1.0511675647853653,1.0497596078426579,0.0014079569427074556
512,15.0,open,18,1.0409455829841041,1.0414708083121162,-0.0005252253280121355
512,15.0,open,19,1.0341340354122697,1.0355092374578219,-0.001375202045552193
512,15.0,open,20,1.0522650218277598,1.052123875414147,0.00014114641361273605
512,15.0,open,21,1.0277742191115369,1.028322420496541,-0.0005482013850042211
512,15.0,open,22,1.0226851002257735,1.0218932416814568,0.000791858544316737
512,15.0,open,23,1.0189556586140012,1.0202473770189837,-0.0012917184049825448
512,15.0,open,24,1.0372198707337557,1.0389286277550114,-0.0017087570212557246
512,15.0,open,25,1.0484067404705495,1.047150271686939,0.0012564687836105204
512,15.0,open,26,1.0320027712789592,1.032387295020272,-0.0003845237413127034
512,15.0,open,27,1.0285988519765275,1.0284144212293864,0.00018443074714102892
512,15.0,open,28,1.0295473929478698,1.028138489670359,0.0014089032775108645
512,15.0,open,29,1.0249938475575993,1.025619388029667,-0.0006255404720676427
512,15.0,open,30,1.030281687369981,1.0309495098635577,-0.0006678224935767751
512,15.0,open,31,1.0222587886000354,1.0218610769501004,0.000397711649934962
512,15.0,open,32,1.0297573012998673,1.027212841200361,0.0025444600995063738
512,15.0,open,33,1.0245914104670089,1.022765447096881,0.0018259633701278588
512,15.0,open,34,1.0257916005233119,1.0235013601980014,0.002290240325310444
512,15.0,open,35,1.0438365894244208,1.0433238158110112,0.0005127736134096228
512,15.0,open,36,1.026934904966873,1.0282751258013383,-0.0013402208344652777
512,15.0,open,37,1.0441069037776176,1.039380062330851,0.004726841446766716
512,15.0,open,38,1.0239297364986955,1.0228966860610862,0.001033050437609262
512,15.0,open,39,1.0349107997264964,1.033331011527265,0.0015797881992314355
512,15.0,open,40,1.0185700633124066,1.0175100377489976,0.0010600255634090061
512,15.0,open,41,1.0296406647626768,1.0291741046269043,0.0004665601357725091
512,15.0,open,42,1.066446162950624,1.0705682307077486,-0.004122067757124537
512,15.0,open,43,1.0530394839166997,1.0557232464578148,-0.002683762541115131
512,15.0,open,44,1.0185165160691385,1.016868838669458,0.001647677399680525
512,15.0,open,45,1.0283126667232818,1.0285091821266974,-0.00019651540341558693
512,15.0,open,46,1.0259510626212383,1.0274449283366243,-0.0014938657153860113
512,15.0,open,47,1.0322075502525836,1.030662849389712,0.0015447008628715064
512,15.0,open,48,1.0452454481223263,1.044029446604324,0.0012160015180022743
512,15.0,open,49,1.01832488639068,1.016624208751063,0.0017006776396168988
512,15.0,open,50,1.0587462777102072,1.057182317198013,0.0015639605121942068
512,15.0,open,51,1.047855044914861,1.0455938253359296,0.0022612195789313283
512,15.0,open,52,1.0320358808811687,1.0331707918238475,-0.0011349109426788129
512,15.0,open,53,1.022162220470261,1.0208159346285268,0.0013462858417341295
512,15.0,open,54,1.0401755797375558,1.0380751870340923,0.002100392703463516
512,15.0,open,55,1.019918457908273,1.0191609329306897,0.0007575249775833015
512,15.0,open,56,1.0202068260341113,1.0184922915429002,0.0017145344912110616
512,15.0,open,57,1.028051126939043,1.0293559656730178,-0.0013048387339746892
512,15.0,open,58,1.0407049601510938,1.0381297328208872,0.002575227330206653
512,15.0,open,59,1.027778016882243,1.0280919723060629,-0.000313955423819845
512,15.0,open,60,1.031877041467936,1.031376953436061,0.0005000880318748457
512,15.0,open,61,1.024483703084854,1.0242244551951165,0.00025924788973741286
512,15.0,open,62,1.049300304415824,1.0471397761343644,0.0021605282814596283
512,15.0,open,63,1.0318908859168832,1.0310210377970646,0.0008698481198186059
512,15.0,corrected,0,1.0145435777656824,1.0144811649911336,6.241277454877014e-05
512,15.0,corrected,1,1.0397507078945476,1.0397458655906429,4.842303904739609e-06
512,15.0,corrected,2,1.0235644164280375,1.0237222387979505,-0.0001578223699130188
512,15.0,corrected,3,1.0372031813137552,1.0371964985212958,6.682792459411502e-06
512,15.0,corrected,4,1.0440760454742775,1.044067610131763,8.435342514490074e-06
512,15.0,corrected,5,1.019595630685363,1.0195565566439844,3.907404137870607e-05
512,15.0,corrected,6,1.0275183704539979,1.0275175327059125,8.377480853472008e-07
512,15.0,corrected,7,1.0271937071885813,1.0271907441956314,2.9629929498842245e-06
512,15.0,corrected,8,1.041404258808911,1.0413279741775738,7.628463133713126e-05
512,15.0,corrected,9,1.0273784777352548,1.0274927427874527,-0.00011426505219791494
512,15.0,corrected,10,1.052369721551511,1.0522782696437016,9.145190780945889e-05
512,15.0,corrected,11,1.0206873026134662,1.0206643992535958,2.2903359870429796e-05
512,15.0,corrected,12,1.0316234017730437,1.0315966405672885,2.676120575517693e-05
512,15.0,corrected,13,1.0190100727451887,1.0189066772083004,0.00010339553688831771
512,15.0,corrected,14,1.0338471870600972,1.033841199488881,5.987571216170551e-06
512,15.0,corrected,15,1.024245008477157,1.0243555980814767,-0.00011058960431964415
512,15.0,corrected,16,1.0246153683593147,1.0246258440306804,-1.047567136569505e-05
512,15.0,corrected,17,1.0497935352001881,1.0497596078426579,3.392735753027232e-05
512,15.0,corrected,18,1.0414883549335499,1.0414708083121162,1.754662143360619e-05
512,15.0,corrected,19,1.0355272743173611,1.0355092374578219,1.8036859539272143e-05
512,15.0,corrected,20,1.0521343995300054,1.052123875414147,1.0524115858334682e-05
512,15.0,corrected,21,1.028304507497912,1.028322420496541,-1.7912998629077137e-05
512,15.0,corrected,22,1.021845058688571,1.0218932416814568,-4.818299288578132e-05
512,15.0,corrected,23,1.0202045255569778,1.0202473770189837,-4.285146200588841e-05
512,15.0,corrected,24,1.0389619288088516,1.0389286277550114,3.330105384025117e-05
512,15.0,corrected,25,1.0471767453391856,1.047150271686939,2.6473652246616908e-05
512,15.0,corrected,26,1.0323115157390834,1.032387295020272,-7.577928118851496e-05
512,15.0,corrected,27,1.0283031054976026,1.0284144212293864,-0.00011131573178380094
512,15.0,corrected,28,1.028134073439389,1.028138489670359,-4.416230970027968e-06
512,15.0,corrected,29,1.0256257148555674,1.025619388029667,6.326825900515587e-06
512,15.0,corrected,30,1.0310238530413174,1.0309495098635577,7.434317775967259e-05
512,15.0,corrected,31,1.0218557293693407,1.0218610769501004,-5.347580759762494e-06
512,15.0,corrected,32,1.0271396415320457,1.027212841200361,-7.319966831520475e-05
512,15.0,corrected,33,1.0227653106133447,1.022765447096881,-1.3648353625050902e-07
512,15.0,corrected,34,1.023578902232667,1.0235013601980014,7.754203466547871e-05
512,15.0,corrected,35,1.0433226100730009,1.0433238158110112,-1.2057380103236426e-06
512,15.0,corrected,36,1.028347703983846,1.0282751258013383,7.257818250772097e-05
512,15.0,corrected,37,1.0394557809835328,1.039380062330851,7.57186526818554e-05
512,15.0,corrected,38,1.0228619902459914,1.0228966860610862,-3.4695815094742954e-05
512,15.0,corrected,39,1.0333573320951404,1.033331011527265,2.632056787543746e-05
512,15.0,corrected,40,1.0174827347418558,1.0175100377489976,-2.730300714182121e-05
512,15.0,corrected,41,1.0291872370333364,1.0291741046269043,1.3132406432081467e-05
512,15.0,corrected,42,1.0706351057409391,1.0705682307077486,6.687503319047217e-05
512,15.0,corrected,43,1.0557024321889241,1.0557232464578148,-2.081426889066762e-05
512,15.0,corrected,44,1.0168578148854868,1.016868838669458,-1.1023783971220169e-05
512,15.0,corrected,45,1.0284466901989913,1.0285091821266974,-6.249192770613199e-05
512,15.0,corrected,46,1.027487904206901,1.0274449283366243,4.29758702766847e-05
512,15.0,corrected,47,1.0306876581528217,1.030662849389712,2.4808763109618326e-05
512,15.0,corrected,48,1.0440160532314409,1.044029446604324,-1.3393372883196974e-05
512,15.0,corrected,49,1.0166331946642875,1.016624208751063,8.985913224401898e-06
512,15.0,corrected,50,1.0571794161400496,1.057182317198013,-2.9010579634114464e-06
512,15.0,corrected,51,1.0456222473013943,1.0455938253359296,2.8421965464708876e-05
512,15.0,corrected,52,1.0331560438305176,1.0331707918238475,-1.4747993329899955e-05
512,15.0,corrected,53,1.0208399377427224,1.0208159346285268,2.400311419559209e-05
512,15.0,corrected,54,1.0380053541930723,1.0380751870340923,-6.98328410200233e-05
512,15.0,corrected,55,1.0191420097058999,1.0191609329306897,-1.8923224789801907e-05
512,15.0,corrected,56,1.0184954685444796,1.0184922915429002,3.1770015793686213e-06
512,15.0,corrected,57,1.0293444856978269,1.0293559656730178,-1.1479975190908931e-05
512,15.0,corrected,58,1.038131368643775,1.0381297328208872,1.6358228878132763e-06
512,15.0,corrected,59,1.0280383368762802,1.0280919723060629,-5.3635429782650235e-05
512,15.0,corrected,60,1.0313044444214663,1.031376953436061,-7.250901459476822e-05
512,15.0,corrected,61,1.0242142805720182,1.0242244551951165,-1.0174623098269109e-05
512,15.0,corrected,62,1.0472400903892274,1.0471397761343644,0.00010031425486300982
512,15.0,corrected,63,1.0311011935607781,1.0310210377970646,8.015576371356303e-05
128,20.0,open,0,1.050483403944152,1.0412021042418984,0.009281299702253554
128,20.0,open,1,1.1523859417813584,1.1772377424472815,-0.024851800665923074
128,20.0,open,2,1.1042543945178356,1.081758847837771,0.022495546680064482
128,20.0,open,3,1.1473341778071762,1.1604247815264523,-0.013090603719276173
128,20.0,open,4,1.204483464058491,1.211953871605438,-0.0074704075469471665
128,20.0,open,5,1.0836825032255066,1.0781833710809383,0.0054991321445683194
128,20.0,open,6,1.1236089114948355,1.0876526191576898,0.0359562923371457
128,20.0,open,7,1.0732348929873634,1.02925279579096,0.043982097196403336
128,20.0,open,8,1.0819417522699935,1.107899213471442,-0.025957461201448595
128,20.0,open,9,0.986573782435295,1.022939276403792,-0.036365493968496865
128,20.0,open,10,1.124890967845699,1.089734865831168,0.03515610201453101
128,20.0,open,11,1.0829002721743055,1.0661422342376707,0.016758037936634773
128,20.0,open,12,1.1164958450987599,1.0904641679570835,0.026031677141676424
128,20.0,open,13,1.0205803250268812,1.0222426080376434,-0.001662283010762211
128,20.0,open,14,1.0960391553220687,1.0764699254809698,0.01956922984109899
128,20.0,open,15,1.0029472442406353,0.9837061591413606,0.01924108509927469
128,20.0,open,16,1.0796588570617047,1.0627850076309628,0.016873849430741883
128,20.0,open,17,1.0237324736888214,0.9830257050339289,0.04070676865489242
128,20.0,open,18,1.0798571801264556,1.0435758904658645,0.036281289660591076
128,20.0,open,19,1.1279509173425661,1.0639223905933815,0.06402852674918469
128,20.0,open,20,1.0171560100197474,1.016001096978116,0.0011549130416315112
128,20.0,open,21,1.03501529728533,1.047484158310251,-0.012468861024921063
128,20.0,open,22,1.0113195144896343,1.0015773511129265,0.009742163376707857
128,20.0,open,23,1.0647104030368166,1.0788574721830202,-0.014147069146203561
128,20.0,open,24,1.1171605172035577,1.0874033969136108,0.029757120289946926
128,20.0,open,25,0.995980385281603,1.0222518320274436,-0.026271446745840588
128,20.0,open,26,1.122006790288552,1.1143967240500052,0.007610066238546764
128,20.0,open,27,1.0840803278919864,1.088319275223729,-0.004238947331742571
128,20.0,open,28,1.1210476357229229,1.0948259986744397,0.026221637048483126
128,20.0,open,29,1.0717358176365457,1.0754751809677554,-0.003739363331209722
128,20.0,open,30,1.110284294912025,1.1188721560929324,-0.008587861180907375
128,20.0,open,31,1.0817554527301234,1.0608896508001202,0.020865801930003203
128,20.0,open,32,1.0908771607238978,1.1112951781134677,-0.02041801738956983
128,20.0,open,33,1.0648032303098054,1.0274632264647878,0.037340003845017566
128,20.0,open,34,1.116143278333237,1.0901984193056533,0.0259448590275837
128,20.0,open,35,1.1892124683133611,1.1782133835764144,0.010999084736946774
128,20.0,open,36,1.0248039655642303,1.0000710822913608,0.024732883272869488
128,20.0,open,37,1.137632198083675,1.1103125101625768,0.02731968792109818
128,20.0,open,38,1.0389856307964627,0.9997942909852633,0.03919133981119938
128,20.0,open,39,1.1353431993850802,1.089064738592801,0.04627846079227926
128,20.0,open,40,1.0510940441127667,1.0572728557457565,-0.0061788116329897225
128,20.0,open,41,1.091914128435779,1.0894630833500576,0.0024510450857213595
128,20.0,open,42,1.2202954491016076,1.2976391357218766,-0.07734368662026903
128,20.0,open,43,1.2561260999078352,1.2266380355837925,0.029488064324042718
128,20.0,open,44,1.081221946389763,1.0630792374150946,0.01814270897466841
128,20.0,open,45,1.0153585298661851,1.0186526867459371,-0.003294156879751986
128,20.0,open,46,1.0525583530162685,1.0390158715621969,0.013542481454071664
128,20.0,open,47,1.113478726677009,1.111894175788019,0.0015845508889900106
128,20.0,open,48,1.0793019296893538,1.0750892719930825,0.004212657696271327
128,20.0,open,49,1.0811861781110983,1.0481085048400849,0.03307767327101341
128,20.0,open,50,1.07208899168384,1.0704321762430276,0.0016568154408125313
128,20.0,open,51,1.0881530765595062,1.0996197640070087,-0.011466687447502455
128,20.0,open,52,1.0556931029027867,1.032544727219493,0.023148375683293754
128,20.0,open,53,1.0635823384782237,1.0517982609032044,0.011784077575019314
128,20.0,open,54,1.1111191491622887,1.117888450540013,-0.006769301377724357
128,20.0,open,55,1.0306101348031724,1.019907682815831,0.010702451987341322
128,20.0,open,56,1.080523625645718,1.0590863573942018,0.02143726825151626
128,20.0,open,57,1.0825320689307552,1.0941296691569216,-0.011597600226166405
128,20.0,open,58,1.1772515813588382,1.1392269876996417,0.038024593659196526
128,20.0,open,59,0.9947202063608783,0.9986602593900546,-0.003940053029176327
128,20.0,open,60,1.0521029806968756,1.047222432104243,0.00488054859263265
128,20.0,open,61,1.0946425636994652,1.0921314939695237,0.0025110697299415285
128,20.0,open,62,1.1362388248626485,1.1322828136828393,0.003956011179809149
128,20.0,open,63,1.0910612258306411,1.1055641625497432,-0.014502936719102077
128,20.0,corrected,0,1.0412438376853177,1.0412021042418984,4.173344341928953e-05
128,20.0,corrected,1,1.1751830634626972,1.1772377424472815,-0.002054678984584335
128,20.0,corrected,2,1.0790190827433386,1.081758847837771,-0.0027397650944325225
128,20.0,corrected,3,1.1609479405206045,1.1604247815264523,0.0005231589941521175
128,20.0,corrected,4,1.213026561783427,1.211953871605438,0.0010726901779889442
128,20.0,corrected,5,1.0819640258410474,1.0781833710809383,0.0037806547601091367
128,20.0,corrected,6,1.0862151074109678,1.0876526191576898,-0.00143751174672202
128,20.0,corrected,7,1.027459802858486,1.02925279579096,-0.0017929929324740357
128,20.0,corrected,8,1.1093054230953854,1.107899213471442,0.001406209623943333
128,20.0,corrected,9,1.0241027015074737,1.022939276403792,0.0011634251036818366
128,20.0,corrected,10,1.0896680601048103,1.089734865831168,-6.680572635775484e-05
128,20.0,corrected,11,1.0669521147738608,1.0661422342376707,0.0008098805361900219
128,20.0,corrected,12,1.0891847465967146,1.0904641679570835,-0.0012794213603688487
128,20.0,corrected,13,1.0226206732064218,1.0222426080376434,0.00037806516877836316
128,20.0,corrected,14,1.0819093699896098,1.0764699254809698,0.00543944450864009
128,20.0,corrected,15,0.9838775516651189,0.9837061591413606,0.00017139252375830694
128,20.0,corrected,16,1.0628107949783423,1.0627850076309628,2.578734737945787e-05
128,20.0,corrected,17,0.982426897578494,0.9830257050339289,-0.0005988074554349465
128,20.0,corrected,18,1.0432924938181414,1.0435758904658645,-0.0002833966477231442
128,20.0,corrected,19,1.0629284188102974,1.0639223905933815,-0.0009939717830840245
128,20.0,corrected,20,1.0159557797578371,1.016001096978116,-4.5317220278784376e-05
128,20.0,corrected,21,1.0490345957084184,1.047484158310251,0.0015504373981674036
128,20.0,corrected,22,1.0010755180703705,1.0015773511129265,-0.0005018330425559103
128,20.0,corrected,23,1.079215486617567,1.0788574721830202,0.0003580144345467495
128,20.0,corrected,24,1.0870403456674531,1.0874033969136108,-0.00036305124615765294
128,20.0,corrected,25,1.0208915110373156,1.0222518320274436,-0.001360320990128061
128,20.0,corrected,26,1.114120230225423,1.1143967240500052,-0.0002764938245822801
128,20.0,corrected,27,1.0878576867718337,1.088319275223729,-0.0004615884518952562
128,20.0,corrected,28,1.0951261946435844,1.0948259986744397,0.0003001959691446565
128,20.0,corrected,29,1.0738617908874386,1.0754751809677554,-0.001613390080316801
128,20.0,corrected,30,1.1162496160692776,1.1188721560929324,-0.002622540023654807
128,20.0,corrected,31,1.058757540836574,1.0608896508001202,-0.0021321099635462915
128,20.0,corrected,32,1.11231123499763,1.1112951781134677,0.0010160568841623974
128,20.0,corrected,33,1.0295768165979202,1.0274632264647878,0.0021135901331323925
128,20.0,corrected,34,1.0897444305001307,1.0901984193056533,-0.00045398880552260934
128,20.0,corrected,35,1.1783398883082346,1.1782133835764144,0.0001265047318201873
128,20.0,corrected,36,0.999708663890285,1.0000710822913608,-0.0003624184010757592
128,20.0,corrected,37,1.1112568826041926,1.1103125101625768,0.0009443724416158261
128,20.0,corrected,38,0.998308400742756,0.9997942909852633,-0.0014858902425073373
128,20.0,corrected,39,1.0889382819809936,1.089064738592801,-0.00012645661180732404
128,20.0,corrected,40,1.0585003524326986,1.0572728557457565,0.001227496686942109
128,20.0,corrected,41,1.0890602881820604,1.0894630833500576,-0.0004027951679972386
128,20.0,corrected,42,1.2992165884324696,1.2976391357218766,0.0015774527105929526
128,20.0,corrected,43,1.2295035881772405,1.2266380355837925,0.0028655525934480064
128,20.0,corrected,44,1.0626170326028732,1.0630792374150946,-0.00046220481222136733
128,20.0,corrected,45,1.0181528125522312,1.0186526867459371,-0.0004998741937058959
128,20.0,corrected,46,1.0391086684099555,1.0390158715621969,9.279684775864716e-05
128,20.0,corrected,47,1.1150718855321446,1.111894175788019,0.0031777097441256785
128,20.0,corrected,48,1.0770258586173964,1.0750892719930825,0.0019365866243139518
128,20.0,corrected,49,1.0479495003544836,1.0481085048400849,-0.00015900448560124403
128,20.0,corrected,50,1.0710690438767676,1.0704321762430276,0.0006368676337400458
128,20.0,corrected,51,1.0998703308411668,1.0996197640070087,0.0002505668341581391
128,20.0,corrected,52,1.0317503508460564,1.032544727219493,-0.0007943763734366005
128,20.0,corrected,53,1.0535072723144923,1.0517982609032044,0.0017090114112878751
128,20.0,corrected,54,1.1166909454254828,1.117888450540013,-0.0011975051145303173
128,20.0,corrected,55,1.0218730612024103,1.019907682815831,0.001965378386579175
128,20.0,corrected,56,1.0606376476373722,1.0590863573942018,0.0015512902431704667
128,20.0,corrected,57,1.0960490546399606,1.0941296691569216,0.0019193854830390489
128,20.0,corrected,58,1.140041054349876,1.1392269876996417,0.000814066650234313
128,20.0,corrected,59,0.9954832434538533,0.9986602593900546,-0.003177015936201344
128,20.0,corrected,60,1.0445625451732758,1.047222432104243,-0.0026598869309670814
128,20.0,corrected,61,1.0937121933778162,1.0921314939695237,0.0015806994082925296
128,20.0,corrected,62,1.128045302131303,1.1322828136828393,-0.004237511551536288
128,20.0,corrected,63,1.104235914858642,1.1055641625497432,-0.001328247691101181
256,20.0,open,0,1.0586507805739467,1.0552684411121276,0.003382339461819095
256,20.0,open,1,1.1641345308364541,1.1772377424472815,-0.013103211610827392
256,20.0,open,2,1.096434985203817,1.081758847837771,0.014676137366046005
256,20.0,open,3,1.1531096781082368,1.1604247815264523,-0.007315103418215507
256,20.0,open,4,1.2112478648724245,1.211953871605438,-0.0007060067330135755
256,20.0,open,5,1.0895534100050892,1.0796564899393417,0.009896920065747494
256,20.0,open,6,1.1071220822750318,1.0876526191576898,0.01946946311734199
256,20.0,open,7,1.0546319759587564,1.0323702580220475,0.022261717936708836
256,20.0,open,8,1.0903030604788777,1.107899213471442,-0.01759615299256434
256,20.0,open,9,1.1140037397199802,1.1109611101024024,0.003042629617577841
256,20.0,open,10,1.1103584082796525,1.089734865831168,0.02062354244848441
256,20.0,open,11,1.0758117540095604,1.0661422342376707,0.009669519771889679
256,20.0,open,12,1.1484140479457197,1.1351160982824995,0.013297949663220177
256,20.0,open,13,1.065941782089756,1.0655228125561809,0.0004189695335752308
256,20.0,open,14,1.1550041772583446,1.1284916290378921,0.02651254822045246
256,20.0,open,15,1.0562859830638245,1.0511024780488496,0.005183505014974887
256,20.0,open,16,1.0724559330579664,1.0627850076309628,0.00967092542700354
256,20.0,open,17,1.0936141378779514,1.0933419722785567,0.0002721655993946914
256,20.0,open,18,1.0637960737721843,1.0435758904658645,0.020220183306319806
256,20.0,open,19,1.098273862703954,1.0639223905933815,0.034351472110572656
256,20.0,open,20,1.1248354403219631,1.143687471338905,-0.018852031016941773
256,20.0,open,21,1.1227022175241335,1.1268025019664987,-0.00410028444236521
256,20.0,open,22,1.0582081337177622,1.0523969183875623,0.005811215330199904
256,20.0,open,23,1.0718556632592204,1.0788574721830202,-0.007001808923799757
256,20.0,open,24,1.1062547587895204,1.0874033969136108,0.018851361875909634
256,20.0,open,25,1.193355906842794,1.1895670010504935,0.003788905792300401
256,20.0,open,26,1.1194034821107484,1.1143967240500052,0.005006758060743133
256,20.0,open,27,1.0854063523777644,1.088319275223729,-0.0029129228459645606
256,20.0,open,28,1.1083525971939314,1.0948259986744397,0.013526598519491673
256,20.0,open,29,1.0724127614705234,1.0754751809677554,-0.0030624194972319607
256,20.0,open,30,1.1163619802020348,1.1208111416204818,-0.0044491614184469785
256,20.0,open,31,1.0725114970372416,1.0608896508001202,0.01162184623712137
256,20.0,open,32,1.1029107146057078,1.1112951781134677,-0.008384463507759898
256,20.0,open,33,1.0473059730567928,1.0346602166078345,0.012645756448958378
256,20.0,open,34,1.10461228845116,1.0901984193056533,0.014413869145506686
256,20.0,open,35,1.186736777669112,1.1782133835764144,0.008523394092697645
256,20.0,open,36,1.071214103803726,1.0765459832852928,-0.005331879481566881
256,20.0,open,37,1.1261269926824318,1.1103125101625768,0.015814482519854955
256,20.0,open,38,1.0318900507933333,1.0300166395349948,0.0018734112583385087
256,20.0,open,39,1.1168219331055365,1.089064738592801,0.027757194512735506
256,20.0,open,40,1.072654774423593,1.0597364266938005,0.012918347729792501
256,20.0,open,41,1.123764146367567,1.1131607495302847,0.010603396837282286
256,20.0,open,42,1.3077730462889285,1.3401261012553272,-0.03235305496639862
256,20.0,open,43,1.2490389874208423,1.2266380355837925,0.02240095183704982
256,20.0,open,44,1.074585067811776,1.0630792374150946,0.011505830396681516
256,20.0,open,45,1.0674977205080924,1.0847580613706875,-0.01726034086259509
256,20.0,open,46,1.0461721413453409,1.0390158715621969,0.007156269783143987
256,20.0,open,47,1.1282338542770118,1.1198691282680253,0.008364726008986523
256,20.0,open,48,1.1935933681397548,1.1875919889423698,0.006001379197384971
256,20.0,open,49,1.0772872637953903,1.0734446003010185,0.0038426634943717897
256,20.0,open,50,1.0710806604303635,1.0707030042701493,0.00037765616021423476
256,20.0,open,51,1.113186527474918,1.11632867548998,-0.003142148015061963
256,20.0,open,52,1.0493123841207987,1.032544727219493,0.016767656901305772
256,20.0,open,53,1.0774033624308381,1.0637240294106527,0.013679333020185425
256,20.0,open,54,1.1739254525640348,1.1554774640208254,0.018447988543209393
256,20.0,open,55,1.0387705486957646,1.019907682815831,0.018862865879933466
256,20.0,open,56,1.0780383472752166,1.0652844150810064,0.012753932194210282
256,20.0,open,57,1.1135694917009051,1.122306419958049,-0.008736928257143894
256,20.0,open,58,1.1611326637492958,1.1392269876996417,0.0219056760496541
256,20.0,open,59,1.0754669205235703,1.088551932378557,-0.013085011854986783
256,20.0,open,60,1.0936403178371086,1.0808972167088327,0.012743101128275924
256,20.0,open,61,1.0932304560524018,1.0921314939695237,0.0010989620828780744
256,20.0,open,62,1.1661679910240574,1.1525429791886834,0.013625011835374012
256,20.0,open,63,1.1409493342313466,1.1348138230498324,0.0061355111815142305
256,20.0,corrected,0,1.0562528647958205,1.0552684411121276,0.0009844236836928921
256,20.0,corrected,1,1.177252651541903,1.1772377424472815,1.490909462154022e-05
256,20.0,corrected,2,1.0815412425342648,1.081758847837771,-0.00021760530350634077
256,20.0,corrected,3,1.1613265455742363,1.1604247815264523,0.0009017640477839706
256,20.0,corrected,4,1.2121099872370966,1.211953871605438,0.0001561156316585155
256,20.0,corrected,5,1.079827893695951,1.0796564899393417,0.00017140375660917861
256,20.0,corrected,6,1.0875611171925061,1.0876526191576898,-9.150196518370457e-05
256,20.0,corrected,7,1.0323670621922147,1.0323702580220475,-3.195829832769448e-06
256,20.0,corrected,8,1.1075333615361511,1.107899213471442,-0.0003658519352909284
256,20.0,corrected,9,1.1110556200765302,1.1109611101024024,9.450997412785433e-05
256,20.0,corrected,10,1.0892521949724063,1.089734865831168,-0.00048267085876174676
256,20.0,corrected,11,1.0661209048030154,1.0661422342376707,-2.132943465538162e-05
256,20.0,corrected,12,1.135635920802195,1.1351160982824995,0.000519822519695623
256,20.0,corrected,13,1.0661058753289483,1.0655228125561809,0.0005830627727674287
256,20.0,corrected,14,1.1274562585015895,1.1284916290378921,-0.0010353705363026489
256,20.0,corrected,15,1.051055941527191,1.0511024780488496,-4.6536521658646635e-05
256,20.0,corrected,16,1.0627821107437951,1.0627850076309628,-2.896887167702644e-06
256,20.0,corrected,17,1.0929134558698832,1.0933419722785567,-0.00042851640867347385
256,20.0,corrected,18,1.0442422397446562,1.0435758904658645,0.0006663492787917225
256,20.0,corrected,19,1.0642858020789296,1.0639223905933815,0.0003634114855481929
256,20.0,corrected,20,1.1436105326957606,1.143687471338905,-7.693864314428644e-05
256,20.0,corrected,21,1.1274191895644914,1.1268025019664987,0.0006166875979927156
256,20.0,corrected,22,1.0527652465604571,1.0523969183875623,0.0003683281728947829
256,20.0,corrected,23,1.078137190117546,1.0788574721830202,-0.0007202820654741426
256,20.0,corrected,24,1.0871711272352533,1.0874033969136108,-0.00023226967835743295
256,20.0,corrected,25,1.1886482396514506,1.1895670010504935,-0.0009187613990429
256,20.0,corrected,26,1.114575467222997,1.1143967240500052,0.0001787431729918243
256,20.0,corrected,27,1.0878995105799256,1.088319275223729,-0.0004197646438033331
256,20.0,corrected,28,1.0948917296964507,1.0948259986744397,6.573102201090641e-05
256,20.0,corrected,29,1.0757032481158606,1.0754751809677554,0.00022806714810519324
256,20.0,corrected,30,1.1208220037092742,1.1208111416204818,1.0862088792418234e-05
256,20.0,corrected,31,1.0611267974717802,1.0608896508001202,0.00023714667165997128
256,20.0,corrected,32,1.111698847298999,1.1112951781134677,0.00040366918553136344
256,20.0,corrected,33,1.034962251107817,1.0346602166078345,0.0003020344999824509
256,20.0,corrected,34,1.0896770057007272,1.0901984193056533,-0.0005214136049260798
256,20.0,corrected,35,1.1785576448961206,1.1782133835764144,0.0003442613197062183
256,20.0,corrected,36,1.076740580464378,1.0765459832852928,0.00019459717908509866
256,20.0,corrected,37,1.1101668133399218,1.1103125101625768,-0.00014569682265497264
256,20.0,corrected,38,1.0302817248450475,1.0300166395349948,0.0002650853100527595
256,20.0,corrected,39,1.0896403594455202,1.089064738592801,0.0005756208527192275
256,20.0,corrected,40,1.060103216837167,1.0597364266938005,0.00036679014336638005
256,20.0,corrected,41,1.1134090983898501,1.1131607495302847,0.0002483488595654837
256,20.0,corrected,42,1.3406656457630621,1.3401261012553272,0.0005395445077349681
256,20.0,corrected,43,1.2270649656862518,1.2266380355837925,0.00042693010245931085
256,20.0,corrected,44,1.0625331517508199,1.0630792374150946,-0.0005460856642747203
256,20.0,corrected,45,1.085043470966211,1.0847580613706875,0.0002854095955233671
256,20.0,corrected,46,1.039414748210712,1.0390158715621969,0.0003988766485150119
256,20.0,corrected,47,1.120298214791657,1.1198691282680253,0.0004290865236316055
256,20.0,corrected,48,1.1869715969093133,1.1875919889423698,-0.0006203920330565271
256,20.0,corrected,49,1.0732562874507519,1.0734446003010185,-0.00018831285026665867
256,20.0,corrected,50,1.0702920920351944,1.0707030042701493,-0.0004109122349549299
256,20.0,corrected,51,1.1159107132672075,1.11632867548998,-0.0004179622227724611
256,20.0,corrected,52,1.0325668129257666,1.032544727219493,2.208570627360018e-05
256,20.0,corrected,53,1.0641594159703665,1.0637240294106527,0.0004353865597137574
256,20.0,corrected,54,1.1553042025604994,1.1554774640208254,-0.00017326146032603518
256,20.0,corrected,55,1.019743228576911,1.019907682815831,-0.00016445423892008648
256,20.0,corrected,56,1.065833234286917,1.0652844150810064,0.0005488192059106556
256,20.0,corrected,57,1.1224911021176391,1.122306419958049,0.00018468215959011047
256,20.0,corrected,58,1.139039600311031,1.1392269876996417,-0.0001873873886106825
256,20.0,corrected,59,1.0882648292786439,1.088551932378557,-0.0002871030999131996
256,20.0,corrected,60,1.0804696799904006,1.0808972167088327,-0.00042753671843209773
256,20.0,corrected,61,1.0931450265386633,1.0921314939695237,0.001013532569139608
256,20.0,corrected,62,1.1529201212523899,1.1525429791886834,0.000377142063706426
256,20.0,corrected,63,1.1349309217009365,1.1348138230498324,0.00011709865110409723
512,20.0,open,0,1.06069745389489,1.0583953244416824,0.002302129453207513
512,20.0,open,1,1.1705971350739628,1.1772377424472815,-0.00664060737331873
512,20.0,open,2,1.0905995320768436,1.0861451094933596,0.004454422583483941
512,20.0,open,3,1.1564164479689245,1.1604247815264523,-0.004008333557527832
512,20.0,open,4,1.21183618816199,1.211953871605438,-0.00011768344344820214
512,20.0,open,5,1.085946430329116,1.0796564899393417,0.006289940389774262
512,20.0,open,6,1.11538006585287,1.111983653752462,0.003396412100407975
512,20.0,open,7,1.1127601769096063,1.1168356455417972,-0.004075468632190882
512,20.0,open,8,1.1765928552689942,1.1779799627071175,-0.001387107438123314
512,20.0,open,9,1.112326149056247,1.1109611101024024,0.001365038953844655
512,20.0,open,10,1.2278313837041197,1.2329488717302748,-0.0051174880261550815
512,20.0,open,11,1.0713998158483808,1.0750185322980421,-0.0036187164496612745
512,20.0,open,12,1.1432541275487456,1.1351160982824995,0.008138029266246072
512,20.0,open,13,1.0654331510074881,1.0655228125561809,-8.966154869272103e-05
512,20.0,open,14,1.1437668606738607,1.1284916290378921,0.015275231635968556
512,20.0,open,15,1.0963808005863889,1.0957193155733198,0.000661485013069063
512,20.0,open,16,1.1005120118301,1.0957848125968062,0.0047271992332937884
512,20.0,open,17,1.2235470777290551,1.2188208779910648,0.0047261997379903775
512,20.0,open,18,1.1673153167483277,1.1689893344537576,-0.0016740177054299643
512,20.0,open,19,1.1640664698365704,1.1713793716164909,-0.0073129017799205
512,20.0,open,20,1.227935470110705,1.2280042146836085,-6.874457290351188e-05
512,20.0,open,21,1.1256687973564823,1.1268025019664987,-0.001133704610016384
512,20.0,open,22,1.0952292076743655,1.088099274543564,0.007129933130801458
512,20.0,open,23,1.0751188628449775,1.0788574721830202,-0.003738609338042709
512,20.0,open,24,1.1610834508626067,1.1643991427556901,-0.00331569189308345
512,20.0,open,25,1.1916911819737852,1.1895670010504935,0.0021241809232916964
512,20.0,open,26,1.1180826968524635,1.1198106541465978,-0.0017279572941342192
512,20.0,open,27,1.1146921316212357,1.110515664821987,0.004176466799248768
512,20.0,open,28,1.1027287249363236,1.0948259986744397,0.007902726261883819
512,20.0,open,29,1.1101766320018167,1.120319496935648,-0.01014286493383132
512,20.0,open,30,1.1190170250226803,1.1208111416204818,-0.0017941165978014872
512,20.0,open,31,1.0931403233017993,1.0872114314938346,0.005928891807964742
512,20.0,open,32,1.1163346123939217,1.1112951781134677,0.005039434280454058
512,20.0,open,33,1.1039735001083149,1.093947903687212,0.0100255964211029
512,20.0,open,34,1.0972269482128667,1.0901984193056533,0.007028528907213394
512,20.0,open,35,1.1836583931900098,1.1782133835764144,0.005445009613595397
512,20.0,open,36,1.1114478696011814,1.1174054689902235,-0.0059575993890421675
512,20.0,open,37,1.1471599218752482,1.1525251247605781,-0.005365202885329934
512,20.0,open,38,1.0888078728623607,1.0843987280787055,0.004409144783655172
512,20.0,open,39,1.13329086083512,1.1312988219514446,0.0019920388836753844
512,20.0,open,40,1.067644973236464,1.0615008309688365,0.006144142267627384
512,20.0,open,41,1.1204780831686303,1.1131607495302847,0.0073173336383456355
512,20.0,open,42,1.323475286668616,1.3401261012553272,-0.01665081458671125
512,20.0,open,43,1.240465703227149,1.25442639846235,-0.013960695235200937
512,20.0,open,44,1.073144848448089,1.075235339475718,-0.002090491027628927
512,20.0,open,45,1.113211019310778,1.1168107556792504,-0.0035997363684723283
512,20.0,open,46,1.1025103504206684,1.111756973334972,-0.00924662291430356
512,20.0,open,47,1.1248894397107196,1.1198691282680253,0.005020311442694325
512,20.0,open,48,1.19180397939169,1.1875919889423698,0.00421199044932008
512,20.0,open,49,1.072668675413812,1.0734446003010185,-0.0007759248872065694
512,20.0,open,50,1.2545343326556362,1.2422229363120114,0.01231139634362477
512,20.0,open,51,1.2052209588883585,1.1929255191902917,0.01229543969806679
512,20.0,open,52,1.1496858627863267,1.1539936816227168,-0.004307818836390087
512,20.0,open,53,1.0712221794678918,1.0637240294106527,0.0074981500572390836
512,20.0,open,54,1.1663469556577446,1.1554774640208254,0.010869491636919193
512,20.0,open,55,1.0803082821557857,1.07795790909712,0.002350373058665589
512,20.0,open,56,1.0721997686713172,1.0652844150810064,0.006915353590310813
512,20.0,open,57,1.118264039018016,1.122306419958049,-0.0040423809400329525
512,20.0,open,58,1.1518531738248792,1.1392269876996417,0.01262618612523747
512,20.0,open,59,1.1163011788865351,1.1239657090867166,-0.00766453020018143
512,20.0,open,60,1.1326276404662188,1.1298854699699061,0.002742170496312646
512,20.0,open,61,1.0926367154540648,1.0921314939695237,0.0005052214845411296
512,20.0,open,62,1.2128260701379563,1.1968447747540274,0.015981295383928895
512,20.0,open,63,1.1388309574017985,1.1348138230498324,0.004017134351966156
512,20.0,corrected,0,1.0585418955182029,1.0583953244416824,0.0001465710765204964
512,20.0,corrected,1,1.177276006671824,1.1772377424472815,3.8264224542450265e-05
512,20.0,corrected,2,1.0857979605314014,1.0861451094933596,-0.0003471489619581991
512,20.0,corrected,3,1.1605885657007413,1.1604247815264523,0.0001637841742889723
512,20.0,corrected,4,1.212105585355979,1.211953871605438,0.00015171375054090497
512,20.0,corrected,5,1.0799367481158084,1.0796564899393417,0.0002802581764667078
512,20.0,corrected,6,1.1118791375981962,1.111983653752462,-0.00010451615426587679
512,20.0,corrected,7,1.116911692356992,1.1168356455417972,7.604681519479684e-05
512,20.0,corrected,8,1.178184941327009,1.1779799627071175,0.00020497861989143829
512,20.0,corrected,9,1.1106483253158763,1.1109611101024024,-0.0003127847865260769
512,20.0,corrected,10,1.2333193478552726,1.2329488717302748,0.00037047612499785387
512,20.0,corrected,11,1.0751108940835088,1.0750185322980421,9.236178546667695e-05
512,20.0,corrected,12,1.1352756325334372,1.1351160982824995,0.00015953425093773177
512,20.0,corrected,13,1.065919674246672,1.0655228125561809,0.00039686169049124587
512,20.0,corrected,14,1.1286071666503896,1.1284916290378921,0.00011553761249749606
512,20.0,corrected,15,1.095458942263213,1.0957193155733198,-0.000260373310106754
512,20.0,corrected,16,1.0958339794839322,1.0957848125968062,4.916688712608419e-05
512,20.0,corrected,17,1.218956981443998,1.2188208779910648,0.000136103452933245
512,20.0,corrected,18,1.1690725416802124,1.1689893344537576,8.32072264547179e-05
512,20.0,corrected,19,1.1715036232687515,1.1713793716164909,0.00012425165226059853
512,20.0,corrected,20,1.2282446275196628,1.2280042146836085,0.000240412836054249
512,20.0,corrected,21,1.1267102478638993,1.1268025019664987,-9.225410259938727e-05
512,20.0,corrected,22,1.088006456658485,1.088099274543564,-9.281788507897737e-05
512,20.0,corrected,23,1.078839300142986,1.0788574721830202,-1.817204003429218e-05
512,20.0,corrected,24,1.1646336460505122,1.1643991427556901,0.0002345032948221082
512,20.0,corrected,25,1.1897510770735258,1.1895670010504935,0.00018407602303227577
512,20.0,corrected,26,1.1196740801959335,1.1198106541465978,-0.00013657395066424272
512,20.0,corrected,27,1.1102582097175866,1.110515664821987,-0.00025745510440033925
512,20.0,corrected,28,1.0948768138507947,1.0948259986744397,5.081517635496802e-05
512,20.0,corrected,29,1.1203262526244484,1.120319496935648,6.755688800375026e-06
512,20.0,corrected,30,1.121244001392904,1.1208111416204818,0.0004328597724221339
512,20.0,corrected,31,1.087312475887421,1.0872114314938346,0.00010104439358649131
512,20.0,corrected,32,1.1110819970177834,1.1112951781134677,-0.00021318109568424504
512,20.0,corrected,33,1.0938678678425622,1.093947903687212,-8.003584464977287e-05
512,20.0,corrected,34,1.0904767943385918,1.0901984193056533,0.00027837503293848265
512,20.0,corrected,35,1.1783630416780675,1.1782133835764144,0.00014965810165312732
512,20.0,corrected,36,1.1177162340413316,1.1174054689902235,0.00031076505110805286
512,20.0,corrected,37,1.152727907763033,1.1525251247605781,0.00020278300245490932
512,20.0,corrected,38,1.0843391768096518,1.0843987280787055,-5.9551269053770284e-05
512,20.0,corrected,39,1.1312737986002532,1.1312988219514446,-2.5023351191366672e-05
512,20.0,corrected,40,1.06146001653127,1.0615008309688365,-4.0814437566538686e-05
512,20.0,corrected,41,1.113145832935936,1.1131607495302847,-1.491659434860182e-05
512,20.0,corrected,42,1.3404746894336157,1.3401261012553272,0.0003485881782885336
512,20.0,corrected,43,1.254498242077739,1.25442639846235,7.184361538903339e-05
512,20.0,corrected,44,1.075290122785159,1.075235339475718,5.478330944108656e-05
512,20.0,corrected,45,1.1165802324787368,1.1168107556792504,-0.0002305232005135327
512,20.0,corrected,46,1.1118441283637277,1.111756973334972,8.715502875578096e-05
512,20.0,corrected,47,1.1199451830402725,1.1198691282680253,7.605477224714718e-05
512,20.0,corrected,48,1.1876664562464092,1.1875919889423698,7.446730403937174e-05
512,20.0,corrected,49,1.073566936705236,1.0734446003010185,0.000122336404217549
512,20.0,corrected,50,1.2422888902996525,1.2422229363120114,6.595398764108751e-05
512,20.0,corrected,51,1.1931114231376774,1.1929255191902917,0.0001859039473857127
512,20.0,corrected,52,1.1539924582601082,1.1539936816227168,-1.223362608548939e-06
512,20.0,corrected,53,1.063830577227115,1.0637240294106527,0.00010654781646235456
512,20.0,corrected,54,1.1552622811679807,1.1554774640208254,-0.00021518285284471972
512,20.0,corrected,55,1.077949814847179,1.07795790909712,-8.094249940970855e-06
512,20.0,corrected,56,1.0653372884146137,1.0652844150810064,5.2873333607372786e-05
512,20.0,corrected,57,1.1223497354387102,1.122306419958049,4.331548066116575e-05
512,20.0,corrected,58,1.1393446636747453,1.1392269876996417,0.00011767597510359273
512,20.0,corrected,59,1.12385496459359,1.1239657090867166,-0.00011074449312653556
512,20.0,corrected,60,1.129666196045755,1.1298854699699061,-0.0002192739241511088
512,20.0,corrected,61,1.0921332022885029,1.0921314939695237,1.7083189791655684e-06
512,20.0,corrected,62,1.1972232748477798,1.1968447747540274,0.00037850009375239857
512,20.0,corrected,63,1.1351080156982865,1.1348138230498324,0.00029419264845409465
128,25.0,open,0,1.199850852632981,1.1308953708392808,0.06895548179370015
128,25.0,open,1,1.8693965209636103,2.0450851260487717,-0.17568860508516138
128,25.0,open,2,1.5570655868592587,1.4099860416646133,0.1470795451946454
128,25.0,open,3,1.798480216864771,1.9333556271210248,-0.1348754102562537
128,25.0,open,4,2.2873781945262723,2.385630462392715,-0.09825226786644281
128,25.0,open,5,1.3897973951941367,1.3741843257552755,0.015613069438861205
128,25.0,open,6,1.6140600266667267,1.3504766824655516,0.263583344201175
128,25.0,open,7,1.2803243415999694,1.069855650649134,0.21046869095083554
128,25.0,open,8,1.3693916925512888,1.513079722981922,-0.14368803043063316
128,25.0,open,9,0.9601583139622331,1.0726818807363554,-0.11252356677412234
128,25.0,open,10,1.5903058419840854,1.4096650304991252,0.18064081148496025
128,25.0,open,11,1.3816491146527041,1.2717162861050686,0.10993282854763553
128,25.0,open,12,1.6165949221452702,1.367400898097298,0.2491940240479722
128,25.0,open,13,1.07587303690965,1.0710892001799501,0.004783836729699953
128,25.0,open,14,1.4078059043162425,1.2682409821533986,0.13956492216284389
128,25.0,open,15,1.023621791639035,0.9220565474395228,0.1015652441995123
128,25.0,open,16,1.4245050770504621,1.316885462989004,0.10761961406145804
128,25.0,open,17,1.0466504620267107,0.9128973250562247,0.13375313697048608
128,25.0,open,18,1.356527605722202,1.1676303023212249,0.1888973034009771
128,25.0,open,19,1.6646914703546627,1.2424539163865909,0.42223755396807183
128,25.0,open,20,1.028104669263176,1.026417697896646,0.0016869713665299546
128,25.0,open,21,1.1002259339673757,1.174263594061583,-0.07403766009420742
128,25.0,open,22,1.0311055218568212,0.993266831082178,0.0378386907746433
128,25.0,open,23,1.3081995747825612,1.3948438649410129,-0.08664429015845165
128,25.0,open,24,1.6269566208217832,1.3952698578623415,0.23168676295944168
128,25.0,open,25,1.0060546310049199,0.9685085391007626,0.03754609190415725
128,25.0,open,26,1.6028663911562562,1.5148846334134602,0.08798175774279593
128,25.0,open,27,1.3871728451833334,1.390184802663186,-0.0030119574798526116
128,25.0,open,28,1.6013094965631578,1.4464806139341086,0.15482888262904915
128,25.0,open,29,1.369623843597806,1.3427884193916124,0.02683542420619367
128,25.0,open,30,1.5879877612496596,1.6095153131160607,-0.021527551866401096
128,25.0,open,31,1.4056034939926578,1.2523926325948187,0.15321086139783913
128,25.0,open,32,1.46015065187095,1.5641496857128043,-0.10399903384185438
128,25.0,open,33,1.239703728959791,1.12340793437308,0.11629579458671091
128,25.0,open,34,1.565794249208542,1.4109558423354163,0.15483840687312567
128,25.0,open,35,2.1856950046583856,2.0566845538210634,0.1290104508373222
128,25.0,open,36,1.084584662922717,0.9416112526195739,0.14297341030314303
128,25.0,open,37,1.7298684907288813,1.5508034150258763,0.179065075703005
128,25.0,open,38,1.1385912628006833,0.955662694330622,0.18292856847006134
128,25.0,open,39,1.758373255423747,1.4282061554600425,0.3301670999637045
128,25.0,open,40,1.2320114866848353,1.2539985638730238,-0.021987077188188486
128,25.0,open,41,1.3419718613012026,1.4128886884743304,-0.07091682717312775
128,25.0,open,42,2.155625002175988,2.830459723561745,-0.6748347213857571
128,25.0,open,43,2.843223355956476,2.4730381437690436,0.3701852121874323
128,25.0,open,44,1.3778016899425747,1.2599508267932022,0.11785086314937243
128,25.0,open,45,1.0659324523318006,1.0382530413686615,0.027679410963139084
128,25.0,open,46,1.2406095384488218,1.1689265817592087,0.07168295668961311
128,25.0,open,47,1.5352431144009404,1.5619709948283333,-0.026727880427392936
128,25.0,open,48,1.3586292944051754,1.2863289610698652,0.07230033333531027
128,25.0,open,49,1.3673241058198704,1.1672723694898806,0.20005173632998985
128,25.0,open,50,1.2903859456989368,1.2661597492936332,0.024226196405303657
128,25.0,open,51,1.4260054120068517,1.4549666206688037,-0.028961208661951954
128,25.0,open,52,1.288454466843205,1.153299807763988,0.13515465907921698
128,25.0,open,53,1.301307574670032,1.2434658543425323,0.05784172032749968
128,25.0,open,54,1.6041126932235852,1.586809349445701,0.017303343777884228
128,25.0,open,55,1.1008624004110377,1.0646363260798537,0.036226074331183966
128,25.0,open,56,1.3635225854879327,1.2127702190677168,0.15075236642021594
128,25.0,open,57,1.328188241197059,1.3947358439991653,-0.06654760280210636
128,25.0,open,58,1.9678450761035489,1.6847141033644626,0.2831309727390863
128,25.0,open,59,0.9983275522369738,1.000768282664643,-0.0024407304276691244
128,25.0,open,60,1.226197142231713,1.2162480170245362,0.009949125207176834
128,25.0,open,61,1.4362287256306234,1.4150499690136775,0.021178756616945904
128,25.0,open,62,1.7003273042349134,1.6841428145634876,0.016184489671425828
128,25.0,open,63,1.3636956479803113,1.5210041612780223,-0.157308513297711
128,25.0,corrected,0,1.1404762325799198,1.1308953708392808,0.00958086174063899
128,25.0,corrected,1,2.0445449031800234,2.0450851260487717,-0.0005402228687483301
128,25.0,corrected,2,1.3836458864691399,1.4099860416646133,-0.02634015519547339
128,25.0,corrected,3,1.939719145995352,1.9333556271210248,0.006363518874327179
128,25.0,corrected,4,2.3938780570133926,2.385630462392715,0.008247594620677479
128,25.0,corrected,5,1.4063675075646949,1.3741843257552755,0.03218318180941937
128,25.0,corrected,6,1.3420155216709722,1.3504766824655516,-0.008461160794579481
128,25.0,corrected,7,1.0710363052739258,1.069855650649134,0.001180654624791888
128,25.0,corrected,8,1.5297565015740322,1.513079722981922,0.016676778592110253
128,25.0,corrected,9,1.077828093991069,1.0726818807363554,0.005146213254713539
128,25.0,corrected,10,1.4194010890441071,1.4096650304991252,0.00973605854498194
128,25.0,corrected,11,1.2820791757236916,1.2717162861050686,0.010362889618622972
128,25.0,corrected,12,1.3586886806559595,1.367400898097298,-0.008712217441338543
128,25.0,corrected,13,1.079103924521172,1.0710892001799501,0.008014724341221857
128,25.0,corrected,14,1.296822761752503,1.2682409821533986,0.02858177959910435
128,25.0,corrected,15,0.922699511079117,0.9220565474395228,0.0006429636395941518
128,25.0,corrected,16,1.3118091500080187,1.316885462989004,-0.005076312980985431
128,25.0,corrected,17,0.9096868293071732,0.9128973250562247,-0.003210495749051523
128,25.0,corrected,18,1.1621951969662316,1.1676303023212249,-0.005435105354993253
128,25.0,corrected,19,1.2460166395425465,1.2424539163865909,0.003562723155955627
128,25.0,corrected,20,1.0231503326648963,1.026417697896646,-0.0032673652317496416
128,25.0,corrected,21,1.1777038131383268,1.174263594061583,0.0034402190767437446
128,25.0,corrected,22,0.982260477743131,0.993266831082178,-0.011006353339046981
128,25.0,corrected,23,1.3968993536759995,1.3948438649410129,0.0020554887349866213
128,25.0,corrected,24,1.3859028830162408,1.3952698578623415,-0.009366974846100717
128,25.0,corrected,25,0.9886533971706349,0.9685085391007626,0.020144858069872318
128,25.0,corrected,26,1.5278188604566685,1.5148846334134602,0.012934227043208235
128,25.0,corrected,27,1.3881683244761032,1.390184802663186,-0.0020164781870828374
128,25.0,corrected,28,1.4516029398170553,1.4464806139341086,0.005122325882946699
128,25.0,corrected,29,1.3358596270439804,1.3427884193916124,-0.006928792347631996
128,25.0,corrected,30,1.6046632642894183,1.6095153131160607,-0.004852048826642363
128,25.0,corrected,31,1.2417240019192062,1.2523926325948187,-0.010668630675612523
128,25.0,corrected,32,1.5798398239125124,1.5641496857128043,0.015690138199708104
128,25.0,corrected,33,1.131650783283409,1.12340793437308,0.008242848910329004
128,25.0,corrected,34,1.4157090441053302,1.4109558423354163,0.004753201769913895
128,25.0,corrected,35,2.0541636775402643,2.0566845538210634,-0.0025208762807991114
128,25.0,corrected,36,0.9591469602706295,0.9416112526195739,0.01753570765105561
128,25.0,corrected,37,1.5634999253148139,1.5508034150258763,0.01269651028893759
128,25.0,corrected,38,0.9610007574214791,0.955662694330622,0.005338063090857048
128,25.0,corrected,39,1.4267560228568368,1.4282061554600425,-0.0014501326032057005
128,25.0,corrected,40,1.2704701570015906,1.2539985638730238,0.01647159312856683
128,25.0,corrected,41,1.41504088489077,1.4128886884743304,0.002152196416439711
128,25.0,corrected,42,2.856901310912763,2.830459723561745,0.02644158735101776
128,25.0,corrected,43,2.5259104572002955,2.4730381437690436,0.05287231343125187
128,25.0,corrected,44,1.267693231104192,1.2599508267932022,0.0077424043109897145
128,25.0,corrected,45,1.040180650067945,1.0382530413686615,0.001927608699283434
128,25.0,corrected,46,1.1765006053368066,1.1689265817592087,0.007574023577597844
128,25.0,corrected,47,1.596295132668725,1.5619709948283333,0.034324137840391566
128,25.0,corrected,48,1.3181240647186245,1.2863289610698652,0.03179510364875937
128,25.0,corrected,49,1.1664775863940917,1.1672723694898806,-0.0007947830957888424
128,25.0,corrected,50,1.2893539313376674,1.2661597492936332,0.02319418204403423
128,25.0,corrected,51,1.4597015780720193,1.4549666206688037,0.004734957403215612
128,25.0,corrected,52,1.1356717725027372,1.153299807763988,-0.017628035261250785
128,25.0,corrected,53,1.2487978473285108,1.2434658543425323,0.005331992985978529
128,25.0,corrected,54,1.5875382512055447,1.586809349445701,0.0007289017598437475
128,25.0,corrected,55,1.0683303299368132,1.0646363260798537,0.0036940038569595046
128,25.0,corrected,56,1.2249526383628218,1.2127702190677168,0.012182419295104996
128,25.0,corrected,57,1.4209635670179728,1.3947358439991653,0.02622772301880749
128,25.0,corrected,58,1.6966244602126475,1.6847141033644626,0.011910356848184867
128,25.0,corrected,59,0.9751546792697702,1.000768282664643,-0.02561360339487273
128,25.0,corrected,60,1.184013193759372,1.2162480170245362,-0.032234823265164136
128,25.0,corrected,61,1.4311168267966303,1.4150499690136775,0.016066857782952804
128,25.0,corrected,62,1.6469943981346085,1.6841428145634876,-0.037148416428879116
128,25.0,corrected,63,1.517377275464068,1.5210041612780223,-0.003626885813954317
256,25.0,open,0,1.257879013848685,1.2653556502423093,-0.007476636393624281
256,25.0,open,1,1.9467007247015584,2.0450851260487717,-0.09838440134721327
256,25.0,open,2,1.5067707255560516,1.4099860416646133,0.09678468389143835
256,25.0,open,3,1.8608226121796974,1.9333556271210248,-0.07253301494132747
256,25.0,open,4,2.3717276756600616,2.385630462392715,-0.01390278673265355
256,25.0,open,5,1.441822081526712,1.3828946517800405,0.058927429746671534
256,25.0,open,6,1.4768918065571208,1.3504766824655516,0.1264151240915692
256,25.0,open,7,1.1837662741741701,1.0912820398494856,0.09248423432468456
256,25.0,open,8,1.42894738896238,1.513079722981922,-0.0841323340195419
256,25.0,open,9,1.5594737535763916,1.5443848156206916,0.015088937955699988
256,25.0,open,10,1.4993947326487091,1.4096650304991252,0.08972970214958398
256,25.0,open,11,1.339823951257597,1.2717162861050686,0.06810766515252831
256,25.0,open,12,1.8150763133128591,1.7067979710631713,0.1082783422496878
256,25.0,open,13,1.2922575392536373,1.2645150787861643,0.027742460467472974
256,25.0,open,14,1.7793753514269557,1.6233583327871526,0.1560170186398031
256,25.0,open,15,1.217536910034038,1.2026976361284187,0.014839273905619343
256,25.0,open,16,1.396710214586745,1.316885462989004,0.07982475159774083
256,25.0,open,17,1.4201977530700753,1.4480031163383824,-0.02780536326830707
256,25.0,open,18,1.266820560292464,1.1676303023212249,0.09919025797123915
256,25.0,open,19,1.4622802176037986,1.2424539163865909,0.2198263012172077
256,25.0,open,20,1.6205834022596686,1.7190739102269412,-0.09849050796727266
256,25.0,open,21,1.6660528716443852,1.6962099227302538,-0.030157051085868636
256,25.0,open,22,1.2556461498631166,1.2480254507166606,0.0076206991464560225
256,25.0,open,23,1.3598117324692758,1.3948438649410129,-0.03503213247173709
256,25.0,open,24,1.5433018889968706,1.3952698578623415,0.14803203113452912
256,25.0,open,25,2.1013231792927987,2.0972675785317993,0.004055600760999312
256,25.0,open,26,1.5637085901468883,1.5609597147149101,0.002748875431978215
256,25.0,open,27,1.3825861818681777,1.390184802663186,-0.007598620795008282
256,25.0,open,28,1.5305851155051855,1.4464806139341086,0.08410450157107685
256,25.0,open,29,1.3591525503087754,1.3427884193916124,0.016364130917162933
256,25.0,open,30,1.6051468840320295,1.6165611783052525,-0.011414294273222936
256,25.0,open,31,1.3323778448651284,1.2523926325948187,0.07998521227030975
256,25.0,open,32,1.5246637498078308,1.5641496857128043,-0.03948593590497351
256,25.0,open,33,1.1634443558815422,1.1269695231005905,0.03647483278095165
256,25.0,open,34,1.4878300216200133,1.4109558423354163,0.07687417928459706
256,25.0,open,35,2.1542430486109123,2.0566845538210634,0.0975584947898489
256,25.0,open,36,1.3178761014642701,1.374685285082072,-0.05680918361780196
256,25.0,open,37,1.6536848628683931,1.5508034150258763,0.10288144784251685
256,25.0,open,38,1.0689491119878711,1.1387424166456213,-0.06979330465775013
256,25.0,open,39,1.6199045572839994,1.4282061554600425,0.19169840182395692
256,25.0,open,40,1.2999326663279955,1.2539985638730238,0.04593410245497176
256,25.0,open,41,1.6456936669837074,1.5321071649524778,0.11358650203122966
256,25.0,open,42,3.4931065225860753,3.9858377780274767,-0.4927312554414014
256,25.0,open,43,2.738850110131438,2.4730381437690436,0.26581196636239435
256,25.0,open,44,1.3271891230243478,1.2599508267932022,0.06723829623114552
256,25.0,open,45,1.3007378253097883,1.396974189470179,-0.09623636416039072
256,25.0,open,46,1.209862965227412,1.1689265817592087,0.040936383468203275
256,25.0,open,47,1.6545712631010911,1.588473814045442,0.06609744905564918
256,25.0,open,48,2.1589453298363765,2.1003027049499488,0.0586426248864278
256,25.0,open,49,1.3405346813885515,1.3380697747726573,0.002464906615894158
256,25.0,open,50,1.2878273369790303,1.304054759219481,-0.016227422240450817
256,25.0,open,51,1.601323471691026,1.6121431428979545,-0.010819671206928394
256,25.0,open,52,1.2330108153035537,1.153299807763988,0.07971100753956573
256,25.0,open,53,1.3526105073294288,1.2812380152580871,0.07137249207134166
256,25.0,open,54,2.054906579477913,1.879593200293643,0.17531337918427004
256,25.0,open,55,1.1643348250390146,1.0646363260798537,0.09969849895916094
256,25.0,open,56,1.3309823108592884,1.2553259960841383,0.07565631477515011
256,25.0,open,57,1.5990811132736318,1.6541858115732828,-0.055104698299651034
256,25.0,open,58,1.8300911350327136,1.6847141033644626,0.145377031668251
256,25.0,open,59,1.2633547735033939,1.335161289972288,-0.07180651646889413
256,25.0,open,60,1.4453668309805003,1.3624247490492392,0.08294208193126118
256,25.0,open,61,1.4172339587710858,1.4150499690136775,0.0021839897574083
256,25.0,open,62,1.932993152225657,1.8140935859509397,0.1188995662747172
256,25.0,open,63,1.7747366367802566,1.7281509486744868,0.046585688105769796
256,25.0,corrected,0,1.2722550288397536,1.2653556502423093,0.006899378597444272
256,25.0,corrected,1,2.0491664794522197,2.0450851260487717,0.0040813534034480625
256,25.0,corrected,2,1.410560919490757,1.4099860416646133,0.0005748778261436271
256,25.0,corrected,3,1.9432381925212163,1.9333556271210248,0.009882565400191501
256,25.0,corrected,4,2.390363158264251,2.385630462392715,0.004732695871535686
256,25.0,corrected,5,1.3864783170956074,1.3828946517800405,0.003583665315566975
256,25.0,corrected,6,1.3518094168460109,1.3504766824655516,0.0013327343804592218
256,25.0,corrected,7,1.0933391677331614,1.0912820398494856,0.0020571278836758466
256,25.0,corrected,8,1.5140097931929186,1.513079722981922,0.0009300702109966696
256,25.0,corrected,9,1.5452133955624208,1.5443848156206916,0.0008285799417291351
256,25.0,corrected,10,1.4111714224691303,1.4096650304991252,0.0015063919700051276
256,25.0,corrected,11,1.2731894252446985,1.2717162861050686,0.0014731391396298754
256,25.0,corrected,12,1.7126014530818348,1.7067979710631713,0.005803482018663431
256,25.0,corrected,13,1.2709320311041805,1.2645150787861643,0.0064169523180162
256,25.0,corrected,14,1.618178010381408,1.6233583327871526,-0.0051803224057445085
256,25.0,corrected,15,1.2031295494968037,1.2026976361284187,0.00043191336838499517
256,25.0,corrected,16,1.3201028226337648,1.316885462989004,0.0032173596447606645
256,25.0,corrected,17,1.4472047071776155,1.4480031163383824,-0.0007984091607668997
256,25.0,corrected,18,1.1724953579364585,1.1676303023212249,0.004865055615233649
256,25.0,corrected,19,1.246729892681662,1.2424539163865909,0.004275976295071038
256,25.0,corrected,20,1.7214599225200913,1.7190739102269412,0.0023860122931500527
256,25.0,corrected,21,1.7021983470298898,1.6962099227302538,0.005988424299635975
256,25.0,corrected,22,1.2511130079431205,1.2480254507166606,0.003087557226459925
256,25.0,corrected,23,1.394121631555962,1.3948438649410129,-0.0007222333850509521
256,25.0,corrected,24,1.3968797880369366,1.3952698578623415,0.0016099301745950978
256,25.0,corrected,25,2.093651103280362,2.0972675785317993,-0.003616475251437379
256,25.0,corrected,26,1.564905045397303,1.5609597147149101,0.003945330682392889
256,25.0,corrected,27,1.3897504109029075,1.390184802663186,-0.00043439176027848525
256,25.0,corrected,28,1.4503906466767083,1.4464806139341086,0.003910032742599601
256,25.0,corrected,29,1.34752459724887,1.3427884193916124,0.004736177857257662
256,25.0,corrected,30,1.6200090339376227,1.6165611783052525,0.003447855632370267
256,25.0,corrected,31,1.2551573159011533,1.2523926325948187,0.0027646833063346143
256,25.0,corrected,32,1.5678742586733638,1.5641496857128043,0.0037245729605595024
256,25.0,corrected,33,1.1302497531480096,1.1269695231005905,0.0032802300474190638
256,25.0,corrected,34,1.411539294565679,1.4109558423354163,0.0005834522302627931
256,25.0,corrected,35,2.065109501571207,2.0566845538210634,0.008424947750143463
256,25.0,corrected,36,1.3797353772069345,1.374685285082072,0.005050092124862404
256,25.0,corrected,37,1.551403836090949,1.5508034150258763,0.0006004210650727426
256,25.0,corrected,38,1.1421468280884146,1.1387424166456213,0.0034044114427933536
256,25.0,corrected,39,1.433623263069305,1.4282061554600425,0.005417107609262617
256,25.0,corrected,40,1.2540937137670365,1.2539985638730238,9.514989401271379e-05
256,25.0,corrected,41,1.5358958822598885,1.5321071649524778,0.003788717307410705
256,25.0,corrected,42,4.005770848894548,3.9858377780274767,0.019933070867070857
256,25.0,corrected,43,2.478135689571116,2.4730381437690436,0.005097545802072556
256,25.0,corrected,44,1.2586290172581562,1.2599508267932022,-0.0013218095350460146
256,25.0,corrected,45,1.3982366445997125,1.396974189470179,0.0012624551295334907
256,25.0,corrected,46,1.1721843000731382,1.1689265817592087,0.003257718313929514
256,25.0,corrected,47,1.5927955371120555,1.588473814045442,0.004321723066613492
256,25.0,corrected,48,2.1016828977560094,2.1003027049499488,0.0013801928060606095
256,25.0,corrected,49,1.3378045333685584,1.3380697747726573,-0.00026524140409889263
256,25.0,corrected,50,1.3040153092987334,1.304054759219481,-3.944992074766951e-05
256,25.0,corrected,51,1.613312310802656,1.6121431428979545,0.0011691679047014514
256,25.0,corrected,52,1.154622125822429,1.153299807763988,0.0013223180584409633
256,25.0,corrected,53,1.2855582649880717,1.2812380152580871,0.004320249729984571
256,25.0,corrected,54,1.8847743313333563,1.879593200293643,0.005181131039713183
256,25.0,corrected,55,1.065331459656714,1.0646363260798537,0.0006951335768603517
256,25.0,corrected,56,1.2588439780649534,1.2553259960841383,0.003517981980815099
256,25.0,corrected,57,1.6562531280765318,1.6541858115732828,0.0020673165032489838
256,25.0,corrected,58,1.68572589882489,1.6847141033644626,0.0010117954604274004
256,25.0,corrected,59,1.339424494897891,1.335161289972288,0.004263204925603059
256,25.0,corrected,60,1.365256232037473,1.3624247490492392,0.00283148298823388
256,25.0,corrected,61,1.4233930406728958,1.4150499690136775,0.008343071659218326
256,25.0,corrected,62,1.8194341519648984,1.8140935859509397,0.005340566013958714
256,25.0,corrected,63,1.7334818482419465,1.7281509486744868,0.00533089956745969
512,25.0,open,0,1.303147163868427,1.2997276761761059,0.0034194876923212547
512,25.0,open,1,1.99592756657711,2.0450851260487717,-0.04915755947166178
512,25.0,open,2,1.4708119547154144,1.4099860416646133,0.060825913050801095
512,25.0,open,3,1.8975599709120903,1.9333556271210248,-0.035795656208934545
512,25.0,open,4,2.39059484635978,2.385630462392715,0.004964383967065
512,25.0,open,5,1.420820975068772,1.3828946517800405,0.03792632328873147
512,25.0,open,6,1.614075607983991,1.572199142859065,0.041876465124926154
512,25.0,open,7,1.583233043205689,1.6035048574060813,-0.02027181420039237
512,25.0,open,8,1.8073584094665511,1.8362984992315772,-0.028940089765026045
512,25.0,open,9,1.5538271105195363,1.5443848156206916,0.009442294898844628
512,25.0,open,10,2.464013577060449,2.519788421352314,-0.055774844291864856
512,25.0,open,11,1.3105827563572239,1.3277932950125684,-0.0172105386553445
512,25.0,open,12,1.771919879349837,1.7067979710631713,0.06512190828666564
512,25.0,open,13,1.2759570660939983,1.2645150787861643,0.011441987307833967
512,25.0,open,14,1.7111212065608103,1.6233583327871526,0.08776287377365777
512,25.0,open,15,1.4466165960263437,1.433136120177808,0.013480475848535844
512,25.0,open,16,1.4493943265863218,1.4066227064091716,0.042771620177150194
512,25.0,open,17,2.452526576103577,2.3881275310394043,0.06439904506417271
512,25.0,open,18,1.951370352375359,1.9675094594502156,-0.016139107074856662
512,25.0,open,19,1.9594198390937971,2.010324830623076,-0.05090499152927874
512,25.0,open,20,2.5225665789062663,2.5037745169703096,0.018792061935956728
512,25.0,open,21,1.6846734845036748,1.6962099227302538,-0.011536438226579016
512,25.0,open,22,1.4378176108123335,1.3983114613865033,0.039506149425830195
512,25.0,open,23,1.3776046208920676,1.3948438649410129,-0.01723924404894528
512,25.0,open,24,1.8675462739884665,1.895835364062286,-0.028289090073819523
512,25.0,open,25,2.0994263202165055,2.0972675785317993,0.0021587416847062
512,25.0,open,26,1.612864207467501,1.6053300476072612,0.007534159860239864
512,25.0,open,27,1.5788941546366617,1.5439291787829512,0.0349649758537105
512,25.0,open,28,1.4915673660233577,1.4464806139341086,0.04508675208924906
512,25.0,open,29,1.5619189827141546,1.6428276000235345,-0.08090861730937982
512,25.0,open,30,1.6124620068313686,1.6165611783052525,-0.004099171473883834
512,25.0,open,31,1.4323844721367682,1.3946888581930947,0.03769561394367349
512,25.0,open,32,1.5711312201881638,1.5641496857128043,0.00698153447535943
512,25.0,open,33,1.5050883852465704,1.4443301355583387,0.060758249688231736
512,25.0,open,34,1.450577708835772,1.4109558423354163,0.03962186650035582
512,25.0,open,35,2.1167014292930926,2.0566845538210634,0.06001687547202916
512,25.0,open,36,1.561652222342127,1.6040607661642603,-0.04240854382213333
512,25.0,open,37,1.7764558420078804,1.8296510682119247,-0.053195226204044266
512,25.0,open,38,1.4183987014319401,1.4084578941342838,0.00994080729765634
512,25.0,open,39,1.660988446039074,1.6334859857504762,0.02750246028859782
512,25.0,open,40,1.2742070949090674,1.2539985638730238,0.020208531036043587
512,25.0,open,41,1.5984072383920727,1.5321071649524778,0.06630007343959488
512,25.0,open,42,3.719080322099903,3.9858377780274767,-0.2667574559275736
512,25.0,open,43,2.6355586514323943,2.7653843180226296,-0.1298256665902353
512,25.0,open,44,1.3475512976395472,1.3733594345626148,-0.025808136923067604
512,25.0,open,45,1.565499530967972,1.6037929711957137,-0.038293440227741726
512,25.0,open,46,1.5177893384441792,1.5694361437509987,-0.05164680530681953
512,25.0,open,47,1.6284127374590356,1.588473814045442,0.03993892341359362
512,25.0,open,48,2.1422127200318233,2.1003027049499488,0.04191001508187453
512,25.0,open,49,1.3405231799639654,1.3380697747726573,0.0024534051913081
512,25.0,open,50,2.7171761765561424,2.5895211829134763,0.12765499364266608
512,25.0,open,51,2.2264033890505694,2.1160080475813214,0.11039534146924801
512,25.0,open,52,1.8237145194414035,1.8331527113299932,-0.009438191888589742
512,25.0,open,53,1.3221311153489532,1.2812380152580871,0.04089310009086611
512,25.0,open,54,1.9851132020143283,1.879593200293643,0.10552000172068521
512,25.0,open,55,1.3488948580892788,1.335652357717,0.013242500372278698
512,25.0,open,56,1.2956118657498756,1.2553259960841383,0.04028586966573733
512,25.0,open,57,1.6294851821763772,1.6541858115732828,-0.02470062939690565
512,25.0,open,58,1.7657324738264208,1.6847141033644626,0.08101837046195826
512,25.0,open,59,1.6117209936229404,1.6894031613717466,-0.07768216774880621
512,25.0,open,60,1.6372223462127644,1.618552432058248,0.018669914154516354
512,25.0,open,61,1.4138478489086073,1.4150499690136775,-0.001202120105070259
512,25.0,open,62,2.2767350814943748,2.1202993359476374,0.15643574554673734
512,25.0,open,63,1.7532395444101105,1.7281509486744868,0.02508859573562372
512,25.0,corrected,0,1.301054561148368,1.2997276761761059,0.0013268849722620768
512,25.0,corrected,1,2.0473080166964777,2.0450851260487717,0.0022228906477059773
512,25.0,corrected,2,1.410605873512428,1.4099860416646133,0.000619831847814778
512,25.0,corrected,3,1.9369380353822028,1.9333556271210248,0.0035824082611779495
512,25.0,corrected,4,2.3892155686472174,2.385630462392715,0.003585106254502257
512,25.0,corrected,5,1.3858313716779438,1.3828946517800405,0.0029367198979033393
512,25.0,corrected,6,1.5732502575296126,1.572199142859065,0.001051114670547637
512,25.0,corrected,7,1.6058370985094388,1.6035048574060813,0.002332241103357502
512,25.0,corrected,8,1.8383514686257367,1.8362984992315772,0.002052969394159554
512,25.0,corrected,9,1.5438795332531445,1.5443848156206916,-0.0005052823675470997
512,25.0,corrected,10,2.525180841085618,2.519788421352314,0.005392419733303733
512,25.0,corrected,11,1.3294978598648748,1.3277932950125684,0.0017045648523064116
512,25.0,corrected,12,1.7093715309802548,1.7067979710631713,0.0025735599170835233
512,25.0,corrected,13,1.2683242551604001,1.2645150787861643,0.0038091763742358342
512,25.0,corrected,14,1.625506200170483,1.6233583327871526,0.002147867383330393
512,25.0,corrected,15,1.4339496337914133,1.433136120177808,0.0008135136136053767
512,25.0,corrected,16,1.408478728225447,1.4066227064091716,0.0018560218162753106
512,25.0,corrected,17,2.3919536959731795,2.3881275310394043,0.003826164933775189
512,25.0,corrected,18,1.9698786421908103,1.9675094594502156,0.002369182740594722
512,25.0,corrected,19,2.013040717404424,2.010324830623076,0.0027158867813481535
512,25.0,corrected,20,2.510315345404731,2.5037745169703096,0.006540828434421275
512,25.0,corrected,21,1.696892383055896,1.6962099227302538,0.0006824603256421202
512,25.0,corrected,22,1.3989872287664764,1.3983114613865033,0.0006757673799731023
512,25.0,corrected,23,1.3963156455279275,1.3948438649410129,0.0014717805869146616
512,25.0,corrected,24,1.8997132044520482,1.895835364062286,0.0038778403897621327
512,25.0,corrected,25,2.1009971614040164,2.0972675785317993,0.00372958287221703
512,25.0,corrected,26,1.6064030634294435,1.6053300476072612,0.0010730158221823327
512,25.0,corrected,27,1.5443218258323728,1.5439291787829512,0.00039264704942154616
512,25.0,corrected,28,1.4481921401234226,1.4464806139341086,0.0017115261893139166
512,25.0,corrected,29,1.6441584858056795,1.6428276000235345,0.0013308857821450193
512,25.0,corrected,30,1.620610682506431,1.6165611783052525,0.004049504201178555
512,25.0,corrected,31,1.3968005987121073,1.3946888581930947,0.0021117405190125282
512,25.0,corrected,32,1.56410359623683,1.5641496857128043,-4.608947597439794e-05
512,25.0,corrected,33,1.4443758571359584,1.4443301355583387,4.572157761972839e-05
512,25.0,corrected,34,1.413329109613536,1.4109558423354163,0.002373267278119817
512,25.0,corrected,35,2.0607517623266256,2.0566845538210634,0.004067208505562192
512,25.0,corrected,36,1.6072175323769193,1.6040607661642603,0.0031567662126590346
512,25.0,corrected,37,1.8321430852971827,1.8296510682119247,0.002492017085258036
512,25.0,corrected,38,1.4095198133932483,1.4084578941342838,0.0010619192589644832
512,25.0,corrected,39,1.6335200858288872,1.6334859857504762,3.410007841098128e-05
512,25.0,corrected,40,1.2550527710804844,1.2539985638730238,0.0010542072074606335
512,25.0,corrected,41,1.5321762617420276,1.5321071649524778,6.909678954980514e-05
512,25.0,corrected,42,3.9955112415036877,3.9858377780274767,0.009673463476211008
512,25.0,corrected,43,2.769311244010206,2.7653843180226296,0.0039269259875762685
512,25.0,corrected,44,1.3748205529307993,1.3733594345626148,0.001461118368184522
512,25.0,corrected,45,1.604059163628863,1.6037929711957137,0.00026619243314929264
512,25.0,corrected,46,1.5709985169242293,1.5694361437509987,0.0015623731732306023
512,25.0,corrected,47,1.5900262514930126,1.588473814045442,0.0015524374475706093
512,25.0,corrected,48,2.104277093742143,2.1003027049499488,0.003974388792194361
512,25.0,corrected,49,1.3400382070686447,1.3380697747726573,0.001968432295987421
512,25.0,corrected,50,2.5931272079895296,2.5895211829134763,0.003606025076053232
512,25.0,corrected,51,2.1200573199576023,2.1160080475813214,0.0040492723762808325
512,25.0,corrected,52,1.8352340858253424,1.8331527113299932,0.0020813744953491753
512,25.0,corrected,53,1.283143178148153,1.2812380152580871,0.0019051628900659257
512,25.0,corrected,54,1.8798372085188109,1.879593200293643,0.00024400822516779108
512,25.0,corrected,55,1.3367916108300526,1.335652357717,0.0011392531130525185
512,25.0,corrected,56,1.2570622700382639,1.2553259960841383,0.0017362739541255667
512,25.0,corrected,57,1.6560215985304023,1.6541858115732828,0.0018357869571195007
512,25.0,corrected,58,1.6868631519331851,1.6847141033644626,0.002149048568722556
512,25.0,corrected,59,1.690641863096001,1.6894031613717466,0.001238701724254332
512,25.0,corrected,60,1.6190861095285274,1.618552432058248,0.0005336774702793257
512,25.0,corrected,61,1.4165174076754883,1.4150499690136775,0.0014674386618107604
512,25.0,corrected,62,2.125335311287539,2.1202993359476374,0.005035975339901633
512,25.0,corrected,63,1.7313338074610256,1.7281509486744868,0.003182858786538789
128,30.0,open,0,1.5622419925979474,1.0174332561021113,0.544808736495836
128,30.0,open,1,22.282680559137113,19.502374493776205,2.7803060653609073
128,30.0,open,2,11.56434373793554,5.416671466605697,6.147672271329842
128,30.0,open,3,25.877406934419913,20.88598002330122,4.991426911118694
128,30.0,open,4,22.409919650710886,15.838142550851584,6.571777099859302
128,30.0,open,5,3.133761108113978,4.202466055332665,-1.068704947218687
128,30.0,open,6,17.07467113287339,3.548283630589946,13.526387502283445
128,30.0,open,7,2.5068327004614512,1.0502880748755228,1.4565446255859285
128,30.0,open,8,4.068396217517824,6.1432453470625,-2.074849129544676
128,30.0,open,9,0.8786584829773697,0.5829728523222518,0.2956856306551179
128,30.0,open,10,11.811408372313286,5.225805449590083,6.585602922723203
128,30.0,open,11,4.592255553761977,2.493096159069777,2.0991593946922005
128,30.0,open,12,6.7824843446239855,3.601500004297197,3.1809843403267886
128,30.0,open,13,0.7070562855324599,0.7902576374841058,-0.08320135195164591
128,30.0,open,14,4.689141028625709,1.5068367320532159,3.182304296572493
128,30.0,open,15,0.9591313114303893,0.5556735218980913,0.40345778953229805
128,30.0,open,16,6.0398429029342084,3.6284181803321585,2.41142472260205
128,30.0,open,17,1.0104718700593176,0.3378279005842851,0.6726439694750326
128,30.0,open,18,4.041186781648863,1.6713176087847328,2.3698691728641297
128,30.0,open,19,22.534053915214965,1.982281537916392,20.551772377298573
128,30.0,open,20,0.8990376244153255,0.5064474180349012,0.3925902063804243
128,30.0,open,21,0.5267633143708828,0.3322529333613184,0.19451038100956436
128,30.0,open,22,0.7901649651231125,0.7604367703631939,0.029728194759918614
128,30.0,open,23,3.321483355666643,4.862412278919976,-1.540928923253333
128,30.0,open,24,18.078791152290215,4.7984995921762765,13.280291560113938
128,30.0,open,25,1.1679736176445592,0.6794617809580212,0.48851183668653797
128,30.0,open,26,14.050732548400857,8.166276079786048,5.884456468614809
128,30.0,open,27,4.760844985616253,4.312591101220541,0.44825388439571245
128,30.0,open,28,14.13792279644284,6.17382280160851,7.9640999948343305
128,30.0,open,29,4.4311656504059345,3.4430115532295407,0.9881540971763938
128,30.0,open,30,13.651433020386577,8.73647072358397,4.9149622968026065
128,30.0,open,31,5.632909161381677,2.536808699396025,3.096100461985652
128,30.0,open,32,6.080301588161086,10.694207833733852,-4.613906245572767
128,30.0,open,33,2.2024804565159415,1.577893925822634,0.6245865306933074
128,30.0,open,34,12.425877350875593,5.143492775665797,7.282384575209797
128,30.0,open,35,16.52289435305875,15.178154667431851,1.344739685626898
128,30.0,open,36,1.2183238838319652,0.4043864788760618,0.8139374049559034
128,30.0,open,37,21.87240555407955,11.01818830090304,10.85421725317651
128,30.0,open,38,1.5087378658484996,0.6214431762305411,0.8872946896179584
128,30.0,open,39,23.222735536115383,5.575186183055595,17.647549353059787
128,30.0,open,40,2.418246181451528,2.59814654874604,-0.1799003672945121
128,30.0,open,41,2.483694594709459,1.99922844464014,0.4844661500693188
128,30.0,open,42,1.5757371416392223,1.8474849240030808,-0.27174778236385855
128,30.0,open,43,22.707526714580265,19.916132944895867,2.7913937696843973
128,30.0,open,44,4.605463712168193,2.563711122580578,2.041752589587615
128,30.0,open,45,1.0462854385697749,0.4910050743023953,0.5552803642673796
128,30.0,open,46,2.5702878669061504,1.849509013357013,0.7207788535491375
128,30.0,open,47,0.8498613971963884,5.563163310756627,-4.7133019135602385
128,30.0,open,48,3.866012464799758,2.6537981309329024,1.2122143338668554
128,30.0,open,49,1.5319619698908995,1.3450190391660288,0.18694293072487067
128,30.0,open,50,2.667424066310386,2.012755576830148,0.6546684894802381
128,30.0,open,51,0.6996210015921196,0.5546964959060431,0.1449245056860765
128,30.0,open,52,3.444267698121548,1.8109101020158946,1.6333575961056535
128,30.0,open,53,2.1270178927170043,2.3837403821250445,-0.2567224894080402
128,30.0,open,54,15.161433869460792,13.438067820928358,1.7233660485324336
128,30.0,open,55,1.357007220631969,1.2843855613505366,0.07262165928143238
128,30.0,open,56,2.720383176254318,1.7466881365714364,0.9736950396828814
128,30.0,open,57,2.077430485203691,1.576791735325291,0.5006387498784002
128,30.0,open,58,16.5333203320311,23.528968358479524,-6.995648026448425
128,30.0,open,59,0.8698194296541998,0.8449599467923752,0.0248594828618246
128,30.0,open,60,0.7897983620234205,1.3544895001828485,-0.5646911381594281
128,30.0,open,61,6.251508445255592,5.136774948494123,1.1147334967614686
128,30.0,open,62,0.9409575811489124,1.6375230542631434,-0.696565473114231
128,30.0,open,63,0.7491552900948051,1.215227154831291,-0.4660718647364859
128,30.0,corrected,0,1.0720046585205996,1.0174332561021113,0.054571402418488235
128,30.0,corrected,1,16.704075535593894,19.502374493776205,-2.7982989581823112
128,30.0,corrected,2,4.5558313099875,5.416671466605697,-0.8608401566181971
128,30.0,corrected,3,21.282690430080393,20.88598002330122,0.39671040677917446
128,30.0,corrected,4,16.8646938438424,15.838142550851584,1.0265512929908152
128,30.0,corrected,5,4.782695007279533,4.202466055332665,0.580228951946868
128,30.0,corrected,6,3.4498154599953543,3.548283630589946,-0.09846817059459179
128,30.0,corrected,7,1.1150926072341525,1.0502880748755228,0.06480453235862971
128,30.0,corrected,8,7.239132259592662,6.1432453470625,1.0958869125301618
128,30.0,corrected,9,0.5841921453822159,0.5829728523222518,0.001219293059964044
128,30.0,corrected,10,5.748135575701094,5.225805449590083,0.5223301261110116
128,30.0,corrected,11,2.678128971065594,2.493096159069777,0.18503281199581734
128,30.0,corrected,12,3.3831293363505788,3.601500004297197,-0.2183706679466182
128,30.0,corrected,13,0.7731184615795262,0.7902576374841058,-0.017139175904579584
128,30.0,corrected,14,1.3534016083575708,1.5068367320532159,-0.15343512369564505
128,30.0,corrected,15,0.5630567664688976,0.5556735218980913,0.007383244570806302
128,30.0,corrected,16,3.447329991900838,3.6284181803321585,-0.18108818843132024
128,30.0,corrected,17,0.35000917984201957,0.3378279005842851,0.01218127925773449
128,30.0,corrected,18,1.6292508298258233,1.6713176087847328,-0.042066778958909534
128,30.0,corrected,19,1.96748826430686,1.982281537916392,-0.014793273609531976
128,30.0,corrected,20,0.5131380417942992,0.5064474180349012,0.006690623759397996
128,30.0,corrected,21,0.3483233417055452,0.3322529333613184,0.016070408344226794
128,30.0,corrected,22,0.7024047060780972,0.7604367703631939,-0.05803206428509666
128,30.0,corrected,23,5.019746635257653,4.862412278919976,0.15733435633767723
128,30.0,corrected,24,4.471734107729556,4.7984995921762765,-0.32676548444672093
128,30.0,corrected,25,0.6521264258521993,0.6794617809580212,-0.027335355105821968
128,30.0,corrected,26,9.432515498478482,8.166276079786048,1.2662394186924342
128,30.0,corrected,27,4.49427224167238,4.312591101220541,0.1816811404518397
128,30.0,corrected,28,6.556124364008966,6.17382280160851,0.382301562400456
128,30.0,corrected,29,3.494985099479253,3.4430115532295407,0.0519735462497124
128,30.0,corrected,30,10.667611972589858,8.73647072358397,1.9311412490058881
128,30.0,corrected,31,2.4248959406643964,2.536808699396025,-0.11191275873162843
128,30.0,corrected,32,11.862411074778624,10.694207833733852,1.1682032410447718
128,30.0,corrected,33,1.6735397685276214,1.577893925822634,0.09564584270498733
128,30.0,corrected,34,5.683599425087037,5.143492775665797,0.5401066494212401
128,30.0,corrected,35,16.938704696582995,15.178154667431851,1.760550029151144
128,30.0,corrected,36,0.45018819109758706,0.4043864788760618,0.04580171222152529
128,30.0,corrected,37,12.56520338422392,11.01818830090304,1.547015083320881
128,30.0,corrected,38,0.7045736158186421,0.6214431762305411,0.08313043958810096
128,30.0,corrected,39,5.79247049344654,5.575186183055595,0.2172843103909452
128,30.0,corrected,40,2.901053139210717,2.59814654874604,0.30290659046467683
128,30.0,corrected,41,2.0853503862602762,1.99922844464014,0.0861219416201362
128,30.0,corrected,42,2.5202671464210935,1.8474849240030808,0.6727822224180127
128,30.0,corrected,43,17.732163571394416,19.916132944895867,-2.1839693735014514
128,30.0,corrected,44,2.8031793987693896,2.563711122580578,0.2394682761888114
128,30.0,corrected,45,0.49503212776240707,0.4910050743023953,0.004027053460011754
128,30.0,corrected,46,1.956877045039075,1.849509013357013,0.10736803168206199
128,30.0,corrected,47,5.610940451663272,5.563163310756627,0.04777714090664542
128,30.0,corrected,48,3.3147397242181555,2.6537981309329024,0.6609415932852531
128,30.0,corrected,49,1.2787463757536917,1.3450190391660288,-0.06627266341233717
128,30.0,corrected,50,2.2770755491913137,2.012755576830148,0.2643199723611658
128,30.0,corrected,51,0.5398930606336269,0.5546964959060431,-0.014803435272416232
128,30.0,corrected,52,1.662967456737298,1.8109101020158946,-0.14794264527859657
128,30.0,corrected,53,2.4957575772134404,2.3837403821250445,0.11201719508839592
128,30.0,corrected,54,14.082323448900238,13.438067820928358,0.6442556279718801
128,30.0,corrected,55,1.2928159294458168,1.2843855613505366,0.008430368095280194
128,30.0,corrected,56,1.8685430769528786,1.7466881365714364,0.12185494038144218
128,30.0,corrected,57,1.619860886473453,1.576791735325291,0.04306915114816201
128,30.0,corrected,58,25.43928226928702,23.528968358479524,1.9103139108074956
128,30.0,corrected,59,0.6964048709410229,0.8449599467923752,-0.1485550758513523
128,30.0,corrected,60,1.344280186482283,1.3544895001828485,-0.010209313700565437
128,30.0,corrected,61,5.712756672511006,5.136774948494123,0.5759817240168825
128,30.0,corrected,62,1.274765988797324,1.6375230542631434,-0.36275706546581943
128,30.0,corrected,63,1.3041438058146628,1.215227154831291,0.08891665098337187
256,30.0,open,0,2.7070000692103102,2.71437932582236,-0.007379256612049634
256,30.0,open,1,17.864266431032547,19.502374493776205,-1.6381080627436582
256,30.0,open,2,9.551414294134466,5.416671466605697,4.134742827528768
256,30.0,open,3,21.294463213121656,20.88598002330122,0.4084831898204371
256,30.0,open,4,17.21974740414717,15.838142550851584,1.3816048532955865
256,30.0,open,5,6.420330395416111,4.8178476201320315,1.6024827752840798
256,30.0,open,6,6.621619827460384,3.548283630589946,3.0733361968704376
256,30.0,open,7,1.6976082367076768,1.2053991537139614,0.49220908299371535
256,30.0,open,8,4.725229381565498,6.1432453470625,-1.418015965497002
256,30.0,open,9,11.564636771216565,10.241062272247587,1.323574498968977
256,30.0,open,10,7.817733446884935,5.225805449590083,2.591927997294852
256,30.0,open,11,3.6311743852970317,2.5666177483246964,1.0645566369723354
256,30.0,open,12,19.79219458053988,24.411257805388125,-4.619063224848244
256,30.0,open,13,3.1892453753459806,2.6948261867052654,0.4944191886407152
256,30.0,open,14,24.158921065830132,15.975422054397994,8.183499011432138
256,30.0,open,15,2.2435300149247306,2.059775459771413,0.1837545551533175
256,30.0,open,16,5.502207556708858,3.6284181803321585,1.8737893763766995
256,30.0,open,17,5.131630268143535,5.672602435610763,-0.5409721674672276
256,30.0,open,18,2.676945872115437,1.6713176087847328,1.0056282633307043
256,30.0,open,19,6.459596424963371,1.982281537916392,4.477314887046979
256,30.0,open,20,14.82193491917501,19.366150984016443,-4.544216064841432
256,30.0,open,21,16.466395929008385,20.242355565297455,-3.7759596362890697
256,30.0,open,22,2.7081265155285186,2.158602465865829,0.5495240496626894
256,30.0,open,23,4.21560618674741,4.862412278919976,-0.6468060921725662
256,30.0,open,24,10.777069562179728,4.7984995921762765,5.978569970003451
256,30.0,open,25,20.669401535900167,19.44874715147895,1.2206543844212163
256,30.0,open,26,10.672036467447409,8.166276079786048,2.505760387661361
256,30.0,open,27,4.424204182316701,4.312591101220541,0.1116130810961602
256,30.0,open,28,10.072120784423493,6.17382280160851,3.8982979828149835
256,30.0,open,29,4.035848068231181,3.4430115532295407,0.5928365150016406
256,30.0,open,30,15.136152408114228,17.013204437528678,-1.8770520294144504
256,30.0,open,31,3.7994384625251896,2.536808699396025,1.2626297631291648
256,30.0,open,32,8.570336281791539,10.694207833733852,-2.1238715519423135
256,30.0,open,33,1.7046322581413254,1.577893925822634,0.12673833231869125
256,30.0,open,34,7.364201857431979,5.143492775665797,2.2207090817661825
256,30.0,open,35,15.241201577567377,15.178154667431851,0.06304691013552599
256,30.0,open,36,3.321405348775781,3.9896347742086493,-0.6682294254328682
256,30.0,open,37,19.84688142052127,11.01818830090304,8.828693119618231
256,30.0,open,38,1.0068941222778105,1.3233323205907046,-0.3164381983128941
256,30.0,open,39,18.600878296514427,5.575186183055595,13.025692113458831
256,30.0,open,40,2.962952803434069,2.59814654874604,0.3648062546880291
256,30.0,open,41,19.647003168777566,10.016705324448626,9.63029784432894
256,30.0,open,42,15.651595627478814,17.436063761417124,-1.7844681339383097
256,30.0,open,43,19.11799044353399,19.916132944895867,-0.7981425013618768
256,30.0,open,44,3.4760666293881495,2.563711122580578,0.9123555068075713
256,30.0,open,45,2.609924740244871,3.489161031498683,-0.8792362912538119
256,30.0,open,46,2.2498863465966155,1.849509013357013,0.40037733323960256
256,30.0,open,47,16.75090290989483,11.76266138166858,4.988241528226249
256,30.0,open,48,19.432357209987583,19.836762127916767,-0.40440491792918465
256,30.0,open,49,3.945664766436211,3.760867351962199,0.18479741447401166
256,30.0,open,50,2.9115257227180047,3.056762973327262,-0.14523725060925718
256,30.0,open,51,12.630189279449842,14.21915754198112,-1.588968262531278
256,30.0,open,52,2.6118695978990454,1.8109101020158946,0.8009594958831507
256,30.0,open,53,4.0912821830149655,2.773414795884115,1.3178673871308506
256,30.0,open,54,16.067369422429476,14.368387896880622,1.698981525548854
256,30.0,open,55,1.7613190662444504,1.2843855613505366,0.47693350489391384
256,30.0,open,56,3.5199247265657765,2.485610164339415,1.0343145622263616
256,30.0,open,57,13.371123703515549,18.701792422579185,-5.330668719063636
256,30.0,open,58,13.75451452786327,23.528968358479524,-9.774453830616254
256,30.0,open,59,2.182657007063387,1.7242669849813206,0.4583900220820665
256,30.0,open,60,6.428735128826382,4.105712602360011,2.323022526466371
256,30.0,open,61,5.4958134776917005,5.136774948494123,0.3590385291975773
256,30.0,open,62,16.944386407816985,16.72699808175206,0.2173883260649241
256,30.0,open,63,19.68184405597255,20.999106740158492,-1.3172626841859412
256,30.0,corrected,0,2.8315817459032,2.71437932582236,0.11720242008084014
256,30.0,corrected,1,19.270843923296393,19.502374493776205,-0.23153057047981207
256,30.0,corrected,2,5.529532691321533,5.416671466605697,0.11286122471583582
256,30.0,corrected,3,20.26698842664007,20.88598002330122,-0.6189915966611501
256,30.0,corrected,4,16.176699485934563,15.838142550851584,0.3385569350829787
256,30.0,corrected,5,5.020409852644755,4.8178476201320315,0.2025622325127232
256,30.0,corrected,6,3.6256813371968644,3.548283630589946,0.07739770660691825
256,30.0,corrected,7,1.223188325218276,1.2053991537139614,0.017789171504314583
256,30.0,corrected,8,6.331827464064382,6.1432453470625,0.1885821170018822
256,30.0,corrected,9,10.492577619698089,10.241062272247587,0.25151534745050164
256,30.0,corrected,10,5.292742479066036,5.225805449590083,0.06693702947595348
256,30.0,corrected,11,2.614578557842046,2.5666177483246964,0.04796080951734982
256,30.0,corrected,12,24.996072417218766,24.411257805388125,0.584814611830641
256,30.0,corrected,13,2.815364305083519,2.6948261867052654,0.12053811837825368
256,30.0,corrected,14,15.866271748202982,15.975422054397994,-0.10915030619501209
256,30.0,corrected,15,2.102098795320711,2.059775459771413,0.04232333554929779
256,30.0,corrected,16,3.716189714453291,3.6284181803321585,0.0877715341211327
256,30.0,corrected,17,5.75712430560192,5.672602435610763,0.08452186999115696
256,30.0,corrected,18,1.7262851530050012,1.6713176087847328,0.054967544220268394
256,30.0,corrected,19,2.037789543276481,1.982281537916392,0.05550800536008915
256,30.0,corrected,20,20.005300539902162,19.366150984016443,0.6391495558857194
256,30.0,corrected,21,21.022646801290517,20.242355565297455,0.7802912359930616
256,30.0,corrected,22,2.2311949919063636,2.158602465865829,0.07259252604053446
256,30.0,corrected,23,4.979691913584831,4.862412278919976,0.1172796346648548
256,30.0,corrected,24,4.937204807169505,4.7984995921762765,0.1387052149932284
256,30.0,corrected,25,19.565159841009784,19.44874715147895,0.11641268953083284
256,30.0,corrected,26,8.360448874472706,8.166276079786048,0.19417279468665782
256,30.0,corrected,27,4.398965332275036,4.312591101220541,0.08637423105449571
256,30.0,corrected,28,6.53667430551488,6.17382280160851,0.36285150390637
256,30.0,corrected,29,3.5689888540218218,3.4430115532295407,0.1259773007922811
256,30.0,corrected,30,17.8301885938285,17.013204437528678,0.8169841562998208
256,30.0,corrected,31,2.6011664639870054,2.536808699396025,0.06435776459098053
256,30.0,corrected,32,11.037664500047738,10.694207833733852,0.3434566663138856
256,30.0,corrected,33,1.6134938631661344,1.577893925822634,0.03559993734350031
256,30.0,corrected,34,5.302318672680381,5.143492775665797,0.1588258970145846
256,30.0,corrected,35,15.423114652884758,15.178154667431851,0.24495998545290654
256,30.0,corrected,36,4.1572767934781005,3.9896347742086493,0.16764201926945121
256,30.0,corrected,37,11.25987184843531,11.01818830090304,0.24168354753227028
256,30.0,corrected,38,1.3601015447473168,1.3233323205907046,0.03676922415661221
256,30.0,corrected,39,5.856239368553374,5.575186183055595,0.2810531854977789
256,30.0,corrected,40,2.643310679118313,2.59814654874604,0.04516413037227318
256,30.0,corrected,41,10.476682182498834,10.016705324448626,0.45997685805020794
256,30.0,corrected,42,19.00728451360056,17.436063761417124,1.5712207521834358
256,30.0,corrected,43,18.75253922235965,19.916132944895867,-1.1635937225362163
256,30.0,corrected,44,2.576306550323279,2.563711122580578,0.012595427742700949
256,30.0,corrected,45,3.582217109039441,3.489161031498683,0.09305607754075806
256,30.0,corrected,46,1.8928984464454794,1.849509013357013,0.043389433088466545
256,30.0,corrected,47,12.265999868390812,11.76266138166858,0.5033384867222317
256,30.0,corrected,48,19.874780489757757,19.836762127916767,0.03801836184099017
256,30.0,corrected,49,3.866326554967382,3.760867351962199,0.10545920300518308
256,30.0,corrected,50,3.117442269580228,3.056762973327262,0.060679296252966086
256,30.0,corrected,51,14.805633954530201,14.21915754198112,0.5864764125490805
256,30.0,corrected,52,1.8329617961830367,1.8109101020158946,0.022051694167142033
256,30.0,corrected,53,2.8807229922050626,2.773414795884115,0.10730819632094768
256,30.0,corrected,54,14.136316731715063,14.368387896880622,-0.23207116516555892
256,30.0,corrected,55,1.299610288624445,1.2843855613505366,0.015224727273908334
256,30.0,corrected,56,2.564953308755801,2.485610164339415,0.07934314441638612
256,30.0,corrected,57,19.129808731516448,18.701792422579185,0.42801630893726283
256,30.0,corrected,58,24.10265260825161,23.528968358479524,0.5736842497720858
256,30.0,corrected,59,1.7318803678954875,1.7242669849813206,0.007613382914166911
256,30.0,corrected,60,4.293405425194732,4.105712602360011,0.18769282283472055
256,30.0,corrected,61,5.4826533745834976,5.136774948494123,0.34587842608937436
256,30.0,corrected,62,16.19965759246623,16.72699808175206,-0.5273404892858302
256,30.0,corrected,63,21.683987544562317,20.999106740158492,0.684880804403825
512,30.0,open,0,3.293938462483525,3.2711828052700795,0.022755657213445524
512,30.0,open,1,17.47229013580004,19.502374493776205,-2.0300843579761647
512,30.0,open,2,7.783670362249186,5.416671466605697,2.366998895643489
512,30.0,open,3,23.631585156898346,23.389171062601463,0.24241409429688332
512,30.0,open,4,17.416319686618017,15.838142550851584,1.578177135766433
512,30.0,open,5,5.682829175782173,4.8178476201320315,0.8649815556501412
512,30.0,open,6,15.750625167547343,12.426459417750255,3.3241657497970873
512,30.0,open,7,11.717563090415354,12.379401368138891,-0.6618382777235379
512,30.0,open,8,5.878204543134752,6.1432453470625,-0.2650408039277483
512,30.0,open,9,10.308910682705356,10.241062272247587,0.06784841045776879
512,30.0,open,10,24.940403884201885,13.513283688275996,11.42712019592589
512,30.0,open,11,3.24315198901436,3.4686479560242,-0.2254959670098402
512,30.0,open,12,24.014029868775086,24.411257805388125,-0.3972279366130387
512,30.0,open,13,2.9420346375566413,2.6948261867052654,0.24720845085137588
512,30.0,open,14,20.507208680243217,15.975422054397994,4.531786625845223
512,30.0,open,15,5.9270159545046806,5.249710692789634,0.6773052617150466
512,30.0,open,16,5.454649450552798,4.274353981909804,1.1802954686429938
512,30.0,open,17,21.134779006297535,25.13266699981,-3.997887993512464
512,30.0,open,18,21.606573611359995,18.83397462277686,2.772598988583134
512,30.0,open,19,14.170830368885222,17.342895228530182,-3.1720648596449603
512,30.0,open,20,16.606364639552606,19.366150984016443,-2.759786344463837
512,30.0,open,21,21.720133873171978,20.242355565297455,1.477778307874523
512,30.0,open,22,5.99975461502049,4.824656918955538,1.1750976960649515
512,30.0,open,23,4.542470045967584,4.862412278919976,-0.31994223295239177
512,30.0,open,24,22.12064833077343,16.902057983980757,5.2185903467926735
512,30.0,open,25,20.48891404419665,19.44874715147895,1.0401668927177
512,30.0,open,26,16.764943018277283,15.744206664609123,1.020736353668159
512,30.0,open,27,13.958234798067854,11.127502268172819,2.8307325298950357
512,30.0,open,28,8.187796307729595,6.17382280160851,2.0139735061210855
512,30.0,open,29,6.770248846334595,9.65118803718447,-2.880939190849875
512,30.0,open,30,16.707077817345255,17.013204437528678,-0.3061266201834236
512,30.0,open,31,5.774517716227279,4.568941974482809,1.20557574174447
512,30.0,open,32,13.532345338666133,10.694207833733852,2.8381375049322806
512,30.0,open,33,8.535683139136111,6.3434052509001395,2.1922778882359717
512,30.0,open,34,6.108467370741118,5.143492775665797,0.9649745950753212
512,30.0,open,35,15.011801081376225,15.178154667431851,-0.16635358605562622
512,30.0,open,36,9.653484781881021,11.147457414276374,-1.4939726323953533
512,30.0,open,37,23.826019678307553,20.26873176496872,3.5572879133388327
512,30.0,open,38,5.718085638897109,5.397814907018085,0.3202707318790239
512,30.0,open,39,17.743207786127055,11.63824393584005,6.104963850287005
512,30.0,open,40,2.639781664384406,2.59814654874604,0.04163511563836586
512,30.0,open,41,15.893847045517395,10.016705324448626,5.877141721068769
512,30.0,open,42,24.107727581299375,17.436063761417124,6.6716638198822515
512,30.0,open,43,21.685210551462777,20.148977063992337,1.5362334874704402
512,30.0,open,44,3.951084567760105,4.405934764031395,-0.45485019627128986
512,30.0,open,45,9.544195711017037,11.491391102841288,-1.9471953918242502
512,30.0,open,46,8.116288143045868,9.958490791897379,-1.8422026488515115
512,30.0,open,47,17.35084595119343,11.76266138166858,5.58818456952485
512,30.0,open,48,18.86559549400864,19.836762127916767,-0.9711666339081262
512,30.0,open,49,3.8669695968816526,3.760867351962199,0.10610224491945353
512,30.0,open,50,13.530396877906428,25.266098018482097,-11.735701140575669
512,30.0,open,51,16.307600668642365,20.69894090064785,-4.391340232005486
512,30.0,open,52,24.00295832672444,14.944227826446987,9.058730500277452
512,30.0,open,53,3.4178030200334124,2.773414795884115,0.6443882241492975
512,30.0,open,54,19.206497318301146,14.368387896880622,4.8381094214205245
512,30.0,open,55,3.986853684814861,3.725354581189606,0.26149910362525475
512,30.0,open,56,3.0101739808434256,2.485610164339415,0.5245638165040107
512,30.0,open,57,16.115144330740037,18.701792422579185,-2.586648091839148
512,30.0,open,58,22.66697314370981,23.528968358479524,-0.8619952147697134
512,30.0,open,59,9.315037112336421,12.930664665536492,-3.6156275532000706
512,30.0,open,60,17.895210610575475,14.529979179993497,3.3652314305819786
512,30.0,open,61,5.3079060748654525,5.136774948494123,0.17113112637132932
512,30.0,open,62,19.143971184095218,21.05871111675226,-1.9147399326570422
512,30.0,open,63,27.48091771965528,20.999106740158492,6.481810979496789
512,30.0,corrected,0,3.3191331212051884,3.2711828052700795,0.0479503159351089
512,30.0,corrected,1,19.3776718513418,19.502374493776205,-0.1247026424344071
512,30.0,corrected,2,5.49949131439455,5.416671466605697,0.0828198477888531
512,30.0,corrected,3,23.541879327590976,23.389171062601463,0.1527082649895135
512,30.0,corrected,4,15.999884787967773,15.838142550851584,0.1617422371161883
512,30.0,corrected,5,4.942414011837082,4.8178476201320315,0.12456639170505035
512,30.0,corrected,6,12.66768432803993,12.426459417750255,0.24122491028967552
512,30.0,corrected,7,12.779576920781244,12.379401368138891,0.4001755526423523
512,30.0,corrected,8,6.258484465174459,6.1432453470625,0.1152391181119592
512,30.0,corrected,9,10.332774892312305,10.241062272247587,0.09171262006471714
512,30.0,corrected,10,13.916632303814733,13.513283688275996,0.4033486155387376
512,30.0,corrected,11,3.538945319613649,3.4686479560242,0.07029736358944882
512,30.0,corrected,12,24.72818224289308,24.411257805388125,0.31692443750495514
512,30.0,corrected,13,2.748495935483612,2.6948261867052654,0.053669748778346626
512,30.0,corrected,14,16.36849548218206,15.975422054397994,0.3930734277840653
512,30.0,corrected,15,5.350526258819979,5.249710692789634,0.10081556603034514
512,30.0,corrected,16,4.374850772440222,4.274353981909804,0.1004967905304186
512,30.0,corrected,17,25.212315506038173,25.13266699981,0.07964850622817465
512,30.0,corrected,18,18.66215473041298,18.83397462277686,-0.17181989236388162
512,30.0,corrected,19,17.521893053590354,17.342895228530182,0.17899782506017203
512,30.0,corrected,20,20.00370693261243,19.366150984016443,0.6375559485959883
512,30.0,corrected,21,20.508584132039182,20.242355565297455,0.26622856674172724
512,30.0,corrected,22,4.896396892243187,4.824656918955538,0.0717399732876487
512,30.0,corrected,23,4.959922194034314,4.862412278919976,0.09750991511433771
512,30.0,corrected,24,16.303203295124025,16.902057983980757,-0.5988546888567328
512,30.0,corrected,25,19.577897403239813,19.44874715147895,0.12915025176086203
512,30.0,corrected,26,16.146635867178933,15.744206664609123,0.4024292025698095
512,30.0,corrected,27,11.359033623453811,11.127502268172819,0.23153135528099256
512,30.0,corrected,28,6.321582680730054,6.17382280160851,0.1477598791215442
512,30.0,corrected,29,9.801732375512653,9.65118803718447,0.15054433832818326
512,30.0,corrected,30,17.62536089845832,17.013204437528678,0.6121564609296435
512,30.0,corrected,31,4.670293747857666,4.568941974482809,0.10135177337485679
512,30.0,corrected,32,10.812134972346847,10.694207833733852,0.11792713861299475
512,30.0,corrected,33,6.418888550993742,6.3434052509001395,0.0754833000936026
512,30.0,corrected,34,5.263833403551193,5.143492775665797,0.12034062788539668
512,30.0,corrected,35,15.096119096872368,15.178154667431851,-0.08203557055948352
512,30.0,corrected,36,11.441799234492292,11.147457414276374,0.2943418202159176
512,30.0,corrected,37,20.495927182924458,20.26873176496872,0.2271954179557376
512,30.0,corrected,38,5.504796689103779,5.397814907018085,0.1069817820856942
512,30.0,corrected,39,11.753896503577325,11.63824393584005,0.11565256773727484
512,30.0,corrected,40,2.6371900617121007,2.59814654874604,0.03904351296606068
512,30.0,corrected,41,10.105031897320337,10.016705324448626,0.0883265728717113
512,30.0,corrected,42,17.387051721067298,17.436063761417124,-0.04901204034982598
512,30.0,corrected,43,20.353800235110345,20.148977063992337,0.20482317111800796
512,30.0,corrected,44,4.477472877865664,4.405934764031395,0.07153811383426945
512,30.0,corrected,45,11.687696524217085,11.491391102841288,0.1963054213757971
512,30.0,corrected,46,10.163752290355065,9.958490791897379,0.20526149845768593
512,30.0,corrected,47,12.02168984085075,11.76266138166858,0.25902845918216855
512,30.0,corrected,48,19.81193045929112,19.836762127916767,-0.024831668625648007
512,30.0,corrected,49,3.844253971620929,3.760867351962199,0.08338661965873007
512,30.0,corrected,50,25.48486862115729,25.266098018482097,0.21877060267519255
512,30.0,corrected,51,20.806583876694624,20.69894090064785,0.10764297604677253
512,30.0,corrected,52,14.753523668867944,14.944227826446987,-0.19070415757904335
512,30.0,corrected,53,2.8229722076300714,2.773414795884115,0.049557411745956514
512,30.0,corrected,54,14.448057903892833,14.368387896880622,0.07967000701221139
512,30.0,corrected,55,3.782259320328135,3.725354581189606,0.05690473913852889
512,30.0,corrected,56,2.5276954926643502,2.485610164339415,0.04208532832493539
512,30.0,corrected,57,19.127851086710525,18.701792422579185,0.4260586641313395
512,30.0,corrected,58,23.956737028198106,23.528968358479524,0.4277686697185814
512,30.0,corrected,59,13.22049777537027,12.930664665536492,0.2898331098337774
512,30.0,corrected,60,14.859875347021118,14.529979179993497,0.3298961670276217
512,30.0,corrected,61,5.23365084500725,5.136774948494123,0.09687589651312667
512,30.0,corrected,62,20.7338645492638,21.05871111675226,-0.32484656748846064
512,30.0,corrected,63,21.386348543218904,20.999106740158492,0.38724180306041234
